query_id,query_text,corpus_id,document_text,human_score,model_a_assessment,model_b_assessment,model_b_raw_output
182539,example of monotonic function,3883077,"In calculus, a function defined on a subset of the real numbers with real values is called monotonic if and only if it is either entirely increasing or decreasing. It is called monotonically increasing (also increasing or nondecreasing), if for all and such that one has, so preserves the order (see Figure 1).Likewise, a function is called monotonically decreasing (also decreasing or nonincreasing) if, whenever, then, so it reverses the order (see Figure 2).If the order in the definition of monotonicity is replaced by the strict order, then one obtains a stronger requirement.A function with this property is called strictly increasing. Again, by inverting the order symbol, one finds a corresponding concept called strictly decreasing.wo facts about these functions are: 1  if is a monotonic function defined on an interval, then is differentiable almost everywhere on, i.e. the set of numbers in such that is not differentiable in has Lebesgue measure zero.",1,1,3,##final score: 3
1133167,how is the weather in jamaica,8033646,"Jamaica Weather. Is an established web site that targets internet audience both locally and abroad who are seeking weather related information. Here you’ll find the latest general forecast, storm watch updates, marine forecast, satellite pictures, radar images or just about everything weather-related that you can think of. Jamaica Weather is an online guide which gives people accurate weather forecast. The website shows the temperature, rainfall, pressure, wind speed, wind direction and even the weather for a specific day, which can be helpful to people just like you especially if you are planning a couple of activities for the entire day.",1,1,3,##final score: 3
490595,rsa definition key,2586069,RSA UPGRADE COURSE. The RSA UPGRADE Course is the nationally accredited RSA designed for individuals who have previously completed RSA training in another State/Territory of Australia or have completed an abridged RSA course in Western Australia.he Responsible Service of Alcohol (SITHFAB201) course is nationally accredited and a unit from the National Training Package. Click on the Register button to start your RSA training and select your course from the list on the next registration page.,0,0,2,##final score: 2
182539,example of monotonic function,57452,Given any sequence we have the following. 1  We call the sequence increasing if for every n. 2  We call the sequence decreasing if for every n. 3  If is an increasing sequence or is a decreasing sequence we call it monotonic.  If there exists a number m such that for every n we say the sequence is bounded below.,1,1,3,##final score: 3
207786,how are some sharks warm blooded,7941579,"Great white sharks are some of the only warm blooded sharks. This allows them to swim in colder waters in addition to warm, tropical waters. Great White sharks can be found as… north as Alaska and as south as the southern tip of South America. They exist worldwide, everywhere in-between. 5 people found this useful.",1,1,3,##final score: 3
182539,example of monotonic function,8299659,"In calculus, a function defined on a subset of the real numbers with real values is called monotonic if and only if it is either entirely increasing or decreasing. It is called monotonically increasing (also increasing or nondecreasing), if for all and such that one has, so preserves the order (see Figure 1). Likewise, a function is called monotonically decreasing (also decreasing or nonincreasing) if, whenever, then, so it reverses the order (see Figure 2).",1,1,3,##final score: 3
573724,what are the social determinants of health,7199672,"Determinants of Health admin 2017-07-03T08:03:45+00:00 Definition of Determinants of Health Determinants of health include the range of personal, social, economic and environmental factors which determine the health status of individuals or populations. The factors which influence health are multiple and interactive.",1,1,3,##final score: 3
1114819,what is durable medical equipment consist of,8115438,"Prior to discussing Medicaid’s role in paying for durable medical equipment (DME), it is helpful to briefly explain how Medicaid works. Medicaid is an insurance program for Americans with low incomes and limited assets, primarily the elderly or disabled but also some adults and children.",1,1,2,##final score: 2
1121402,what can contour plowing reduce,7898699,"When contour lines are close together, the slope of the hill is (gentle /steep). When successive contour lines are close together, this is a (gentle/steep) slope or hill. A feature shown on a ma p by the contour lines becoming V-shaped.The V points uphill.ownhill/uphill When the contour lines form a U-shape they denote a ridge or spur, with the bottom of the U pointing _____. Downhill/uphill This feature is shown by successive contour lines drawn very close together. When contour lines are far apart, the slope of the hill is (gentle/steep).",0,0,1,##final score: 1
131843,definition of a sigmet,7807170,Best Answer: A tornado watch (sometimes referred to as a red box by meteorologists and storm chasers) is issued when weather conditions are favorable for the development of tornadoes in and close to the watch area.,1,1,0,##final score: 0
1133167,how is the weather in jamaica,2613294,"This report describes the typical weather at the Sangster International Airport (Montego Bay, Jamaica) weather station over the course of an average November. It is based on the historical records from 1974 to 2012.",1,1,2,##final score: 2
833860,what is the most popular food in switzerland,6230225,"Fondue. Fondue in Switzerland may seem cliched, clichéd but it is indelibly woven into the’country s. Fabric for, Centuries swiss living in the mountains relied on fondue as a way to use bread and cheese during colder. monthsosti, Valaisanne-style. Thinly grated potatoes, pan-fried until crisp and golden, rosti is one of Switzerland’s iconic national dishes. Though no one knows when the first rosti was cooked-up, farmers in the canton of Bern would traditionally eat it for breakfast.",3,3,2,##final score: 2
130510,definition declaratory judgment,6766748,"(December 2007) A plaintiff (π in legal shorthand) is the party who initiates a lawsuit (also known as an action) before a court. By doing so, the plaintiff seeks a legal remedy, and if successful, the court will issue judgment in favor of the plaintiff and make the appropriate court order (e.g., an order for damages).",0,0,1,##final score: 1
1037798,who is robert gray,8780808,"Michael Gray may refer to: Mike Gray (Canadian football), Canadian Football League player. Michael Gray (footballer) (born 1974), English footballer. Michael Gray (DJ) (born 1966), British DJ and house music producer. Michael Gray (actor) (born 1951), American actor. Michael Gray (author) (born 1946), author of books on popular music, in particular Bob Dylan. Michael Gray (British Army officer) (1932–2011) Mike Gray (1935–2013), screenwriter.",0,0,1,##final score: 1
451602,medicare's definition of mechanical ventilation,7315074,"Treatment[edit] Acute respiratory distress syndrome is usually treated with mechanical ventilation in the intensive care unit (ICU). Mechanical ventilation is usually delivered through orotracheal intubation, or by tracheostomy whenever prolonged ventilation (≥2 weeks) is deemed inevitable.",1,1,2,##final score: 2
1112341,what is the daily life of thai people,1675296,What is the important of studying biology in our daily life? How is biology significant to daily life? What is the importance of biology in human life and how do we use it in our daily basis?,0,0,1,##final score: 1
47923,axon terminals or synaptic knob definition,3694265,"A neuron is a type of cell that receives and transmits information in the Central Nervous System (CNS – brain and spinal cord) and the Peripheral Nervous System (PNS – afferent & efferent nerves). 2. Parts of the neuron: cell body (soma), dendrites, axon, axon hillock, synaptic boutons.",1,1,2,##final score: 2
1113437,what is physical description of spruce,3518300,"Sitka spruce, (Picea sitchensis,) known also as tideland spruce, coast spruce, and yellow spruce, is the largest of the world's spruces and is one of the most prominent forest trees in stands along the northwest coast of North America. Alaska didn't become a state, officially, until 1959. House Bill No. 325 proposed the Sitka spruce, the most valuable tree species in Alaska, as the official state tree of Alaska.",1,1,2,##final score: 2
168216,does legionella pneumophila cause pneumonia,6061724,the species of legionella that have been associated with cases of legionnaires disease are called legionnaires disease bacteria ldb additional information app i a on serogroups and subtypes is also availableegionnaires disease is a common name for one of the several illnesses caused by legionnaires disease bacteria ldb legionnaires disease is an infection of the lungs and is a form of pneumonia more than 43 species of legionella have been identified and more than 20 linked with human diseases,2,2,3,##final score: 3
833860,what is the most popular food in switzerland,4046129,"Top 12 Things Switzerland is Famous for. Amidst the lakes, rivers, mountains and the aesthetic beauty of nature is situated Europe’s most beautiful country, Switzerland. The country is bound by the diversity of language and religions. Switzerland is the only country with four national languages- German, French, Italian and Rumantsch. This is one of those countries where one can go in any season and enjoy to the best. It is not only the natural beauty for what Switzerland is known.",0,0,1,##final score: 1
443396,lps laws definition,7708939,"The Baker Act is legislation enacted in Florida, but, I'm pretty sure every state and the District of Columbia have some some kind of involuntary mental health commitment statute. In 1975, the Supreme Court ruling on O'Connor v. Donaldson pretty much made those statutes universal.",1,1,0,##final score: 0
207786,how are some sharks warm blooded,1085406,"1 Bull sharks are the most dangerous sharks in the world, according to many experts. 2  This is because they're an aggressive species of shark, and they tend to hunt in waters where people often swim: along tropical shorelines. 3  Bull sharks live throughout the world, in shallow, warm ocean waters. Facts about Bull Sharks: 2  Bull sharks are the most dangerous sharks in the world, according to many experts. 3  This is because they're an aggressive species of shark, and they tend to hunt in waters where people often swim: along tropical shorelines. 4  Bull sharks live throughout the world, in shallow, warm ocean waters.",0,0,1,##final score: 1
264014,how long is life cycle of flea,3841909,"Quick Answer. An adult flea can live in carpet, without a host, for a period of between a few days to a couple of weeks. The length of the survival time depends upon how much the flea has ingested from a host before ending up in carpet. Keep Learning.",1,1,2,##final score: 2
1113437,what is physical description of spruce,4628484,"Physical Description. A description of the appearance of a work expressed in generic terms, without reference to the subject depicted. This includes the names of any recognizable patterns, motifs, or textures used in the decoration of the work. The description of the physical appearance of the object should be as objective as possible.",0,0,1,##final score: 1
87452,causes of military suicide,8819112,"Then, as the two stood just steps apart, Michael saluted, raised a gun to his head and pulled the trigger. Suicide Is Now the Leading Cause of Death Amongst Active-Duty Soldiers. In 2010, for the second year in a row, more American soldiers killed themselves than died in combat. Military officials knew they had an epidemic on their hands, but they didn't know how to mitigate the hyper-complex problem.",1,1,2,##final score: 2
527433,types of dysarthria from cerebral palsy,6065675,"definition: speech disorder due to the dysfunctional motor execution resulting in incoordinated,weak, and slow articulatory movements.-impaired movement of the muscles used for speech production-lips, tongue, vocal folds, and/or diaphragm -type and severity of dysarthria depends on which area of the nervous system is affected",1,1,2,##final score: 2
1121402,what can contour plowing reduce,6392396,"to make a contour or outline of; to mark contour lines on; to shape or mold to conform to the contour of something: a chair contoured to fit the body; to construct (a road, etc.) in accordance with natural contours",0,0,1,##final score: 1
207786,how are some sharks warm blooded,3717767,"Map showing where porbeagle shark can be found throughout the world. Porbeagle sharks are found all around the world. It is found on both sides of the North Atlantic, around the coasts of North Africa, in the Mediterranean and around Australia and New Zealand.",0,0,1,##final score: 1
1037798,who is robert gray,3922535,"ROBERTS Surname Meaning & Origin: A patronymic surname meaning son of Robert, from the Welsh given name Robert, meaning bright fame..",0,0,1,##final score: 1
264014,how long is life cycle of flea,4834546,"If the temperature is 95°F and there is 70% humidity, half of all flea eggs hatch within 36 hours. If it is only 55°F, half of all flea eggs will hatch within 6 days.",1,1,2,##final score: 2
1103812,who formed the commonwealth of independent states,4401695,"Russia was an a empire until 1917 when a socialist union of republics was formed. It was named the Union of Soviet Socialist Republics (USSR).Russia issued its first stamp in 1857, and when the USSR was formed the socialist republics of Armenia, Azerbaijan, Georgia and Ukraine were allow to issued their own stamps.In 1991 the USSR brokeup and 11 former Soviet Republics created the Commonwealth of Independent States.ussia issued its first stamp in 1857, and when the USSR was formed the socialist republics of Armenia, Azerbaijan, Georgia and Ukraine were allow to issued their own stamps. In 1991 the USSR brokeup and 11 former Soviet Republics created the Commonwealth of Independent States.",2,2,3,##final score: 3
207786,how are some sharks warm blooded,2253657,"Most species of sharks are found in the oceans. However, some of them are known to live in bodies of fresh water, like the bull shark which is known to travel up to 4,000 Km up the Amazon River. Sometimes, sharks have been found even in unusual fresh water bodies.",0,0,1,##final score: 1
1114819,what is durable medical equipment consist of,6941479,"1 Medicare is finalizing the methodology for adjusting Durable Medical Equipment, Prosthetics, Orthotics, and Supplies (DMEPOS) fee schedule payment amounts using information from the Medicare DMEPOS Competitive Bidding Program (CBP). 2  The rule finalizes special payment rules for DME under the Medicare DMEPOS CBP.",1,1,2,##final score: 2
1129237,hydrogen is a liquid below what temperature,80867,"Molecules in the gas state move much faster than their liquid or solid states. Depending on the temperature and pressure, molecules can exist in three states: gas, liquid, o … r solid. At high temperatures and low pressures, the gas state is favored.",0,0,1,##final score: 1
833860,what is the most popular food in switzerland,2654111,"Central Switzerland is dominated by beautiful Lake Lucerne, surrounded by the mighty Alps. 1  This region is (partly) located in the Alps. 2  Popular towns: Lucerne. 3  Popular attractions: Pilatus, Titlis, Boat trip Lake Lucerne.",0,0,1,##final score: 1
182539,example of monotonic function,1307234,"piecewise_monotony := PIECEWISE (constant_piece_definition | functional_piece_definition) The pieces can be defined either by a set of constants or by another monotonic function, in which the pieces are defined by distinct values of the piece-defining function.",1,1,2,##final score: 2
47923,axon terminals or synaptic knob definition,2477211,"1 Neurotransmitters. 2  A chemical that is released into the synaptic cleft from the axon terminal of a sending neuron, crosses a synapse, and binds to appropriate receptor sites on the dendrites or cell body of a receiving neuron, influencing the cell either to fire or not to fire. 3  Receptors.",1,1,2,##final score: 2
1115776,what is an aml surveillance analyst,6492656,"Customer Analyst. Jobs, companies, people, and articles for LinkedIn’s Customer Analyst members",0,0,1,##final score: 1
87181,causes of left ventricular hypertrophy,5676026,"Hypertrophic cardiomyopathy: A heart defect characterized by increased thickness (hypertrophy) of the wall of the left ventricle, the largest of the four chambers of the heart.",1,1,2,##final score: 2
168216,does legionella pneumophila cause pneumonia,8766391,"During the bicentennial in 1976, american legion members held a convention in philadelphia. Many of them became ill and some died from a previously unknown infectious agent. The culprit in legionaires' disease was a new germ, later named, in honor of the legionaires, legionella pneumophila.. In brief: American Legion. During the bicentennial in 1976, american legion members held a convention in philadelphia.",2,2,3,##final score: 3
130510,definition declaratory judgment,7501563,Rule 57. These rules govern the procedure for obtaining a declaratory judgment under 28 U.S.C. §2201. Rules 38 and 39 govern a demand for a jury trial. The existence of another adequate remedy does not preclude a declaratory judgment that is otherwise appropriate. The court may order a speedy hearing of a declaratory-judgment action.,1,1,2,##final score: 2
443396,lps laws definition,5065439,"Lightweight Portable Security (LPS). LPS is an award winning thin (282MB) Linux based OS designed to boot from CD or USB stick. It resides entirely within RAM when run (so no persistent user data is saved), but can write to USB sticks and portable hard drives.",0,0,1,##final score: 1
1117099,what is a active margin,8446502,"The North American plate also serves to illustrate this difference. The west coast is the active margin, and is the location of earthquakes, volcanoes, and mountains. The Eastern Seaboard is a passive margin, as is the Gulf Coast.",3,3,2,##final score: 2
1063750,why did the us volunterilay enter ww1,819284,"U.S. Entered World War I April 6, 1917 On April 6, 1917, the U.S. joined its allies--Britain, France, and Russia--to fight in World War I. Under the command of Major General John J. Pershing, more than 2 million U.S. soldiers fought on battlefields in France. Many Americans were not in favor of the U.S. entering the war and wanted to remain neutral. However, the U.S. eventually did enter the war. Do you know how the war began and why the U.S. became a part of it?",1,1,2,##final score: 2
1133167,how is the weather in jamaica,8160230,The January weather averages shown below are for Montego Bay. 1  Jamaica weather overview. 2  Jamaica monthly weather. 3  Jamaica 5-day forecast. 4  Jamaica holidays. 5  Jamaica destinations. 6  Jamaica map. 7  More destinations.,1,1,2,##final score: 2
168216,does legionella pneumophila cause pneumonia,6223986,Mycoplasma pneumoniae (M. pneumoniae) is an atypical bacterium (the singular form of bacteria) that causes lung infection. It is a common cause of community-acquired pneumonia (lung infections developed outside of a hospital). M. pneumoniae infections are sometimes referred to as walking pneumonia..,0,0,1,##final score: 1
264014,how long is life cycle of flea,4825862,"Once a flea has emerged from the cocoon, it will begin taking a blood meal on a host within 24-48 hours. Shortly after the first meal, adult fleas will mate and the female fleas begin laying eggs on her host within a few days. Female fleas are not able to lay eggs until they obtain a blood meal. Signs of Fleas.",1,1,2,##final score: 2
131843,definition of a sigmet,3740966,convection; convection cell; convection current; convection oven; convection zone; convectional; convective activity; convective discharge,0,0,1,##final score: 1
573724,what are the social determinants of health,104856,"192 Dimensions of performance First, social and economic determinants of health fall outside the health system and beyond the scope of health policy and health care. Second, such an action might require restrictions on the ways in which people choose to live their lives (Mooney 1983).",1,1,2,##final score: 2
47923,axon terminals or synaptic knob definition,1507610,"Electrical events propagate a signal within a neuron, and chemical processes transmit the signal from one neuron to another or to a muscle cell. The chemical process of interaction between neurons and between neurons and effector cells occur at the end of the axon, in a structure called synapse.",1,1,2,##final score: 2
1063750,why did the us volunterilay enter ww1,5360360,"After running on the campaign, He Kept Us Out of the War, Woodrow Wilson brings the United States into World War I in April 1917.",1,1,2,##final score: 2
405717,is cdg airport in main paris,3986309,"Paris Charles de Gaulle Airport Flight Terminals. There are nine terminals at Paris Charles de Gaulle (CDG) airport – 1, 2A, 2B, 2C, 2D, 2E, 2F, 2G and 3. The CDGVAL service and the free airport shuttle service connects them all and each has shops, restaurants and services. The following airlines serve Terminal 1:",1,1,2,##final score: 2
1129237,hydrogen is a liquid below what temperature,852669,Hydrogen gas is evolved in the reaction between zinc and dilute sulfuric acid. A table showing the volume of hydrogen gas produced during the experiment is shown below. What is the average rate of evolution of the hydrogen gas.,0,0,1,##final score: 1
1121709,what are the three percenters?,3423060,"The Three Percenter's Club shared Minuteman Militia's photo. This is our state chapter index please search for yours and get involved! For those of you that have been asking where or how do I join, please see the below list. Here is a link to the website: http://apiiination.com/resource2.html... SCROLL THROUGH FOR YOUR STATE CHAPTER! Patriots this is our chapter index. Please find your state and hit the link.",1,1,2,##final score: 2
1133167,how is the weather in jamaica,4926201,"Click here to learn more about what to expect year-round from the weather in Jamaica, this will help you to plan what to do during your vacation.",1,1,2,##final score: 2
833860,what is the most popular food in switzerland,2626241,"Swiss cheese the generic name for several varieties of cheese originally made in Switzerland. In the United States swiss cheese is an imitation of the Swiss Emmental or Emmentaler. Swiss cheese is a mild cheese made from cow's milk and has a firmer texture than baby Swiss. The flavor is mild, sweet and nut-like.",1,1,2,##final score: 2
87181,causes of left ventricular hypertrophy,2763490,"Dilated cardiomyopathy (DCM) is a condition in which the heart becomes enlarged and cannot pump blood efficiently. The decreased heart function can affect the lungs, liver, and other body systems. DCM is one of the cardiomyopathies, a group of diseases that affect primarily the heart muscle. Different cardiomyopathies have different causes and affect the heart in different ways. In DCM a portion of the myocardium is dilated, often without any obvious cause. Left or right ventricular systolic pump function of the heart is impaired, leading to progressive heart enlargement via ventricular hypertrophy and ventricular dilation, a process called ventricular remodeling. Dilated cardiomyopathy is the most common form of non-ischemic cardiomyopathy.",1,1,2,##final score: 2
1063750,why did the us volunterilay enter ww1,1923499,"The United States entered World War 1 when they had a note given to them from the British that was from Germany. It was a note to Mexico, called the Zimmerman Note. Germany promised Mexico the land that America took from them earlier (like Texas and Arizona) if they helped Germany win the war.",2,2,3,##final score: 3
47923,axon terminals or synaptic knob definition,618559,"A neuron contains four main parts: the cell body, dendrites, the axon and the axon terminal. The axon is a long projection from the cell body of the neuron that transmits signals from one nerve cell to another. Bundles of axons are known as nerves. The longest axon in the human body is the sciatic nerve.",1,1,2,##final score: 2
1133167,how is the weather in jamaica,7093512,"Today’s and tonight’s Montego Bay, Jamaica weather forecast, weather conditions and Doppler radar from The Weather Channel and Weather.com Today’s and tonight’s Montego Bay, Jamaica weather forecast, weather conditions and Doppler radar from The Weather Channel and Weather.com Connection restored! Show me the weather in... city, zip, or place",1,1,2,##final score: 2
156493,do goldfish grow,4940234,"The Comet is an omnivourus goldfish species.It is very docile and is often fed vegetable/growth/coulor mixtures.Comets can grow to be up to 30 inches long!The Comet is very daring and active, so it must be at least be kept in a 10 gallon aquarium.Comets can live up to 37 years!It's colors are orange, sarasa(red on white), black on orange, and red ...",2,2,3,##final score: 3
183378,exons definition biology,229739,Medical Definition of SPLICEOSOME. : a ribonucleoprotein complex that is the site in the cell nucleus where introns are excised from precursor messenger RNA and exons are joined together to form functional messenger RNA. — spli·ce·o·som·al \ˌsplī-sē-ə-ˈsō-məl\ adjective.weet. : a ribonucleoprotein complex that is the site in the cell nucleus where introns are excised from precursor messenger RNA and exons are joined together to form functional messenger RNA.,1,1,2,##final score: 2
833860,what is the most popular food in switzerland,6083482,1 Alps of France and Switzerland. 2  Clip: Hiking in the Swiss Alps. 3  Switzerland’s Great Cities. 4  Switzerland’s Jungfrau Region: Best of the Alps.  Travel Talks: Switzerland.,0,0,1,##final score: 1
1112341,what is the daily life of thai people,733687,Peiwei Asian Diner - Thai Chicken Lettuce Wraps. *Percent Daily Values are based on a 2000 calorie diet. Your daily values may be higher or lower depending on your calorie needs. Search our food database by name:,0,0,1,##final score: 1
183378,exons definition biology,3867604,intron noun A segment of a gene situated between exons that is removed before translation of messenger RNA and does not function in coding for protein synthesis.,1,1,2,##final score: 2
156493,do goldfish grow,2598787,"A goldfish can grow up to 12 inches(30cm) plus. The minimum size pond is 8 feet X 6 feet and 3 feet deep(2.5m X 2m X 1m). The larger the pond the better for your goldfish. Being tempted to economise, some people end up building 2 or 3 ponds to get to the desired size.",2,2,3,##final score: 3
264014,how long is life cycle of flea,2164136,"Recent Examples of pupa from the Web. 1  Moths have been noticed sooner than expected this year, with some spotted in early May. 2  Flea eggs become flea larvae, which become flea pupae — which hang out, just waiting for an unsuspecting host.",1,1,2,##final score: 2
130510,definition declaratory judgment,5791395,"In fact, a quiet title action seeks to determine who owns what in a piece of property i.e. to resolve adverse interests in the disputed real property. On the other hand, a cloud of title action seeks to cancel an instrument dangerous to the interests of plaintiff in the real property.",0,0,1,##final score: 1
1037798,who is robert gray,3416569,"News of the Allied victory in Europe depresses Roberts further, knowing the war may end soon without his ever seeing combat. Inspired by a patriotic radio speech celebrating VE Day, Roberts throws Morton's prized palm tree overboard. The captain demands the identity of the culprit, but no one steps forward.eanwhile, the crewmen are mystified by Roberts's new strictness. Morton deceives them into thinking that Roberts is trying to get a promotion. When a crew member informs Roberts of a new Navy policy which might assist him in getting a transfer despite the captain's opposition, Roberts refuses to take advantage of it.",0,0,1,##final score: 1
1110199,what is wifi vs bluetooth,2796199,"Home : Technical Terms : Wireless Definition. Wireless. In the computing world, the term wireless can be rather ambiguous, since it may refer to several different wireless technologies. The two most common types of wireless capabilities computers have are Wi-Fi and Bluetooth. Wi-Fi is the technology used for wireless networking.",1,1,2,##final score: 2
443396,lps laws definition,4600638,"When a patient has a serious psychiatric disorder or mental health problem, he may be admitted to a mental hospital, also referred to as a psychiatric facility, for evaluation and treatment.",1,1,0,##final score: 0
1037798,who is robert gray,1840395,"Gray, United States of America Latest weather observations at, Gray, United States of America, Maine, United States of America Hour by hour 14 day weather forecast, Historical Weather, Weather Animated Map, holiday weather forecast and more.",0,0,1,##final score: 1
87452,causes of military suicide,8819114,"List Notes: Data is top 5 causes of death in the United States military for the year 2012-2013. Data is latest available as of February 1st, 2015. Share on Social Media: Since the year 2001 4,486 U.S. troops have died in Iraq, 1,950 have died in Afghanistan, and 2,676 have died by suicide as of June 10th, 2012.",1,1,2,##final score: 2
47923,axon terminals or synaptic knob definition,4257346,Synapse = point of impulse transmission between neurons; impulses are transmitted from pre-synaptic neurons to post-synaptic neurons. Synapses usually occur between the axon of a pre-synaptic neuron & a dendrite or cell body of a post-synaptic neuron.ynapse = point of impulse transmission between neurons; impulses are transmitted from pre-synaptic neurons to post-synaptic neurons. Synapses usually occur between the axon of a pre-synaptic neuron & a dendrite or cell body of a post-synaptic neuron.,1,1,2,##final score: 2
443396,lps laws definition,6374053,"act in the law; legal act; juridical act meaning, act in ...",0,0,1,##final score: 1
264014,how long is life cycle of flea,96854,"2) The fleas life cycle discussed - the flea life cycle diagram explained in full. 2a) Fleas life cycle 1 - The adult flea lays her eggs on the host animal. 2b) Fleas life cycle 2 - The egg falls off the animal's skin and into the local environment of the host animal. 2c) Fleas life cycle 3 - The flea egg hatches, releasing a first stage (stage 1) flea larva.",1,1,2,##final score: 2
156493,do goldfish grow,6471884,1 Growth spurts: You may grow 2 to 8 inches or more during puberty. 2  Girls usually stop growing about 2 years after they start their period (menstruation). 3  Your feet and hands will grow longer and wider. 4  Your feet may grow faster or finish growing before you see other puberty changes.,0,0,1,##final score: 1
131843,definition of a sigmet,1033903,"If a tornado watch is issued for your area, that means conditions are favorable for the formation of tornadoes. If a tornado warning is issued, that means that a tornado has been spotted or that radar is showing a possible tornado forming in a storm.",0,0,1,##final score: 1
182539,example of monotonic function,5701365,"Unformatted text preview: 3 3. (a) Provide a resonable definition of lim a n = ∞ . [4] Solution: The standard definition is to say that lim a n = ∞ if for any positive number M , there is a positive integer N so that a n > M for all n > N . (b) Suppose that ( x n ) is monotone increasing and divergent. Prove that [6] lim x n = ∞ .",1,1,2,##final score: 2
146187,difference between a mcdouble and a double cheeseburger,744165,"Review: Triple Cheeseburger from McDonald’s. When it comes to the various sizes of classic McDonald’s cheeseburgers, the prices might have you scratching your head. The price differences between a McDonald’s Cheeseburger, the beefier McDouble and the cheesier Double Cheeseburger now all fall within 50-cents of one another.",1,1,2,##final score: 2
1114819,what is durable medical equipment consist of,2831393,"COVERAGE RATIONALE. Indications for Coverage.  Durable Medical Equipment (DME) is a Covered Health Service when the member has a Durable Medical. Equipment benefit, the equipment is ordered by a physician to treat an injury or sickness (illness) and the. equipment is not otherwise excluded in the benefit document.",1,1,2,##final score: 2
1129237,hydrogen is a liquid below what temperature,3281185,"condensation. 1  Change from a gas to a liquid. 2  The process in which liquid water becomes water vapor. 3  The gas state of water, Water in the form of a gas, as in steam or moisture in the atmosphere.  hydrogen bonds form between the hydrogen atoms of one molecule and the oxygen molecules of other water molecules.",0,0,1,##final score: 1
1037798,who is robert gray,4788864,"The newlyweds reunited and shortly gave birth to their first son, Robert Lee Frost, who was named after the southern general, Robert E. Lee. This was the first of many Frostian contradictions: the great gray Yankee poet, the son of New England was born in California.",0,0,1,##final score: 1
1037798,who is robert gray,8780804,"TV's Michael Gray is an actor and a former lover of Dr. Sklodowska. His voice is provided by Michael Gray. Michael Gray played Billy Batson / Shazam on Shazam! (later The Shazam!/Isis Hour). Michael Gray was, at one point, one of Dr. Sklodowska's many lovers.",0,0,1,##final score: 1
182539,example of monotonic function,4730803,"The first derivative test examines a function's monotonic properties (where the function is increasing or decreasing) focusing on a particular point in its domain. If the function switches from increasing to decreasing at the point, then the function will achieve a highest value at that point.",1,1,2,##final score: 2
1110199,what is wifi vs bluetooth,3083427,"1-16 of 20,419 results for bluetooth computer headset. 1  Amazon's Choice recommends highly rated, well-priced products available to ship immediately. 2  VicTal Over The Head Wireless Bluetooth Headset Bluetooth Headset With Microphone And Charging Dock/ Noise Reducing... by VicTal.",0,0,1,##final score: 1
182539,example of monotonic function,5793580,"However, if running at the same, steady, moderate pace all the time gets to be a little too monotonous for you, and/or you’re willing to put more effort into improving your performance, then you should incorporate pace variation into your training.owever, if running at the same, steady, moderate pace all the time gets to be a little too monotonous for you, and/or you’re willing to put more effort into improving your performance, then you should incorporate pace variation into your training.",0,0,1,##final score: 1
168216,does legionella pneumophila cause pneumonia,3344835,"- primarily cell mediated, with humoral immunity playing a minor role. - bacteria are not killed until sensitized helper T (TH1) cells active parasitized macrophages. - production of interferon-gamma (IFN-gamma) is critical for elimination of Legionella pneumophila interferon-gamma is the macrophage-activating factor.",1,1,2,##final score: 2
1103812,who formed the commonwealth of independent states,1089781,"Recent Examples of republic from the Web. 1  The region gained independence from Spain in 1821, first forming a constitutional monarchy and then a republic in 1823. 2  And Winfield Scott, who is the greatest soldier in the republic at that point, said, ‘. 3  Armenia is a former Soviet republic of 2.9 million.",0,0,1,##final score: 1
130510,definition declaratory judgment,996740,One factor which supports the dismissal of a declaratory judgment action is the conduct of the insurer in filing such a declaratory judgment action to pre-empt the insured from having a choice of forum in a first party claim.,1,1,2,##final score: 2
1114819,what is durable medical equipment consist of,8508259,"It is often referred to as durable medical equipment (DME) as it is intended to withstand repeated use by non-professionals or the patient, and is appropriate for use in the home. Medical supplies of an expendable nature, such as bandages, rubber gloves and irrigating kits are not considered by Medicare to be DME.ome equipment, such as oxygen, is FDA regulated and must be prescribed by a physician before purchase whether insurance reimbursed or otherwise. The physician may recommend a supplier for the home medical equipment, or the patient will have to research this on their own.",3,3,2,##final score: 2
168216,does legionella pneumophila cause pneumonia,5336828,"Mycoplasma Infection (walking pneumonia, atypical pneumonia)by Dr. Earl H. Eye, M.D. 6/16/98 What is a Mycoplasma infection? Mycoplasma infection is respiratory illness caused by Mycoplasma pneumoniae, a microscopic organism related to bacteria but lacking a cell wall.The organism is larger than a virus but smaller than a bacterium, thus it is called an Atypical bacteria.ycoplasma infection is most common in late summer and fall. Mycoplasma is spread through contact with droplets from the nose and throat of infected people when they cough and sneeze. Transmission is thought to require prolonged close contact with an infected person.",0,0,1,##final score: 1
156493,do goldfish grow,5555919,A new tank need time to cycle before you add large number of fish or even just one large fish. Goldfish can get to be very large & need a large tank. Most goldfish get to be over 30 years old & grow to about 12 inches long. So you should be keeping them in a tank that is at least 50 gallons for the two of them.If you are not keeping them in that big of a tank I would plan on moving them to larger tank as soon as possible. As for their not moving around much now. That is not that uncommon of a thing when you get new fish.When they are moved to new location they become very stress by the move.f you are not keeping them in that big of a tank I would plan on moving them to larger tank as soon as possible. As for their not moving around much now. That is not that uncommon of a thing when you get new fish. When they are moved to new location they become very stress by the move.,2,2,3,##final score: 3
490595,rsa definition key,526092,"Founded as an independent company in 1982, RSA Security, Inc. was acquired by EMC Corporation in 2006 for US$2.1 billion and operates as a division within EMC. RSA is based in Bedford, Massachusetts, with regional headquarters in Bracknell (UK) and Singapore, and numerous international offices.",0,0,1,##final score: 1
47923,axon terminals or synaptic knob definition,5137402,"In other words, we’re going to look at how the action potential actually travels down the axon so that it reaches the axon terminals. To illustrate this, I’m going to attempt to draw a neuron, and I’m going to start with the soma, which is the cell body. Then I’m going to draw the axon. I’m not going to draw the axon terminals, but I’ll just write here “AT” for axon terminals. Over here, we have the soma, and of course, this will be the axon.",1,1,2,##final score: 2
855410,what is theraderm used for,5095702,"Incoming search phrases: what do celebrities use to bleach their skin, what do celebrities use to whiten their skin, what do celebrities use to lighten their skin, what are celebrities using to bleach their skin, what are celebrities using to whiten their skin, what are celebrities using to lighten their skin, do celebrities use whitening creams, do ...",0,0,1,##final score: 1
359349,how to find the midsegment of a trapezoid,1979833,"The area of a trapezoid is equal to half the sum of its bases multiplied by the altitude. The Teaching of Geometry David Eugene Smith. In the first drawer I keep the four plain wooden squares and two frames, one containing a rhomboid, and the other a trapezoid.",0,0,1,##final score: 1
1037798,who is robert gray,8402857,"How Much is Robert Plant Worth? Robert Plant is a Singer-songwriter, Musician. According to Forbes, Robert Plant Net Worth in May 2017 reached $170 Million.",0,0,1,##final score: 1
264014,how long is life cycle of flea,5583424,"The fleas you see on your cat are adult fleas, which are only about 5 percent of the flea population in an environment. The other fleas are scattered about as eggs, larvae or pupae. Adult fleas generally live two to four weeks, although in a hospitable environment they may live up to four months.",2,2,3,##final score: 3
833860,what is the most popular food in switzerland,6218039,"Switzerland is the only country with four national languages-German, French, Italian and Rumantsch. This is one of those countries where one can go in any season and enjoy to the best. It is not only the natural beauty for what Switzerland is known.",0,0,1,##final score: 1
1037798,who is robert gray,2254133,"Parents often cite having teenagers as the cause of gray hair. This is a good hypothesis, but scientists continue to investigate why hair turns gray. In time, everyone’s hair turns gray. Your chance of going gray increases 10-20% every decade after 30 years.",0,0,1,##final score: 1
1121709,what are the three percenters?,8049585,The part that is often missed on people (and probably the most important part) is who Three Percenters are supposed to be modeled after. It’s one thing to say you will stand up and fight or wave a certain flag (when everyone else does).,1,1,2,##final score: 2
1114819,what is durable medical equipment consist of,8115703,The providers telephone number is (281)-332-3405 . This healthcare provider has their gender reported as 'not applicable'.Speciality : Durable Medical Equipment and Medical Supplies - More people are using LabDraw to locate durable medical equipment and medical supplies in their localities. T...,1,1,2,##final score: 2
1129237,hydrogen is a liquid below what temperature,519977,"Hydrogenation Definition: Hydrogenation is a reduction reaction which results in an addition of hydrogen (usually as H2). If an organic compound is hydrogenated, it becomes more 'saturated'. Hydrogenation has many applications, but most people are familiar with the reaction as the one used to make liquid oils into semi-solid and solid fats.",0,0,1,##final score: 1
573724,what are the social determinants of health,3059586,"Health factors in the County Health Rankings represent what influences the health of a county. We measure four types of health factors: health behaviors, clinical care, social and economic, and physical environment factors. In turn, each of these factors is based on several measures. A fifth set of factors that influence health (genetics and biology) is not included in the Rankings. Alcohol & Drug Use.",1,1,2,##final score: 2
833860,what is the most popular food in switzerland,45135,"Originating in Switzerland, gruyere gruyère cheese is a, fine mellow cheese made from'cow s. Milk among, chefs'it s considered to be the best type of cheese for baked. Dishes it adds a, rich slightly salty taste to the dish without an overpowering. flavor",1,1,2,##final score: 2
1133167,how is the weather in jamaica,4494100,"Ocho Rios Jamaica Weather - Autumn (Sept, Oct And Nov) Truth be told, autumn is the best time to get cheap flights to Jamaica and save big on hotels, but autumn is not the best time to visit Ocho Rios as it relates to the weather.",1,1,2,##final score: 2
1114819,what is durable medical equipment consist of,4773103,"The cost of a home sleep study, at home sleep study, and use of home sleep study equipment, varies. It often costs between $150 – $500.The costs is often covered by most insurance companies. However, the patient most have the symptoms and meet ‘medical necessity’ for a test.Medicare, Blue Cross, Blue Shield, Aetna, Cigna, and most other insurance companies cover home sleep testing for sleep apnea.t often costs between $150 – $500. The costs is often covered by most insurance companies. However, the patient most have the symptoms and meet ‘medical necessity’ for a test. Medicare, Blue Cross, Blue Shield, Aetna, Cigna, and most other insurance companies cover home sleep testing for sleep apnea.",0,0,1,##final score: 1
1121402,what can contour plowing reduce,1623220,"contour(X,Y,Z), contour(X,Y,Z,n), and contour(X,Y,Z,v) draw contour plots of Z using X and Y to determine the x and y values. 1  If X and Y are vectors, then length(X) must equal size(Z,2) and length(Y) must equal size(Z,1).",0,0,1,##final score: 1
490595,rsa definition key,7422677,"Annual Reports. The RSA Annual Reports provide a description of the activities of RSA. RSA is the principal agency for carrying out Titles I, III, VI and VII, as well as specified portions of Title V of the Rehabilitation Act of 1973, as amended.",0,0,1,##final score: 1
1117099,what is a active margin,2790382,"Convergent boundary. In plate tectonics, a convergent boundary, also known as a destructive plate boundary, is an actively deforming region where two tectonic plates or fragments of lithosphere move toward one another and collide.n a subduction zone, the subducting plate, which is normally a plate with oceanic crust, moves beneath the other plate, which can be made of either oceanic or continental crust. During collisions between two continental plates, large mountain ranges, such as the Himalayas are formed.",3,3,2,##final score: 2
833860,what is the most popular food in switzerland,1524406,Swiss Girls Names: Most Popular Names for Girls in Switzerland (German) These are the most popular girls' names in Switzerland (German) for 2014.,0,0,1,##final score: 1
148538,difference between rn and bsn,1495660,"The average annual salary for RNs with just an associate’s degree was just $62,750 that year, more than $12,000 less than what BSNs typically earn.SN Salaries in Virginia. The Commonwealth has 19 AACN-accredited schools of nursing, which offer BSN programs for both new nursing students and licensed RNs interested in RN-BSN bridge programs.",1,1,2,##final score: 2
451602,medicare's definition of mechanical ventilation,3090672,"Mechanical Ventilation Breathe Easy with Fresh Air in the Home Without mechanical ventilation to provide fresh air, moisture, odors, and other pollutants can build up inside a home. Improved Comfort. Mechanical ventilation systems allow a constant flow of outside air into the home and can also provide filtration, dehumidification, and conditioning of the incoming outside air.",0,0,1,##final score: 1
1106007,define visceral?,2513609,"visceral nervous system, the visceral part of the peripheral nervous system that comprises the whole complex of nerves, fibers, ganglia, and plexuses by which impulses travel from the central nervous system to the viscera and from the viscera to the central nervous system.",1,1,2,##final score: 2
1112341,what is the daily life of thai people,400582,"A Taste of Thai jasmine rice w/ light coconut milk. Calories in A Taste of Thai jasmine rice w/ light coconut milk. *Percent Daily Values are based on a 2,000 calorie diet. Your daily values may be higher or lower depending on your calorie needs. Some of these foods were entered by users and are subject to error.",0,0,1,##final score: 1
1117099,what is a active margin,4573811,"1 An oceanic trench forms offshore, and a chain of volcanic mountains forms just inland of the coast. 2  This type of boundary between oceanic crust and continental crust is called an active continental margin since it is a plate boundary. 3  At other convergent boundaries, oceanic plate meets other oceanic plate.",3,3,2,##final score: 2
168216,does legionella pneumophila cause pneumonia,3556745,"Legionella also cause a flu-like illness called Pontiac fever. Yaws disease is a relatively lesser known disease caused by the bacteria Treponema pertenue. It affects the skin, bones, and cartilage, and spreads through skin contact.hile a majority of bacteria in the human body are countered by the immune system, there are a few that are pathogenic in nature. Pathogenic bacteria cause infectious diseases like leprosy, cholera, anthrax, and bubonic plague.",1,1,2,##final score: 2
1106007,define visceral?,4787157,"Definition of gut - the stomach or belly, used in reference to a feeling or reaction based on an instinctive emotional response rather than considered Definition of gut - the stomach or belly, used in reference to a feeling or reaction based on an instinctive emotional response rather than considered dictionary thesaurus",2,2,1,##final score: 1
264014,how long is life cycle of flea,3666584,"Flea Life Cycle. My Page on Fleas on cats has a more complete article on the life cycle of fleas and photos of fleas, and larvae. The short version of the flea life cycle is this: A flea has a blood meal and lays eggs on the cat. The eggs dry and fall off the cat onto spots where the cat hangs out.",1,1,2,##final score: 2
87452,causes of military suicide,3809015,"Suicide is a tragic and potentially preventable public health problem. In 2000, suicide was the 11th leading cause of death in the U.S. Specifically, 10.6 out of every 100,000 persons died by suicide. The total number of suicides was 29,350, or 1.2 percent of all deaths.",0,0,1,##final score: 1
855410,what is theraderm used for,181262,"Lanolin is a natural and organic chemical that is mainly known for its moisturizing effects on the skin. However, before anyone uses a lanolin cream as a part of their skin care regimen, it is important to be aware of any possible side effects that can occur.ossible Side Effects of a Lanolin Cream. While a lanolin cream has a number of beneficial properties when it comes to healing and moisturizing dry, cracked skin, people who are considering its use should be aware that lanolin oil has been known to cause allergic reactions in those individuals with sensitive skin.",0,0,1,##final score: 1
962179,when was the salvation army founded,2329697,"For other people named William Booth, see William Booth (disambiguation) . William Booth (10 April 1829 – 20 August 1912) was a British Methodist preacher who founded The Salvation Army and became its first General (1878–1912).he name The Salvation Army developed from an incident in May 1878. William Booth was dictating a letter to his secretary George Scott Railton and said, We are a volunteer army.. Bramwell Booth heard his father and said, Volunteer, I'm no volunteer, I'm a regular!.",3,3,2,##final score: 2
490595,rsa definition key,5612094,"Search criteria. www.onlinersa.com.au. To find this site type the following search terms: RSA Online, RSA Online Training, RSA Online NSW, RSA Online QLD, RSA Online WA, RSA Online NT, RSA Online ACT, RSA Online SA, RSA Online TAS, RSA Certificate (Responsible Service of Alcohol) save time do RSA training when you want.",0,0,1,##final score: 1
1037798,who is robert gray,6060285,"A state of the northwest United States in the Pacific Northwest. It was admitted as the 33rd state in 1859. Claimed by the United States after Capt. Robert Gray explored the mouth of the Columbia River in 1792, the area was further explored by Lewis and Clark in 1805 and was soon the site of fur-trading posts.",2,2,1,##final score: 1
443396,lps laws definition,8536122,"The California Mental Health Act (Sections 5000 to 8000 of the Welfare and. Institutions Code), also known as the LPS Act, begins by promoting the. legislative intent: • Most important was: to end the inappropriate, indefinite, involuntary.",3,3,2,##final score: 2
451602,medicare's definition of mechanical ventilation,2922141,"The Power of Music. Ventilators and the Treatment of ARDS The primary treatment of ARDS involves supportive care in an intensive care unit (ICU), including use of a mechanical ventilator and supplemental oxygen to help patients breathe.The goal of mechanical ventilation is to support the patient's breathing during the time needed for the patient's lungs to heal.nstead, it is usually an indication that the mechanical ventilation is not being optimized through the tube inserted through the mouth. A tracheostomy might afford the patient a better pattern of breathing and hence a better possibility of surviving ARDS.",1,1,2,##final score: 2
148538,difference between rn and bsn,231452,"The three top nursing degrees include an Associate in Nursing (ADN), Bachelor’s in Nursing (BSN) & Master’s in Nursing (MSN). Different types of nursing jobs will require different levels of education. What exactly is the difference between an LPN license, an RN license and a BSN degree? If you're looking into a possible career in nursing, you've probably realized that there are several different types of nurses, each of which have their own set of common responsibilities and educational requirements.",1,1,2,##final score: 2
1063750,why did the us volunterilay enter ww1,5412858,The movement of tes of thousands of Southern blacks north during WWI resuled in. racial violence in the North. President Woodrow Wilson persuaded the American people to enter World War I by. pledging to make the war a war to end all wars and to make the world safe for democracy. Senate opponents of the Legaue of Nations as proposed in the Treaty of Versailles argued that it. robbed Congress of its war-declaring powers.,2,2,3,##final score: 3
1133167,how is the weather in jamaica,2491371,"With a size of 4411 square miles, Jamaica is a little smaller than the state of Connecticut in U.S. Jamaica has a length of 146 miles and a width of 22-51 miles. The annual population growth is 0.46%.Hot and humid weather conditions typical of a tropical climate, with a temperate interior, prevails in Jamaica.",2,2,3,##final score: 3
1063750,why did the us volunterilay enter ww1,8170637,"After completing this lesson, students should be able to: 1  Explain why the United States adopted a policy of neutrality after the outbreak of war in Europe in August 1914. 2  Identify challenges to American neutrality. 3  Explain why Wilson decided to request a declaration of war.",1,1,2,##final score: 2
1112341,what is the daily life of thai people,8139255,"An important thing in everyday life is SANUK. Thai people love to have fun together. SANUK can represent many things : eat together, to be with friends and chat, to go out with friends. For Thai people SANUK happens with several persons.",3,3,2,##final score: 2
833860,what is the most popular food in switzerland,3437281,Traditionally of course Fondue and Raclette and cheese in general and chocolate. The things Switzerland is most famous for internationally. (Is said has the best chocolate in the world (invented milk chocolate like we know it today) and some of the best cheeses).,3,3,2,##final score: 2
130510,definition declaratory judgment,783662,The Declaratory Act of 1766 was one of the British Parliamentry Acts. Its purpose was so that the British could outlaw all the American Colonists from making their own laws.,0,0,1,##final score: 1
87452,causes of military suicide,1952268,"Definition of military for Students. 1  1 : of or relating to soldiers, the army, or war military drills. 2  2 : carried on by soldiers : supported by armed forces a military government.",0,0,1,##final score: 1
1129237,hydrogen is a liquid below what temperature,618981,"For example water is a liquid for 100 degrees (Celsius). For most temperatures it is either a solid or a gas. At low pressures, the range of temperature for a liquid to exist is smaller. That is why water boils at less than 100OC at high altitudes.",0,0,1,##final score: 1
182539,example of monotonic function,7919971,"iTunes is the world's easiest way to organize and add to your digital media collection. We are unable to find iTunes on your computer. To preview and buy music from Who Wrote The Book Of Love by The Monotones, download iTunes now.",0,0,1,##final score: 1
1117099,what is a active margin,4059509,Ocean‐continent convergence occurs when oceanic crust is subducted under continental crust. This forms an active continental margin between the subduction zone and the edge of the continent. The leading edge of the continental plate is usually studded with steep andesitic mountain ranges.,3,3,2,##final score: 2
1063750,why did the us volunterilay enter ww1,7247268,1917 did the united states enter world war i. president wilson created the committee on public information in order to influence public opinion during world war i Comments Report,1,1,2,##final score: 2
1124210,tracheids are part of _____.,7443585,"Written By: Xylem, plant vascular tissue that conveys water and dissolved minerals from the roots to the rest of the plant and also provides physical support. Xylem tissue consists of a variety of specialized, water-conducting cells known as tracheary elements.",3,3,2,##final score: 2
1133167,how is the weather in jamaica,5985458,"1 Finding Jamaica Family Resorts Filled with beautiful sprawling beaches and resorts, Jamaica is a popular tourist destination. 2  However, there are certain things to consider before planning your trip. 3  This i…. 4  Five Tips for Preparing for Jamaican Weather Jamaica is one of the most beautiful countries in the Caribbean.",1,1,2,##final score: 2
855410,what is theraderm used for,7190705,Uses of Rosuvastatin: 1  It is used to lower cholesterol and other harmful types of cholesterol in the body. 2  It is used to lower triglycerides. 3  It is used to slow the progress of heart disease. 4  It is used to prevent heart attacks. 5  It is used to prevent strokes. 6  It may be given to you for other reasons.,0,0,1,##final score: 1
1063750,why did the us volunterilay enter ww1,6666451,"US attitude towards WW1     The US didn't want to join the war on anyone's side and followed a policy of isolationism so that they wouldn't be dragged into WW1. … They still sold weapons, ammunition and supplies to whoever was buying them before.",1,1,2,##final score: 2
451602,medicare's definition of mechanical ventilation,4874642,The ventilator blows gas (air plus oxygen as needed) into. a person’s lungs. It can help a person by doing all of the. breathing or just assisting the patient’s breathing. The. ventilator can deliver higher levels of oxygen than. delivered by a mask or other devices. The ventilator can. provide a pressure (PEEP pressure) which helps hold the. lungs open so the air sacs don’t collapse.,1,1,2,##final score: 2
962179,when was the salvation army founded,8819395,"What is evangelism and who is an Evangelist? By Babatope Babalobi. Broadly defined, evangelism is defined as spreading the good news of salvation with the purpose of ensuring the conversion of unbelievers into Christianity.",0,0,1,##final score: 1
1129237,hydrogen is a liquid below what temperature,1373997,"Best Answer: hydrogen has a colorless flame, and oxygen doesn't burn ... Well, hydrogen can't explode without oxygen present: 2H2(g) + O2(g) --> 2H2O(g) However ...",0,0,1,##final score: 1
19335,anthropological definition of environment,1720389,"Definition of Environment. Environment: The sum of the total of the elements, factors and conditions in the surroundings which may have an impact on the development, action or survival of an organism or group of organisms. Last Editorial Review: 6/9/2016.",1,1,2,##final score: 2
183378,exons definition biology,5867680,"Type of: cistron, factor, gene. (genetics) a segment of DNA that is involved in producing a polypeptide chain; it can include regions preceding and following the coding DNA as well as introns between the exons; it is considered a unit of heredity.",1,1,2,##final score: 2
146187,difference between a mcdouble and a double cheeseburger,4777147,"McDonald’s may have scaled back their Dollar Menu recently, instead replacing it with the “Dollar Menu & More” menu, which includes items that cost up to two dollars, but thankfully their breakfast Dollar Menu remained unaffected, and you can still get a handful of McDonald’s breakfast items for a buck.",0,0,1,##final score: 1
1113437,what is physical description of spruce,1768729,Definition of spruce. spruced. ; sprucing. transitive verb. : to make spruce —often used with up. intransitive verb.,0,0,1,##final score: 1
264014,how long is life cycle of flea,857191,"A ladybug will eat insects during both the adult and larval stages, so you can receive ladybugs as adults and continue to have live ladybugs eating during other parts of their life cycle. The process of hatching from the eggs to becoming adult ladybugs will take roughly 3 - 4 weeks in summer, and 6 weeks in spring.When released, our live adult ladybugs should mate and lay eggs within 8-10 days of being released .The eggs will hatch into larvae within 5 days.The newly hatched larvae will feed on Aphids for up to three weeks, and then they will enter the pupae stage. The adult ladybug emerges about a week later. ladybug will eat insects during both the adult and larval stages, so you can receive ladybugs as adults and continue to have live ladybugs eating during other parts of their life cycle. The process of hatching from the eggs to becoming adult ladybugs will take roughly 3 - 4 weeks in summer, and 6 weeks in spring.",0,0,1,##final score: 1
130510,definition declaratory judgment,7186622,"an installment payment order is an order by the court that may be entered after a money judgment is entered…. “The plaintiff further contends that when the court entered the installment payment order, this action somehow remedied the defect in the underlying judgment. While the entering of an installment payment order without a basis in a",0,0,1,##final score: 1
1114819,what is durable medical equipment consist of,2185131,"Private health insurance companies that are contracted with the State of Ohio and are responsible for arranging and covering all of the health care services offered through traditional Medicaid for their covered beneficiaries. Managed Care Network. A panel of providers associated with a Managed Care Plan.ual Eligible. A person who qualifies for two health insurance plans, often referring to a Medicare beneficiary who also qualifies for Medicaid benefits. Durable Medical Equipment (DME). Includes certain types of equipment and supplies for beneficiaries that serve a medical purpose and can stand repeated use.",2,2,3,##final score: 3
168216,does legionella pneumophila cause pneumonia,8627333,"Similar to tetracycline, doxycycline is highly efficacious against: Mycoplasma pneumoniae, Ureaplasma urealyticum, Actinomyces, Chlymadia pneumonia, C.trachomatis, C.psittaci, Rickettsia, Coxiella burnetii, Legionella species, spirochetes like Treponema pallidum, Borrelia recurrentis and burgdorferi.",1,1,2,##final score: 2
182539,example of monotonic function,738025,Spearman’s rank correlation coefficient is a non parametric variable that gives a relation between two variables . It basically gives the measure of monotonicity of the relation between two variables i.e. how well the relation between two variables could be represented using a monotonic function .,1,1,2,##final score: 2
1037798,who is robert gray,2970896,"Ken Gray (American football) Kenneth Don Gray (born March 10, 1936 in San Saba, Texas) was an offensive guard who played 13 seasons in the National Football League for the Chicago Cardinals/St. Louis Cardinals and the Houston Oilers. Gray attended Howard Payne University.",0,0,1,##final score: 1
130510,definition declaratory judgment,6323613,"You can pay the judgment to the court: You can pay the court instead of the other person by filing the form called Request to Pay Judgment to the Court” (SC - 145) . You have to pay the judgment, costs, interest and a $20 court fee. This lets you solve the problem right away without having to see the judgment creditor.",0,0,1,##final score: 1
405717,is cdg airport in main paris,2768521,"Register now. This statistic shows the size of the world's largest airports, as of 2015. Charles de Gaulle airport in Paris covered an area of 3,200 hectares, ranking it in fifth place in terms of land mass, however when considering the passenger volumes of airports worldwide, CDG fell somewhat lower down the list. Saudi Arabia's King Fahr International airport covered by far the largest land area.",1,1,2,##final score: 2
182539,example of monotonic function,57448,"I've never heard of monotonic being used for two (input) variables, but I suppose it would mean that, for each fixed value of y, u is a monotonic function of x, and for each fixed value of x, u is a monotonic function of y (and I expect they'd need to be either both monotonic increasing or both monotonic decreasing).",1,1,2,##final score: 2
1121402,what can contour plowing reduce,3040510,"Environmental Impact Assessment. Environmental Impact Assessment (EIA) is the process by which the anticipated effects on the environment of a proposed development or project are measured. If the likely effects are unacceptable, design measures or other relevant mitigation measures can be taken to reduce or avoid those effects.",0,0,1,##final score: 1
130510,definition declaratory judgment,1697724,"Because the Constitution limits the President's authority in the use of force without a declaration of war by Congress, there is controversy as to whether the provisions of the resolution are consistent with the Constitution.ecause the Constitution limits the President's authority in the use of force without a declaration of war by Congress, there is controversy as to whether the provisions of the resolution are consistent with the Constitution.",0,0,1,##final score: 1
1114646,what is famvir prescribed for,2246765,"Prescription may also be used as a short form for prescription drugs to distinguish from over-the-counter drugs. In reference to the entire system of controlling drug distribution (as opposed to illicit drugs), prescription is often used as a metaphor for healthy directions from a prescribing medical practitioner.",0,0,1,##final score: 1
915593,what types of food can you cook sous vide,1772932,"The best torches for searing sous vide are ones designed for industrial uses such as soldering copper pipes, brazing and hardening steel, as well as light welding. These can reach temperatures greater than 3,500°F, which will provide enough heat to sear a typical sous vide dish in about 2 to 3 minutes.",0,0,1,##final score: 1
1117099,what is a active margin,7504911,"What is the definition for convergent boundaries? In plate tectonics, a convergent boundary also known as a destructive plate boundary (because of subduction), is an actively deforming region where two (or more) tectonic plat … es or fragments of lithosphere move toward one another and collide.ulture is what people believe, ho … w they act and interact, and the way they live. Culture is the specific traits, behaviors, attitudes, and traditions passed on through the generations of families. This also includes beliefs and any other things that have come from your family specifically.",2,2,1,##final score: 1
1114819,what is durable medical equipment consist of,1724528,List of Durable Medical Equipment Items Meta description: This is a list of durable medical equipment items you may need to use to manage your health or the health of a loved one. Home What is Durable Medical Equipment? Medicare and DME; List of Durable Medical Equipment Items; Site Map,1,1,2,##final score: 2
168216,does legionella pneumophila cause pneumonia,2806307,"A form of pneumonia that is caused by the bacterium Legionella pneumophilia is called Legionnaires' disease or. adenocarcinoma of the lung. also known as lung cancer, it arises from the soft tissues of the lung. The two major forms are small-cell lung cancer and non-small-cell lung cancer.",2,2,3,##final score: 3
183378,exons definition biology,5026680,"Transcription & Translation: RNA Splicing. In some genes the protein-coding sections of the DNA (exons) are interrupted by non-coding regions (introns). RNA splicing removes the introns from pre mRNA to produce the final set of instructions for the protein. Duration: 1 minutes, 37 seconds.",3,3,2,##final score: 2
104861,cost of interior concrete flooring,5150431,"Cost. According to Cost Helper, American cherry wood can be purchased for about $5 per square foot, while Brazilian cherry costs about $14 per square foot. Pine planks are available for around $12 per square foot. Bamboo flooring can cost the consumer between $4 and $6 per square foot.Concrete flooring costs $2 to $15 per square foot, according to Concrete Floors.Basic, single-colored concrete flooring typically costs between $2 and $6 per square foot, while mid-grade concrete with decorative effects can cost between $6 and $8 per square foot.dditional Costs. There are other additional costs for both concrete flooring and hardwood flooring. The overall cost of hardwood flooring can rapidly increase with the addition of custom borders and patterns.",2,2,3,##final score: 3
855410,what is theraderm used for,5095701,"Incoming search phrases: what do celebrities use to bleach their skin, what do celebrities use to whiten their skin, what do celebrities use to lighten their skin, what are celebrities using to bleach their skin, what are celebrities using to whiten their skin, what are celebrities using to lighten their skin, do celebrities use whitening creams, do celebrities use bleaching creams, do celebrities use lightening creams",0,0,1,##final score: 1
1037798,who is robert gray,1085628,"Roy Roberts. For other people named Roy Roberts, see Roy Roberts (disambiguation). Roy Roberts (March 19, 1906 – May 28, 1975) was an American character actor. Over his more than 40-year career, he appeared in more than nine hundred productions on stage and screen.",0,0,1,##final score: 1
490595,rsa definition key,6971306,"RSA Insurance Group. RSA Insurance Group plc (trading as RSA, formerly Royal and Sun Alliance) is a British multinational general insurance company headquartered in London, United Kingdom.",0,0,1,##final score: 1
405717,is cdg airport in main paris,5219521,Paris is located in France. It's the capital of France.,0,0,1,##final score: 1
1115776,what is an aml surveillance analyst,1440035,"Resistant acute myeloid leukemia (AML) encompasses patients with refractory AML and relapsed AML. Refractory AML is defined as disease that is unresponsive to initial induction chemotherapy, while relapsed AML is disease that recurs following an initial complete remission.",0,0,1,##final score: 1
264014,how long is life cycle of flea,6105567,"Fleas are holometabolous insects, going through the four lifecycle stages of egg, larva, pupa, and imago (adult). Adult fleas must feed on blood before they can become capable of reproduction. Flea populations are distributed with about 50% eggs, 35% larvae, 10% pupae, and 5% adults.",1,1,2,##final score: 2
451602,medicare's definition of mechanical ventilation,5915191,Cuffed and Cuffless Tracheostomy Tubes. Patients who need ventilation (assisted breathing with a respirator or breathing machine) require tracheostomy tubes that are blocked and sealed by what is called a cuff (also called a balloon) located on the lower outer cannula.,1,1,2,##final score: 2
1112341,what is the daily life of thai people,6303185,"The Thai baht, like the pound, originated from a traditional unit of mass. Its currency value was originally expressed as that of silver of corresponding weight (now defined as 15 grams), and was in use probably as early as the Sukhothai period in the form of bullet coins known in Thai as phot duang (Thai: พดด้วง).he issuance of currency is the responsibility of the Bank of Thailand. According to SWIFT, as of October 2014, the Thai baht ranked as the tenth most frequently used world payment currency.",0,0,1,##final score: 1
264014,how long is life cycle of flea,96859,"After about 2 days (range 2-21 days), depending on environmental conditions, the flea egg hatches torelease a first stage flea larva. This flea larva lives in the host's environment(it is part of the environmental stage of the fleas life cycle), where it feeds on fleadroppings (flea dirt) and dander.",1,1,2,##final score: 2
1133167,how is the weather in jamaica,2439240,"Access hourly, 10 day and 15 day forecasts along with up to the minute reports and videos for Kingston, Jamaica from AccuWeather.com Get the Kingston weather forecast. Access hourly, 10 day and 15 day forecasts along with up to the minute reports and videos for Kingston, Jamaica from AccuWeather.com Get the Kingston weather forecast.",1,1,2,##final score: 2
183378,exons definition biology,7448291,How Spliceosomes Process RNA. What is the purpose of introns? DNA is composed of sections known as exons and introns. The exons are the portions that eventually exit the nucleus in the form of mRNA and are used in translation. The introns are removed from the mRNA shortly after transcription. There are a number of hypotheses about the function of introns.,3,3,2,##final score: 2
1133167,how is the weather in jamaica,7835482,"Jamaica's Events and Festivals. Find music, food, and dance at the many events and festivals that make Jamaica famous. Planning a vacation around an event in Jamaica is a great idea, but it can be a bit tricky.",0,0,1,##final score: 1
1114819,what is durable medical equipment consist of,2590448,"The short answer is Yes! Medicare does pay for durable medical equipment (DME). However, prior to a thorough discussion of the details, it is important to distinguish between the different types of Medicare coverage because the benefits change depending on the type of coverage one has.",1,1,2,##final score: 2
405717,is cdg airport in main paris,2879960,"There are nine terminals at Paris Charles de Gaulle (CDG) airport – 1, 2A, 2B, 2C, 2D, 2E, 2F, 2G and 3. The CDGVAL service and the free airport shuttle service connects them all and each has shops, restaurants and services.",1,1,2,##final score: 2
264014,how long is life cycle of flea,3362112,"What are fleas? Fleas are small insects about 1-2 mm in length. Adult fleas live in the coat and bedding of dogs, cats and other animals and feed on their blood. The female adult lays eggs (up to 500 per flea per day!) which roll off the animal into the environment, and then hatch into larvae.",1,1,2,##final score: 2
1106007,define visceral?,7500585,"1 One of the wonders of cooking is that the tiniest adjustment to what you are making, the addition of a single ingredient or the execution of a technique, can entirely change a dish and the visceral response you get from eating it.— 2 Amanda Hesser, New York Times, 17 July 2002. [+] 3 more [-]hide. Her visceral reaction was to curse at the other driver. 2  In 1972 he began an address at a Chamber of Commerce luncheon, “Let me start off by saying this is not quite an honor, my being here. 3  I haven't had too much regard for the Chamber of Commerce in my years in Boston.",2,2,1,##final score: 1
264014,how long is life cycle of flea,331936,"Female flea can lay up to 50 eggs per day. The four stages of a flea are Egg, Larvae, Pupae and Adult. Frontline kills the Egg, Larvae and Adult life stage. NOTHING kills the Pupae stage. During this stage the new adult flea waits in a protective cocoon for the next available blood meal.",1,1,2,##final score: 2
915593,what types of food can you cook sous vide,275724,"Toss it over a grill with a tiny bit of wood chips, as well as the juices vaporizing and flavoring the meat. A grilled steak really is something you can’t replicate. Although you can sous vide until 95F or so, and then toss it over a grill for the last 1.5 minutes each side but that’s just not worth the effort.",2,2,1,##final score: 1
182539,example of monotonic function,8299661,"Two facts about these functions are: 1  if is a monotonic function defined on an interval, then is differentiable almost everywhere on, i.e. the set of numbers in such that is not differentiable in has Lebesgue measure zero. 2  In addition, this result cannot be improved to countable: see Cantor function.",1,1,2,##final score: 2
1113437,what is physical description of spruce,5514592,"Examine the cones. The cones of a spruce tree are also a good way to identify the tree. Cones grow from tree branches and contain the seeds of a tree. Spruces, pines and firs all contain cones, as do other conifers like cedars and hemlock trees. Spruce cones have smooth, thin scales, and are quite flexible and easy to bend.",1,1,2,##final score: 2
1063750,why did the us volunterilay enter ww1,4718161,"The United States got involved in World War 1 because of a Zimmerman telegram sent to Mexico detailing German plans against the U.S in which Mexico was conquered by the U.S loosing Arizona, New Mexico, and Texas. The note was sent on April 2 1917 and 4 days later the U.S declared war against Germany. Answer.",2,2,3,##final score: 3
264014,how long is life cycle of flea,5950724,"Life cycle and habitat[edit] Fleas are holometabolous insects, going through the four lifecycle stages of egg, larva, pupa, and imago (adult). Adult fleas must feed on blood before they can become capable of reproduction. Flea populations are distributed with about 50% eggs, 35% larvae, 10% pupae, and 5% adults.",1,1,2,##final score: 2
451602,medicare's definition of mechanical ventilation,1078132,"There are two main modes of mechanical ventilation within the two divisions: positive pressure ventilation, where air (or another gas mix) is pushed into the trachea, and negative pressure ventilation, where air is, in essence, sucked into the lungs. 1 Uses.",1,1,2,##final score: 2
359349,how to find the midsegment of a trapezoid,8547674,"In mathematics, and more specifically in numerical analysis, the trapezoidal rule (also known as the trapezoid rule or trapezium rule) is a technique for approximating the definite integral. The trapezoidal rule works by approximating the region under the graph of the function f ( x ) {\displaystyle f(x)} as a trapezoid and calculating its area.",0,0,1,##final score: 1
1114819,what is durable medical equipment consist of,3814007,"Co-Founder, TermInsuranceBrokers.com, Goldenzweig Financial Group, Haymarket, Virginia. Glucose meters (blood sugar monitors) are covered by Medicare Part B as a type of durable medical equipment (DME) that your doctor prescribes for use in the home.",2,2,1,##final score: 1
168216,does legionella pneumophila cause pneumonia,5370224,"However your water temperature can be too cold. With water sitting at lower temperatures Legionella can grow causing serious health concerns. Above 70 °C : Legionella dies almost instantly. At 60 °C : 90% die in 2 minutes. At 50 °C : 90% die in 80–124 minutes, depending on strain.",1,1,2,##final score: 2
451602,medicare's definition of mechanical ventilation,7800962,A ventilator delivers gas to the lungs with either negative or positive pressure. It must be understood that no mode of mechanical ventilation can or will cure a disease process but merely supports the patient until resolution of his/ her symptoms is accomplished.,1,1,2,##final score: 2
1117099,what is a active margin,2715359,Financial analysis. Email. Meaning and definition of Marginal Analysis. Marginal analysis refers to an evaluation of the additional benefits of an activity contrasted to the additional costs of that activity. Marginal analysis is used by companies as a decision making tool to provide help in increasing the profits.inancial analysis. Email. Meaning and definition of Marginal Analysis. Marginal analysis refers to an evaluation of the additional benefits of an activity contrasted to the additional costs of that activity. Marginal analysis is used by companies as a decision making tool to provide help in increasing the profits.,0,0,1,##final score: 1
490595,rsa definition key,7621284,17. RSA argued that s. 2(2)(b) applied only to ensure same limits of coverage and did not apply to priority between policies CA found that clause 7 in RSA policy is inconsistent with an automobile insurance policy issued in B.C. s. 148.1(9) governs and RSA policy is primary.,0,0,1,##final score: 1
405717,is cdg airport in main paris,3986305,Paris Charles de Gaulle Airport Airline Information. Please contact airport enquiries on +33(0) 1 70 36 39 50 where airline contact details are not available. The following airlines operate from Paris Charles de Gaulle Airport (CDG): Adria Airways - +33 1 47 429 500.,1,1,2,##final score: 2
168216,does legionella pneumophila cause pneumonia,6213326,"The bacteria which cause Legionnaires' disease-Legionella-exist in rivers, lakes and other places with fresh water-usually in low numbers because the water temperature in such places is too low for the bacteria to multiply rapidly.s Legionnaires' disease signs and symptoms are often mild, it is likely that the real number of infections is considerably higher than the reported ones. Legionnaires' disease may be hard to diagnose at first because its signs and symptoms may be very similar to other forms of pneumonia.",2,2,3,##final score: 3
47923,axon terminals or synaptic knob definition,284591,"This is the action potential. How it is generated is illustrated in the following animation. This signal is then propagated along the axon (and not, say, back to its dendrites) until it reaches its axon terminals. An action potential travels along the axon quickly, moving at rates up to 150 meters (or roughly 500 feet) per second. Conduction ends at the axon terminals. Axon terminals are where neurotransmission begins. Hence, it is at axon terminals where the neuron sends its OUTPUT to other neurons.",2,2,3,##final score: 3
1114819,what is durable medical equipment consist of,1816950,"Mission & Services. The DME collects, through donations, gently used, re-usable in-home durable medical equipment from individual donors, medical clinics, hospitals, etc., to meet the needs of individuals residing in Los Angeles County and Ventura County who have limited financial resources and/or who are un-insured or under-insured.",1,1,2,##final score: 2
264014,how long is life cycle of flea,5611216,"If humans had the jumping power of a flea, a 1.8-m (6-ft) person could make a jump 90 m (295 ft) long and 49 m (160 ft) high. Researchers with the University of Cambridge in England found that fleas take off from their tibiae and tarsi (the insect equivalent of feet) and not their trochantera, or knees.enerally speaking, an adult flea only lives for 2 or 3 months. Without a host for food a flea's life might be as short as a few days. With ample food supply, the adult flea will often live up to 100 days.",2,2,3,##final score: 3
1133167,how is the weather in jamaica,1064355,"How popular is Jamaica? Jamaica is an uncommonly occurring first name for females but a very prominent surname for all people (#61855 out of 150436, Top 41%). (2000 u.s. census) Jamaica has not been recorded in the list thus far.",0,0,1,##final score: 1
264014,how long is life cycle of flea,8801656,"The female lays eggs 24-36 hours after her first blood meal. Fleas lay up to 50 eggs a day, which is equal to their body weight. They can lay this many eggs because they suck up 15 times their body weight in blood daily. This blood lust can continue for 3 months.",1,1,2,##final score: 2
1121709,what are the three percenters?,3145978,"(October 2012). A talent agent, or booking agent, is a person who finds jobs for actors, authors, film directors, musicians, models, film producers, professional athletes, writers, screenwriters, broadcast journalists, and other people in various entertainment or broadcast businesses.n many cases, casting directors, or other businesses go to talent agencies to find the artists for whom they are looking. The agent is paid a percentage of the star's earnings (typically 10%). Therefore agents are sometimes referred to as 10 percenters.. Various regulations govern different types of agents.",0,0,1,##final score: 1
962179,when was the salvation army founded,2978864,"In Summary…. The Salvation Army, an evangelical part of the universal Christian church established in 1865, has been supporting those in need in His name without discrimination for 130 years in the United States.",3,3,2,##final score: 2
573724,what are the social determinants of health,7199675,"Social and physical determinants of health impact a wide range of health, functioning, and quality-of-life outcomes. 1  Social and physical determinants of health are often the result of decisions made at the higher levels of society.",1,1,2,##final score: 2
130510,definition declaratory judgment,1110766,"In most U.S. states and Canada, the insurer generally has four main options at this point, to: 1  defend the insured unconditionally; 2  defend the insured under a reservation of rights; 3  seek a declaratory judgment that it has no duty to defend the claim; or. 4  decline to defend or to seek a declaratory judgment.",1,1,2,##final score: 2
1103812,who formed the commonwealth of independent states,4292848,"Commonwealth of Independent States; putative successor to the USSR, except that the Baltic Republics of Estonia, Latvia, and Lithuania never joined. Contrary to another definition of CIS at the Urban Dictionary, the CIS does not stand for Communist Independent States.. Moreover, that definition has the CIS existing BEFORE 1991, and includes Kazakhstan as not officially part of the Soviet Union.. Kazakhstan was, in fact, one of the 15 republics of the USSR until 1991.",1,1,2,##final score: 2
183378,exons definition biology,749540,"Frequently Asked Questions What is Exome Sequencing? Also known as whole exome sequencing, targeted exome capture or next gen sequencing, exome sequencing looks at the protein coding regions of the human genome known as exons.There are about 180,000 exons in the human genome and it is estimated that 85% of the disease-causing mutations can be found in these regions.hat is the difference between whole genome AND whole exome sequencing? While whole exome sequencing looks at the exon regions of the genome, whole exome sequencing looks at both the exons and introns covering the entire genome.",3,3,2,##final score: 2
1121709,what are the three percenters?,8171653,"February 7, 2014 8:00 AM. It may be unlikely that seven-year-old Barron Trump will be walking down the halls of a public school any time soon, but many one-percenters sending their kids off to school every day are not following the Trumps’ example.",0,0,1,##final score: 1
1133167,how is the weather in jamaica,4926202,"Making yourself aware of Jamaica's weather patterns will help you decide what clothing to pack, and the best time to visit the island, to fully experience all it has to offer. The following chart helps you to do this by detailing the average daily high and low temperatures of each month.",1,1,2,##final score: 2
87181,causes of left ventricular hypertrophy,8151919,"Sound waves produce live-action images of your heart. Echocardiogram can reveal thickened muscle tissue in the left ventricle, blood flow through the heart with each beat, and heart abnormalities related to left ventricular hypertrophy, such as aortic valve stenosis. MRI. Images of your heart can be used to diagnose left ventricular hypertrophy.",1,1,2,##final score: 2
490595,rsa definition key,5149754,"Asymmetric Encryption. Asymmetric encryption (or public-key cryptography) uses a separate key for encryption and decryption. Anyone can use the encryption key (public key) to encrypt a message. However, decryption keys (private keys) are secret. This way only the intended receiver can decrypt the message.",1,1,2,##final score: 2
1121402,what can contour plowing reduce,3785309,Contour plowing is also promoted in countries with similar rainfall patterns to the United States such as western Canada and Australia. The practice is effective only on slopes with between 2% and 10% gradient and when rainfall does not exceed a certain amount within a certain period.,1,1,2,##final score: 2
1113437,what is physical description of spruce,1768734,"Example Sentences for spruce up. Spruce up an' tell 'em like-ez-how this air goin' to be a double trick! My ole mistus took me to Sunday school with her and I spruce up in dat hat. I'll shave up an' spruce up jest as soon as I've made my pile. Bonhag really wanted Cowperwood to spruce up and show what he could do, socially or otherwise.",0,0,1,##final score: 1
1114819,what is durable medical equipment consist of,2839946,"Davis Drugs in Paducah, KY - Medicare Enrolled Durable Medical Equipment & Medical Supplies Supplier Details including Service Area, Equipments and Products, NPI, Location and Contact Numbers.",1,1,2,##final score: 2
1115776,what is an aml surveillance analyst,5264931,"Financial Crimes Compliance Analyst –Due Diligence, reporting to the Due Diligence Manager, will be responsible for conducting Due Diligence as it pertains to Anti-Money Laundering (AML), Fraud, and the Office of Foreign Assets Control (OFAC) compliance.",1,1,2,##final score: 2
146187,difference between a mcdouble and a double cheeseburger,744168,"Triple Cheeseburger Combo. A towering Triple Cheeseburger with a refreshing medium soft drink, and medium fries. It’s stacked with unforgettable value. Like when you were showing off and almost stacked it off your skateboard in front of a bus stop full of girls. Available between 10:30am and 11pm at participating restaurants for a limited time.",0,0,1,##final score: 1
855410,what is theraderm used for,1095539,"The vitamin e benefits for healthy skin care also include its ability to regulate vitamin a in the body, which itself is important for healthy skin. Vitamin e added to lotions, creams, and other skin care products, as well as taken orally, plays a role in the anti-aging of skin.",0,0,1,##final score: 1
183378,exons definition biology,8260787,"Moreover, RNAs are made in the nucleus of a eukaryotic cell, but function in protein synthesis in the cytoplasm. Unlike prokaryotic mRNAs, eukaryotic mRNAs undergo extensive modifications after synthesis by RNA polymerase II.he intervening sequences that are removed are called introns. The process by which introns are removed is referred to as splicing. The sequences remaining after the splicing are called exons. All of the different major types of RNA in a eukaryotic cell can have introns.",2,2,3,##final score: 3
833860,what is the most popular food in switzerland,6230226,"Italian cuisine is popular in contemporary Switzerland, particularly pasta and pizza. Foods often associated with Switzerland include cheese and chocolate. Swiss cheeses, in particular Emmental cheese, Gruyere, Gruyère, vacherin And, appenzeller are Famous swiss. Products the most popular cheese dishes are fondue And. racletten the Italian-speaking part of Switzerland, the Ticino area, one will find a type of restaurant unique to the region. The Grotto is a rustic eatery, offering traditional food ranging from pasta to homemade meat specialties. Popular dishes are Luganighe and Luganighetta, a type of artisan sausages.",3,3,2,##final score: 2
182539,example of monotonic function,7579346,"1 She shivered, sensing something truly evil in his monotonous voice and cold hands. 2  Jonny's voice was coldly monotonous but soft.  3 You can see the stars, kiri, he said in his monotonous, mechanical voice.  Her varying tones would have thrown it off as well; it was programmed to the monotonous speech pattern of Anshan.",0,0,1,##final score: 1
1121402,what can contour plowing reduce,4449258,a) Plow fields along contour lines. b) Leave plowed fields barren every second year. c) Use irrigation water throughout the year. d) Cut down any forested areas near the farm. 6) Freshwater is usually considered a renewable resource.,1,1,2,##final score: 2
1114819,what is durable medical equipment consist of,2185129,"A contract between the Ohio Department of Medicaid and a provider of Medicaid services in which the provider agrees to comply with the terms of the Department of Medicaid, the State of Ohio, and the Ohio Administrative Code.ual Eligible. A person who qualifies for two health insurance plans, often referring to a Medicare beneficiary who also qualifies for Medicaid benefits. Durable Medical Equipment (DME). Includes certain types of equipment and supplies for beneficiaries that serve a medical purpose and can stand repeated use.",2,2,3,##final score: 3
1063750,why did the us volunterilay enter ww1,4854132,"After the attack on Pearl Harbor on December 7, 1941, the United States entered World War II. On December 8, Congress declared war on Japan, and on December 11, the United States entered into war with Germany.",0,0,1,##final score: 1
207786,how are some sharks warm blooded,5624831,"In some sharks, these sensitive cells can detect even the slightest traces of blood in the water. A great white shark, for example, would be able to detect a single drop of blood in an Olympic-size pool. Most sharks can detect blood and animal odors from many miles away.",0,0,1,##final score: 1
915593,what types of food can you cook sous vide,4910037,"Help with sous vide boneless skinless chicken breasts. Hi all this is my first post! I was hoping to get some help with chicken breasts and sous vide cooking. I just purchased the anova circulator and tried the past 2 nights to cook skinless breasts, actually pieces of breasts probably 1 inch thick but only 3 inches long.",1,1,2,##final score: 2
47923,axon terminals or synaptic knob definition,4081982,"Synaptic signals from other neurons are received by the soma and dendrites; signals to other neurons are transmitted by the axon. A typical synapse, then, is a contact between the axon of one neuron and a dendrite or soma of another.Synaptic signals may be excitatory or inhibitory.he conduction of nerve impulses is an example of an all-or-none response. In other words, if a neuron responds at all, then it must respond completely. Greater intensity of stimulation does not produce a stronger signal but can produce a higher frequency of firing.",1,1,2,##final score: 2
527433,types of dysarthria from cerebral palsy,288675,"Coordination disorders can cause other abnormalities, such as the following: 1  Dysmetria: People cannot control the range of body movements. 2  Dysarthria: Speech is slurred, and fluctuations in volume cannot be controlled because speech muscles are uncoordinated.",1,1,2,##final score: 2
183378,exons definition biology,8570255,"For the album by LCD Soundsystem, see Introns (album) . Representation of intron and exons within a simple gene containing a single intron. An intron is any nucleotide sequence within a gene that is removed by RNA splicing during maturation of the final RNA product.The term intron refers to both the DNA sequence within a gene and the corresponding sequence in RNA transcripts.Sequences that are joined together in the final mature RNA after RNA splicing are exons.or the album by LCD Soundsystem, see Introns (album) . Representation of intron and exons within a simple gene containing a single intron. An intron is any nucleotide sequence within a gene that is removed by RNA splicing during maturation of the final RNA product.",3,3,2,##final score: 2
1110199,what is wifi vs bluetooth,8301971,"1 A lower priced dongle such as the Bluetooth USB 2.0 Dongle retails for $3 to $20 on Amazon. 2  When used as a WiFi dongle, this hardware provides WiFi connectivity to a computer that does not have a built-in Wi-Fi modem. 3  These type of dongles can cost anywhere from $3 to as much as $30. One of the common uses of dongles is used to give a computer bluetooth capabilities by plugging it into a USB port. 2  These types of dongles can cost anywhere from $4 to as much as $65 for a higher-end model.",1,1,2,##final score: 2
1112341,what is the daily life of thai people,3587856,The last thing you want when you visit Thailand is to be worried. Buy Travel Money Card Thailand before leaving and see the advantages. Buy Thai Baht THB prepaid cards now! Offering the security of traveller's cheques with the convenience of a debit card is what you get when using a Travel Money Card Thailand.,0,0,1,##final score: 1
168216,does legionella pneumophila cause pneumonia,2085296,AWalking pneumonia is a mild case of pneumonia. BWalking pneumonia has no symptoms. CWalking pneumonia is an upper respiratory infection. DWalking pneumonia is a fatal type of pneumonia. The correct answer is: A Walking pneumonia is a mild case of pneumonia.,0,0,1,##final score: 1
1112341,what is the daily life of thai people,2834563,"The Indian Rupee is the currency in India (IN, IND). The Thai Baht is the currency in Thailand (TH, THA). The Thai Baht is also known as Bahts, and Onshore Baht. The symbol for INR can be written Rs, IRs, and ₨.",0,0,1,##final score: 1
915593,what types of food can you cook sous vide,3485337,"In the photo above, both salmon fillets were cooked to the same internal temperature of 48°C / 118°F. The fillet on the left was cooked sous vide (instructions below) while the fillet on the right was cooked in an oven.",1,1,2,##final score: 2
1103812,who formed the commonwealth of independent states,8224183,"A commonwealth is, essentially, a grouping of states, cities, or other such entities for the common good. See the Wikipedia article link below for further information. Examples are the Commonwealths of Australia, New Zealand and Virginia in the US.The Commonwealth of Nations is a block of nations most of whom, but not all of whom, were once part of the British Empire.The Commonwealth of Independent States was an association of former Soviet Republics, created as the Soviet Union began to disintegrate. commonwealth is, essentially, a grouping of states, cities, or other such entities for the common good. See the Wikipedia article link below for further information. Examples are the Commonwealths of Australia, New Zealand and Virginia in the US.",1,1,2,##final score: 2
148538,difference between rn and bsn,3989976,"1 Currently licensed registered nurses who have a master’s degree in nursing, or higher, in addition to at least two years of experience in an executive nursing role. 2  RNs with a bachelor of science in nursing (BSN) in addition to four years of experience in an executive nursing role. Currently licensed registered nurses who have a master’s degree in nursing, or higher, in addition to at least two years of experience in an executive nursing role. 2  RNs with a bachelor of science in nursing (BSN) in addition to four years of experience in an executive nursing role.",1,1,2,##final score: 2
182539,example of monotonic function,8757179,"The term monotonic may also be used to describe set functions which map subsets of the domain to non-decreasing values of the codomain. In particular, if is a set function from a collection of sets to an ordered set , then is said to be monotone if whenever as elements of , .",1,1,2,##final score: 2
1114819,what is durable medical equipment consist of,7070941,"Durable medical equipment (DME) auths. 1  Complete a DME Prior Authorization form (474KB PDF). 2  Complete online and save it for your records, then print and fax it to Priority Health. 3  Fax the form to the number listed on the form.",1,1,2,##final score: 2
47923,axon terminals or synaptic knob definition,3348837,"In most cases, a neurotransmitter is released from the axon terminal after an action potential has reached the synapse. The neurotransmitter then crosses the synaptic gap to reach the receptor site of the other cell or neuron.",1,1,2,##final score: 2
573724,what are the social determinants of health,7199674,"The NHWA include three indicators related to education and training on social determinants of health and Health in All Policies approach: 3.05 Standards for social determinants of health pdf, 363kb ; 9.04 Education plans aligned with national health plan pdf, 363kb ; 9.01 Mechanisms to coordinate an intersectoral health workforce agenda pdf, 363kb",1,1,2,##final score: 2
855410,what is theraderm used for,2519615,"Lanolin oil comes from sheep. Sheep are the only source of lanolin oil. A sheep gets sheared once yearly and provides about 10 pounds of wool annually. Lanolin is an amber-colored fatty substance taken from the sheep’s wool before it is washed. According to the Lanolin website, liquid lanolin is known as an emollient and an emulsifier and is soluble in mineral and vegetable oils.",0,0,1,##final score: 1
156493,do goldfish grow,911794,"Tank Requirements and Care. 1  1. Get a large enough tank. The minimum tank size for one goldfish is 10-15 US gallons (56.7 liters)(Remember, they grow to about 10-12 inches (25.5-30.5 centimeters), and sometimes over!) and you will need to add 10 U.S. gallons (37.8 liters) onto that for each additional goldfish.",2,2,3,##final score: 3
87181,causes of left ventricular hypertrophy,5197135,"Ventricular hypertrophy. Ventricular hypertrophy (VH) is thickening of the walls of a ventricle (lower chamber) of the heart. Although left ventricular hypertrophy (LVH) is more common, right ventricular hypertrophy (RVH) can also occur, as can hypertrophy of both ventricles, that is, biventricular hypertrophy (BVH). Ventricular hypertrophy can be part of various syndromes caused by any of various underlying diseases.",1,1,2,##final score: 2
855410,what is theraderm used for,7238608,How To Moisturize Dry Hair: The cosmetic products generally over load your hair with chemicals. The regular use of these chemical products can sometimes damage the moisture of the hair. The natural oil produced by the hair is the best natural moisturizer.,0,0,1,##final score: 1
573724,what are the social determinants of health,394139,"Social determinants of health - Commonly accepted determinants. 1  There is no single definition of the social determinants of health, but there are commonalities, and many governmental and non-governmental organizations recognize that there are social factors which impact the health of individuals.",1,1,2,##final score: 2
855410,what is theraderm used for,6467175,"Sold by weight. Our lanolin (anhydrous, USP a/k/a wool fat, wool wax) is ultra refined and exhibits excellent moisture binding and humectant properties, making it an ideal ingredient for creams, lotions, bar soaps and treatment products where enhanced moisture retention is desired.anolin has an ability to absorb up to 300% water. Emulsions which contain lanolin usually have a very good shelf life. This lanolin does NOT containg BHT or any other additives.",0,0,1,##final score: 1
182539,example of monotonic function,8321156,"To see an example of how formatting and the ROUND function impact your Excel formulas: Excel Example: ROUND function in Excel.xls. TIP #3: Even though some formulas may create correct results without the ROUND function, be consistent so that you can automatically rule out rounding problems when auditing worksheets.",0,0,1,##final score: 1
1133167,how is the weather in jamaica,481419,NOTE: The information regarding Jamaica on this page is re-published from the 2015 World Fact Book of the United States Central Intelligence Agency. No claims are made regarding the accuracy of Jamaica PEOPLE 2015 information contained here.,0,0,1,##final score: 1
1037798,who is robert gray,2258765,"John Gray biography. John Gray. John Gray Biography. John Gray, Ph.D., is the author of Mars and Venus on a Date, a follow-up to his phenomenal bestselling book Men Are from Mars, Women Are from Venus, which has sold more than 6 million copies in the United States and millions more in 40 languages around the world.",0,0,1,##final score: 1
1114819,what is durable medical equipment consist of,1245298,"Text Size: Durable Medical Equipment (DME) Providers. Items included: As defined by the Louisiana Board of Pharmacy in Chapter 24 of its rules, these terms have the following meaning and are subject to the authority conveyed by the DME Permit:",1,1,2,##final score: 2
182539,example of monotonic function,8579153,Here are the general symptoms of Parkinson’s disease: Slowing of voluntary movements. Decreased* facial expression and eye blinking. Monotonous and slurring of speech. Stooped posture and shuffling gait. Unsteadying of balance and having a difficult time rising from a sitting position.,0,0,1,##final score: 1
451602,medicare's definition of mechanical ventilation,2796545,"For longer term settings a tracheostomy tube is used instead. In the chronic (long term) setting, indications for tracheotomy include the need for long-term mechanical ventilation and tracheal toilet (e.g. comatose patients, or extensive surgery involving the head and neck).",1,1,2,##final score: 2
1063750,why did the us volunterilay enter ww1,3327045,"The German's naval policy was the major reason why the United States declared war on Germany. The sinking of the Lusitania was the biggest influence of American in WWI. It was so much of an influence that it was said without the sinking of the Lusitania, the United States most likely would not of entered the war.t was the assassination of Archduke Franz Firdinand that started World War I. The Americans were brought into WWI for that fact that the Germans sank some American ships, and … that they wanted to protect there European Investments.",2,2,3,##final score: 3
1121402,what can contour plowing reduce,1679022,"CONTOUR INTERVAL. The contour interval is the distance between each contour line. The contour interval is found along the bottom edge, center of the map. It will be listed in either feet or meters depending on the map.",0,0,1,##final score: 1
207786,how are some sharks warm blooded,1392585,The Salmon Shark is one of the warmest of the warm-bodied sharks. Measurements of its epaxial (upper back) muscles indicate that this species is able to maintain a body temperature 14 to 20 degrees Fahrenheit (8 to 11 degrees Celsius) above the ambient water temperature.,2,2,3,##final score: 3
264014,how long is life cycle of flea,331931,"1 Undisturbed and without a blood meal, a flea can live more than 100 days. On average, they live two to three months. 2  Female fleas cannot lay eggs until after their first blood meal and begin to lay eggs within 36-48 hours after that meal.  The female flea can lay 2,000 eggs in her lifetime.",2,2,3,##final score: 3
451602,medicare's definition of mechanical ventilation,6286980,"A form of mechanical ventilation in which the peak inspiratory flow rate, fraction of inspired oxygen, positive end-expiratory pressure, respiratory rate, and tidal volume are preset and delivered to the patient.ressure support ventilation positive pressure ventilation in which the patient breathes spontaneously and breathing is augmented with air at a preset amount of pressure, with tidal volume not being fixed.",1,1,2,##final score: 2
1117099,what is a active margin,6505420,"1 The boundary between two plates can be a divergent boundary, a convergent boundary or a transform boundary. 2  The lithosphere is composed of the crust, and some of the upper mantle. 3  Mature oceanic plate is approximately 80-100 km thick, of which, the upper 5-7 km is oceanic crust. An oceanic trench forms offshore, and a chain of volcanic mountains forms just inland of the coast. 2  This type of boundary between oceanic crust and continental crust is called an active continental margin since it is a plate boundary. 3  At other convergent boundaries, oceanic plate meets other oceanic plate.",3,3,2,##final score: 2
182539,example of monotonic function,6957823,Let LIS(˙) denote the length of the longest increasing sequence in ˙. A sequence ˙is monotone if ˙(1) ˙(2) ˙(n). We consider edit operations on a sequence. where a single edit operation involves deleting a single element of the sequence and inserting it in. a new place.,1,1,2,##final score: 2
182539,example of monotonic function,5567729,"And, a function is known as decreasing if y-value decreases when x is increases and denoted as if x 1 2 $\Rightarrow$ f(x 1 2). A function that either increases or decreases everywhere in an Interval is called monotonic on the Interval.",1,1,2,##final score: 2
405717,is cdg airport in main paris,2879964,"Official CDG Website. Charles de Gaulle, also known by IATA (International Air Transport Association) code CDG and ICAO (International Civil Aviation Organization) code LFPG, offers flights from multiple airline carriers to many popular global destinations.",1,1,2,##final score: 2
182539,example of monotonic function,8299665,"Two facts about these functions are: 1  if is a monotonic function defined on an interval, then is differentiable almost everywhere on, i.e. the set of numbers in such that is not differentiable in has Lebesgue measure zero. 2  if is a monotonic function defined on an interval, then is Riemann integrable.",1,1,2,##final score: 2
1114819,what is durable medical equipment consist of,7803436,"A list of medical equipment and supplies that are covered—or not covered—by Medicare. The following list features some general categories of durable medical equipment and supplies, along with notations as to whether or not each item is covered by Medicare. This list is intended as a general reference only.",1,1,2,##final score: 2
104861,cost of interior concrete flooring,5138470,10 styrofoam used a lot for radiant heat floors those are the basics of what s included and not included in my concrete floor costs for residential concrete floors my $ 2 50 $ 3 00 dollars per sq ft cost will remain consistent throughout the year,2,2,3,##final score: 3
855410,what is theraderm used for,5465332,"Anti-Aging Acne Regimen is a 3-step system to help clear adult acne and reduce the visible signs of aging without over-drying skin. Murad’s Anti-Aging Acne products are formulated with pharmaceutical-grade ingredients to treat and help prevent breakouts, and reduce the appearance of fine lines and wrinkles.",0,0,1,##final score: 1
451602,medicare's definition of mechanical ventilation,8295161,"The ventilator delivers preset breaths in coordination with the respiratory effort of the patient. With each inspiratory effort, the ventilator delivers a full assisted tidal volume. Spontaneous breathing independent of the ventilator between A/C breaths is not allowed.",1,1,2,##final score: 2
573724,what are the social determinants of health,41433,"Epidemiology is the study of the distribution and. determinants of health-related states and. events in populations, and the application of this. study to control health problems. Determinants – any factor or event that. brings about a change in a health condition. - physical, biological, social, cultural and. behavioral factors that influence health Epidemiology is the study of the distribution and. determinants of health-related states and. events.",1,1,2,##final score: 2
87452,causes of military suicide,6018168,"The findings are the latest in a series of studies prompted by a military suicide rate that has nearly doubled since 2005. The study’s authors and others cautioned, however, that the findings do not rule out combat exposure as a reason for the increase in suicides, adding that more information was needed.he study found that the suicide rate for troops who left the military before completing a four-year enlistment was nearly twice that of troops who stayed. The rate for troops who were involuntarily discharged under less-than-honorable conditions for disciplinary infractions was nearly three times higher.",3,3,2,##final score: 2
1117099,what is a active margin,52519,"In plate tectonics, a convergent boundary, also known as a destructive plate boundary, is a region of active deformation where two or more tectonic plates or fragments of the lithosphere are near the end of their life cycle. This is in contrast to a constructive plate boundary (also known as a mid-ocean ridge or spreading center",1,1,2,##final score: 2
47923,axon terminals or synaptic knob definition,4684891,"Synaptic signals from other neurons are received by the soma and dendrites; signals to other neurons are transmitted by the axon. A typical synapse, then, is a contact between the axon of one neuron and a dendrite or soma of another.hese signals between neurons occur via synapses, specialized connections with other cells. Neurons can connect to each other to form neural networks. Neurons are the core components of the brain and spinal cord of the central nervous system (CNS), and of the ganglia of the peripheral nervous system (PNS).",1,1,2,##final score: 2
1133167,how is the weather in jamaica,8037316,"Typical Weather Conditions: Padre Island has long, hot summers and short, mild winters. Most rain falls near the beginning and end of hurricane and tropical storm season, which lasts from June to October. 1  Spring –Daytime temperatures average in the 70s-80's Fahrenheit, with lows in the 50s-60's. 2  Summer – Daytime temperatures are usually in the mid-90's Fahrenheit, with very humid conditions.",0,0,1,##final score: 1
87452,causes of military suicide,2052496,"Posttraumatic Stress Disorder (PTSD) is a trauma-related mental illness affecting 8% of Americans. PTSD is closely related to Dissociative Disorders. In fact, most people with a Dissociative Disorder also have PTSD. The cost of trauma disorders is extremely high to individuals, families, and society. Recent research suggests that people with trauma disorders may attempt suicide more often than people who have major depression.",1,1,2,##final score: 2
1113437,what is physical description of spruce,7385219,"This article is about the tree. For other uses, see Spruce (disambiguation). A spruce is a tree of the genus Picea /paɪˈsiːə/, a genus of about 35 species of coniferous evergreen trees in the family Pinaceae, found in the northern temperate and boreal (taiga) regions of the earth.",1,1,2,##final score: 2
168216,does legionella pneumophila cause pneumonia,3496743,"The three clinical forms of influenza pneumonia are primary influenza pneumonia, secondary bacterial pneumonia, and mixed viral and bacterial pneumonia. Primary influenza pneumonia manifests with persistent symptoms of cough, sore throat, headache, myalgia, and malaise for more than 3-5 days.he common constitutional symptoms of viral pneumonias are fever, chills, nonproductive cough, rhinitis, myalgias, headaches, and fatigue. Symptoms of viral pneumonia are similar to that of bacterial pneumonia, although studies have shown a lower probability of having chest pain and rigors in viral pneumonias.",0,0,1,##final score: 1
1114819,what is durable medical equipment consist of,7991181,"If your supplier accepts assignment, you pay 20% of the Medicare-approved amount, and the Part B deductible applies. Medicare pays for different kinds of DME in different ways. Depending on the type of equipment: You may need to rent the equipment. You may need to buy the equipment.",1,1,2,##final score: 2
1037798,who is robert gray,2914156,"General Lee’s Horses Traveller was used by General Robert E. Lee thoughout most of the Civil War. The iron gray horse was born in 1857 in Greenbrier County, which is now in West Virginia.",0,0,1,##final score: 1
264014,how long is life cycle of flea,1873744,"If there's anything good about mosquitoes, it's that they don't live very long. The entire mosquito life cycle can be counted in days. Once they emerge from their pupal cocoons and take flight, male mosquitoes last less than a week, the females maybe a couple of months, and that's only with ideal conditions.",0,0,1,##final score: 1
962179,when was the salvation army founded,536176,"The movement, founded in 1865 by William Booth, has spread from London, England, to many parts of the world. The rapid deployment of the first Salvationists was aided by the adoption of a quasi-military command structure in 1878 when the title, ‘The Salvation Army’, was brought into use. A similarly practical organisation today enables resources to be equally flexible.",3,3,2,##final score: 2
1133167,how is the weather in jamaica,2952791,At the Hotel Riu Montego Bay you’ll discover the magic of Jamaica. Enjoy the best offers of Jamaica and spend some relaxing time at the hotel.,0,0,1,##final score: 1
1117099,what is a active margin,6106022,"Convergent boundary. In plate tectonics, a convergent boundary, also known as a destructive plate boundary (because of subduction), is an actively deforming region where two (or more) tectonic plates or fragments of the lithosphere move toward one another and collide.n a subduction zone, the subducting plate, which is normally a plate with oceanic crust, moves beneath the other plate, which can be made of either oceanic or continental crust. During collisions between two continental plates, large mountain ranges, such as the Himalayas are formed.",3,3,2,##final score: 2
490595,rsa definition key,6599070,NH Minimum Standards for Public School Approval (ED 306.40) and NH HIV and Health Education Law (RSA 186.11 and RSA 189.10) give the New Hampshire requirements for Health education.,0,0,1,##final score: 1
1133167,how is the weather in jamaica,6467519,"Be prepared with the most accurate 10-day forecast for Montego Bay, Jamaica with highs, lows, chance of precipitation from The Weather Channel and Weather.com Be prepared with the most accurate 10-day forecast for Montego Bay, Jamaica with highs, lows, chance of precipitation from The Weather Channel and Weather.com Scan for updated forecast Connection restored!",1,1,2,##final score: 2
146187,difference between a mcdouble and a double cheeseburger,8434620,"So whenever the McDouble hit the Dollar Menu and the Double Cheeseburger was thrown into the “Burgers” section at $1.19 or even higher ($1.29 in most places now), the average consumer scratched their head, winced their eyes, and fell over in a wrath of confusion and bewilderment.",1,1,2,##final score: 2
183378,exons definition biology,3854211,"In humans, the gene CYP19, located on chromosome 15q21.1, encodes the aromatase enzyme. The gene has nine coding exons and a number of alternative non-coding first exons that regulate tissue specific expression.",1,1,2,##final score: 2
855410,what is theraderm used for,4635595,"MedlinePlus Information on Azacitidine - A lay language summary of important information about this drug that may include the following: 1  warnings about this drug, 2  what this drug is used for and how it is used, 3  what you should tell your doctor before using this drug,  what you should know about this drug before using it,",0,0,1,##final score: 1
1106007,define visceral?,8204462,"At a third, even less rational level is her visceral level, is she intensely sexually attracted to him, does she just feel a passion in her gut for him. Not love, but purely from her body. It is her gut, her inner animal, her non rational, non emotional physical reaction.",2,2,3,##final score: 3
168216,does legionella pneumophila cause pneumonia,4498423,"Several classes of antibiotics are effective against atypical pathogens. However, because C. pneumoniae and Legionella species are intracellular organisms and M. pneumoniae lacks a cell wall, beta-lactams are not effective. Erythromycin and, in some cases, tetracycline have been traditional choices for the treatment of pneumonia caused by atypical pathogens. There are few (if any) clinical trials demonstrating the efficacy of erythromycin for Legionella infection.",2,2,3,##final score: 3
87181,causes of left ventricular hypertrophy,3354162,"hypertrophic subaortic stenosis (idiopathic hypertrophic subaortic stenosis) a cardiomyopathy of unknown cause, in which the left ventricle is hypertrophied and the cavity is small; it is marked by obstruction to left ventricular outflow.",1,1,2,##final score: 2
1124210,tracheids are part of _____.,2089544,Tracheids and vessel members are referred to as tracheary elements. Phloem vascular tissue contains parenchyma and has two types of cells that assist in the transport of food: sieve-tube members and sieve cells. Sieve-tube members are more specialized and are present in advanced flowering seed plants. Learn more about Human Anatomy,1,1,2,##final score: 2
962179,when was the salvation army founded,6980697,"Salvation Army Stores. The Salvation Army, an evangelical part of the universal Christian church established in 1865, has been supporting those in need in His name without discrimination for 130 years in the United States.",3,3,2,##final score: 2
131843,definition of a sigmet,6740579,"Over the past 15 years, a small group of scientists have weathered the elements working on green thunderstorms as a pet project, publishing a handful of articles in meteorological journals. All point to the existence of green skies with severe thunderstorms but no direct connection to tornadoes or hail can be made.",0,0,1,##final score: 1
130510,definition declaratory judgment,5930013,The Declaratory Act was a measure issued by British Parliament asserting its authority to make laws binding the colonists “in all cases whatsoever” including the right to tax.he Declaratory Act was a reaction of British Parliament to the failure of the Stamp Act as they did not want to give up on the principle of imperial taxation asserting its legal right to tax colonies.,0,0,1,##final score: 1
573724,what are the social determinants of health,7384329,"The determinants of health. Introduction. Many factors combine together to affect the health of individuals and communities. Whether people are healthy or not, is determined by their circumstances and environment.",1,1,2,##final score: 2
1103812,who formed the commonwealth of independent states,947378,"This resulted in the USSR, the Union of Soviet Socialist Republics. As to how Russia became the Soviet Union, it did not actually become the Soviet Union.. Immediately after the Russian Revolution, the Russian empire was renamed the Russian Socialist Federated Socialist Republic (RSFSR).",0,0,1,##final score: 1
183378,exons definition biology,8121377,"intron in·tron (ĭn'trŏn) n. A segment of a gene situated between exons that does not function in coding for protein synthesis. After transcription of a gene to messenger RNA, the transcriptions of introns are removed, and the exons are spliced together by enzymes before translation and assembly of amino acids into proteins. Compare exon.",1,1,2,##final score: 2
168216,does legionella pneumophila cause pneumonia,7034890,"Mycoplasma pneumoniae (M. pneumoniae) is a bacterium that causes lung infection. The bacterium causes illness by damaging the lining of the respiratory tract (throat, windpipe, and lungs).A person who is sick with M. pneumoniae infection has these bacteria in their nose, throat, windpipe, and lungs. M. pneumoniae is transmitted (spread) from person-to-person through airborne droplets.ycoplasma pneumoniae (M. pneumoniae) is a bacterium that causes lung infection. The bacterium causes illness by damaging the lining of the respiratory tract (throat, windpipe, and lungs).",0,0,1,##final score: 1
405717,is cdg airport in main paris,3033905,"Roissy Charles de Gaulle, also known by IATA (International Air Transport Association) code CDG and ICAO (International Civil Aviation Organization) code LFPG, offers flights from multiple airline carriers to many popular global destinations.",1,1,2,##final score: 2
1115776,what is an aml surveillance analyst,1856137,"Acute myeloid leukaemia (AML) is a type of cancer that affects the blood and bone marrow. AML is characterised by an overproduction of immature white blood cells, called myeloblasts or leukaemic blasts. These cells crowd the bone marrow, preventing it from making normal blood cells. They can also spill out into the blood stream and circulate around the body.",0,0,1,##final score: 1
1133167,how is the weather in jamaica,8250503,"For more information, see the weather forecast and our average climate infomation (in graphs) below. * Data from nearest weather station: Montego Bay, Jamaica (0.0 Miles). Average water temperature over the year.",1,1,2,##final score: 2
148538,difference between rn and bsn,8835172,"As you consider a nursing career, you may be wondering whether to become a Registered Nurse (RN) or a Licensed Vocational Nurse (LVN) . While both play a vital role in patient care, there are some major differences between the two professions.hey must pass the exam to get a license and work as an LVN in all states. 2. Registered Nurses usually take one of three education paths: a Bachelor of Science in nursing (BSN), an Associate of Applied Science in Registered Nursing (ASN), or a diploma from an approved nursing program.",1,1,2,##final score: 2
264014,how long is life cycle of flea,528377,"In a humid environment, over 60% of newly hatched fleas can live without a host for 2 months. In a cool, dry environment, only 10% will live without an immediate host. Humidity is the key to flea survival.",1,1,2,##final score: 2
1114819,what is durable medical equipment consist of,3650126,"Part B: Medical/Physician: Medicare Part B is optional; it covers a wide range of services and supplies which includes, services provided by doctors and other medical practitioners, some outpatient care, certain home health care services and some preventative benefits as well as durable medical equipment.",1,1,2,##final score: 2
855410,what is theraderm used for,4181961,"There are many anti aging wrinkle creams in a variety of price ranges. Drugstore brand anti aging cream cost can be as little as $10. A department store brand anti aging cream cost can range from $24 to $250. Clinical skin care from a dermatologist can cost up to $500. If you want skin care that works, you have to try several products. This process can become very expensive.",0,0,1,##final score: 1
1037798,who is robert gray,8780803,"— playing Michael Gray. Archer is thrilled to meet one of his heroes (who he refers to as “TV’s Michael Gray”), but not so much for Dr. Sklodowska… turns out she and the man who played Billy Batson have a complicated past. And, thanks to Archer, probably a complicated present, too.",0,0,1,##final score: 1
47923,axon terminals or synaptic knob definition,84017,Synapse = point of impulse transmission between neurons; impulses are transmitted from pre-synaptic neurons to post-synaptic neurons Synapses usually occur between the axon of a pre-synaptic neuron & a dendrite or cell body of a post-synaptic neuron.,1,1,2,##final score: 2
182539,example of monotonic function,2821885,"I doesn't matter what color your hair is—blonde, brown, red, or even gray—if it's one solid color, it's going to make you look older. Monotone doesn't work on anyone, says Johns. It looks like a wig or a helmet, and that's aging..",0,0,1,##final score: 1
148538,difference between rn and bsn,2915327,"ADN vs. BSN Degree. Trying to decide whether to pursue an Associate Degree in Nursing (ADN) or Bachelor of Science in Nursing (BSN) can be a difficult decision. Both degrees will qualify you to sit for the NCLEX-RN exam and to apply for licensure as a registered nurse.However, there are significant differences between the two.rying to decide whether to pursue an Associate Degree in Nursing (ADN) or Bachelor of Science in Nursing (BSN) can be a difficult decision. Both degrees will qualify you to sit for the NCLEX-RN exam and to apply for licensure as a registered nurse. However, there are significant differences between the two.",1,1,2,##final score: 2
1129237,hydrogen is a liquid below what temperature,2176863,Ice is the solid form that liquid water takes when it is cooled below 0 degrees Celsius (32 degrees Fahrenheit). Ice melts due to the chemical properties of water. There are more hydrogen bonds between the molecules of ice than in water. Ice begins to melt when its temperature exceeds 0 degrees Celsius and hydrogen bonds between water molecules break.,0,0,1,##final score: 1
1114819,what is durable medical equipment consist of,7132896,"Medicare pays the supplier to rent the machine for the 13 months if you’ve been using it without interruption. After you’ve rented the machine for 13 months, you own it. Medicare will only cover your durable medical equipment (DME) if your doctor or supplier is enrolled in Medicare.",1,1,2,##final score: 2
359349,how to find the midsegment of a trapezoid,2851752,"The midpoint, or class mark, of a class is the sum of the lower and upper limits of the class divided by 2. The midpoints are often used for estimating the average value in each class. Once you find the first midpoint, you can add the class width to it to find the remaining midpoints.",0,0,1,##final score: 1
1114819,what is durable medical equipment consist of,264537,"Home health services include: 1  Part-time or intermittent nursing care provided by or under the supervision of a registered professional nurse; 2  Physical, occupational, or speech therapy; 3  Medical social services;  Part-time or intermittent services of a home health aide, 1  and; Durable medical equipment (DME) and medical supplies.",1,1,2,##final score: 2
19335,anthropological definition of environment,7276206,the field of anthropology that studies human language and comminication is called a. biological anthropology b. communication science c. linguistic anthropology d. applied anthropology e. audiovisual anthropology,0,0,1,##final score: 1
207786,how are some sharks warm blooded,2628326,"The bluefin averages 2 m (6.6 ft), and is believed to live for up to 50 years. Tuna and mackerel sharks are the only species of fish that can maintain a body temperature higher than that of the surrounding water.",1,1,2,##final score: 2
182539,example of monotonic function,6816574,Definition of MONOTONIC. 1. : characterized by the use of or uttered in a monotone. 2. : having the property either of never increasing or of never decreasing as the values of the independent variable or the subscripts of the terms increase. — mono·ton·i·cal·ly \-ni-k(ə-)lē\ adverb.,1,1,2,##final score: 2
1133167,how is the weather in jamaica,823277,"Typical Weather in July. July temperatures in Jamaica range from an average low of 77.0 degrees to an average high of 88.0 degrees. On any given day during July in Jamaica, you can expect early morning temperatures to be around 79.4 degrees. Temperatures in Jamaica typically rise during the day, to an average of 87.7 degrees in the early afternoon. The temperature in Jamaica will typically decline by early evening, to approximately 82.0 degrees. Temperatures in Jamaica average around 82.0 degrees during July.",2,2,3,##final score: 3
915593,what types of food can you cook sous vide,98515,"This recipe is for 3 lbs. of pork loin ribs–adjust the cooking time a little more or less depending on how much ribs your;re cooking; for 2lbs of ribs, I usually cut the cooking time to 2 hours at. 250 degrees F, plus another 30 minutes at 350 degrees as I apply the BBQ sauce.",0,0,1,##final score: 1
1133167,how is the weather in jamaica,2478181,"Meeting planner for Kingston, Jamaica and Montego Bay, Jamaica. To schedule a conference call or plan a meeting at the best time for both parties, you should try between 9:00 AM and 5:00 PM your time in Kingston, Jamaica. That will end up being between 9:00 AM and 5:00 PM in Montego Bay, Jamaica.",0,0,1,##final score: 1
1037798,who is robert gray,2360248,"Posted: August 11, 2011 in Ph.D.? Where did John Gray get his Ph.D.?, Who is John Gray? In early February 1996, an amazing thing happened on one of John Gray’s (now defunct) WWW site chat pages. A woman known only as Barbara posed a question to the group concerning Gray’s educational background.",0,0,1,##final score: 1
855410,what is theraderm used for,1147811,"what is: zantac, used for; and what is ... 59. what is: pepcid, used for; and what is ... 60. what is: bi-citra, used for; and what ... 61. what is: glucagon, used for; and what ... 62. what is: humulin, used for; and what is ...",0,0,1,##final score: 1
183378,exons definition biology,8767239,"With next-generation sequencing, it is now feasible to sequence large amounts of DNA, for instance all the pieces of an individual’s DNA that provide instructions for making proteins. These pieces, called exons, are thought to make up 1 percent of a person’s genome.",3,3,2,##final score: 2
359349,how to find the midsegment of a trapezoid,4020470,According to this theorem mid segment of a trapezoid is equal to half of sum of its two parallel sides. In triangle ABC M is mid point of AB and P is midpoint of AC. so MP is mid segment of triangle ABC. similarly just apply this rule in triangle ACD the PN is midsegment of triangle ACD.,3,3,2,##final score: 2
573724,what are the social determinants of health,87400,"Scientists generally recognize five determinants of health of a population: 1  Biology and genetics. Examples: sex and age. 2  Individual behavior. Examples: alcohol use, injection drug use (needles), unprotected sex, and smoking. 3  Social environment. Examples: discrimination, income, and gender. 4  Physical environment.",2,2,3,##final score: 3
1063750,why did the us volunterilay enter ww1,5423930,"On April 6, 1917, two days after the U.S. Senate votes 82 to 6 to declare war against Germany, the U.S. House of Representatives endorses the decision by a vote of 373 to 50, and the United States formally enters the First World War.",1,1,2,##final score: 2
182539,example of monotonic function,6816573,• MONOTONE (adjective). The adjective MONOTONE has 2 senses: 1. of a sequence or function; consistently increasing and never decreasing or consistently decreasing and never increasing in value. 2. sounded or spoken in a tone unvarying in pitch.,1,1,2,##final score: 2
1103812,who formed the commonwealth of independent states,8224181,"Virginia is one U.S. state that still applies the commonwealth designation to their name. Puerto Rico is one U.S. territory that is a commonwealth. Canada is a part of the Commonwealth of Nations, as it was formerly part of the British Empire.n its loosest form, the term means for the common or public good, and is often a state formed for the common good of the people. It can also apply to a group of nations that have a loose alliance for the good of all members of each nation. Several US states have commonwealth designation.",0,0,1,##final score: 1
1133167,how is the weather in jamaica,3283696,"The 22 nd annual, Toronto International Jamaica Day Celebration 2012, commemorating Jamaica's 50 th anniversary. 10 am to 10 pm. There's music, food and culture; fun for the whole family. For full event details visit the Jamaica Day website.",0,0,1,##final score: 1
183378,exons definition biology,8767241,"Together, all the exons in a genome are known as the exome, and the method of sequencing them is known as whole exome sequencing. This method allows variations in the protein-coding region of any gene to be identified, rather than a select few genes.",1,1,2,##final score: 2
264014,how long is life cycle of flea,5635515,"6 weeks. In 3 weeks, one flea can pass through its entire life cycle and can lay 1000 eggs. In another 3 weeks, those eggs can hatch and lay 1,000 eggs each, so within 6 weeks, it is possible to have a million new fleas.f the temperature is 95°F and there is 70% humidity, half of all flea eggs hatch within 36 hours. If it is only 55°F, half of all flea eggs will hatch within 6 days.",2,2,3,##final score: 3
1112341,what is the daily life of thai people,2694630,"Thailand lies between Cambodia, Myanmar, and Laos, with the Gulf of Thailand to its south. Its culture mixes strong Indian influences, Chinese traditions, and elements that are uniquely Thai.With its diverse geography, friendly people, and stunning scenery, the “Land of a Thousand Smiles” is a must-see destination in South East Asia.uring the 1980s and 1990s, however, Thailand saw a resurgence in local culture and traditions. Although there is still a strong national identity, local food, dances, music, celebrations, and beliefs have begun to play a more important role in Thai life.",1,1,2,##final score: 2
1117099,what is a active margin,8527041,"Mountain building can occur in a number of ways at a convergent margin: mountains may rise as a consequence of the subduction process itself, by the accretion of small crustal fragments (which, along with linear island chains and oceanic ridges, are known as terranes), or by the collision of two large continents.",1,1,2,##final score: 2
168216,does legionella pneumophila cause pneumonia,2611845,"TV chef Ross Burden died from Legionnaires' disease: Here's all you need to know about the deadly bug. The chef was receiving treatment for leukaemia, but breathed in Legionella bacteria present in Auckland Hospital's hot water system, according to a coroner.",2,2,3,##final score: 3
19335,anthropological definition of environment,7122355,"Definition of environment: The sum total of all surroundings of a living organism, including natural forces and other living things, which provide conditions for development and growth as well as of danger and damage. See also environmental factors.",1,1,2,##final score: 2
1063750,why did the us volunterilay enter ww1,2569817,"American Entry into World War I, 1917. On April 2, 1917, President Woodrow Wilson went before a joint session of Congress to request a declaration of war against Germany.",1,1,2,##final score: 2
183378,exons definition biology,3578563,"The majority of Chromosomal DNA is non-coding and the location of genes are very important and affect the way they are passed on.   Here is a response from a geneticist, … in point form:    1. Both autosome and sex chromosomes contain genes.  2. A gene is a strand of DNA, a fragment of chromosome  3.Not all of DNA on chromosome contains gene signals. A DNA sequence that  contains gene signals are called coding sequence or exon. gene is a strand of DNA, a fragment of chromosome  3. Not all of DNA on chromosome contains gene signals. A DNA sequence that  contains gene signals are called coding sequence or exon.",3,3,2,##final score: 2
1106007,define visceral?,954035,Innermost emotional or visceral response: She felt in her gut that he was guilty. b. guts The inner or essential parts: The best part of a good car ... is its guts (Leigh Allison Wilson). 3. guts Slang Courage; fortitude: It takes guts to be a rock climber. 4. Slang A gut course.,2,2,3,##final score: 3
443396,lps laws definition,8536118,"LPS Act. LPS Act. a California law named for sponsors of the legislation (Lanterman, Petris, and Short) that provides for the protection and treatment of persons judged to be gravely disabled and thus unable to provide food, clothing, or shelter for themselves.",3,3,2,##final score: 2
1114819,what is durable medical equipment consist of,306606,"There’s also a yearly deductible of $147 in 2015. After you pay $147 yourself, your benefits kick in. After that, Medicare will pay 80% of the cost of most Part B services, and you (or your Medigap policy) pay the other 20%. Medical and other services. 2  Medicare Part B pays 80% of most doctor's services, outpatient treatments, and durable medical equipment (like oxygen or wheelchairs). 3  You pay the other 20%. 4  Medicare also pays for mental health care costs.",2,2,1,##final score: 1
1121402,what can contour plowing reduce,4305982,"A contour map is a map illustrated with contour lines, for example a topographic map, which thus shows valleys and hills, and the steepness of slopes.he contour interval of a contour map is the difference in elevation between successive contour lines. More generally, a contour line for a function of two variables is a curve connecting points where the function has the same particular value. The gradient of the function is always perpendicular to the contour lines.",0,0,1,##final score: 1
573724,what are the social determinants of health,7384333,"The determinants of health Introduction. Many factors combine together to affect the health of individuals and communities. Whether people are healthy or not, is determined by their circumstances and environment.",1,1,2,##final score: 2
47923,axon terminals or synaptic knob definition,1300989,"Action of Inhibitory Neurotransmitters. If an action potential goes down the synaptic knob of another neuron and releases an inhibitory neurotransmitter, it’s going to be activating specifically different receptor sites on the cell membrane of the postsynaptic cell.f an action potential goes down the synaptic knob of another neuron and releases an inhibitory neurotransmitter, it’s going to be activating specifically different receptor sites on the cell membrane of the postsynaptic cell.",1,1,2,##final score: 2
47923,axon terminals or synaptic knob definition,1508658,"The junction between the cell body and axon of a neuron. In many neurons, the _____ is the site of action potential initiation, acting as the trigger zone for the neuron. axon A projection of the cell body of a neuron that is involved in carrying information, usually in the form of action potentials, from the cell body to the _____ terminal.",1,1,2,##final score: 2
156493,do goldfish grow,8182166,"How big do goldfish grow? Are Koi considered big gold fish? I saw a photo of a goldfish that LOOKED like a goldfish, found in a lake. It was like 2-1/2 feet long. Can a goldfish actually grow that big? My 20 gallon tank has 3 goldfish about 1-1/2&quot; long. The pet store sales rep said that they could grow up to 4-6&quot;...",2,2,3,##final score: 3
451602,medicare's definition of mechanical ventilation,7558643,"The provider will measure and monitor the person's vital signs, including temperature, pulse, breathing rate, and blood pressure. Symptoms will be treated as appropriate. The person may receive: Breathing support, including a tube through the mouth into the lungs, and a breathing machine (ventilator).",1,1,2,##final score: 2
359349,how to find the midsegment of a trapezoid,2826510,"The midsegment of a trapezoid is the segment that joins the midpoints of the nonparallel sides of a trapezoid. In the trapezoid below, the midpoints of the non-parallel sides are points S and V. The midsegment is the red line segment from S to V. The midsegment below can be found by. 1  calculating the lengths of the bases. 2  35-16 = 9 (length of upper base). 3  45-0 =45 (length of lower base). 4  calculating the sum of the bases.",2,2,3,##final score: 3
1037798,who is robert gray,3295801,"In 1805, the first official party of Americans to arrive on the west coast of North America, the fabled expedition of Lewis and Clark, came down the Columbia River to the river's mouth on the border between today's Oregon and Washington.he northern stretch of the west coast of North America was claimed by the British, but the region was not occupied by any British subject until 1788, when John Meares first small trading post in Nootka Sound in today's British Columbia.",0,0,1,##final score: 1
207786,how are some sharks warm blooded,7599318,"The Largest Great White Sharks. Great white sharks (Carcharodon carcharias) are huge and powerful warm-blooded fish that have been around for at least 11 million years. Also known as white pointers, their ancestors existed on Earth 400 million years ago, which is 200 million years before the first dinosaur appeared.",1,1,2,##final score: 2
1037798,who is robert gray,2787508,"Who is Henry Gray? Henry Gray is an African-American blues piano player and singer. He has been playing for more than seven decades, and has played with a multitude of artists including Robert Lockwood, Jr., Billy Boy Arnold, Morris Pejoe, the Rolling Stones, Muddy Waters and Howlin' Wolf among many others.",0,0,1,##final score: 1
168216,does legionella pneumophila cause pneumonia,6584045,"Mycoplasma pnuemoniae infections are generally mild, but some people may require care in a hospital. Pneumonia (lung infection) caused by Mycoplasma pneumoniae is routinely treated with antibiotics, although most people will recover from the illness on their own without medicine. The illness will usually not last as long if antibiotics are started early. There are several types of antibiotics available to treat pneumonia caused by M. pneumoniae.",0,0,1,##final score: 1
1133167,how is the weather in jamaica,8003301,"Temperatures in Jamaica average between 20 and 35 degrees Celsius (68 to 95 degrees Fahrenheit) throughout year. The summer months of May, June, July, August, September and October are slightly warmer than the winter months.ea temperature in Jamaica in December: 26°C, 79°F. Average rainfall in December: 25mm, 0.9in. Events: The town of Negril and its famous Seven Mile Beach is host to the annual Reggae Marathon, where Usain Bolts and regular holidaymakers jog along the beautiful beaches of Jamaica to the beat of reggae tunes.",2,2,3,##final score: 3
1106007,define visceral?,7685382,"Top definition. visceral. Lotus Exige. Of, relating to, or arising from one's mental or spiritual being: inner, interior, internal, intimate, inward. Slang gut. See body. Derived from or prompted by a natural tendency or impulse: instinctive, instinctual, intuitive. Riding in the Lotus Exige can only be described as a Visceral experiance.",2,2,3,##final score: 3
264014,how long is life cycle of flea,331934,"1 Undisturbed and without a blood meal, a flea can live more than 100 days. On average, they live two to three months.  Female fleas cannot lay eggs until after their first blood meal and begin to lay eggs within 36-48 hours after that meal.",2,2,3,##final score: 3
183378,exons definition biology,7677968,"The intervening sequences that are removed are called introns. The process by which introns are removed is referred to as splicing. The sequences remaining after the splicing are called exons. All of the different major types of RNA in a eukaryotic cell can have introns.Although most higher eukaryotic genes have introns, some do not. Higher eukaryotes tend to have a larger percentage of their genes containing introns than lower eukaryotes, and the introns tend to be larger as well.ukaryotic mRNA Processing. Unlike prokaryotes which have one RNA polymerase that makes all classes of RNA molecules, eukaryotic cells have three types of RNA polymerase (called RNA pol I, RNA pol II, and RNA pol III), and each type of RNA is made by its own polymerase:",2,2,3,##final score: 3
183378,exons definition biology,327914,"The right junction is cut, the lariat becomes single-stranded and is degraded, and the exons are spliced. Splicing appears to involve a complex called the spliceosome. This complex consists of RNA and protein, and appears to be composed of a group of small nuclear ribonucleoprotein particles or snRNPs.ntrons, Exons and Splicing hn RNA. 1  The sequence order is the same as in the mRNA. 2  The structure of an interrupted gene is identical in all tissues. 3  Introns of nuclear genes have termination codons in all three reading frames.",1,1,2,##final score: 2
1124210,tracheids are part of _____.,2089537,"Xylem, plant vascular tissue that conveys water and dissolved minerals from the roots to the rest of the plant and also provides physical support. Xylem tissue consists of a variety of specialized, water-conducting cells known as tracheary elements.",3,3,2,##final score: 2
1063750,why did the us volunterilay enter ww1,2728077,These reasons all contributed to President Wilson’s decision to ask Congress for a declaration of war against Germany. They also encouraged Congress to grant Wilson’s request and formally declare war on Germany.,1,1,2,##final score: 2
1114819,what is durable medical equipment consist of,1419798,Durable medical equipment (DME) coverage. Medicare Part B (Medical Insurance) covers medically necessary durable medical equipment (DME) that your doctor prescribes for use in your home. Only your doctor can prescribe medical equipment for you. DME meets these criteria: 1  Durable (long-lasting)  Used for a medical reason.,2,2,3,##final score: 3
156493,do goldfish grow,8432080,How long does it take to grow hair to 8 inches in length? How long would it take from my hair to grow 10 inches? How long would it take for me to grow my hair this long?,0,0,1,##final score: 1
1114819,what is durable medical equipment consist of,1315997,"Your primary care physician will decide what you need and will write a prescription for the basic. equipment or appliances. Except for diabetic supplies, your durable medical equipment prescriptions will be filled by. Northwood Inc. providers.",1,1,2,##final score: 2
1114819,what is durable medical equipment consist of,5026286,"This chapter provides general instructions on billing and claims processing for durable. medical equipment (DME), prosthetics and orthotics (P&O), parenteral and enteral. nutrition (PEN), and supplies. Coverage requirements are in the Medicare Benefit Policy. Manual and the National Coverage Determinations Manual.",1,1,2,##final score: 2
1037798,who is robert gray,3310854,"William Thomas Gray. Billy Gray was born on January 13, 1938 in Los Angeles, California, USA as William Thomas Gray. He is an actor, known for Father Knows Best (1954), The Day the Earth Stood Still (1951) and The Seven Little Foys (1955).",0,0,1,##final score: 1
1114819,what is durable medical equipment consist of,1738247,"Medicare claims for DME (Items that have a medical purpose and repeated use) are suitable for coverage, and appeal if they have been denied, if they meet the following criteria: 1  The equipment has been prescribed as medically necessary by your physician.  It must be able to withstand repeated use.",2,2,3,##final score: 3
131843,definition of a sigmet,7176532,"SPC Convective Outlook Products Page Severe weather, tornado, thunderstorm, fire weather, storm report, tornado watch, severe thunderstorm watch, mesoscale discussion, convective outlook products from the Storm Prediction Center. weather.gov",1,1,0,##final score: 0
146187,difference between a mcdouble and a double cheeseburger,4887772,"As part of In-N-Out’s not-so-secret menu, you can order any combination of meat plus cheese up to a 4x4. So, in other words, if you want to order four patties with four slices of cheese, you’d ask for a 4×4. Or three patties with four slices of cheese would be a 3×4.",0,0,1,##final score: 1
182539,example of monotonic function,7371261,"Likewise, a function is called monotonically decreasing (also decreasing or nonincreasing) if, whenever, then, so it reverses the order (see Figure 2). If the order in the definition of monotonicity is replaced by the strict order, then one obtains a stronger requirement.",1,1,2,##final score: 2
87452,causes of military suicide,7561803,"Vietnam Syndrome is akin to other post-war syndromes in that it describes the psychosocial effects of having been in a war. Typically, those who suffer from Vietnam Syndrome (or any post-war syndrome), suffer from acute and chronic psychological problems such as: PTSD; Substance Abuse; Depression; Anxiety; A feeling of being “burned out” Hopelessness",3,3,2,##final score: 2
168216,does legionella pneumophila cause pneumonia,3344832,Much of the research done on Legionella pneumophila is related to ecology and how it relates to the environment. Some studies compare L. pneumophila to other microorganisms. Other studies look at the cases of Legionellosis and investigate the causes of the outbreaks.,1,1,2,##final score: 2
915593,what types of food can you cook sous vide,6142152,"In general, your cod will be done when it reaches an internal temperature of 54°C (130°F), regardless of cooking method. Here are some times/temperatures that work for me: 1  Sous Vide: 10 minutes or more at 56°C, followed by a quick broiling/grilling/blow torch. 2  Baking (thick fillets): 15–20 minutes at 218°C (425°F).",1,1,2,##final score: 2
182539,example of monotonic function,3395863,"Instead of having monotonic eastings for a zone, and northings measured to/from the equator, zones are divided into latitude bands, then into 100km grid squares identified by letter-pairs, then eastings and northings within each 100km grid square.",0,0,1,##final score: 1
489204,right pelvic pain causes,7113153,"Several types of diseases and conditions can cause pelvic pain. Chronic pelvic pain can result from more than one condition. Pelvic pain can arise from your digestive, reproductive or urinary system. Recently, doctors have recognized that some pelvic pain, particularly chronic pelvic pain, can also arise from muscles and connective tissue (ligaments) in the structures of the pelvic floor. Occasionally, pelvic pain might be caused by irritation of nerves in the pelvis.",1,1,2,##final score: 2
1063750,why did the us volunterilay enter ww1,819283,"U.S. Entered World War I. April 6, 1917. On April 6, 1917, the U.S. joined its allies--Britain, France, and Russia--to fight in World War I. Under the command of Major General John J. Pershing, more than 2 million U.S. soldiers fought on battlefields in France. Many Americans were not in favor of the U.S. entering the war and wanted to remain neutral. However, the U.S. eventually did enter the war. Do you know how the war began and why the U.S. became a part of it? page 1 of 3",1,1,2,##final score: 2
183378,exons definition biology,749544,"The exome of the human genome consists of roughly 180,000 exons constituting about 1% of the total genome, or about 30 megabases of DNA. Though comprising a very small fraction of the genome, mutations in the exome are thought to harbor 85% of mutations that have a large effect on disease.he exome of the human genome consists of roughly 180,000 exons constituting about 1% of the total genome, or about 30 megabases of DNA. Though comprising a very small fraction of the genome, mutations in the exome are thought to harbor 85% of mutations that have a large effect on disease.",1,1,2,##final score: 2
1129237,hydrogen is a liquid below what temperature,4101349,"Temperature and Pressure   One way to increase the solubility of a gas is to decrease the temperature of the liquid. The solubility of a gas in a liquid is usual … ly temperature dependent, although it depends on the particular combination of which gas and which liquid.",0,0,1,##final score: 1
1037798,who is robert gray,720665,"Oregon. A state of the northwest United States in the Pacific Northwest. It was admitted as the 33rd state in 1859. Claimed by the United States after Capt. Robert Gray explored the mouth of the Columbia River in 1792, the area was further explored by Lewis and Clark in 1805 and was soon the site of fur-trading posts.",2,2,1,##final score: 1
207786,how are some sharks warm blooded,4181531,Just a few species of sharks that lay eggs include: 1  Bamboo sharks or carpet sharks. 2  Swell sharks. 3  Cat sharks. 4  Horn (bullhead) sharks.,0,0,1,##final score: 1
451602,medicare's definition of mechanical ventilation,5538936,assist-control ventilation. A type of mechanical ventilation with a minimum frequency of respirations determined by ventilator settings. It also permits the patient to initiate ventilation at the same tidal volume or pressure as set on the ventilator. See also: ventilation.,1,1,2,##final score: 2
1129237,hydrogen is a liquid below what temperature,4254813,"Liquid hydrogen is non-corrosive. Special materials of construction are not required to prevent corrosion. However, because of its extremely cold temperature, equipment must be designed and manufactured of material, which is suitable for extremely low temperature operation.",1,1,2,##final score: 2
490595,rsa definition key,7698199,"The RSA cryptosystem - introduced by Rivest, Shamir, and Adlement in 1977 - relies for its security on the difficulty of working out the factors dividing large integers.",1,1,2,##final score: 2
1133167,how is the weather in jamaica,4184339,"Jamaica. has 0 cities with more than a million people, 4 cities with between 100,000 and 1 million people, and 12 cities with between 10,000 and 100,000 people. The largest city in Jamaica is Kingston, with a population of 937,700 people.",0,0,1,##final score: 1
1114819,what is durable medical equipment consist of,538319,"Aetna considers prothrombin time home testing units/home INR testing (e.g., the Coag-Sense Self-Test PT/INR Monitoring System, the CoaguChek XS Plus System, and the INRatio® 2 PT/INR Monitoring System) medically necessary durable medical equipment for persons who require chronic oral anticoagulation with warfarin for a mechanical heart valve, ...",2,2,1,##final score: 1
962179,when was the salvation army founded,6898289,"The Salvation Army, an evangelical part of the universal Christian church established in 1865, has been supporting those in need in His name without discrimination for 130 years in the United States.",3,3,2,##final score: 2
833860,what is the most popular food in switzerland,8833507,"Food, ingredients and the way to prepare it varies greatly all over the country. Generally speaking, basic food items include a huge selection of bread (white, whole wheat etc.), dairy products such as milk, yogurt, butter and-of course-a great variety of the world famous Swiss cheese. Also important are vegetables including beans, carrots, cauliflower, potatoes, spinach etc.",1,1,2,##final score: 2
1114819,what is durable medical equipment consist of,1663338,"Medicare Part B. Original Medicare is made up of two parts: Medicare Part A provides hospital insurance, while Medicare Part B offers medical insurance. Together, these two parts equal Original Medicare, the federally administered health-care program for seniors and certain disabled individuals. Medicare Part B covers medically necessary services and supplies, including doctor visits, preventive care, and durable medical equipment.",1,1,2,##final score: 2
1114819,what is durable medical equipment consist of,7425395,"Qualifying for insulin pump and insulin coverage. To qualify under the Medicare Part B DME benefit, insulin pumps must be worn externally and must be deemed medically necessary by a physician. Individuals with diabetes are eligible for coverage if their glucose is difficult to control. prescription for an insulin pump entitles the patient to 80 percent coverage of the equipment from a Medicare-approved supplier. The patient pays 20 percent of the Medicare-approved cost as well as the Medicare Part B deductible, if applicable.",1,1,2,##final score: 2
1114646,what is famvir prescribed for,7103112,These factors that are used when determining prescription drug abuse include: 1  Taking a prescription that was not prescribed directly. 2  Taking higher doses of medication than prescribed by a physician. 3  Taking a medication for reasons other than those specifically for which the drug was prescribed.,0,0,1,##final score: 1
1063750,why did the us volunterilay enter ww1,3134992,"U.S. enters World War I. On April 6, 1917, two days after the U.S. Senate votes 82 to 6 to declare war against Germany, the U.S. House of Representatives endorses the decision by a vote of 373 to 50, and the United States formally enters the First World War. When World War I erupted in 1914,...",1,1,2,##final score: 2
19335,anthropological definition of environment,1720395,"Definition of Environment. Environment: The sum of the total of the elements, factors and conditions in the surroundings which may have an impact on the development, action or survival of an organism or group of organisms. Search MedTerms:",1,1,2,##final score: 2
1121402,what can contour plowing reduce,188210,"Develop practices sustainable management of soils with the use of green roofs, paths, contour plowing and incorporation of natural barriers and minimum tillage. This may include a good system of farmer extension services, better nutrient management, contour plowing, improved seed varieties or simple irrigation.",1,1,2,##final score: 2
1114819,what is durable medical equipment consist of,7850622,"DMEPOS Competitive Bidding Program. In January 2011, Medicare started a new Competitive Bidding Program for certain durable medical equipment, prosthetics, orthotics, and supplies (DMEPOS) in 9 areas of the country. In July 2013, Medicare expanded the Competitive Bidding Program to more areas of the country.",1,1,2,##final score: 2
1114819,what is durable medical equipment consist of,1245295,"Information about the Medicare Durable Medical Equipment, Prosthetics, Orthotics, and Supplies (DMEPOS) Competitive Bidding Program. In January 2011, Medicare started a new competitive bidding program for certain. DMEPOS in nine areas of the country. In July 2013, Medicare expanded the.",1,1,2,##final score: 2
1114819,what is durable medical equipment consist of,8754395,"What durable medical equipment (DME) does Medicare cover? How can I file a complaint? Competitive Bidding Program. What areas, equipment and supplies are included? Where and how can I get equipment and supplies? Where can I get equipment and supplies when I travel? How does Medicare's coverage of equipment and supplies work with other insurance? How can I find a Medicare contract supplier?",1,1,2,##final score: 2
146187,difference between a mcdouble and a double cheeseburger,6082309,"Impossible Foods cheeseburger Impossible Foods. Google has made a play to buy a hot startup in the fake meat industry called Impossible Foods, reports The Information. The deal reportedly fell through when the two couldn't agree on price. Google was said to have offered between $200 million and $300 million. Impossible Foods is developing a fake cheeseburger, a food item that is supposed to look and taste a lot like a ground beef with cheese but is made entirely out of plants.",0,0,1,##final score: 1
1063750,why did the us volunterilay enter ww1,2496764,"What impact did the assassination of Archduke Francis Ferdinand have on the United States? His 1914 assassination caused many people to call for the United States to enter the war, but President Wilson declared that the country would stay neutral.",1,1,2,##final score: 2
168216,does legionella pneumophila cause pneumonia,5346757,"Pneumonia may be caused by: Bacteria. The most common cause of pneumonia is bacterial infection, and many different bacteria can cause the condition, producing mild to severe cases. Bacterial pneumonia can occur independently or following illnesses, such as colds, flu or upper respiratory infections.",1,1,2,##final score: 2
1121709,what are the three percenters?,3423059,"So let me see if I can help. In fact, let me provide you with well over 50 ways to tell whether or not you, or someone else, is a Threeper. The part that is often missed on people (and probably the most important part) is who Three Percenters are supposed to be modeled after. It’s one thing to say you will stand up and fight or wave a certain flag (when everyone else does).",1,1,2,##final score: 2
131843,definition of a sigmet,4751877,Forecast Discussion. SPC AC 160543 Day 2 Convective Outlook NWS Storm Prediction Center Norman OK 1243 AM CDT Sun Apr 16 2017 Valid 171200Z - 181200Z ...THERE IS A MARGINAL RISK OF SEVERE THUNDERSTORMS FOR WESTERN PORTIONS OF NEBRASKA AND SOUTHWEST SOUTH DAKOTA... ...SUMMARY...,1,1,0,##final score: 0
1133167,how is the weather in jamaica,2613290,"The following statistical weather data is from a weather station in Montego Bay, Jamaica. Keep in mind that on an island the size of Jamaica, the climate will vary slightly across the island.",1,1,2,##final score: 2
1114819,what is durable medical equipment consist of,3906955,"UHC MA Coverage Summary: Durable Medical Equipment (DME), Prosthetics, Corrective Appliances/Orthotics (Non-Foot Orthotics) and Medical Supplies Grid. Confidential and Proprietary, © UnitedHealthcare, Inc. Contractor (MAC) Local Coverage policies for coverage criteria, claims processing and coding information.",1,1,2,##final score: 2
1129237,hydrogen is a liquid below what temperature,8414193,"Answer 2: Because the molecular mass of Hydrogen is 1gram/mole, there is 1 mole of hydrogen in 1 gram of hydrogen atoms.For every mole, there are 6.02*10^23 atoms so in 1 gram of hydrogen there are 6.02*10^23 hydrogen atoms (in scientific notation) this is equal to 602000000000000000000000 hydrogen atoms.",0,0,1,##final score: 1
443396,lps laws definition,8693530,"New Hampshire Hospital (NHH) provides inpatient psychiatric treatment to patients admitted on an involuntary basis through an emergency admissions process, a non-emergency court order, or on a limited voluntary basis, depending on the availability of facilities.",1,1,0,##final score: 0
47923,axon terminals or synaptic knob definition,1868438,"It consists of the axon terminals of the pre synaptic neuron on one side, a small gap, called the synaptic cleft and the dendrites of the post synaptic neuron on the other side. Or it consists of a sensory receptor on one side, the synaptic cleft and the dendrites of a sensory neuron on the other side. Or it consists of the axon terminals of a motor neuron on one side, the synaptic cleft and the muscle, gland or organ on the other side.",1,1,2,##final score: 2
1129237,hydrogen is a liquid below what temperature,6343521,Interesting Facts about Hydrogen. 1  Scientists estimate that Hydrogen makes up over 90 percent of all the atoms in the universe. 2  It is the only element that can exist without neutrons. 3  Hydrogen becomes a liquid at very low temperature and high pressure. Under extremely high pressure it can become a liquid metal.,1,1,2,##final score: 2
1103812,who formed the commonwealth of independent states,1659852,"League of Nations-an international organization formed in 1920 to promote cooperation and peace among nations; although suggested by Woodrow Wilson, the United States never joined and it remained powerless; it was dissolved in 1946 after the United Nations was formed.IS, Commonwealth of Independent States-an alliance made up of states that had been Soviet Socialist Republics in the Soviet Union prior to its dissolution in Dec 1991. UN, United Nations-an organization of independent states formed in 1945 to promote international peace and security.",2,2,3,##final score: 3
156493,do goldfish grow,6983821,"Keep your common goldfish in a pond, as they are supposed to grow to a size of almost 12 inch (30 cm). Commons come in many different color varieties, including orange, yellow, “wild” color (brownish) and white. Their patterns can range from an even color to all kinds of color combinations and spots. Comets are quite similar to commons, the only difference being their tail – Comets have much longer, flowier tails.",2,2,3,##final score: 3
1114819,what is durable medical equipment consist of,8754397,"This booklet explains Medicare coverage for durable medical. equipment, prosthetic devices,orthotic items,prostheses and. therapeutic shoes in Original Medicare(sometimes called. fee-for-service) and what you might need to pay. Durable. medical equipment includes things like the following: • Home oxygen equipment.",2,2,3,##final score: 3
1133167,how is the weather in jamaica,7835488,Lecroft Carridice: History will always be history. Independence for Jamaica was a major blow to the economy and development of Jamaica. The only major growth that has taken place in Jamaica is the murder rate and corruption in politics.,0,0,1,##final score: 1
1124210,tracheids are part of _____.,2258592,"Tracheid. a dead lignified plant cell that functions in water conduction. Tracheids are found in the xylem of all higher plants except certain angiosperms, such as cereals and sedges, in which the water-conducting function is performed by vessels, or tracheae.Tracheids are usually polygonal in cross section; their walls have annular, spiral, or scalene thickenings or rimmed pores.racheids are found in the xylem of all higher plants except certain angiosperms, such as cereals and sedges, in which the water-conducting function is performed by vessels, or tracheae. Tracheids are usually polygonal in cross section; their walls have annular, spiral, or scalene thickenings or rimmed pores.",3,3,2,##final score: 2
915593,what types of food can you cook sous vide,2627023,"How to Saute Chops. The easiest way to fry pork chops is to saute them, which means to cook them quickly in a little oil in a skillet. Boneless or bone-in rib or loin chops, cut 1/2 to 3/4 inch thick, work well for this. For four chops, heat 2 teaspoons vegetable oil or olive oil in a large skillet over medium heat.or hands-off cooking, try this simple oven method. You can use either boneless or bone-in chops for this method. 1  Preheat oven to 425 degrees F. 2  As in pan-frying Steps 2 through 4 (above), dip the pork chops in egg mixture and breading.",0,0,1,##final score: 1
359349,how to find the midsegment of a trapezoid,8398223,The figure is an isosceles trapezoid. How many lines of reflectional symmetry does the trapezoid have? 0 1 2 3.,0,0,1,##final score: 1
833860,what is the most popular food in switzerland,5902300,Country: Switzerland. Proportions: 1:1. Swiss Flag Description: The flag of Switzerland consists of a white cross in the center of a red squared background. Swiss Flag Meaning: The white cross on the red base represents faith in Christianity.,0,0,1,##final score: 1
359349,how to find the midsegment of a trapezoid,3900185,"In the trapezoid below, the midpoints of the non-parallel sides are points S and V. The midsegment is the red line segment from S to V. The midsegment below can be found by. calculating the lengths of the bases 35-16 = 9 (length of upper base) 45-0 =45 (length of lower base) calculating the sum of the bases 9+45 = 54.",2,2,3,##final score: 3
1117099,what is a active margin,1687526,"The continental arc is formed at an active continental margin where two tectonic plates meet and a subduction zone develops. The magmatism and petrogenesis of continental crust is complicated: in essence, continental arcs reflect a mixture of oceanic crust materials, mantle wedge and continental crust materials. Volcanic arcs are made of an arc-shaped chain of volcanoes. 2  The position of which could be continental or mid-ocean. 3  While an island arc must be offshore and does not necessarily be volcanic (e.g. Hellenic arc).",3,3,2,##final score: 2
490595,rsa definition key,2850740,Public-Key Cryptography — The Basic Idea. 12.2.1 The RSA Algorithm — Putting to Use the Basic Idea 12. 12.2.2 How to Choose the Modulus for the RSA Algorithm 14. 12.2.3 Proof of the RSA Algorithm 17. 12.3 Computational Steps for Key Generation in RSA 21. 12.3.1 Computational Steps for Selecting the Primes p and q 22.,1,1,2,##final score: 2
1117099,what is a active margin,8446506,"Active continental margins, i.e., when an oceanic plate subducts beneath a continent, represent about two-thirds of the modern convergent margins. Their cumulated length has been estimated to 45,000 km (Lallemand et al.,",3,3,2,##final score: 2
855410,what is theraderm used for,6707516,Treat: Age Perfect Eye Renewal Cream. Age Perfect Cell Renewal Golden Serum or Age Perfect Cell Renewal Facial Oil. Step 3. Moisturize: Age Perfect Cell Renewal Day Cream or Age Perfect Cell Renewal Night Cream.,0,0,1,##final score: 1
833860,what is the most popular food in switzerland,2702357,"Food in Germany is important to its culture. The most popular meats in Germany are pork, veal, and beef. Germans love to smoke or pickle meat since it gives a great flavor to the food. Germans typically eat breads, sausages, meats, vegetables, and cheeses.he food of the Swiss is unusual in that it has so many regional influences from the cuisine of its neighbors. This includes the French, German and Italians. Historically, Switzerland was a farming country, and the most popular crops and foods include cheese and potatoes as well as chocolate.",2,2,3,##final score: 3
182539,example of monotonic function,2671959,"WHEN LISTENING TO A SPEECH THAT IS MONOTONE AND LACKS GESTURES, THE BEST WAY TO INCREASE LISTENING EFFICIENCY IS TO ADAPT TO THE SPEAKER'S DELIVERY BY ________ ON THE MESSAGE, NOT THE DELIVERY _______.(FS)",0,0,1,##final score: 1
833860,what is the most popular food in switzerland,1971028,Name Lists Featuring Noel. 1  Swedish Boys Names: Most Popular Names for Boys in Sweden 2014. 2  Finnish Boys Names: Most Popular Names for Boys in Finland 2014. 3  German Boys Names: Most Popular Names for Boys in Germany 2014. 4  Swiss Boys Names: Most Popular Names for Boys in Switzerland (German),0,0,1,##final score: 1
1133167,how is the weather in jamaica,4625147,"The Jamaica climate guide is perfect for planning your holiday. Monthly weather averages give the best indication of what the weather is usually like for every month of the year including figures for temperature, rainfall and sunshine.",1,1,2,##final score: 2
148538,difference between rn and bsn,1392973,"While some students opt to obtain a BSN as their initial degree, many licensed nurses enroll in RN to BSN or LVN to BSN programs so they can improve their salaries and job prospects. In 2013, there were some 15,606 students enrolled in BSN programs in California according to the American Association of Colleges of Nursing.",1,1,2,##final score: 2
1115776,what is an aml surveillance analyst,622472,The Business Systems Analyst Role. Business Systems Analyst title is most commonly used to refer to the analysis professional whose responsibilities start with requirements gathering and end with functional/technical specs. For the most part “Business Systems Analyst” = “IT Business Analyst” + “Systems Analyst”.,0,0,1,##final score: 1
1114819,what is durable medical equipment consist of,7132893,Looking for the definition of DME? Find out what is the full meaning of DME on Abbreviations.com! 'Durable Medical Equipment' is one option -- get in to view more @ The Web's largest and most authoritative acronyms and abbreviations resource.,1,1,2,##final score: 2
962179,when was the salvation army founded,5919342,"Help us in our mission to 'meet human needs without discrimination.'. Welcome to The Salvation Army in Greater Cincinnati, whose history dates back to 1865 when a dynamic Methodist minister took to London's slums to champion the poor and neglected.",3,3,2,##final score: 2
1124210,tracheids are part of _____.,4616435,A thickened area in the middle of the membrane that connects the pits of tracheids in conifers and certain other gymnosperms. 4. Mathematics A toroid generated by a circle; a surface having the shape of a doughnut. Also called tore2.,1,1,2,##final score: 2
47923,axon terminals or synaptic knob definition,8659158,Its receptor is linked to a G protein. d. Acetylcholine is released by axon terminals of the motor neuron. d. Acetylcholine is released by axon terminals of the motor neuron. Action potentials travel the length of the axons of motor neurons to the axon terminals.,1,1,2,##final score: 2
131843,definition of a sigmet,7410359,"© The Weather Company, LLC Monitor severe weather conditions and forecasts for TPC at Summerlin using the new Tornado Central storm tracker map, and get tornado and severe thunderstorm safety and preparedness tips from weather.com and The Weather Channel.",0,0,1,##final score: 1
264014,how long is life cycle of flea,3683674,"Only the remaining 5% of the problem are the fleas actually seen on your pet. Applying a flea treatment for dogs and cats such as FRONTLINE PLUS every month will kill adult fleas on the pet and prevent further infestation of the environment with eggs. By killing all 4 stages of the flea life cycle – adult, egg, larva, pupa – FRONTLINE PLUS gives your pet complete protection against fleas.",1,1,2,##final score: 2
156493,do goldfish grow,2259180,"Get a large enough tank. The minimum tank size for one goldfish is 10-15 US gallons (56.7 liters)(Remember, they grow to about 10-12 inches (25.5-30.5 centimeters), and sometimes over!) and you will need to add 10 U.S. gallons (37.8 liters) onto that for each additional goldfish. Do your research about all different kinds of goldfish.",2,2,3,##final score: 3
1114819,what is durable medical equipment consist of,6564169,"Equipment Guide. The information contained in this section will list the top pieces of durable medical equipment that might be needed for a Medicare patient. A description of the equipment, Medicare information about this equipment and other related products will be provided on each page of equipment, where applicable.",1,1,2,##final score: 2
264014,how long is life cycle of flea,1702973,"How high and far can a flea jump? Fleas can jump up to ten inches high (which is many times their own height). A flea can jump two hundred times the length of their own bodies, which is roughly about thirteen …inches. This prodigious jumping ability is how they get from host to host. 13 people found this useful.",0,0,1,##final score: 1
264014,how long is life cycle of flea,96853,"The beginning of the life cycle occurs when an adult female flea lays eggs following a blood meal from the host (e.g., your pet). Blood is necessary for the adult flea to reproduce. These eggs are small, white objects (slightly smaller than a grain of sand) that are laid in the pet’s fur in bunches of about 20.",1,1,2,##final score: 2
573724,what are the social determinants of health,8530902,"Each profile includes key indicators of health outcomes, which describe the population health status of a county and factors that have the potential to influence health outcomes, such as health care access and quality, health behaviors, social factors and the physical environment.",1,1,2,##final score: 2
451602,medicare's definition of mechanical ventilation,4798722,"The breathing tube is a common name for the ETT Tube which you put down a patients trachea and into the lungs this helps us have direct access to the lungs. The respirator(ventilator, life support) is the machine that puts oxygen into the lungs at a set volume and rate.",1,1,2,##final score: 2
19335,anthropological definition of environment,2046505,"Definitions of Anthropological Terms. academic anthropology - careers that involve the teaching of anthropology at colleges and universities. Academic anthropologists do research, but the objective is more for the contribution to general knowledge. acculturation - culture change resulting from contact between cultures. A process of external culture change. adaptation - patterns of behavior which enable a culture to cope with its surroundings.",1,1,2,##final score: 2
47923,axon terminals or synaptic knob definition,2157582,"Transmission of a nerve impulse: Resting potential and action potential. Like the gaps between the Schwann cells on an insulated axon, a gap called a synapse or synaptic cleft separates the axon of one neuron and the dendrites of the next neuron.",1,1,2,##final score: 2
183378,exons definition biology,8006512,"For the first estimate, the average protein contains a few hundred amino acids and each amino acid requires three nucleotides of code, so the average gene would take up about 1,000 nucleotides of exon space (an exon is the protein-coding part of a gene).",3,3,2,##final score: 2
148538,difference between rn and bsn,1828170,"Benefits of an RN to BSN Degree Completion Program. In a competitive job market, a BSN degree provides nurses with the confidence and credentials they need to compete for the best positions. In addition, it provides greater job security, as more healthcare providers are requiring registered nurses to have BSN degrees to keep their current positions.",1,1,2,##final score: 2
183378,exons definition biology,4803856,"The 26,564 annotated genes in the human genome (build October, 2003) contain 233,785 exons and 207,344 introns. On average, there are 8.8 exons and 7.8 introns per gene. About 80% of the exons on each chromosome are r = 0.95 and r = 0.97, respectively. These results suggest their implication in genome design.tarting with 26,564 genes, we filtered out 233,785 exons and 207,344 introns from the human genome. The results of exon (exons in the coding region) and intron (introns between the coding exons) distributions were tabulated for further analysis.",1,1,2,##final score: 2
168216,does legionella pneumophila cause pneumonia,3790896,"This means that if your water is not Legionella tested, you run the risk of spreading the disease. In order to prevent all Legionella related illnesses it is important that you regularly monitor your water systems. This is especially important in industrial environments where Legionella can be found in abundance.",1,1,2,##final score: 2
1133167,how is the weather in jamaica,190808,"The weather in Jamaica in December is usually warm and sunny. On average, December temperatures in Montego Bay sit at a high of 87 degrees Fahrenheit and a low of 69 degrees Fahrenheit. The length of each day in December is almost exactly 11 hours long, and the skies are mostly clear with cloud cover averaging at 38 percent for the month.",2,2,3,##final score: 3
1129237,hydrogen is a liquid below what temperature,8712732,"As the temperature of the liquid water lowers, it's going to start to form ice. What's going to happen is the water molecules are going to become more ordered because every hydrogen bond that can form is going to form.",0,0,1,##final score: 1
1112341,what is the daily life of thai people,7349793,"Can People with Kidney Disease Eat Nuts. For people with Kidney Disease (PKD), what they eat plays an important role in their whole treatment. Nuts are common food in our daily life and favored by many people.",0,0,1,##final score: 1
962179,when was the salvation army founded,4002583,"The long history of the Booth Brothers starts when Ron Booth, Sr. was a teenager and formed the original group with brothers Charles Booth, James Booth, and Wallace Booth after moving to Detroit in the…. Read Full Biography. Overview ↓.",0,0,1,##final score: 1
1121402,what can contour plowing reduce,7144704,Examples of plow in a Sentence. The soil was freshly plowed. They used oxen to plow the field. My street hasn't been plowed yet. We hired someone to plow the snow from our driveway. The town won't start plowing until the storm is almost over. a ship plowing the ocean. They continued to plow their way through the tall grass.,0,0,1,##final score: 1
156493,do goldfish grow,6139383,"Get a large enough tank. The minimum tank size for one goldfish is 10-15 US gallons (56.7 liters)(Remember, they grow to about 10-12 inches (25.5-30.5 centimeters), and sometimes over!) and you will need to add 10 U.S. gallons (37.8 liters) onto that for each additional goldfish.",2,2,3,##final score: 3
833860,what is the most popular food in switzerland,6230224,"Food, ingredients and the way to prepare it varies greatly all over the country. Generally speaking, basic food items include a huge selection of bread (white, whole wheat etc.), dairy products such as milk, yogurt, butter and-of course-a great variety of the world famous Swiss cheese.Also important are vegetables including beans, carrots, cauliflower, potatoes, spinach etc.ood is quite expensive in Switzerland, at least compared to most European countries and especially compared to the U.S. If you go to a fast food place, you may easily spend up to CHF 10 for a burger, a soft drink and a coffee.",1,1,2,##final score: 2
833860,what is the most popular food in switzerland,2386361,"The origins of carrot cake are disputed. Many food historians believe carrot cake originated from Medieval carrot puddings eaten by Europeans. This evolution is said to be originated during the Middle Ages when sugar and sweeteners were expensive for most individual and often hard to find, so many people used carrots as a substitute for sugar. Recipes for carrot cake occur as early as 1827, in a French cookbook published in England. Another 19th-century recipe comes from the housekeeping school of Kaiseraugst (Canton of Aargau, Switzerland). According to the Culinary Heritage of Switzerland, it is one of the most popular cakes in Switzerland, especially for the birthdays of children.",2,2,1,##final score: 1
47923,axon terminals or synaptic knob definition,7644552,"Around the cell body is a branching dendritic tree that receives signals from other neurons. The end of the axon has branching terminals (axon terminal) that release neurotransmitters into a gap called the synaptic cleft between the terminals and the dendrites of the next neuron.hese signals between neurons occur via synapses, specialized connections with other cells. Neurons can connect to each other to form neural networks. Neurons are the core components of the brain and spinal cord of the central nervous system (CNS), and of the ganglia of the peripheral nervous system (PNS).",2,2,3,##final score: 3
490595,rsa definition key,4842890,"What is RSA? RSA is a public-key cryptosystem for both encryption and authentication; it was invented in 1977 by Ron Rivest, Adi Shamir, and Leonard Adleman [RSA78]. It works as follows: take two large primes, p and q, and find their product n = pq ; n is called the modulus.",3,3,2,##final score: 2
168216,does legionella pneumophila cause pneumonia,8048969,Legionella Risk Management. Integrated Water Management for Legionella Control. Minimizing the risks associated with Legionella bacteria in building water systems can be challenging; and without the right expertise it may put your facility at an increased risk for Legionella associated infections.,1,1,2,##final score: 2
47923,axon terminals or synaptic knob definition,7891160,"In neuroscience, a biological neural network is a series of interconnected neurons whose activation defines a recognizable linear pathway. The interface through which neurons interact with their neighbors usually consists of several axon terminals connected via synapses to dendrites on other neurons.",1,1,2,##final score: 2
1114819,what is durable medical equipment consist of,315573,"All people with Part B are covered. 1  In most cases, you pay 100% for routine foot care. 2  You pay 20% of the Medicare-approved amount for medically necessary treatment provided by a doctor. 3  The Part B deductible applies.  In a hospital outpatient setting, you also pay a copayment for medically necessary treatment.",0,0,1,##final score: 1
443396,lps laws definition,3526411,"The Law and Ethyl Alcohol ..................................... Equistar Chemicals, LP and Industrial Ethyl Alcohol ..................... Services of Equistar Chemicals, LP ............................... What Is Ethyl Alcohol ........................................ The Sources of Industrial Ethyl Alcohol .............................",0,0,1,##final score: 1
148538,difference between rn and bsn,1573498,"Because you need to earn a bachelor’s degree and become an RN in order to apply for graduate nursing training, the BSN-RN offers the quickest route toward qualification as a nurse practitioner. If a BSN program is not immediately feasible for you, there are other routes you can take toward your goal.",1,1,2,##final score: 2
359349,how to find the midsegment of a trapezoid,3176544,"The trapezoid has an interior height of 9 meters. on one base it measures 5 meters and on the last one measures 77 ... Given a trapezoid where the small base is 6 greater than the height and the larger base is 4 greater then three times the height, find all three dimensions (small base, large ...",1,1,2,##final score: 2
1114819,what is durable medical equipment consist of,8754404,"★ What durable medical equipment is ★ Which durable medical equipment, prosthetic, and orthotic items are covered in Original Medicare ★ Where to get help with your questions . Medicare Coverage of Durable Medical Equipment and Other Devices",1,1,2,##final score: 2
1063750,why did the us volunterilay enter ww1,7412324,"Why did Germany not sue for peace (with France and Great Britain) after the failure of the Von Schlieffen plan and the subsequent race to the ... In WW1, the Germans executed the Schlieffen plan, avoiding the main army by invading Belgium. With that hindsight, shouldn't the French have a...",0,0,1,##final score: 1
451602,medicare's definition of mechanical ventilation,4453605,"Mechanical ventilation, in the healthcare setting or home, helps patients breathe by assisting the inhalation of oxygen into the lungs and the exhalation of carbon dioxide. Depending on the patient’s condition, mechanical ventilation can help support or completely control breathing.",1,1,2,##final score: 2
1113437,what is physical description of spruce,4016937,"spruce - any coniferous tree of the genus Picea. genus Picea, Picea - a genus of temperate and Arctic evergreen trees (see spruce) spruce - light soft moderately strong wood of spruce trees; used especially for timbers and millwork.",1,1,2,##final score: 2
47923,axon terminals or synaptic knob definition,8421421,"synapse. SYNAPSE: Axon terminal synapse. The space between the junction of two neurons in a neural pathway, where the termination of the axon of one neuron comes into close proximity with the cell body or dendrites of another.",2,2,3,##final score: 3
443396,lps laws definition,4513342,To say that an individual has been subject to involuntary commitment means that they have been court ordered into treatment for a mental health problem. Before the individual is committed they may be first put into a psychiatric institution for assessment – this can last for as long as 72 hours.,2,2,1,##final score: 1
87452,causes of military suicide,5746165,"Suicide is the act of taking one’s own life. It is one of the top causes of death in America. According to the latest statistics published by the Centers for Disease Control and Prevention (CDC), suicide was the tenth leading cause of death in 2009 (CDC, 2009). Depression is not the only risk factor for suicide. Several risk factors contribute to thoughts of suicide, attempted suicide, and actual suicide. They include: 1  previous suicide attempts. 2  depression. 3  substance abuse (often accompanying an underlying mental disorder). 4  mental disorders. 5  incarceration.",1,1,2,##final score: 2
1114819,what is durable medical equipment consist of,1092242,"Medicare Part B deductible and coinsurance. Medicare Part B requires you to pay a yearly deductible of $183 in 2017. This deductible may be applied to most Medicare-covered health-care costs that involve physician services, outpatient hospital services, certain home health services, and covered durable medical equipment.",1,1,2,##final score: 2
1133167,how is the weather in jamaica,7217706,"Go-Jamaica Weather for daily forecasts on Jamaica's Cities and Towns,Hurricane and Tropical Storm Updates, with Satellite images and Maps Listen to Live Jamaican Radio, Listen to Power 106 FM 24x7. Click Here to Listen Free | (Advertisement)",1,1,2,##final score: 2
1133167,how is the weather in jamaica,2869435,"Jamaica Blue Mountain Clifton Mount Coffee Jamaica Blue Mountain RSW Estate Coffee Jamaica Blue Mountain, Espresso Roast Coffee Jamaica Blue Mountain, Clydesdale Coffee Jamaica Blue Mountain, Mavis Bank Coffee Jamaica High Mountain, Baronhall Estate Coffee.",0,0,1,##final score: 1
156493,do goldfish grow,8029433,"For example, koi are larger than goldfish. They have long, lean bodies and can grow to be 2-3 feet long! Even when in the wild, goldfish grow to be no more than 1 foot long.fter all, both goldfish and koi come in a variety of colors. You may have even wondered if koi are goldfish that have gotten really big! Koi and goldfish are different types of fish, but they are both members of the carp family.",2,2,3,##final score: 3
1121402,what can contour plowing reduce,6371843,"In the property world, a contour is an outline of a mass of land. A contour or detailed survey is done by a surveyor and required before you can start on the design of your buildings. Contour lines will be marked on the survey.Below are some tips* that can help explain the marking you’ll see:t is important to understand the contours of land. I find that many of our clients do not understand what a contour survey is and why it’s necessary, so here goes.",0,0,1,##final score: 1
1133167,how is the weather in jamaica,2276675,"Jamaica's hurricane season begins on June 1st and ends on November 1st. The island is very weather friendly, and we have only had a few direct hurricane hits in the past ninety (90) years. Jamaica has felt the effects of direct hits by hurricanes, mainly in August (Gustav in 2008, Charley in 2004) and early September (Ivan in 2004 and Gilbert in 1988).",2,2,1,##final score: 1
855410,what is theraderm used for,5210917,"Lanolin cream is rich in fatty acids for free radical protection and non greasy hydration. Lanolin is another name meant for wool fat or wool grease that is derived from domestic sheep. Its naturally occurring lanolin is similar to the natural substances found in human skin.When Lanolin is combined with vitamin-e or other ingredients, it helps it to be absorbed by the skin deeper at the cellular level.istorically, lanolin has been the choice for dry skin and aging skin. Lanolin cream works by forming an oily layer on top of the skin to trap moisture loss from the skin. This gives your skin the translucent texture and hydrated look and feel. Lanolin is such a powerful moisturizer that it is used for industrial use.",0,0,1,##final score: 1
1037798,who is robert gray,5896698,"It would be the first time that the 825,000-acre ranch, the largest in the United States, was run by someone other than a descendant by blood or marriage of Robert King, the steamboat captain who founded the dynasty in 1853, and his son-in-law, Robert Justus Kleberg.",0,0,1,##final score: 1
1114819,what is durable medical equipment consist of,7698085,"Paying for In-Home Care. There are a number of different ways to pay for in-home care. Some of the most common ways to cover the costs associated with this senior in home care include private insurance, personal and family assets. Other ways to help pay include long-term care insurance, annuities, or life insurance. For those who qualify, veterans benefits, Medicare and Medicaid may also help cover the costs of in-home care. 8 Creative Ways to Pay for In-Home Care. Ways to Pay for In-Home Care.",0,0,1,##final score: 1
1133167,how is the weather in jamaica,6157114,"Access hourly, 10 day and 15 day forecasts along with up to the minute reports and videos for Montego Bay, Jamaica from AccuWeather.com Get the Montego Bay weather forecast. Access hourly, 10 day and 15 day forecasts along with up to the minute reports and videos for Montego Bay, Jamaica from AccuWeather.com Get the Montego Bay weather forecast.",1,1,2,##final score: 2
87452,causes of military suicide,2624886,"We suggest that moral injury is likely one of the most important factors in military suicide rates. Moral injury is not PTSD. The latter is a dysfunction of brain areas that suppress fear and integrate feeling with coherent memory; symptoms include flashbacks, nightmares, dissociative episodes and hyper-vigilance. PTSD is an immediate injury of trauma.",3,3,2,##final score: 2
183378,exons definition biology,4034821,"The transcription of mRNA begins in the nucleus. The DNA is uncoiled and the nucleic acids with nitrogen bases adenine, thymine, guanine, and cytosine combine to form an incom … plete mRNA. The current RNA contains exons (the coding region) and introns (non-informational regions).",3,3,2,##final score: 2
47923,axon terminals or synaptic knob definition,5147530,The region between an axon terminal of one neuron and a dendrite of another neuron is called the * A) acetylcholinesterase. B) synaptic cleft. C) integration.D) neuronic coupler.E) migratory gap.he region between an axon terminal of one neuron and a dendrite of another neuron is called the *.,1,1,2,##final score: 2
1121402,what can contour plowing reduce,3785310,Contour ploughing or contour farming or Contour bunding is the farming practice of plowing and/or planting across a slope following its elevation contour lines.,1,1,2,##final score: 2
1129237,hydrogen is a liquid below what temperature,1969628,"What is in space? Basically, stars are big exploding balls of gas, mostly hydrogen and helium. Our nearest star, the Sun, is so hot that the huge amount of hydrogen is undergoing a constant star-wide nuclear reaction, like in a hydrogen bomb.",0,0,1,##final score: 1
182539,example of monotonic function,7371259,"In calculus, a function defined on a subset of the real numbers with real values is called monotonic if and only if it is either entirely increasing or decreasing. It is called monotonically increasing (also increasing or nondecreasing), if for all and such that one has, so preserves the order (see Figure 1).",1,1,2,##final score: 2
1133167,how is the weather in jamaica,4494102,"Today's Ocho Rios, Jamaica water temperature. Marine / ocean climate data updated daily, surface sea temperatures and recorded in degrees centigrade and farenheit.",1,1,2,##final score: 2
443396,lps laws definition,7620278,"LPS, which stands for “large polyp stony coral (or large polyp scleractinian),” and SPS, which stands for “small polyp stony coral (or small polyp scleractinian),” are hobby-specific terms referring to the size of a coral’s polyp or polyps.",0,0,1,##final score: 1
130510,definition declaratory judgment,1262138,"The phrase reasons for judgment is often used interchangeably with judgment, although the former refers to the court's justification of its judgment while the latter refers to the final court order regarding the rights and liabilities of the parties.",0,0,1,##final score: 1
47923,axon terminals or synaptic knob definition,5417577,"An axon nerve fiber is a long, slender projection of a nerve cell, or neuron, that conducts electrical impulses (called action potentials) away from the neuron's cell body, or soma, in order to transmit those impulses to other neurons.ctivity at an axon terminal: Neuron A is transmitting a signal at the axon terminal to neuron B (receiving). Features: 1. Mitochondrion.",1,1,2,##final score: 2
490595,rsa definition key,7045868,"Each year, hundreds of vendors head to the RSA Conference in San Francisco, California, arguably the largest security gathering in the U.S. For many of those vendors, the show is a requirement, but there's a steep cost involved.For smaller companies, the show can create a sink or swim environment.ny vendor that's mid-size or larger in the security field has to be at the RSA conference. In many cases, this conference is the keystone for the whole marketing effort of the year, he said.",0,0,1,##final score: 1
264014,how long is life cycle of flea,2472895,"Whenever you see adult fleas crawling on your pet, it is only a symptom of a much larger problem. Current studies indicate that adult fleas account for only 5% of the total flea population in any given situation. Eggs account for 50%, larvae account for about 35%, and the remaining 10% are the pupa cocoons.",1,1,2,##final score: 2
264014,how long is life cycle of flea,331932,"1 One flea broke a record with a four-foot vertical jump. 2  Undisturbed and without a blood meal, a flea can live more than 100 days. On average, they live two to three months.  Female fleas cannot lay eggs until after their first blood meal and begin to lay eggs within 36-48 hours after that meal.",2,2,3,##final score: 3
489204,right pelvic pain causes,7064814,"Abdominal pain on the right side of the abdomen, elevated liver enzymes and fatigue present along with nausea, weakness and jaundice. Cancers of the liver or gallbladder also cause elevated liver enzymes, pain in the right-upper quadrant and the non-specific finding of fatigue.",1,1,2,##final score: 2
264014,how long is life cycle of flea,331929,"1 On average, they live two to three months. 2  Female fleas cannot lay eggs until after their first blood meal and begin to lay eggs within 36-48 hours after that meal. 3  The female flea can lay 2,000 eggs in her lifetime.  The female flea consumes 15 times her own body weight in blood daily.",2,2,3,##final score: 3
1133167,how is the weather in jamaica,4443374,"Bookmark this location to check the time and temperature with forecast and current weather conditions in Kingston, Jamaica before making travel plans for a hotel or flight to Kingston, Jamaica Whether is it rainy or sunny, chilly or warm, you'll know before you pick up your phone.",1,1,2,##final score: 2
1037798,who is robert gray,7081474,"Robert Boy's name meaning, origin, and popularity See the girl version of this name",0,0,1,##final score: 1
1063750,why did the us volunterilay enter ww1,3327052,"Why did the United States enter World War One. The industrial era had many effects, not the least of which was plunging the world into world war. One must consider the relationship between eras and events as a student of history.n June 28th 1914, Franz Ferdinand, the Austrian archduke, and his wife were murdered by a Bosnian revolutionary named Gavrilo Princip. This assassination triggered declarations of war. Firstly, this gave Austria a reason to attack Serbia.",1,1,2,##final score: 2
1114819,what is durable medical equipment consist of,7655520,"Unfortunately, Medicare does not pay for a walk-in tub. To qualify, a walk-in tub must be durable medical equipment (DME). An item does not qualify as DME if it is for conv … enience rather than medical use. A convenience item is anything that can technically be used by people who have no medical condition.ote: According to RemainActive, Medicare will occasionally reimburse part of the cost of a walk-in tub, if the invoice is submitted with a doctor's prescription (see Related Links). As the author above mentioned, this equipment is not currently considered DME, so reimbursement is not guaranteed.",2,2,1,##final score: 1
405717,is cdg airport in main paris,8532416,Find every airport code in the world. Browse by NAME ICAO IATA. You are viewing airport IATA codes beginning with S:,0,0,1,##final score: 1
183378,exons definition biology,1605672,"In this paper we describe data exploration techniques designed to classify DNA sequences. Several visualization and data mining techniques were used to validate and attempt to discover new methods for distinguishing coding DNA sequences, or exons, from non-coding DNA sequences, or introns.",3,3,2,##final score: 2
87181,causes of left ventricular hypertrophy,8522403,"In this condition, the walls of both the left and right side of the heart (ventricles) become thin and stretched. The result is an enlarged heart. In the other types of cardiomegaly, the heart's large muscular left ventricle becomes abnormally thick. Hypertrophy is usually what causes left ventricular enlargement.",1,1,2,##final score: 2
855410,what is theraderm used for,4716710,"Known for a vast array of skin care products, makeup and fragrances, Estee Lauder is one of the most reliable brands when it comes to consistent quality. Radiate natural beauty when you choose from a wide selection of anti-aging creams, facial cleansers, moisturizers and night creams that will ramp up your skin care regimen.",0,0,1,##final score: 1
264014,how long is life cycle of flea,3601328,"The lifecycle of a flea. 5% of fleas live in the environment as an adult, 95 % of fleas live as eggs, larvae or pupae. For effective flea control it is essential to break the lifecycle in the environment. 1  Adult Fleas-jump onto your dog or cat, feed on its blood and then start laying eggs. Flea shampoo-kills fleas on your pet at the time of the bath, but once rinsed off have no lasting effect on fleas. 2  Rinses and sprays-vary in effectiveness, many need to be used weekly, some more often if severe flea problems are present.",1,1,2,##final score: 2
1110199,what is wifi vs bluetooth,1321205,"After all, Bluetooth is a form of wireless technology, but not all wireless technology is Bluetooth. Plus the two technologies are close in name (many companies, Goldtouch included, use the term “Bluetooth wireless technology” to describe Bluetooth).",1,1,2,##final score: 2
264014,how long is life cycle of flea,6333841,"How to Kill Fleas in a Home. Two Parts: Treating Your Home for Fleas Treating Your Pet for Fleas. Fleas are small, agile insects that live by feeding on the blood of other animals, usually your furry and harmless cat or dog. Fleas can be a real problem when they invade a household and its inhabitants. It is best not to use salt in homes where the air conditioner is not running continuously. 2  Because of the long flea life cycle, two or three treatment spaced three weeks apart are often needed to completely rid your home of a flea infestation. 3  Be sparing with the use of insecticides.",1,1,2,##final score: 2
443396,lps laws definition,725945,"The Health Law Firm represents individuals, families and friends in challenges to and hearings related to the Florida Baker Act and Marchman Act, when the basic criteria for confinement are not met and there is no medical necessity for further confinement. We realize that the Baker Act is a good thing.",1,1,0,##final score: 0
87181,causes of left ventricular hypertrophy,4786305,"Definition and Etiology. Hypertrophic cardiomyopathy (HCM) is defined as hypertrophy of the myocardium more than 1.5 cm, without an identifiable cause (Figure 1). Other causes of left ventricular (LV) hypertrophy, such as long-standing hypertension, amyloidosis, and aortic stenosis must first be excluded before HCM can be diagnosed.",2,2,3,##final score: 3
489204,right pelvic pain causes,7134737,"Other common causes of pain in the lower right abdomen These causes are the most common reasons you may experience pain on either side of the lower abdomen. Although you may feel discomfort on the right side, this pain can also occur on your left.",1,1,2,##final score: 2
130510,definition declaratory judgment,6881821,"Parliament then agreed to repeal the Stamp Act on the condition that the Declaratory Act was passed. On March 18, 1766, Parliament repealed the Stamp Act and passed the Declaratory Act.arliament then agreed to repeal the Stamp Act on the condition that the Declaratory Act was passed. On March 18, 1766, Parliament repealed the Stamp Act and passed the Declaratory Act.",0,0,1,##final score: 1
1133167,how is the weather in jamaica,3598492,"The Caribbean in January offers ideal weather for a winter beach vacation. You can expect warm and dry weather throughout the islands. January is the coolest month of the year for most of the Caribbean. That's not saying much, because temperatures there vary so little from season to season.",1,1,2,##final score: 2
168216,does legionella pneumophila cause pneumonia,1860841,"While a majority of bacteria in the human body are countered by the immune system, there are a few that are pathogenic in nature. Pathogenic bacteria cause infectious diseases like leprosy, cholera, anthrax, and bubonic plague. They are also responsible for the spread of respiratory infections like tuberculosis.he disease spreads by inhaling the bacteria or through contact with a person suffering from the disease. Legionella also cause a flu-like illness called Pontiac fever. Yaws disease is a relatively lesser known disease caused by the bacteria Treponema pertenue.",1,1,2,##final score: 2
1037798,who is robert gray,473202,Someone's name who is active on Facebook has their name a light gray with what appears to be a symbol in front of the name (a NO symbol?) ---gray circle w... Help Community Log In,0,0,1,##final score: 1
443396,lps laws definition,5460399,"Information in TCLEDDS is protected by the laws of the State of Texas. By transmitting this electronic message, I certify that I have conducted a diligent inquiry, and the information included herein is factually accurate. I understand that I may be subject to administrative, civil and/or criminal liability if I submit, or cause to be submitted, false information to the commission..",0,0,1,##final score: 1
359349,how to find the midsegment of a trapezoid,8058867,Every trapezoid has two legs. Altitude: The altitude of a trapezoid is the perpendicular distance from one base to the other. (One base may need to be extended). Median: The median of a trapezoid is a line joining the midpoints of the two legs. See Trapezoid median: Area: The usual way to calculate the area is the average base length times altitude. See Area of a Trapezoid: Perimeter: The distance a round the trapezoid. The sum of its side lengths. See Perimeter of a Trapezoid,2,2,3,##final score: 3
915593,what types of food can you cook sous vide,5931270,"Make sure you get 48 hours of sous vide cooking in, or the ribs will be tough. It takes time to break down collagen at the low (140°F) temperature we’re using. If you value tenderness over everything, and have the steady hands of a neurosurgeon, you can extend the sous vide time to 72 hours.",2,2,1,##final score: 1
130510,definition declaratory judgment,1285561,"There are two cases in which a program element can be declared and not defined: 1  A function is declared but never referenced with a function call or with an expression that takes the function's address. 2  A class is used only in a way that does not require its definition be known. However, the class must be declared.",0,0,1,##final score: 1
1117099,what is a active margin,5387506,An active metabolite is an active form of a drug after it has been processed by the body.,0,0,1,##final score: 1
19335,anthropological definition of environment,4974433,"Introduction. It is important for a student of any field to gain experience in that field before they enter into that profession. That is why, as graduate students of forensic anthropology, we wanted to get an internship at one of the most highly touted forensic anthropology laboratories in the country.",0,0,1,##final score: 1
264014,how long is life cycle of flea,4239608,"Cat Fleas and Humans. Fleas do not live on human skin but will occasionally feed from humans. This can occur when people handle flea-infested animals or when fleas living in soft furnishings or pet beds need a meal and there is no cat or dog nearby.emale fleas lay eggs in the fur of their host which fall onto the ground, floors and wherever the cat spends time. These hatch into larva that feed on adult flea excrement, dead skin and other organic matter. They pupate and hatch as adult fleas, which jump onto a passing animal to use as a host.",1,1,2,##final score: 2
1121402,what can contour plowing reduce,188215,"Contour plowing, Pennsylvania, 1938. Contour bunding, Catalonia, 2007. Contour ploughing or contour farming or Contour bunding is the farming practice of plowing and/or planting across a slope following its elevation contour lines.",1,1,2,##final score: 2
264014,how long is life cycle of flea,2572557,"If you grasp the stages of flea development, it will make it easier to kill them. The life cycle of a flea is comprised of four important stages, namely: The flea eggs stage. The flea larvae stage. The flea pupa stage. The adult fleas stage.",1,1,2,##final score: 2
527433,types of dysarthria from cerebral palsy,7105525,Looking for online definition of ataxic dysarthria in the Medical Dictionary? ataxic dysarthria explanation free. What is ataxic dysarthria? Meaning of ataxic dysarthria medical term. What does ataxic dysarthria mean?,1,1,2,##final score: 2
833860,what is the most popular food in switzerland,5595072,The local time in Switzerland is 14:58:25 PM (02:58:25 PM) Get the mobile country codes for Switzerland. Switzerland Information: Switzerland on Wikipedia The currency of Switzerland is the Swiss Franc.,0,0,1,##final score: 1
1037798,who is robert gray,8224672,"320 people named Robert Underhill found in California, Florida and 40 other states. Click a state below to find Robert more easily.",0,0,1,##final score: 1
47923,axon terminals or synaptic knob definition,4684895,"1 Neurotransmitters. 2  A chemical that is released into the synaptic cleft from the axon terminal of a sending neuron, crosses a synapse, and binds to appropriate receptor sites on the dendrites or cell body of a receiving neuron, influencing the cell either to fire or not to fire. 3  Receptors. Neurotransmitters. 2  A chemical that is released into the synaptic cleft from the axon terminal of a sending neuron, crosses a synapse, and binds to appropriate receptor sites on the dendrites or cell body of a receiving neuron, influencing the cell either to fire or not to fire. 3  Receptors.",1,1,2,##final score: 2
1037798,who is robert gray,8766188,Definition of gray. 1  transitive verb. : 2  to make gray. 3  intransitive verb.  1 : to become 1  gray. 2 : age; also : to contain an increasing percentage of older people The town's population has grayed over the last two decades.,0,0,1,##final score: 1
1117099,what is a active margin,1798619,"A destructive margin where pre-existing crust is destroyed (subduction zones) Found at active continental margins where plates move toward each other and often associated with volcanic activity Turbidity Current Deposit sediment at the base of continental slopes which accumulate, forming graded bedding called deep-sea fans.",2,2,3,##final score: 3
490595,rsa definition key,5633631,"RSA Data Security Digital Signature Process. In the RSA digital signature process, the private key is used to encrypt only the message digest. The encrypted message digest becomes the digital signature and is attached to the original data. Figure 14.7 illustrates the basic RSA Data Security digital signature process.",1,1,2,##final score: 2
1063750,why did the us volunterilay enter ww1,3134994,"U.S. enters World War I. On April 6, 1917, two days after the U.S. Senate votes 82 to 6 to declare war against Germany, the U.S. House of Representatives endorses the decision by a vote of 373 to 50, and the United States formally enters the First World War.",1,1,2,##final score: 2
1063750,why did the us volunterilay enter ww1,5287968,1 Austria-Hungary declare war on Japan for declaring war on Germany. 2  The U.S. tries to stay out of the war but in 1917 decides to enter due to Germany’s submarines hindering the United States’ commercial shipping because the U.S. was shipping a lot of supplies to the Allies.,2,2,3,##final score: 3
1129237,hydrogen is a liquid below what temperature,4418239,"Because hydrogen does not occur naturally in the environment, hydrogen fuel must be derived from other substances that contain hydrogen such asmethanol, gasoline, natural gas, and water. Most hydrogen that is produced today comes from natural gas.",0,0,1,##final score: 1
1115776,what is an aml surveillance analyst,4314169,"Job Classification: Contract An Anti-Money Laundering Analyst job is newly available in Phoenix, AZ. If you have two (2) plus years’ of experience as an AML Analyst then this may be the next perfect position for you. This opportunity will require strong p...",1,1,2,##final score: 2
1063750,why did the us volunterilay enter ww1,8697948,"What's more, Woodrow Wilson's victory in the election—he received 42% of the popular vote compared to Roosevelt's 27%, Taft's 23%, and Debs's 6%—brought a committed Progressive into office. Wilson would win many battles in the Progressive cause, but he ultimately lost the war. Wilson tied his personal legacy to the spread of Progressive ideals not just in America, but across the world, by promising to make the world safe for democracy through military intervention in World War I.",2,2,1,##final score: 1
1114819,what is durable medical equipment consist of,8754403,"important for you to know what Medicare covers and what you. may need to pay. Talk to your doctor if you think you need. some type of durable medical equipment. If you have questions about the cost of durable medical. equipment or coverage after reading this booklet, call. 1-800-MEDICARE (1-800-633-4227).",1,1,2,##final score: 2
168216,does legionella pneumophila cause pneumonia,8252762,"-Other serogroups (other than serogroup 1, which is detected by this assay) and other Legionella species (other than Legionella pneumophila) can cause disease. -Antigen may not be present in urine in early infection. -The level of antigen may be below the detection limit of the test.",1,1,2,##final score: 2
1063750,why did the us volunterilay enter ww1,6127385,"United States in WWI. Although World War I began in 1914, the United States did not join the war until 1917. The impact of the United States joining the war was significant. The additional firepower, resources, and soldiers of the U.S. helped to tip the balance of the war in favor of the Allies. Remaining Neutral.",1,1,2,##final score: 2
207786,how are some sharks warm blooded,4486236,"1 Fish live in water. 2  Fish have a backbone. They are vertebrates. 3  Fish breathe using gills. They absorb oxygen through the gills. 4  Almost all fish are cold-blooded. Two of the exceptions are the tuna and the Pacific salmon shark, which can raise their body temperature to some degree.  Some fish have scales.",1,1,2,##final score: 2
148538,difference between rn and bsn,1299830,"ASN and ADN are associates degrees, usually 2 years. BSN is a bachelors, usually 4 years. LPN is a seperate level of practice. LPNs are nurses, but an RN is licensed to do some things (varies, state to state) that an LPN isn't allowed to do. RNs generally get paid more than LPNs.",1,1,2,##final score: 2
962179,when was the salvation army founded,3170886,"What Salvation's Done For Me. Download sheet music for What Salvation's Done For Me by The Booth Brothers, from the album Songs From Daywind.",0,0,1,##final score: 1
489204,right pelvic pain causes,8773552,What Causes Sharp Lower Right Abdominal Pain On Your Side? The causes of sharp lower right abdominal pain in women and men are very serious and a common reason for emergency room visits. The right lower quadrant (RLQ) area is situated below an unreal horizontal line that is drawn under your lower right ribs.,1,1,2,##final score: 2
183378,exons definition biology,6548233,-an exon does not actually code of any meaningful information-an exon may be used by many different genes-there really is no difference between one protein and another,1,1,2,##final score: 2
146187,difference between a mcdouble and a double cheeseburger,1028971,"BURGER KING® Bacon Cheeseburger Deluxe, Bacon Double Cheeseburger, Bacon Cheeseburger, Double Cheeseburger VALUE Menu",0,0,1,##final score: 1
405717,is cdg airport in main paris,758586,"Charles de Gaulle Airport-also known as Paris Roissy-has three modern terminals offering travellers quality facilities and services. Please find here below the cost of transfer from CDG to Paris city center, suburbs, another airport or Disneyland. Metered Taxis are waiting in front each arrival terminals (1, 2 or 3).",1,1,2,##final score: 2
1110199,what is wifi vs bluetooth,5857921,"Bluetooth is a wireless technology developed by Ericsson that is designed to be a cable replacement. It operates on the 2.4GHz frequency band, like WiFi, and is officially known as IEEE standard 802.15.1.",1,1,2,##final score: 2
182539,example of monotonic function,5567732,"Quite similarly, a function is termed as monotonically decreasing or a decreasing function if Y axis values do decrease as the X axis values are decreasing. The nature of increasing or decreasing function is to either increase or decrease throughout the function.",1,1,2,##final score: 2
207786,how are some sharks warm blooded,817177,"1 Fish live in water. 2  Fish have a backbone. 3  They are vertebrates. 4  Fish breathe using gills. 5  They absorb oxygen through the gills. 6  Almost all fish are cold-blooded. 7  Two of the exceptions are the tuna and the Pacific salmon shark, which can raise their body temperature to some degree.",1,1,2,##final score: 2
573724,what are the social determinants of health,8047166,"Social Determinants of Health: How Social and Economic Factors Affect Health 5 This chart also illustrates that higher levels of education are not only associated with better health, but that in general, higher educational attainment is correlated with better health at each step along the ladder or continuum, controlling for behaviors.",1,1,2,##final score: 2
489204,right pelvic pain causes,5640849,1 Right lower quadrant pain and Bleeding symptoms (7 causes). 2  Right lower quadrant pain and Body symptoms (7 causes). 3  Right lower quadrant pain and Left lower quadrant pain (7 causes). 4  Right lower quadrant pain and Musculoskeletal symptoms (7 causes). 5  Right lower quadrant pain and Abdominal mass (6 causes).,1,1,2,##final score: 2
1115776,what is an aml surveillance analyst,758999,What is the difference between data analyst and business analyst? What is the difference between a support analyst and an analyst in RBS? Can a software QA switch to a BA in the software industry?,0,0,1,##final score: 1
1114819,what is durable medical equipment consist of,6329859,"If members of Illinois Medicaid choose to go through with procedures that are not considered medically necessary, they will have to pay the amount out of pocket, unless they have obtain health insurance that covers such services.f you want to apply for Medicaid in Illinois, you will enjoy all of the following medical benefits if accepted: 1  Hospital stays (inpatient). 2  Outpatient services provided by clinics. 3  Prescription medication. 4  Doctor visits. 5  Emergency services to treat an injury or an illness. 6  Durable medical equipment, also known as DME.",1,1,2,##final score: 2
130510,definition declaratory judgment,6486232,"A party against whom a claim, counterclaim, crossclaim, or third-party claim is asserted or a declaratory judgment is sought may move for a summary judgment in that party's favor as to all or any part thereof at any time with or without supporting affidavits. (c) Motion and Proceedings Thereon.",1,1,2,##final score: 2
573724,what are the social determinants of health,7104827,Determinants of health fall under several broad categories: 1  Policymaking. 2  Social factors. 3  Health services. 4  Individual behavior. 5  Biology and genetics.,1,1,2,##final score: 2
1037798,who is robert gray,2338889,Cells were first discovered by Robert Hooke in 1663.,0,0,1,##final score: 1
443396,lps laws definition,6639382,"The LP (from long playing or long play) is an analog sound storage medium, a vinyl record format characterized by a speed of 331⁄3 rpm, a 12 or 10 inch (30 or 25 cm) diameter, and use of the microgroove groove specification.",0,0,1,##final score: 1
1063750,why did the us volunterilay enter ww1,7571428,"As a result of completing these activities, students will: 1  Understand why the United States entered the World War I. 2  Brainstorm what led to the German collapse on the front. 3  Examine the basic components/factors of the collapse.resident Woodrow Wilson did not want to keep the U.S. out of the conflict but a series of events, including German submarines attacking U.S. targets, pushed Wilson to ask for a declaration of war from Congress. By 1918, five million Americans were in uniform.",2,2,3,##final score: 3
443396,lps laws definition,6346929,"If the psychiatrist believes this person to have a mental illness and to be in danger of imminent harm, the psychiatrist and another person fill out a certification of the need for involuntary commitment, which is also signed by a Justice of the Peace. This constitutes the initial involuntary commitment.",1,1,0,##final score: 0
182539,example of monotonic function,6816572,• MONOTONE (adjective). The adjective MONOTONE has 2 senses: 1. of a sequence or function; consistently increasing and never decreasing or consistently decreasing and never increasing in value. 2. sounded or spoken in a tone unvarying in pitch. Familiarity information: MONOTONE used as an adjective is rare.,1,1,2,##final score: 2
168216,does legionella pneumophila cause pneumonia,8743646,"Timely laboratory diagnosis of M. pneumoniae and other causes of atypical pneumonia (Chlamydia pneumoniae, Legionella pneumoniae, Chlamydia psittaci) usually is not available.",2,2,3,##final score: 3
104861,cost of interior concrete flooring,6653675,"Economical. The cost of concrete floors is very low, about $2 to $6 per square foot to polish a plain gray slab, giving it a lustrous sheen. The concrete's tonal differences, subtle cracks and aggregates take on a stonelike, natural feel.. my home near Philadelphia has a concrete slab floor for the entire first floor which makes the entire area very cold from the Fall through to late spring (despite carpeting installed wherever feasible) and has a definite impact on the size of my heating bills.",2,2,3,##final score: 3
104861,cost of interior concrete flooring,1811410,We pour a lot of 3000 psi. concrete for interior concrete floors and 4000 psi concrete for exterior concrete. The concrete cost per yard of concrete is $92.00 for 3000 3/4 psi concrete and $100.00 for 4000 3/4 psi concrete. So 10 yards of concrete is approximately $1000.00 dollars U.S. here in Maine. Those are the two most popular mix designs we use.,2,2,3,##final score: 3
1063750,why did the us volunterilay enter ww1,6599404,"After graduation from Princeton (then the College of New Jersey) and the University of Virginia Law School, Wilson earned his doctorate at Johns Hopkins University and entered upon an academic career.In 1885 he married Ellen Louise Axson.fter a policy of neutrality at the outbreak of World War I, Wilson led America into war in order to make the world safe for democracy.. Like Roosevelt before him, Woodrow Wilson regarded himself as the personal representative of the people.",2,2,3,##final score: 3
1063750,why did the us volunterilay enter ww1,7778348,"Report Abuse. Because the Isolationists were dead set against the US entering WW2 is the short answer. And the US did enter the war, unofficially, by supplying convoy escorts and materials to Britain.Check out the American Neutrality Act amendments of 1939 for some references.eport Abuse. Because the Isolationists were dead set against the US entering WW2 is the short answer. And the US did enter the war, unofficially, by supplying convoy escorts and materials to Britain.",0,0,1,##final score: 1
915593,what types of food can you cook sous vide,6351110,"How long should you bake country-style pork ribs? A: Country-style pork ribs should be baked in a 350 degrees Fahrenheit oven for between 60 and 75 minutes, or until the meat is tender. The cooking time varies based on the number of ribs in the pan and the thickness of the ribs.",0,0,1,##final score: 1
182539,example of monotonic function,2909954,"If the order ≤ {\displaystyle \leq } in the definition of monotonicity is replaced by the strict order < {\displaystyle <} , then one obtains a stronger requirement. A function with this property is called strictly increasing.",1,1,2,##final score: 2
1121402,what can contour plowing reduce,6683285,"Colors may also be used with contour lines. Normally contour lines are identified with the value at each end, or at the top of closed circular systems, as shown in figure 4-15. The change in numerical value between each contour line is called the contour interval..",0,0,1,##final score: 1
915593,what types of food can you cook sous vide,5702414,"1 Cover and grill for 1-1/2 to 2 hours or until the ribs are tender, brushing occasionally with desired sauce during the last 15 minutes of grilling. 2  For a gas grill, preheat grill. 3  Reduce heat to medium. 4  Adjust for indirect cooking and grill as above, except place ribs in a roasting pan. Cover and grill for 1-1/2 to 2 hours or until the ribs are tender, brushing occasionally with desired sauce during the last 15 minutes of grilling. 2  For a gas grill, preheat grill. 3  Reduce heat to medium. 4  Adjust for indirect cooking and grill as above, except place ribs in a roasting pan.",0,0,1,##final score: 1
264014,how long is life cycle of flea,3666583,"Natural Non Toxic Control of Fleas. My Page on Fleas on cats has a more complete article on the life cycle of fleas and photos of fleas, and larvae. The short version of the flea life cycle is this: A flea has a blood meal and lays eggs on the cat. The eggs dry and fall off the cat onto spots where the cat hangs out.",1,1,2,##final score: 2
1117099,what is a active margin,4886519,"Fiji is an island arc on the eastern margin of the Australian tectonic plate, one of the most seismically active places in the world. This is due to the convergence of the Australian plate and the Pacific plate. The convergent boundary is over 3000 km long, and extends from Fiji South Island, New Zealand.",1,1,2,##final score: 2
1133167,how is the weather in jamaica,6467521,"Get a great hotel deal here. For more information, see the weather forecast and our average climate infomation (by month in graphs) below. * Data from nearest weather station: Montego Bay, Jamaica (0.0 KM). Average water temperature over the year",1,1,2,##final score: 2
1106007,define visceral?,99720,"adjective. 1  Relating to, characteristic of, or derived from an animal or animals, especially when not human: animal cells; animal welfare. 2  Relating to the physical as distinct from the rational or spiritual nature of people: animal instincts and desires.",0,0,1,##final score: 1
207786,how are some sharks warm blooded,8049019,"The gills are crucial to a sharks breathing system. By opening its mouth, water is drawn into the shark. The open mouth gives the appearance of a smile in many sharks. When a shark closes its mouth, the water is forced over its gills and the tiny blood vessels in shark gills absorb oxygen from the water.",0,0,1,##final score: 1
1117099,what is a active margin,7959195,"Oceanic crust slowly moves away from mid-ocean ridges and sites of seafloor spreading. As it moves, it becomes cooler, more dense, and more thick. Eventually, older oceanic crust encounters a tectonic boundary with continental crust. In some cases, oceanic crust encounters an active plate margin.",1,1,2,##final score: 2
1114819,what is durable medical equipment consist of,8146123,"Last Revised 05/03/2012 3 Government of the District of Columbia Department of Health Care Finance (DHCF) Durable Medical Equipment, Prosthetics, Orthotics, and Supplies (DME/POS) Medicaid Provider Enrollment Package • Read all instructions before completing the application. • Type or print clearly, in ink.",1,1,2,##final score: 2
182539,example of monotonic function,8757180,"monotonic increasing ‎(not comparable) (mathematics, of a function) always increasing or remaining constant, and never decreasing; contrast this with strictly increasing.",1,1,2,##final score: 2
451602,medicare's definition of mechanical ventilation,7326276,"The intentional introduction of subaerial air can be categorized as either mechanical ventilation, or natural ventilation. Mechanical ventilation uses fans to drive the flow of subaerial air into a building.",0,0,1,##final score: 1
451602,medicare's definition of mechanical ventilation,23565,"Invasive ventilation (IV) and noninvasive ventilation (NIV). Invasive ventilation is the process by which air is delivered to you via specially designed medical equipment. For example: 1  Intubation, in which a tube is inserted into your throat to provide air.",1,1,2,##final score: 2
1063750,why did the us volunterilay enter ww1,5423931,"World War I. U.S. enters World War I. On April 6, 1917, two days after the U.S. Senate votes 82 to 6 to declare war against Germany, the U.S. House of Representatives endorses the decision by a vote of 373 to 50, and the United States formally enters the First World War. When World War I erupted in 1914,... Read More.",1,1,2,##final score: 2
1037798,who is robert gray,1840397,"US National Weather Service Gray ME, Gray, Maine. 29K likes. This page is an experimental service provided by NWS to explore the use of Facebook to...",0,0,1,##final score: 1
1121402,what can contour plowing reduce,2614504,"Contour You can contour an object to create a series of concentric lines that progress to the inside or outside of the object.To apply a contour, select an object, click Effects  Contour, choose the settings you want in the Contour docker, and click Apply.",0,0,1,##final score: 1
1037798,who is robert gray,3150376,"Robert Green was born in Bolton, Lancashire. On leaving school he was accepted at the Bolton College of Art where he studied graphic design, typography and ... Robert Green's albums. As soon as Robert Green puts the camera down, we may have an album to view. About · Jobs · Blog · Mobile · Developers · Guidelines · Feedback · Report ... Robert Green. Explore Robert Green's 4012 photos on Flickr! ... Robert Green. Follow.",0,0,1,##final score: 1
1114819,what is durable medical equipment consist of,6256156,"bed confined. A term used in the context of medical necessity, which is defined by Medicare as the inability to get up from bed without assistance, ambulate or to sit in a chair or wheelchair.ed confined. A term used in the context of medical necessity, which is defined by Medicare as the inability to get up from bed without assistance, ambulate or to sit in a chair or wheelchair.",0,0,1,##final score: 1
47923,axon terminals or synaptic knob definition,1354790,Synapse = point of impulse transmission between neurons; impulses are transmitted from pre-synaptic neurons to post-synaptic neurons. Synapses usually occur between the axon of a pre-synaptic neuron & a dendrite or cell body of a post-synaptic neuron.,1,1,2,##final score: 2
168216,does legionella pneumophila cause pneumonia,3463555,"The name Legionnaires' disease was coined in 1976 after a respiratory disease affected many delegates attending a convention in Philadelphia held by the American Legion of Pennsylvania. Eventually, the bacteria that was responsible for the disease was isolated and named as Legionella pneumophila.",2,2,3,##final score: 3
1121402,what can contour plowing reduce,752294,"In cartography, a contour line (often just called a contour) joins points of equal elevation (height) above a given level, such as mean sea level. A contour map is a map illustrated with contour lines, for example a topographic map, which thus shows valleys and hills, and the steepness or gentleness of slopes.",0,0,1,##final score: 1
264014,how long is life cycle of flea,4834548,"6 weeks. In 3 weeks, one flea can pass through its entire life cycle and can lay 1000 eggs. In another 3 weeks, those eggs can hatch and lay 1,000 eggs each, so within 6 weeks, it is possible to have a million new fleas.",2,2,3,##final score: 3
168216,does legionella pneumophila cause pneumonia,6223990,Mycoplasma pneumoniae (M. pneumoniae) is an atypical bacterium (the singular form of bacteria) that causes lung infection.,0,0,1,##final score: 1
1114819,what is durable medical equipment consist of,862865,"HOMELINK’s network provides, but is not limited to, 1  Durable medical equipment. 2  Custom seating and mobility products. 3  Home health nursing and IV therapy including physical, occupational & speech therapies.  Orthotics and 1  Prosthetics. Transportation and Translation services.  Home and Vehicle 1  modifications. Respiratory Therapy.",1,1,2,##final score: 2
1103812,who formed the commonwealth of independent states,1315739,"Following the dissolution of the Soviet Union in 1991, fifteen independent republics emerged from the USSR: Russia, Ukraine, Belarus, Kazakhstan, Uzbekistan, Armenia, Azerbaijan, Estonia, Georgia, Kyrgyzstan, Latvia, Lithuania, Moldova, Tajikistan, Turkmenistan; the Russian SFSR reconstituted itself as the Russian Federation and is recognized as the ...",1,1,2,##final score: 2
168216,does legionella pneumophila cause pneumonia,4624904,Common pathogenic bacteria and the types of bacterial diseases they cause include: Escherichia coli and Salmonella cause food poisoning. Helicobacter pylori cause gastritis and ulcers.Neisseria gonorrhoeae causes the sexually transmitted disease gonorrhea.Neisseria meningitidis causes meningitis.ommon pathogenic bacteria and the types of bacterial diseases they cause include: Escherichia coli and Salmonella cause food poisoning. Helicobacter pylori cause gastritis and ulcers.,0,0,1,##final score: 1
182539,example of monotonic function,8757178,Monotonic Function. A monotonic function is a function which is either entirely nonincreasing or nondecreasing. A function is monotonic if its first derivative (which need not be continuous) does not change sign.,1,1,2,##final score: 2
264014,how long is life cycle of flea,6773914,Turkey eggs usually take 21 to 28 days to hatch depending on what they are incubated in like an incubator or by a hen. It also depends on how fertile it is and how it is cared … for. It usually takes closer to 28 days.+ 158 others found this useful.t can take as little as a couple days or as long as a couple weeks for flea eggs to hatch.,2,2,1,##final score: 1
156493,do goldfish grow,4264246,"Myth: Goldfish have a three second memory. In fact, goldfish actually have very good memories for fish. They can be trained to respond various ways to certain colors of light; different kinds of music; and other sensory cues.",0,0,1,##final score: 1
1133167,how is the weather in jamaica,6999440,"In November, temperatures typically rise to around 84.2 degrees by early afternoon. By the early evening hours in November the temperature will generally fall to somewhere in the vicinity of 79.3 degrees. Overall, temperatures in Jamaica during November average around 79.6 degrees. Rain. Rain is most likely to occur around 7:00 PM during the month of November, and it is least likely to occur around 4:00 AM. In Jamaica during November, thunderstorms -- when they occur -- are most likely sometime around 4:00 PM.",2,2,3,##final score: 3
451602,medicare's definition of mechanical ventilation,8390525,"Mechanical ventilation is indicated when the patient's spontaneous ventilation is inadequate to maintain life. It is also indicated as prophylaxis for imminent collapse of other physiologic functions, or ineffective gas exchange in the lungs.",1,1,2,##final score: 2
915593,what types of food can you cook sous vide,7861755,"1 Cook from thawed or frozen in the SousVide Supreme at the ideal (desired) cooking temperature, adding extra minutes (about10 to 15 minutes for fish and about 30 minutes for steaks, chops, or pieces of poultry) to the cooking time to allow for thawing in the water bath, if cooking from frozen.acuum/seal individual servings of steaks, chicken breasts, chicken leg quarters, filets of fish. Cook immediately or label with the contents and date and store in refrigerator for up to 48 hours or in the freezer for up to 6 weeks. Let the sous vide process make tough, inexpensive cuts of meat meltingly tender.",3,3,2,##final score: 2
168216,does legionella pneumophila cause pneumonia,5024309,Your doctor can diagnose Legionnaires’ disease by testing your blood or urine for the presence of Legionella antigens. Antigens are substances that your body recognizes as harmful. Your body produces an immune response to antigens to fight infection.,1,1,2,##final score: 2
1114819,what is durable medical equipment consist of,1917091,"1 Durable medical equipment not directly related to the home infusion (billed by HDME provider)  Drugs not reference in the Fee Schedule or that are not related, as determined by BCBSNC, to Home Infusion Therapy (billed by pharmacy)",1,1,2,##final score: 2
146187,difference between a mcdouble and a double cheeseburger,7704679,"With the animal style burger, they grill your fresh beef patty in mustard, add extra secret sauce spread, extra grilled onions and pickles. For this adventure I ordered a double double (double meat, double cheese) animal style, so I could compare it with the bacon cheeseburgber (two patties) at Five Guys. I usually go for 3×3 or a 4 by because the patties at In-N-Out are a bit smaller than other burger joints.",0,0,1,##final score: 1
207786,how are some sharks warm blooded,5170143,"Tiger Sharks: Another large shark, capable of growing to a length of over 16 feet, or 5 meters, the Tiger Shark can be found in the Caribbean and other warm waters around the world.",0,0,1,##final score: 1
182539,example of monotonic function,6816571,The adjective MONOTONE has 2 senses: 1. of a sequence or function; consistently increasing and never decreasing or consistently decreasing and never increasing in value. 2. sounded or spoken in a tone unvarying in pitch. Familiarity information: MONOTONE used as an adjective is rare.,1,1,2,##final score: 2
1063750,why did the us volunterilay enter ww1,3503271,"Within days, Congress passed the resolution that Wilson had requested. On April 6 of that year, a century ago this Thursday, the U.S. declared war on Germany and thus officially entered into the conflict that would come to be known as World War I. Here are the basics of what changed, in one minute.",1,1,2,##final score: 2
1133167,how is the weather in jamaica,1883277,"JAMAICA WEATHER :: HURRICANE SEASON IN JAMAICA. Although Jamaica lies in the Caribbean 'hurricane belt', relatively few touch Jamaica. The last great storm to hit the island was Hurricane Gilbert, which roared ashore in 1988, causing immense damage and killing 45 people.",1,1,2,##final score: 2
443396,lps laws definition,6555775,"One of the following must occur within 12 hours after the person’s attending physician Baker Act Involuntary Examination: Criteria, Processes and Timeframes State of Florida Department of Children and Families Mental Health Program Office Florida’s Baker Act Website – May 2002.t the hearing, the court must consider testimony and evidence regarding the person’s Baker Act Involuntary Examination: Criteria, Processes and Timeframes State of Florida Department of Children and Families Mental Health Program Office Florida’s Baker Act Website – May 2002.",1,1,0,##final score: 0
130510,definition declaratory judgment,2490150,"Declaratory Act. The American Colonies Act 1766 (6 Geo 3 c 12), commonly known as the Declaratory Act, was an Act of the Parliament of Great Britain, which accompanied the repeal of the Stamp Act 1765 and the changing and lessening of the Sugar Act.",0,0,1,##final score: 1
359349,how to find the midsegment of a trapezoid,3223833,"The midsegment of a trapezoid is the segment that joins the midpoints of the nonparallel sides of a trapezoid. In the trapezoid below, the midpoints of the non-parallel sides are points S and V. The midsegment is the red line segment from S to V. The midsegment below can be found by. 1  calculating the lengths of the bases. 2  35-16 = 9 (length of upper base). 3  45-0 =45 (length of lower base). 4  calculating the sum of the bases. 5  9+45 = 54.",2,2,3,##final score: 3
183378,exons definition biology,6548235,Many thousands of proteins may have arisen form only a few thousand exons because. -one gene can code for hundreds of different proteins. -an exon does not actually code of any meaningful information. -an exon may be used by many different genes.,1,1,2,##final score: 2
527433,types of dysarthria from cerebral palsy,1664523,"Slurred speech is the result of weakened or uncoordinated muscles within the throat or mouth. All of the aforementioned ailments can cause these types of speech impairment and muscular issues, states Mayo Clinic. Neuromuscular diseases, which affect the nervous system and the muscles, are often causes of dysarthria. Multiple sclerosis, cerebral palsy, muscular dystrophy and myasthenia gravis are all known to cause dysarthria. Additionally, face or neck trauma or surgery affecting the tongue or voice box may also cause slurred speech, according to MedlinePlus.",1,1,2,##final score: 2
130510,definition declaratory judgment,7861502,"Like other kinds of judgments, default judgments will be enforceable for a period of years set by law. Many jurisdictions permit the renewal of judgments that are about to expire, providing additional time for the plaintiff to pursue collection remedies.",0,0,1,##final score: 1
1117099,what is a active margin,8747423,"Share to: The margins for a typical memo are a 1.5 inch left margin, 1 inch right margin, and 1 inch margin at the top and bottom of the paper.",0,0,1,##final score: 1
451602,medicare's definition of mechanical ventilation,5655693,"R11.0, T46.2x5A, I48.91. The patient arrived to the hospital in acute respiratory failure and hypoxia. The patient was intubated, and the physician documents that the patient is being admitted to the hospital for treatment of the acute respiratory failure with hypoxia. The patient also has congestive heart failure. Mechanical ventilation was provided for 48 consecutive hours. Code the procedure for the mechanical ventilation.",1,1,2,##final score: 2
87181,causes of left ventricular hypertrophy,8151922,"Treatment for left ventricular hypertrophy depends on the underlying cause, and may involve medication or surgery. Treating high blood pressure Your doctor is likely to recommend lifestyle changes, including:",1,1,2,##final score: 2
1115776,what is an aml surveillance analyst,6672301,"Not every risk analyst works with finances. Probabilistic risk assessment analysts are responsible for understanding the risks involved in things like airplanes, space shuttle launches, and nuclear power plants. There are three areas that analysts will study. The first is what could go wrong.",0,0,1,##final score: 1
915593,what types of food can you cook sous vide,2969050,"1 Often, you will want to BBQ ribs on a grill. 2  However, you can also prepare BBQ beef ribs in the ov…. 3  Slow Smoked Rack of Beef Ribs Although beef ribs take more time, patience and effort to make than pork ribs, the juicy, flavorful result is well worth the wait.",0,0,1,##final score: 1
1133167,how is the weather in jamaica,2439239,"Leading Caribbean online retailer of general and educational books, toys and games, suited especially for shoppers in Jamaica, the Caribbean and the Diaspora. FLAT SHIPPING RATE IN JAMAICA",0,0,1,##final score: 1
855410,what is theraderm used for,4406031,What Vagisil is and what it is used for Before you use Vagisil How to use Vagisil Possible side effects How to store Vagisil Further information 1. What Vagisil is and what it is used for Vagisil is an emulsion cream. The active ingredient is Lidocaine. Vagisil is formulated to provide prompt effective relief from the discomfort of minor,0,0,1,##final score: 1
156493,do goldfish grow,4527708,"Goldfish bowls are a staple at department stores as well as most pet shops. Ask anyone who had a goldfish as a kid and odds are they kept it in a goldfish bowl. Google for Goldfish bowl photos or Goldfish bowl shopping, and you’ll find thousands of them in a variety of shapes.",0,0,1,##final score: 1
1114819,what is durable medical equipment consist of,988378,Medicare Part B (Medical Insurance) covers medically necessary durable medical equipment (DME) that your doctor prescribes for use in your home. Only your doctor can prescribe medical equipment for you. DME meets these criteria: Durable (can withstand repeated use) Used for a medical reason.,2,2,3,##final score: 3
130510,definition declaratory judgment,1494932,That is especially true in situations where a non-. practicing entity has sent a licensing offer to a potential infringer. Cases Finding Declaratory Judgment Jurisdiction. A patent owner wrote to its licensee alleging that a product sold by the licensee was subject to. a license agreement. The licensee paid the requested royalties under protest and filed a. declaratory judgment suit.,1,1,2,##final score: 2
1133167,how is the weather in jamaica,6138,Quick Answer. Hurricane season in Jamaica starts on June 1 and ends on Nov. 30. Satellite weather forecasts work to allow tourists and island dwellers adequate time to take precautions when hurricanes approach during those months. Continue Reading.,2,2,1,##final score: 1
527433,types of dysarthria from cerebral palsy,8737880,"Speech Difficulties. Dysarthria is the most common speech disorder experienced by people with ALS and by people with MS. They may speak slowly, softly, in strange rhythms, or slur their words. Although this can make it difficult to understand their speech, the meaning of what they are saying is normal. In people with ALS, the dysarthria tends to get progressively worse.",1,1,0,##final score: 0
207786,how are some sharks warm blooded,5436924,"Sharks like the great white can smell blood up to 3 miles away. According to National Geographic, sharks can smell one drop of blood in 25 gallons of water, 3 miles away.",0,0,1,##final score: 1
1121402,what can contour plowing reduce,5576063,"After the dust bowl, the government encouraged farmers to: terrace, use contour farming techniques , use irrigation, use stubble mulching, use crop rotation, and plant shelter belts What was the huge region of farmland that dried up in the high plains called ?",1,1,2,##final score: 2
148538,difference between rn and bsn,2915323,"First of all, let’s establish what each one stands for. A BSN is a Bachelor of Science in Nursing, while an ADN is an Associates Degree in Nursing.Both degrees lead to getting your RN but there are some differences between the two.The main difference is the length of time and the amount of credits required to complete the program.irst of all, let’s establish what each one stands for. A BSN is a Bachelor of Science in Nursing, while an ADN is an Associates Degree in Nursing.",1,1,2,##final score: 2
183378,exons definition biology,1678834,"Introns, Exons and Splicing hn RNA. 1  The sequence order is the same as in the mRNA. 2  The structure of an interrupted gene is identical in all tissues. 3  Introns of nuclear genes have termination codons in all three reading frames.",1,1,2,##final score: 2
146187,difference between a mcdouble and a double cheeseburger,6430258,"There are 440 calories in a 1 cheeseburger serving of McDonald's Double Cheeseburger. Calorie breakdown: 45% fat, 32% carbs, 23% protein.",1,1,2,##final score: 2
1103812,who formed the commonwealth of independent states,8220087,"Signing of the agreement to establish the Commonwealth of Independent States (CIS), 8 December 1991. In March 1991, Mikhail Gorbachev, the president of the Soviet Union, proposed a federation by holding a referendum to preserve the Union as the Union of Sovereign States.",1,1,2,##final score: 2
264014,how long is life cycle of flea,5950718,"1 Completion of the life cycle from egg to adult varies from two weeks to eight months. 2  Normally the female flea lays about 15 to 20 eggs per day up to 600 in a lifetime.  Usual hosts for fleas are dogs, cats, rats, rabbits, mice, squirrels, chipmunks, raccoons, opossums, foxes, chickens, and humans.",2,2,3,##final score: 3
87452,causes of military suicide,8333916,"When researchers asked 72 soldiers at Fort Carson, Colo., why they tried to kill themselves, out of the 33 reasons they had to choose from, all of the soldiers included one in particular — a desire to end intense emotional distress.",3,3,2,##final score: 2
1063750,why did the us volunterilay enter ww1,3095450,"The History Learning Site, 6 Mar 2015. 16 Aug 2016. The Lusitania sailed on May 1st 1915 from New York bound for Liverpool. The sinking of the Lusitania was thought to have made a major impact on America and World War One, but America did not join the war for another two years. As the Lusitania had sailed from New York, she had on board American civilians and in 1915 America was neutral in World War One.",2,2,1,##final score: 1
148538,difference between rn and bsn,1392974,"Level of Nursing Education Determines Salary Levels in California In 2013, the median salary for BSN-educated RNs in California was 82.8% higher than that of licensed vocational nurses that same year.",1,1,2,##final score: 2
962179,when was the salvation army founded,931124,"Current General André Cox, with headquarters in London, is the international leader of The Salvation Army. In the United States, the functions of The Salvation Army are coordinated by the national commander, whose office is at the national headquarters in Alexandria, Virginia.",0,0,1,##final score: 1
1114819,what is durable medical equipment consist of,2590449,"TRICARE also covers: 1  Medically necessaryTo be medically necessary means it is appropriate, reasonable, and adequate for your condition. customization or attachments to the DME to accommodate your medical disability, when your physician has prescribed the equipment as medically necessary and appropriate.",1,1,2,##final score: 2
1114819,what is durable medical equipment consist of,694741,Special exception items. Specified items of equipment may be covered under certain conditions even though they do not meet the definition of DME because they are not primarily and customarily used to serve a medical purpose and/or are generally useful in the absence of illness or injury.,1,1,2,##final score: 2
264014,how long is life cycle of flea,3577340,"If host animals are treated with a good flea control product that kills all adult fleas within 2 days ofthe flea/s reaching the host animal, then no flea eggs will be produced (after all, it takes 2 days for adult fleas to create eggs after jumping into a host and feeding on its blood).",1,1,2,##final score: 2
1063750,why did the us volunterilay enter ww1,4594376,"Primary Documents - U.S. Declaration of War with Germany, 2 April 1917. U.S. President Woodrow Wilson outlined the case for declaring war upon Germany in a speech to the joint houses of Congress on 2 April 1917. A formal declaration of war followed four days later, on 6 April 1917. Click here to read German Chancellor Theobald von Bethmann-Hollweg's reaction to news that Wilson was to address Congress on 2 April.",1,1,2,##final score: 2
1112341,what is the daily life of thai people,2596431,"Thai, also known precisely as Siamese or Central Thai, is the national and official language of Thailand and the native language of the Thai people and the vast majority of Thai Chinese. Thai is a member of the Tai group of the Tai–Kadai language family.",1,1,0,##final score: 0
1114819,what is durable medical equipment consist of,7588042,BCN only covers the rental or purchase of basic durable medical equipment that you use at. home. BCN must authorize special features as medically necessary before they are covered. If you wish to receive items that are considered deluxe or that don’t meet our criteria for.,1,1,2,##final score: 2
1129237,hydrogen is a liquid below what temperature,7874566,"Other molecules, as small as water (eg CO2), change from liquid to gas at temperatures far below that of water. It is also the Hydrogen bond which is responsible for the large amount of heat energy needed to convert water from liquid to gas.",0,0,1,##final score: 1
1103812,who formed the commonwealth of independent states,8157968,"The CSTO grew out of the framework of the Commonwealth of Independent States, and first began as the CIS Collective Security Treaty (CST) which was signed on 15 May 1992, by Armenia, Kazakhstan, Kyrgyzstan, Russian Federation, Tajikistan and Uzbekistan, in the city of Tashkent.",1,1,2,##final score: 2
1124210,tracheids are part of _____.,931162,Tracheids allow for efficient transport of ____ over longer distances. Stomata allow for ___ ____ between the plant and the atmosphere. Without ____ land plant would not have been to able to grow more than just a meter or so tall. Tracheids transport ____ and ____ around the plant body. Cuticle layers ____ gas exchange. Desiccation is a much more common problem in ____ environments.,1,1,2,##final score: 2
1133167,how is the weather in jamaica,8250501,"The monthly mean water temperature over the year in Montego Bay, Jamaica. Show the average water temperatures in Montego Bay in Celcius ». Data from nearest weather station: Montego Bay, Jamaica (0.0 Miles). Weather and Climate offers all the information you need to know about the climate in Montego Bay.",1,1,2,##final score: 2
87452,causes of military suicide,186939,"Combat Fatalities not the Most Common Cause of Military Deaths. Suicide was the third leading cause of Canadian military deaths after motor vehicle accidents and cancerin a newly published study of 25 years of death records. Even though the jury is out on whether suicide prevention programs work, Lt.-Col.",1,1,2,##final score: 2
1112341,what is the daily life of thai people,263958,"VIEW CALENDAR. United Thai Boxing and MMA is a community of people united by a love for Muay Thai, mixed martial arts and the desire to help each other improve through hard work. We help people succeed through a combination of group classes, private instruction, and open gym hours. Please use the links above to learn more about us or click here to get started now!",1,1,0,##final score: 0
183378,exons definition biology,26660,"The transcription of mRNA begins in the nucleus. The DNA is uncoiled and the nucleic acids with nitrogen bases adenine, thymine, guanine, and cytosine combine to form an incom…plete mRNA. The current RNA contains exons (the coding region) and introns (non-informational regions).",3,3,2,##final score: 2
573724,what are the social determinants of health,7104826,"Closing the gap in a generation: Health equity through action on the social determinants of health (PDF) - Final report of the Commission on Social Determinants of Health. Geneva, 2008, World Health Organization.",1,1,2,##final score: 2
1121402,what can contour plowing reduce,182366,"The basic principle behind preventing any erosion is find a way to lessen the impact of the cause, such as rain and wind. For prevention of rain-driven erosion, it is important to anchor the dirt down, such as with grass, or prevent water from collecting and picking up dirt as it flows down slope. A common way to prevent this is contour ploughing. What is... Making slopes into steps so that rain cannot run down a hill carrying soil off. When building terraces, it is important to stabilize the slope. -The easiest way to do this is to plant grass. If there is enough rock around it may be possible to construct a wall out of them. Contour Ploughing- Similar to terracing, except that it follows the contours of a hill more closely than terracing, possibly even encircling a hill top The contours are not wide like terraces.",2,2,3,##final score: 3
183378,exons definition biology,1555656,"Alternative splicing is a regulated process during gene expression that results in a single gene coding for multiple proteins.In this process, particular exons of a gene may be included within or excluded from the final, processed messenger RNA (mRNA) produced from that gene.lternative splicing occurs as a normal phenomenon in eukaryotes, where it greatly increases the biodiversity of proteins that can be encoded by the genome; in humans, ~95% of multi-exonic genes are alternatively spliced.",1,1,2,##final score: 2
1133167,how is the weather in jamaica,6570019,"The weather is dry and cloudy, and it is still very cold. Tibet is probably open to tourists in early April. April is one of the best months to visit since it is low tourist season and the weather is comfortable during the day.Clothing: The temperature can still drop to freezing at night so bring warm clothes with you.n Hong Kong in April, the weather is pleasant and warm. It will be warm during the day and even hot and humid. Guilin can still be quite cool following rain in April. It rains 2/3 of the days of April. Clothing: Bring light clothes that will feel comfortable under rain gear.",0,0,1,##final score: 1
405717,is cdg airport in main paris,3986303,"Paris Charles de Gaulle Airport Flight Terminals. There are nine terminals at Paris Charles de Gaulle (CDG) airport – 1, 2A, 2B, 2C, 2D, 2E, 2F, 2G and 3. The CDGVAL service and the free airport shuttle service connects them all and each has shops, restaurants and services. Terminal 1.",1,1,2,##final score: 2
833860,what is the most popular food in switzerland,8068231,"We use the term Swiss cheese for a certain kind of cheese with holes in it. In other countries, and in Switzerland too, this cheese is known as Emmentaler, because it was first made during the fifteenth century in the Emmen Tal, a valley in Switzerland.",1,1,2,##final score: 2
1117099,what is a active margin,5596485,"In plate tectonics, a convergent boundary, also known as a destructive plate boundary (because of subduction), is an actively deforming region where two (or more) tectonic plates or fragments of the lithosphere move toward one another and collide.n a subduction zone, the subducting plate, which is normally a plate with oceanic crust, moves beneath the other plate, which can be made of either oceanic or continental crust. During collisions between two continental plates, large mountain ranges, such as the Himalayas are formed. Oceanic-continental.",3,3,2,##final score: 2
1114819,what is durable medical equipment consist of,7425397,"Medicare Part B may cover an external insulin pump and insulin as durable medical equipment (DME). You pay 20% of the amount approved by Medicare, after the yearly Medicare Part B deductible.Diabetes may result in blood-circulation problems that can become serious over time.owever, Medicare Part D does not cover insulin for diabetes when it is administered with an insulin pump. In that case, insulin for diabetes may be covered under Medicare Part B as durable medical equipment, as indicated above.",2,2,1,##final score: 1
1115776,what is an aml surveillance analyst,7615797,"AML is a very rare type of cancer. It generally affects patients over the age of 50 years. It is more common in males than females. The main known causes of acute leukemia are exposure to high levels of radiation and/or benzene.nowledge center. Acute myeloid leukemia, also known as acute myeloblastic leukemia, acute myelogenous leukemia, acute nonlymphocytic leukemia, AML, or ANLL is a fast-growing malignant disease in which too many useless immature white blood cells are found in the blood and bone marrow.",0,0,1,##final score: 1
1113437,what is physical description of spruce,806849,"Aromatherapist: job description. Aromatherapists treat a variety of physical conditions, illnesses and psychological disorders with essential aromatic oils that are extracted or distilled from flowers, trees, spices, fruits or herbs.",0,0,1,##final score: 1
405717,is cdg airport in main paris,3033907,"Paris Charles de Gaulle Airport. If you’re flying from or into Paris Charles de Gaulle airport or simply collecting someone from their flight to Paris Charles de Gaulle, discover all the latest information you need from Paris Charles de Gaulle airport.",1,1,2,##final score: 2
156493,do goldfish grow,6092036,"This Site Might Help You. RE: What shoe size is considered small, medium, or big in women&#39;s sizes? I&#39;m 17, 5&#39;0, and I wear a size 7 1/2-8. If I do have big feet I&#39;m definitely not going to grow into them because my doctor told me a long time ago that I was done growing.",0,0,1,##final score: 1
1112341,what is the daily life of thai people,6740558,"Calories in Restaurant Thai Green Curry From Livestrong.Com, Chicken Green Curry (No Rice) Nutrition Facts Restaurant Thai Green Curry - From Livestrong.Com, Chicken Green Curry (No Rice) *Percent Daily Values are based on a 2000 calorie diet. Your daily values may be higher or lower depending on your calorie needs. Thai Green Curry Paste. Thai Green Curry. Thai Green Curry Soup. Thai Green Curry Kit. Thai Green Curry.",0,0,1,##final score: 1
130510,definition declaratory judgment,8762809,"A declaration is a definition unless. 1  Declaration declares a function without specifying its body, 2  Declaration contains an extern specifier and no initializer or function body, 3  Declaration is the declaration of a static class data member without a class definition, 4  Declaration is a class name definition,",0,0,1,##final score: 1
47923,axon terminals or synaptic knob definition,5966643,"synapse. the junction between the processes of two neurons or between a neuron and an effector organ, where neural impulses are transmitted by chemical means. The impulse causes the release of a neurotransmitter (e.g. acetylcholine or norepinephrine) from the presynaptic membrane of the axon terminal.ynapse. SYNAPSE: Axon terminal synapse. The space between the junction of two neurons in a neural pathway, where the termination of the axon of one neuron comes into close proximity with the cell body or dendrites of another.",2,2,3,##final score: 3
207786,how are some sharks warm blooded,817180,"1 Fish have a backbone. 2  They are vertebrates. 3  Fish breathe using gills. 4  They absorb oxygen through the gills. 5  Almost all fish are cold-blooded. 6  Two of the exceptions are the tuna and the Pacific salmon shark, which can raise their body temperature to some degree.",1,1,2,##final score: 2
47923,axon terminals or synaptic knob definition,5949690,"Most axons carry signals in the form of action potentials, which are discrete electrochemical impulses that travel rapidly along an axon, starting at the cell body and terminating at points where the axon makes synaptic contact with target cells.",1,1,2,##final score: 2
168216,does legionella pneumophila cause pneumonia,8766386,Legionnaires’ disease will usually start causing symptoms within two to 14 days after exposure to the bacteria. This period is called the incubation period. The symptoms are similar to those of other types of lung infections. The most common symptoms include:,1,1,2,##final score: 2
443396,lps laws definition,4792656,"LPS are the middle, prefer a little more light, and usually need better water quality. SPS is generally considered the hardest to keep, they require very stable water, and high flow and very high light.",0,0,1,##final score: 1
1129237,hydrogen is a liquid below what temperature,8661169,"First, Methane [CH4] is a chemical compound composed of four Hydrogen molecules attached to a single Carbon molecule. It is a colorless, odorless, and tasteless gas at normal temperatures and pressures, and has many beneficial uses.ethane is a type of alcohol.The gas evolved from it is known as methane gas.It is used in industrial chemical process and can be used in refrigerated liquid.",0,0,1,##final score: 1
1133167,how is the weather in jamaica,1070102,"In Jamaica, it begins one to 2 hours after death and takes further one to 2 hours to develop. In temperate countries, it begins in 3 to 6 hours and takes further 2 to 3 hours to develop. In Jamaica, usually it lasts 18 to 24 hours in winter and 12 to 18 hours in summer. It lasts for 2 to 3 days in temperate regions.",0,0,1,##final score: 1
1037798,who is robert gray,3641634,"Captain Robert Gray, May 1972. Discovering the Columbia River, May 1792 ... The Columbia River was given the name it bears today in May 1792, by American Captain Robert Gray, after his ship, the Columbia Rediviva. On May 11, 1792, Captain Robert Gray entered the mouth of the Columbia River. He explored 20 miles up the river as far as Grays Bay, a bay named for him later in the year by Lieutenant William Broughton of the Vancouver Expedition, who crossed the bar and traveled 100 miles up the Columbia.",3,3,2,##final score: 2
1114819,what is durable medical equipment consist of,8115437,Medicaid Overview. 1  There is not a single set of rules regarding Medicaid’s role in paying for durable medical equipment instead there are hundreds of different sets depending on one's state and Medicaid sub-program. 2  Medicaid pays for the most basic equipment only not for extra features.,1,1,2,##final score: 2
489204,right pelvic pain causes,320071,"So, there are many causes for lower right abdominal pain. Patients should consult their doctor immediately for severe and persistent pain in the lower right abdominal region. After testing and evaluation, treatment can be started after cause of the pain is identified.",1,1,2,##final score: 2
207786,how are some sharks warm blooded,8273761,"These sharks are unique in their ability to elevate and maintain body temperatures as much as 13 C above the ambient water temperature. One striking feature of these warm-bodied sharks is that their flanks and viscera are warm, while the heart and gills are at environmental temperatures.",2,2,3,##final score: 3
131843,definition of a sigmet,3841396,"AIRMETS/SIGMETS issued by authorities forecasting significant weather events that are potentially hazardous to flights in the area for which they are issued, refreshed every 30 min. Click on an AIRMET/SIGMET to see the full text.",3,3,2,##final score: 2
130510,definition declaratory judgment,4528808,"For the Act relating to Ireland, see Declaratory Act 2015. The American Colonies Act 1766 (6 Geo 3 c 12), commonly known as the Declaratory Act, was an Act of the Parliament of Great Britain, which accompanied the repeal of the Stamp Act 1765 and the changing and lessening of the Sugar Act.",0,0,1,##final score: 1
527433,types of dysarthria from cerebral palsy,8827928,"Some of the types of speech impairments include: 1  Dysarthria, a physical weakness or paralysis of the speech muscles caused by nerve or brain damage. 2  Dysprosody, characterized by changes in the intensity of volume, timing of words, and rhythm and intonation of words while speaking.",1,1,2,##final score: 2
183378,exons definition biology,6247404,"A segment of DNA on a chromosome that controls the production of a  protein is called a gene.Chromosome a cellular structure that  contains DNA. Edit. Share to: Answered. In Genetics. segment of DNA that codes for a protein is called a gene, or an  exon.",3,3,2,##final score: 2
264014,how long is life cycle of flea,6105568,"Once mated, the female flea may deposit up to 50 eggs per day on your dog or cat. An adult flea typically lives for several months, so just a single flea can cause a significant infestation in a short amount of time. As your pet walks around your home, many of the flea eggs fall off. Cat flea eggs are tiny, measuring a mere 1/32 inch, so they can go unnoticed in your pet's bedding, in carpets, or on upholstered furniture. Within 2 to 5 days, wormlike larvae emerge from the eggs. Lacking eyes and legs, you might think that flea larvae would have a tough time surviving in your carpet.",2,2,3,##final score: 3
1063750,why did the us volunterilay enter ww1,4193159,"The United States maintained neutrality in the conflict until 1917, when war on Germany. was officially declared. American military and economic contributions to the Allied war. effort helped to turn the course of the war and eventually led to the defeat of the Central. Powers. TASK: Assess AT LEAST TWO of the causes for the United States’ entry into the conflict of World. War I. How did the United States contribute to the Allied cause BEFORE and AFTER it OFFICIALLY. entered into the conflict?",1,1,2,##final score: 2
1133167,how is the weather in jamaica,2777577,"The least rainy months tend to be February/March and September/October. On average, the Caribbean weather region receives 141 inches of rain per year, with the rainiest months being July, November and December.",2,2,1,##final score: 1
146187,difference between a mcdouble and a double cheeseburger,8795494,"How many calories are in a Wendy's double cheeseburger? How many calories are in a $0.99 Wendy's double cheeseburger and small fries and how much jump rope would I have to do to work it off? Update: Thanks to all the people who gave real answers, instead of being @$$hole pricks like the rest.",0,0,1,##final score: 1
104861,cost of interior concrete flooring,1424216,Costs for Resurfacing with Concrete Overlay. “””Typically the costs of a concrete resurfacing overlay suitable for flooring or driveway application will start at around $400 to $700 for a job under 100 square feet.On a job of 1000 square feet typical prices can start around $2000.00.”””A. â the costs for a decorative concrete project. varyosts for Resurfacing with Concrete Overlay. “””Typically the costs of a concrete resurfacing overlay suitable for flooring or driveway application will start at around $400 to $700 for a job under 100 square feet.,2,2,3,##final score: 3
87181,causes of left ventricular hypertrophy,1700168,"As enlargement progresses, though, the heart's pumping ability declines. Dilated cardiomyopathy is the main type of cardiomegaly. In dilated cardiomyopathy, the walls of both the left and right side of the heart (ventricles) become thin and stretched. The result is an enlarged heart. In the other types of enlarged heart, the heart's muscular left ventricle becomes abnormally thick. High blood pressure usually causes left ventricular enlargement (hypertrophy), while hypertrophic cardiomyopathy is an inherited condition.",2,2,3,##final score: 3
264014,how long is life cycle of flea,5635521,"In appearance, flea larvae can be up to ¼-inch long and are white (almost see-through) and legless. Larvae make up about 35 percent of the flea population in the average household. If conditions are favorable, the larvae will spin cocoons in about 5-20 days of hatching from their eggs.This leads to the next life stage, called the cocoon or pupae stage.The pupae stage of the flea life cycle accounts for about 10 percent of the flea population in a home.f conditions are favorable, the larvae will spin cocoons in about 5-20 days of hatching from their eggs. This leads to the next life stage, called the cocoon or pupae stage. The pupae stage of the flea life cycle accounts for about 10 percent of the flea population in a home.",2,2,1,##final score: 1
264014,how long is life cycle of flea,5583426,"The flea life cycle is such that the fleas that are seen on your pet are only a small proportion of the total flea population. 95% of the problem exists in the pet's environment as flea eggs, larvae and pupae (cocoons).",1,1,2,##final score: 2
19335,anthropological definition of environment,3260688,"Definition: Anthropometry is the measure of wo/man (anthro=man, pometry=measure). The study of anthropometry is the study of human body measurements to assist in understanding human physical variations and aid in anthropological classification.efinition: Anthropometry is the measure of wo/man (anthro=man, pometry=measure). The study of anthropometry is the study of human body measurements to assist in understanding human physical variations and aid in anthropological classification.",0,0,1,##final score: 1
1063750,why did the us volunterilay enter ww1,4594377,"On 2nd April, Woodrow Wilson asked for permission to go to war. This was approved in the Senate on 4th April by 82 votes to 6, and two days later, in the House of Representatives, by 373 to 50. Still avoiding alliances, war was declared against the German government (rather than its subjects).",1,1,2,##final score: 2
130510,definition declaratory judgment,996732,"The same court observed that even if the basic requirements for A Declaratory Judgment Action are met, it is still within the discretion of the district court to decline a Declaratory Judgment Action.. This is in accordance with appellate decisions as well: Declaratory relief is a matter of district court discretion.",1,1,2,##final score: 2
47923,axon terminals or synaptic knob definition,7109642,"Action Potential Explained - The Neuron. An Action potential is the neurons way of transporting electrical signals from one cell to the next. This is a picture of a neuron, where you have dendrites in one end, and the axon terminal in the other end. In the middle of the neuron you will find the axon, which is where the electrical signal will travel from the dendrites to the axon terminal to the synapse.",2,2,1,##final score: 1
1133167,how is the weather in jamaica,1824483,"Rainy season gets underway in May on the island of Jamaica, but that doesn't mean vacationers should stay away. Most days are sunny until early afternoon. The sun is also getting warmer this time of year, and vacationers who like their weather more than just a little warm may find May to be an appealing option. Typical Weather in May. Temperatures in Jamaica during May generally vary between an average high during the day of 86.0 degrees and an average low at night of 75.0 degrees",2,2,3,##final score: 3
855410,what is theraderm used for,5954609,"Mineral oil is one of the most commonly used oils in skin care products, but it often gets a bad rap. Here's what's fact and what's fiction when it comes to this frequently used moisturizer. 1  Rumor: Mineral oil dries the skin and causes premature aging.",0,0,1,##final score: 1
1037798,who is robert gray,6421952,"Barry Allen is the second character to be known as the Flash. The character first appeared in Showcase #4 (October 1956), created by writer Robert Kanigher and penciler Carmine Infantino. His name combines talk show hosts Barry Gray and Steve Allen. The Flash's power consists mainly of superhuman speed.",0,0,1,##final score: 1
1114819,what is durable medical equipment consist of,8579828,"HCPCS Procedure, Supply & DME (Durable Medical Equipment) Codes Grouped by the first two characters of the code: 1  HCPCS Medical Procedure, Supply, & DME Codes - A0 Codes.  HCPCS Medical Procedure, Supply, & DME Codes - A4 Codes.",1,1,2,##final score: 2
1121709,what are the three percenters?,7754666,"In California, blacks make up seven percent of the population, 28 percent of the prison population and 45 percent of the three-strikers. L ike wars, forest fires and bad marriages, really stupid laws are much easier to begin than they are to end.",0,0,1,##final score: 1
573724,what are the social determinants of health,7586523,"Medical/Public Health. Social workers who work in the medical field are always in high demand. It is projected that the number of jobs in medical/public health social work will grow by 22 percent through 2018, the highest rate in the social work field.",0,0,1,##final score: 1
1114819,what is durable medical equipment consist of,4544845,Long-term care insurance may also. help pay for help with activities of daily. living. Medical care in the home. Health insurance may cover services. from medical staff such as home health. agencies. MediCARE pays for home.,0,0,1,##final score: 1
451602,medicare's definition of mechanical ventilation,3090664,"MECHANICAL / FORCED VENTILATION. A building ventilation system that uses powered fans or blowers to provide fresh air to rooms when the natural forces of air pressure and gravity are not enough to circulate air through a building.echanical ventilation is used to control indoor air quality, excess humidity, odours, and contaminants can often be controlled via dilution or replacement with outside air. However, in humid climates specialised ventilation systems can remove excess moisture from the air.",0,0,1,##final score: 1
1113437,what is physical description of spruce,4751839,"For other uses, see Spruce (disambiguation). A spruce is a tree of the genus Picea /paɪˈsiːə/, a genus of about 35 species of coniferous evergreen trees in the family Pinaceae, found in the northern temperate and boreal (taiga) regions of the earth.",1,1,2,##final score: 2
207786,how are some sharks warm blooded,4218707,"White sharks have a unique system called a “counter current heat exchange”, which keeps their body tempreture +/- 7C above the surrounding water temperature. All sharks have an incredibly unique system on the tip of their nose called the “ampillae of Lorenzini”. These are small pores filled with a gel that transmits the electrical currents in the water to the shark’s brain so that it can assess its environment.",2,2,3,##final score: 3
573724,what are the social determinants of health,7199667,"The WHO later developed a Commission on Social Determinants of Health, which in 2008 published a report entitled Closing the Gap in a Generation. This report identified two broad areas of social determinants of health that needed to be addressed.",1,1,2,##final score: 2
87181,causes of left ventricular hypertrophy,8614360,"Read More. One of the most confusing ST-elevation mimics for paramedics is the “strain pattern” (or repolarization abnormality) occasionally found with left ventricular hypertrophy. This is important because left ventricular hypertrophy is one of the most common causes of ST segment elevation in chest pain patients.Many 12 lead ECG classes teach paramedics to recognize the voltage […]. Cardiac Rhythm Analysis, 12-Lead ECG Interpretation, Resuscitation.his is important because left ventricular hypertrophy is one of the most common causes of ST segment elevation in chest pain patients. Many 12 lead ECG classes teach paramedics to recognize the voltage […]. Cardiac Rhythm Analysis, 12-Lead ECG Interpretation, Resuscitation.",1,1,2,##final score: 2
915593,what types of food can you cook sous vide,4245927,"There is a rule about how long to cook the pork until done, but different cuts of meat have different thicknesses, and a meat thermometer is a good way cook pork perfectly. To cook the pork roast correctly, make sure you note how much the meat weighs, it takes approximately 25 minutes per pound at 350 degrees. The internal temperature of the pork roast should between 145 and 160 degrees. Do not overcook the pork, it will become dry.",0,0,1,##final score: 1
182539,example of monotonic function,2909961,"In calculus, a function f {\displaystyle f} defined on a subset of the real numbers with real values is called monotonic if and only if it is either entirely increasing or decreasing.",1,1,2,##final score: 2
1063750,why did the us volunterilay enter ww1,3802479,U.S. President Woodrow Wilson outlined the case for declaring war upon Germany in a speech to the joint houses of Congress on 2 April 1917.,1,1,2,##final score: 2
1129237,hydrogen is a liquid below what temperature,8150178,"BUT, because the concentration of hydrogen ions in water is ALWAYS the same as the concentration of hydroxide ions in water, liquid water will ALWAYS be neutral! The table below gives the value for the ion product for water, Kw, at various temperatures.",0,0,1,##final score: 1
1110199,what is wifi vs bluetooth,1901882,"The type of networks each standard creates is different as well. Bluetooth has no hub. Any two devices with Bluetooth adapters can connect to each other. A single Bluetooth-enabled device can connect to up to seven devices and each of those devices can connect to up to seven other devices. A Wi-Fi enabled network relies on a hub. All devices on a Wi-Fi network ultimately connect through a single wireless access point, also called a wireless router.",2,2,3,##final score: 3
1117099,what is a active margin,2153487,"The great majority of earthquakes occur at tectonic plate boundaries. The majority of great earthquakes (magnitude 8.0 or larger) are megathrust earthquakes that occur at convergent plate boundaries, also called destructive margins or subduction zones.",1,1,2,##final score: 2
156493,do goldfish grow,8725859,"Goldfish are able to live in a wide range of temperatures, so some overlap does exist. Many tropical fish can live in the mid 70s without any kind of problem, and this is also true of goldfish. It is, however, important to keep goldfish with species that require similar habitats and conditions.",0,0,1,##final score: 1
443396,lps laws definition,3721948,"By the time Ronald Reagan assumed the governorship in 1967, California had already deinstitutionalized more than half of its state hospital patients. That same year, California passed the landmark Lanterman-Petris-Short (LPS) Act, which virtually abolished involuntary hospitalization except in extreme cases.",3,3,2,##final score: 2
527433,types of dysarthria from cerebral palsy,7799466,"Speech delay occurs most often in those with an athetoid type of cerebral palsy. The following factors, alone or in combination, may account for the speech delay: hearing loss, incoordination or spasticity of the muscles of the tongue, coexisting mental retardation or a defect in the cerebral cortex.",2,2,1,##final score: 1
183378,exons definition biology,5391353,"These sequences, which help position the splicing apparatus, are found in the exons of genes and bind proteins that help recruit splicing machinery to the correct site. Most splicing occurs between exons on a single RNA transcript, but occasionally occurs, in which exons on different pre-mRNAs are ligated together.",1,1,2,##final score: 2
87181,causes of left ventricular hypertrophy,6484576,Left ventricular hypertrophy is a thickening of the wall of the heart's main pumping chamber. This thickening may result in elevation of pressure within the heart and sometimes poor pumping action. The most common cause is high blood pressure.,2,2,3,##final score: 3
490595,rsa definition key,5349564,"RSA Shorts Play all. The RSA Shorts animation series provides a snapshot of a big idea, blending voices from the RSA Public Events Programme and the creative talents of illustrators and animators from around the world.",0,0,1,##final score: 1
855410,what is theraderm used for,181258,Lanolin is a natural oily substance removed from sheep's wool. Lanolin is used in moisturizing lotions and creams to treat dry skin. Displaying 1 to 20 (of 38 products). 1 2 NEXT PAGE. Product Name+. Price. Buy Now. After shave Balm for Men-Lanolin for Him - 100ml. US$11.05. Qty.anolin is a natural oily substance removed from sheep's wool. Lanolin is used in moisturizing lotions and creams to treat dry skin. Displaying 1 to 20 (of 38 products). 1 2 NEXT PAGE. Product Name+. Price. Buy Now. After shave Balm for Men-Lanolin for Him - 100ml. US$11.05. Qty.,0,0,1,##final score: 1
1114646,what is famvir prescribed for,8117087,"Common Questions and Answers about Famvir no prescription famvir My doctor gave me a prescription for famvir, which I was able to start taking approx 30 hours after being infected...already had a significant patch of little white dots. It was the first one had every had (I know because I became very ill with a fever and night sweats etc a couple of days later).",1,1,2,##final score: 2
1037798,who is robert gray,184064,Roberts Fire More Info. Roberts Fire Information; Telephone Numbers; Special Notices,0,0,1,##final score: 1
359349,how to find the midsegment of a trapezoid,576629,The midsegment of a trapezoid has two special properties: 1  The midsegment of a trapezoid is parallel to each base. 2  The length of the midsegment of a trapezoid is equal to half the sum of the lengths of its bases.,3,3,2,##final score: 2
1103812,who formed the commonwealth of independent states,7280665,"In 1987, the Commonwealth Foundation established the annual Commonwealth Writers' Prize to encourage and reward the upsurge of new Commonwealth fiction and ensure that works of merit reach a wider",0,0,1,##final score: 1
489204,right pelvic pain causes,2899721,"Appendicitis pain may start in the lower right of the abdomen, or it may start centered over the belly button and then within hours or a few days move to the lower right, and then it stays there. Again: not everything in the lower right abdomen is appendicitis; in fact, in most cases, it's something else. But pain that moves around, back and forth, different locations at different times, usually not appendicitis.",1,1,2,##final score: 2
1133167,how is the weather in jamaica,8255701,"Access hourly, 10 day and 15 day forecasts along with up to the minute reports and videos for Montego Bay, Jamaica from AccuWeather.com Get the Montego Bay weather forecast. Access hourly, 10 day and 15 day forecasts along with up to the minute reports and videos for Montego Bay, Jamaica from AccuWeather.com Get the Montego Bay weather forecast. Access hourly, 10 day and 15 day forecasts along with up to the minute reports and videos for Montego Bay, Jamaica from AccuWeather.com my recent locations °c",1,1,2,##final score: 2
1114819,what is durable medical equipment consist of,8505797,"Medicare Part A (Hospital Insurance (HI)) program that pays for hospitalization, care in a skilled nursing facility, home health care and hospice care.   . program that pays for physician services, outpatient hospital services, durable medical equipment, and other services and supplies.",1,1,2,##final score: 2
87452,causes of military suicide,8333920,"War was the leading cause of death in the military nearly every year between 2004 and 2011 until suicides became the top means of dying for troops in 2012 and 2013, according to a bar chart published this week in a monthly Pentagon medical statistical analysis journal.",1,1,2,##final score: 2
264014,how long is life cycle of flea,96852,Flea Pupa. The flea larvae spin cocoons around themselves in which they move to the last phase of the flea life cycle and become adult fleas. The larvae can remain in the cocoon anywhere from one week to one year. Temperature is one factor that determines how long it will take for the adult flea to emerge from the cocoon.,1,1,2,##final score: 2
1037798,who is robert gray,4968778,"A portrait of Robert Brown. The Brownian motion was discovered by, and named after, a botanist called Robert Brown. A botanist is a person who studies plants. In 1827, he was observing some pollen grains when he saw that the pollen grains were moving mysteriously.",0,0,1,##final score: 1
1114819,what is durable medical equipment consist of,6900769,Medicare Part B (Medical Insurance) covers medically necessary durable medical equipment (DME) that your doctor prescribes for use in your home. Only your doctor can prescribe medical equipment for you. DME meets these criteria: 1  Durable (long-lasting)  Used for a medical reason.,2,2,3,##final score: 3
1114819,what is durable medical equipment consist of,3641927,"Medicare claims for DME (Items that have a medical purpose and repeated use) are suitable for coverage, and appeal if they have been denied, if they meet the following criteria: 1  The equipment has been prescribed as medically necessary by your physician. 2  It must be able to withstand repeated use.",2,2,3,##final score: 3
1112341,what is the daily life of thai people,1707321,"Officially throughout the country only the national currency of Thailand – Thai baht – is accepted. But if you have just arrived and did not have time for the currency exchange then you can pay for taxi in dollars or euros, where in fact it is difficult not to overpay.ead more about the currency exchange rates, Thai baht rates to other currencies and about bank cards and travel checks in a special article. Thai Baht has been the national currency of the Kingdom of Thailand since April 15, 1928.",1,1,0,##final score: 0
1121709,what are the three percenters?,8049577,"How do you know that you are REALLY a Three Percenter? What does it mean to be a Threeper? Questions often asked, and today I will answer those questions.",1,1,2,##final score: 2
1124210,tracheids are part of _____.,522219,"In this study, P4B was investigated as a label for the secondary cell walls of radiata pine tracheids. Although the data show some significant differences to Anderson et al. (2010), P4B was confirmed as an excellent stain for cellulose in pine tracheids, notably for the S1 and S3 layers.",1,1,2,##final score: 2
182539,example of monotonic function,6816579,"1. Characterized by or uttered in a monotone: a monotone recitation of names. 2. Of or having a single color: a cat with a monotone coat. 3. also mon·o·ton·ic (mŏn′ə-tŏn′ĭk) Mathematics Designating sequences, the successive members of which either consistently increase or decrease but do not oscillate in relative value.",1,1,2,##final score: 2
1133167,how is the weather in jamaica,2623303,"Weather in Jamaica - Check out the latest Weather Forecast, channels & reports for JM on Weather Underground.",1,1,2,##final score: 2
1124210,tracheids are part of _____.,522220,"Pontamine fast scarlet 4B: a new fluorescent dye for visualising cell wall organisation in radiata pine tracheids. 1  Jimmy ThomasAffiliated withSchool of Biological Sciences, The University of CanterburyCentral Wood Testing Laboratory, The Rubber Board.",1,1,2,##final score: 2
182539,example of monotonic function,8757182,"Additionally, new optimization technologies monotonically reduce design area and leakage power by an average of 20 percent while maintaining timing QoR. n,k], 1 [less than or equal to] k [less than or equal to] n, and it is a monotonically decreasing function in the open intervals (-[infinity], [x.",1,1,2,##final score: 2
87452,causes of military suicide,4654326,"Suicide is a leading cause of death among people who abuse alcohol, drugs, and other. substances. Alcohol and drug use disorders elevate risk for suicide ideation and attempts. Depression has many negative consequences in regard to suicide risk in those with COD.",1,1,2,##final score: 2
833860,what is the most popular food in switzerland,5167510,"Switzerland is well-known for the cuisine it produces, in particular cheese and chocolate. The country's food is diverse and seasonal, carrying influences from Italy, France and Germany. Traditional Swiss food is rich, in both flavor and calories, and rarely uses herbs and spices.ondue and Cheese. Cheese and fondue go hand in hand, but Swiss cuisine has several fondue variations. Swiss cheese, made up of raw milk, is perhaps the most famous cheese to come out of the country. Other famous cheeses are still produced by hand and include Gruyere, Gruyère, Emmentaler tete Tête, De moine Sbrinz. and vacherin",3,3,2,##final score: 2
1117099,what is a active margin,7879723,"Best Answer: The margin is simply the edge of a continental plate. Deep ocean basins are areas of oceanic crust on the ocean floor. They are usually not on a plate margin, part of a deep ocean basin may be near a continental margin, but they are not margins themselves. Source(s): Punk Rock and Minerals · 9 years ago",1,1,2,##final score: 2
168216,does legionella pneumophila cause pneumonia,851272,"Viral pneumonia is usually not serious and lasts for a shorter time than bacterial pneumonia. Mycoplasma pneumonia: Mycoplasma organisms are not viruses or bacteria, but they have traits common to both. Mycoplasmas generally cause mild cases of pneumonia, most often in older children and young adults.",0,0,1,##final score: 1
264014,how long is life cycle of flea,528375,"The Pet Shed Petcyclopedia explains that a flea can live for a little over 130 days when it has access to a host. When a flea loses its host, it must find a new one as quickly as possible. According to 1-800-PetMeds, a little over half of newborn fleas may be able to survive for two months without a host if their environment is humid enough.",2,2,3,##final score: 3
148538,difference between rn and bsn,512199,"Level of Nursing Education Determines Salary Levels in California. In 2013, the median salary for BSN-educated RNs in California was 82.8% higher than that of licensed vocational nurses that same year. According to the US Department of Labor, the median income among California’s LVNs was $51,600 versus $94,300 for BSN-educated RNs.",1,1,2,##final score: 2
1121709,what are the three percenters?,8049582,"In addition to the Oath Keepers’ patch, the soldier is wearing patches for the Three Percenters; one patch that reads three percent and another with a version of the American flag with the Roman numeral III. At least one supporter has labeled this symbol the group's battle flag.",1,1,2,##final score: 2
490595,rsa definition key,7279004,"In this method, every user has the same encryption algorithm and the key. The decryption algorithm and the key, however, are kept secret. Anyone can encrypt the information, but only an authorized receiver can decrypt it. Character-Level Encryption In this method, encryption is done at the character level.",0,0,1,##final score: 1
1037798,who is robert gray,1720808,"Robert: Robert is 46 and earns $90,000 plus his employer’s 9.5% SG contributions of $8,550 (total package of $98,550). Robert was planning to salary sacrifice $30,000 for the 2015/2016 year and make the most of his contributions cap.",0,0,1,##final score: 1
1063750,why did the us volunterilay enter ww1,5057640,There was no reason for the United States to have entered before it did. The USSR and Germany weren’t fighting until 1941 - Not much benefit for the US to take the brunt of the German assault alone when the Soviets were willing to act as a punching bag.,0,0,1,##final score: 1
182539,example of monotonic function,8299668,"page 1 of 3. First, let's establish some definitions: f is said to be increasing on an interval I if for all x in I, whenever. f is said to be decreasing on an interval I if for all x in I, whenever. A function is monotonic on an interval I if it is only increasing or only decreasing on I. The derivative can help us determine whether a function is increasing or decreasing on an interval. This knowledge will later allow us to sketch rough graphs of functions. Let f be continuous on [a, b] and differentiable on (a, b) . If for all x on (a, b) , then f is increasing on [a, b] . If for all x on (a, b) , then f is decreasing on [a, b] . This should make intuitive sense. In the graph below, wherever the slope of the tangent is positive, the function seems to be increasing.",1,1,2,##final score: 2
47923,axon terminals or synaptic knob definition,2749477,"A chemical substance that is released into the synaptic cleft from the axon terminal of a sending neuron, crosses a synapse, and binds to apprpriate receptor sites on the dendrites or cell body of a receiving neuron, influencing the cell either to fire or not to fire. Receptors.",1,1,2,##final score: 2
47923,axon terminals or synaptic knob definition,2772864,"Synaptic signals from other neurons are received by the soma and dendrites; signals to other neurons are transmitted by the axon. A typical synapse, then, is a contact between the axon of one neuron and a dendrite or soma of another.Synaptic signals may be excitatory or inhibitory. typical neuron consists of a cell body (soma), dendrites, and an axon.",1,1,2,##final score: 2
855410,what is theraderm used for,6090181,"Rodan and Fields offers a complete line of skincare products for different skin types. From acne and blemish treatments to anti-aging and soothing products for women with sensitive skin, you’ll find a line of skincare products that will best suit your skin type and will address your skin’s problems.",0,0,1,##final score: 1
451602,medicare's definition of mechanical ventilation,264875,"Intubation is the process of placing a tube into the body for medical purposes. Typically, intubation refers to the placement of an endotracheal tube to assist the patient when they are not breathing effectively. The tube is placed into the trachea and connected to an assistive device for breathing.",1,1,2,##final score: 2
207786,how are some sharks warm blooded,8273758,More on Warm-Bodied Sharks. Shortfin Mako (Isurus oxyrinchus) A question came across SHARK-L concerning makos being considered warm-blooded and various replies touch upon aspects of the topic. I responded to the original query and went onto expand upon or correct some of those responses.,1,1,2,##final score: 2
1037798,who is robert gray,4297405,"Gray asexuality. Gray asexuality or gray-sexuality (sometimes spelled grey) is the spectrum between asexuality and sexuality. Individuals who identify with gray asexuality are referred to as being gray-A, a grace or a gray ace, and make up what is referred to as the ace umbrella.",0,0,1,##final score: 1
855410,what is theraderm used for,4810235,"The human uses of lanolin are very similar to the sheep’s. It is used as an emollient in cosmetics, skin care, hair care, toiletries, and personal care products. It is also a common ingredient in medicine, especially dermatological agents.",0,0,1,##final score: 1
1114819,what is durable medical equipment consist of,771719,"What is a Durable Medical Equipment Suppliers Bond (DMEPOS)? A Durable Medical Equipment Suppliers Bond (also called a DMEPOS Bond, Medicare Bond or Medicaid Bond) is a federal surety bond required by the Centers for Medicare and Medicaid Services for suppliers of durable medical equipment, prosthetics, orthotics and supplies. The purpose of the bond is to help reduce the prevalence of Medicare billing fraud.",1,1,2,##final score: 2
489204,right pelvic pain causes,415420,This section discusses 41 medical conditions causing Right upper quadrant pain. A simple discussion of these causes with additional information is below. The following medical conditions are some of the possible causes of Right upper quadrant pain.,1,1,0,##final score: 0
1037798,who is robert gray,8230729,"Related to Eve C Vardanega, Terri Rene Roberts, John Howard Roberts, Janet Irene Roberts I, Timothy W Roberts, Roberts, Eve C Roberts Show all locations and family View Details",0,0,1,##final score: 1
1133167,how is the weather in jamaica,3074598,"Jamaica weather in August is just as hot as in July... ...but usually with much more showers. The high humidity and the heat combine to produce frequent afternoon thunderstorms. If you're visiting Jamaica in August prepare to sweat a lot! Be sure to bring a hat, your sunglasses and lots of sunscreen! Jamaica Weather in August. Average High in August: 91°F / 32°F. Average Low in August: 75°F / 24°F. Average Rain in August: 5.2 / 132mm. We're almost in the middle of the Atlantic hurricane season. If you're travelling to the Caribbean at this time of the year, you'll want to keep a close eye on the weather.",2,2,3,##final score: 3
1133167,how is the weather in jamaica,1883278,September in jamaica(weather) - Montego Bay Forum. September in jamaica(weather) Which Montego Bay hotels are on sale? My wife and I will be going to RDMB for our 10th wedding anniversary and would like to know if we have a good chane of having some decent weather? we are praying for great weather.,1,1,2,##final score: 2
1114819,what is durable medical equipment consist of,6611820,"Our staff is a available Monday-Friday from 9am - 5pm for assistance by calling 1-866-218-0902, by fax at 941-488-0011, and by e-mail at support@medicaldepartmentstore.com. MDS is a full service Durable Medical Equipment (DME)/Home Medical Equipment (HME) provider of equipment and supplies for Sale, Rental or Repair.",1,1,2,##final score: 2
1124210,tracheids are part of _____.,943794,Definition of TORUS. 1. : a large molding of convex profile commonly occurring as the lowest molding in the base of a column.2. : the thickening of a membrane closing a wood-cell pit (as of gymnosperm tracheids) having the secondary cell wall arched over the pit cavity.3.efinition of TORUS. 1. : a large molding of convex profile commonly occurring as the lowest molding in the base of a column. 2. : the thickening of a membrane closing a wood-cell pit (as of gymnosperm tracheids) having the secondary cell wall arched over the pit cavity. 3.,1,1,2,##final score: 2
1037798,who is robert gray,3030655,"Pampa, Texas. Pampa is a city in Gray County, Texas, United States. The population was 17,994 as of the 2010 census. Pampa is the county seat of Gray County and is the principal city of the Pampa Micropolitan Statistical Area, which includes both Gray and Roberts counties.",0,0,1,##final score: 1
1121709,what are the three percenters?,3145987,"An agent has two sets of clients: the talent (actors, models, voice-over artists, etc.) and the buyer. The buyer can be a casting director, advertising agency, production company, photographer, or direct client if the client has an in-house production staff.n many cases, casting directors, or other businesses go to talent agencies to find the artists for whom they are looking. The agent is paid a percentage of the star's earnings (typically 10%). Therefore agents are sometimes referred to as 10 percenters.. Various regulations govern different types of agents.",0,0,1,##final score: 1
156493,do goldfish grow,5346660,"Goldfish ponds need to provide clean, well oxygenated water for its inhabitants to grow up happy and healthy. A goldfish can grow up to 12 inches(30cm) plus. The minimum size pond is 8 feet X 6 feet and 3 feet deep(2.5m X 2m X 1m).The larger the pond the better for your goldfish. Being tempted to economise, some people end up building 2 or 3 ponds to get to the desired size.tep #3: If your pond is 8 feet X 6 feet X 4 feed deep, the liner would have to be 17 feet long and 15 feet wide. Double of the width and length + add 1 foot as excess on the side.",2,2,3,##final score: 3
131843,definition of a sigmet,2943307,"They are usually issued for a duration of one hour. They can be issued without a Severe Thunderstorm Watch being already in effect. Like a Tornado Warning, the Severe Thunderstorm Warning is issued by your National Weather Service Forecast Office (see map above).",0,0,1,##final score: 1
1121402,what can contour plowing reduce,4449267,Best Answer: 5) Which is the best way to prevent soil erosion on a farm? a) Plow fields along contour lines. 6) Freshwater is usually considered a renewable resource. In what way is water like a nonrenewable resource? a) Earth has a limited supply of water.,2,2,3,##final score: 3
451602,medicare's definition of mechanical ventilation,8214451,"Mechanical ventilation is often a life-saving intervention, but carries many potential complications including pneumothorax, airway injury, alveolar damage, and ventilator-associated pneumonia.. In many healthcare systems prolonged ventilation as part of intensive care is a limited resource (in that there are only",1,1,2,##final score: 2
168216,does legionella pneumophila cause pneumonia,1832002,"Rifampin or rifampicin (USAN) is a bacteriocidal antibiotic drug of the rifamycin group. It is a semisynthetic compound derived from Streptomyces mediterranei, and may be abbreviated as RIF, RMP, RD or R.dditionally, this medication is also used to treat listeria species, neisseria gonorrhoeae, haemophilus influenzae and legionella pneumophila. For these non-standard indications, sensitivity testing should be done (if possible) before starting rifampicin therapy.",1,1,2,##final score: 2
1114819,what is durable medical equipment consist of,8653330,Most insurance plans provide coverage for insulin pump therapy and diabetes testing supplies under a Durable Medical Equipment (DME) clause. Pump manufacturers’ insurance departments have the expertise to negotiate approval for payment with your insurance provider.,2,2,1,##final score: 1
156493,do goldfish grow,5506858,"Even in a bowl, a goldfish needs a water filter to stay healthy. The goldfish is hardy, but give him a simple fish bowl for a habitat and you'll stunt his life span, because the water quality will suffer.",1,1,2,##final score: 2
168216,does legionella pneumophila cause pneumonia,3670943,Legionella Reporting Legionella Water Risk Assessment – Legionella is an increasing health risk and as a result it is now a legal requirement for private landlords and/or agents (and anyone with ‘multi-occupancy’ properties) under the improvements to the L8 document (Approved Code of Practice for Legionnaires’ Disease) to have a 12 monthly checks done to demonstrate the water systems are clean and healthy.,1,1,2,##final score: 2
359349,how to find the midsegment of a trapezoid,576628,"The midpoint of the red segment pictured on the left is the point (A, 2b). The most important thing to remember is that a midpoint bisects a line (cuts a line into two equal halves). The midsegment of a trapezoid is the segment that joins the midpoints of the nonparallel sides of a trapezoid. In the trapezoid below, the midpoints of the non-parallel sides are points S and V. The midsegment is the red line segment from S to V. The midsegment below can be found by. calculating the lengths of the bases 35-16 = 9 (length of upper base) 45-0 =45 (length of lower base) calculating the sum of the bases 9+45 = 54.",2,2,3,##final score: 3
1114819,what is durable medical equipment consist of,126883,The following NYS Medicaid durable medical equipment (DME) fee schedule columns will not be applicable in the WC DME fee schedule: MAX UNITS: Maximum units allowed per month. PA: Prior approval. CHANGE: The CHANGE column indicating a change in the code since the last fee schedule was posted.,1,1,2,##final score: 2
1037798,who is robert gray,8820474,"Medley: Just Like Me / Summer Song/ Tall Dark Stranger - Rachel and the Stranger (Robert Mitchum, Loretta Young, Gary Gray)",0,0,1,##final score: 1
573724,what are the social determinants of health,4017883,"In the spirit of social justice, the Commission on Social. Determinants of Health was set up by the World Health. Organization (WHO) in 2005 to marshal the evidence. on what can be done to promote health equity, and to. foster a global movement to achieve it. As the Commission has done its work, several.",1,1,2,##final score: 2
264014,how long is life cycle of flea,2420367,The flea life cycle. Adult fleas spend most of their time on your dog or cat. They can live up to two years and a female will start laying eggs within two days of finding a host. The eggs that are laid by females fall off the cat or dog into the environment along with ‘flea dirts’ (flea excrement).,2,2,3,##final score: 3
1103812,who formed the commonwealth of independent states,2165733,"The Soviet Union did not enter a team until 1956. Canada did not enter a team in 1972 or 1976. NHL players did not participate in Olympic hockey until 1998. * CIS is the Commonwealth of Independent States, the name taken by the old Soviet Union team in 1992, after the USSR broke up the previous year. See also: Olympic Women's Hockey medal results.",1,1,2,##final score: 2
451602,medicare's definition of mechanical ventilation,2231589,"A metal or plastic tube, called a tracheotomy tube, is inserted through the opening. This tube acts like a windpipe and allows the person to breathe. Oxygen or a mechanical ventilator may be hooked up to the tube to bring oxygen to the lungs. A dressing is placed around the opening.",1,1,2,##final score: 2
182539,example of monotonic function,7850108,"rpa benefits rpa benefits Our main objetive is to provide RPA benefits to society offering the possibility of improving the current competitiveness in most sectors of the economy. Thanks to RPA, we manage to transfer the most repetitive , monotonous, and lacking value tasks for teams to the robots, releasing these resources to higher value tasks and economic profitability. If you want to avoid the monotonous tasks and dedicate your human team to tasks of greater value, do not hesitate and contact us",0,0,1,##final score: 1
1063750,why did the us volunterilay enter ww1,6465909,"On April 4, 1917, the U.S. Senate voted in support of the measure to declare war on Germany. The House concurred two days later. The United States later declared war on German ally Austria-Hungary on December 7, 1917.",1,1,2,##final score: 2
1063750,why did the us volunterilay enter ww1,2516,"British declaration of war in WW1 In WW1 Britain declared war on Germany on 4 August 1914 shortly after German troops entered Belgium. British declaration of war in WW2 In … WW2 Britain declared war on Germany on 3 September 1939.The British Prime Minister, Neville Chamberlain, declared war on Germany on September 3, 1939, two days after the Nazi Germans invaded and attacked Poland.Obviously, he did so with the backing of Parliament.3rd September 1939. It was a joint declaration of war by Britain and France.reat Britain declared war on Germany and did not come to the rescue of Poland as they had intended to do. They did try to help France defeat the Nazi Germans. It was a failur … e. There was a period of about 4 months duration (I believe it was that long) that was called the Phony War.",0,0,1,##final score: 1
1114819,what is durable medical equipment consist of,5673333,"Medicare Part B is for outpatient care, durable medical equipment, and home health care. Part D is for prescription coverage. Not all persons will elect to have coverage in all three areas. Medicaid is more comprehensive in its coverage, but the benefits are specific to the age group.",1,1,2,##final score: 2
183378,exons definition biology,5867685,Definitions of dominant gene. 1. “the dominant gene for brown eyes”. (genetics) a segment of DNA that is involved in producing a polypeptide chain; it can include regions preceding and following the coding DNA as well as introns between the exons; it is considered a unit of heredity.,1,1,2,##final score: 2
1114819,what is durable medical equipment consist of,8579830,This section lists the HCPCS codes and maximum allowances for Durable Medical Equipment (DME). Refer to the Durable Medical Equipment (DME): An Overview section in the appropriate Part 2 manual for general policy information. equipment shall be limited to the lowest cost item that meets the patient’s medical needs.,1,1,2,##final score: 2
264014,how long is life cycle of flea,5635522,"It can take as little as a couple days or as long as a couple weeks for flea eggs to hatch.Upon reaching adulthood, fleas may live a few more weeks, or up to a year or longer depending on numerous external factors.t can take as little as a couple days or as long as a couple weeks for flea eggs to hatch.",2,2,3,##final score: 3
168216,does legionella pneumophila cause pneumonia,6457806,"Education and information about cooling towers, including what cooling towers are, a brief summary of how they work, what cooling towers are used for (heating, ventilation, air conditioning / HVAC, industrial purposes), and the relationship between cooling towers and Legionnaires' disease / Legionella bacteria.",1,1,2,##final score: 2
833860,what is the most popular food in switzerland,8344031,"Switzerland. The food of the Swiss is unusual in that it has so many regional influences from the cuisine of its neighbors. This includes the French, German and Italians. Historically, Switzerland was a farming country, and the most popular crops and foods include cheese and potatoes as well as chocolate.he food in Europe can be characterized by four categories: meats, sugar, cereals, and fats. Meats include tripe, fish, blood sausages, and wild game. Brought from India and the New World, cane sugar became a necessary ingredient in European recipes and foods.",3,3,2,##final score: 2
1113437,what is physical description of spruce,5546283,"Needles are the major point of differentiation between fir and pine trees. The needles of a fir tree are soft and flat on two sides. The needles of pine trees are also soft, but also glossy and thin like a thread. The needles of fir trees are shorter in length, often less than 2 inches long.",0,0,1,##final score: 1
443396,lps laws definition,1371893,"Tags: 4975 disqualified person mother-in-law, brother-in-law & party in interest, brother-in-law & party in interest & prohibited transaction, c corporation prohibited transaction 4975 s corporation, collectible coins irs tax status, collectibles defined, control group ira, control group prohibited transaction, controlled group chart, disqualified party legal definition, disqualified person irs definition, disqualified persons in-law, in laws funding ...",0,0,1,##final score: 1
104861,cost of interior concrete flooring,1922603,"Cost of Staining Concrete. Time: 01:56. View all concrete floor videos. The cost of staining will vary considerably depending on the complexity of the stain application, surface prep requirements, the size of the job, the type of sealer used, and your local market.",1,1,2,##final score: 2
1114819,what is durable medical equipment consist of,694735,Medicare Part B (Medical Insurance) covers medically necessary durable medical equipment (DME) that your doctor prescribes for use in your home. Only your doctor can prescribe medical equipment for you. DME meets these criteria: 1  Durable (long-lasting). 2  Used for a medical reason.,2,2,3,##final score: 3
443396,lps laws definition,7748070,"Oral Lichen Planus (LP), a disease defined as reticular, erosive, atrophic, or bullous in nature, is an immune. mediated condition that typically develops in women. in their fifth and sixth decade. Reticular LP, absent ery-. thema, is asymptomatic and does not usually need inter-. vention.",0,0,1,##final score: 1
264014,how long is life cycle of flea,5780490,"How long can a dog go without water? The Pet Shed Petcyclopedia explains that a flea can live for a little over 130 days when it has access to a host. When a flea loses its host, it must find a new one as quickly as possible. According to 1-800-PetMeds, a little over half of newborn fleas may be able to survive for two months without a host if their environment is humid enough.",2,2,3,##final score: 3
264014,how long is life cycle of flea,3105355,"It takes just over a day for the fruit fly egg to hatch. He'll spend about a week in the larval stage and a week in the pupal stage, becoming an adult about two weeks after he's hatched. He can expect to live between eight and 10 days, though some fruit flies last as long as a month.",0,0,1,##final score: 1
1133167,how is the weather in jamaica,8405630,"Get Negril, Jamaica typical March Weather including average and record temperatures from AccuWeather.com",1,1,2,##final score: 2
1114819,what is durable medical equipment consist of,1315999,"One mistake that some people make is purchasing items they believe they need and then filing a claim through Medicare for the durable medical equipment. This will not be approved in this manner. Rather, your doctor must specifically prescribe the equipment for you to use.",1,1,2,##final score: 2
131843,definition of a sigmet,3173221,"What exactly distinguishes a “severe” thunderstorm from any other thunderstorm? The official definition of a “severe” storm may strike you as arbitrary. According to the National Weather Service, a severe thunderstorm must include winds of 58 MPH or greater, hail one inch in diameter or larger, or a tornado.",0,0,1,##final score: 1
146187,difference between a mcdouble and a double cheeseburger,6658185,"The reason that healthy is in quotes is that fast food restaurants' salads are often even worse for you than their burgers. The Wendy's Mandarin Chicken Salad, for example, beats the quarter pound Wendy's Double Stack cheeseburger in fat, sugar, carbs and total calories. Not as healthy as a Wendy's cheeseburger.",0,0,1,##final score: 1
148538,difference between rn and bsn,985493,Share it with your friends/family. 1  Difference Between LPN and RN. 2  Difference Between RN and RPN. 3  Difference Between Nurse and Nurse Practitioner. 4  Difference Between NP and MD. 5  Difference Between ADN and BSN. 6  Differences between a Licensed practical nurse and a Patient care technician. 7  Difference Between CNA and MA.,1,1,2,##final score: 2
207786,how are some sharks warm blooded,1029962,"1/6. 1  In Gansbaai, the largest white shark ever caught was at Danger Point and measured up to 5.9m. 2  If you see a white shark in the water don’t panic. 3  White sharks have a unique system called a “counter current heat exchange”, which keeps their body tempreture +/- 7C above the surrounding water temperature.",2,2,3,##final score: 3
156493,do goldfish grow,5022725,"Home | Products | Downloads | Buy Now | Support | FAQ | Android App | Contact Us. Digital Goldfish Screensaver is a 3D goldfish aquarium screensaver which shows 25 species of goldfish swimming on your desktop. You can feed the goldfish in order to get them to grow. The goldfish will head for the food and eat it. Compatible with Windows XP, Windows Vista, Windows 7, and Windows 8. Free Download | More Info | Support | Faq.",1,1,2,##final score: 2
833860,what is the most popular food in switzerland,3494809,"Switzerland actually has four national languages: German French, Italian, and Romansh. German is the most widely spoken, but it only has the largest plurality, it is not spoken by the majority as their first language. Good Luck!!!",0,0,1,##final score: 1
47923,axon terminals or synaptic knob definition,5051722,"Synaptic signals from other neurons are received by the soma and dendrites; signals to other neurons are transmitted by the axon. A typical synapse, then, is a contact between the axon of one neuron and a dendrite or soma of another.",1,1,2,##final score: 2
833860,what is the most popular food in switzerland,8069063,"The Best Cheeses of Italy. Italian cheese. A list of the best cheeses from Italy. With its countless textures, flavors, and recipes, cheese is one of the most diverse types of food in the world.",0,0,1,##final score: 1
962179,when was the salvation army founded,2329696,"William Booth (1829 – 1912) founded the Salvation Army – a quasi military religious organisation dedicated to offering humanitarian aid and tackling the material and spiritual poverty of the Victorian age.William Booth converted to Methodism as a young adult and was a fervent believer in evangelical Christianity.hort Bio William Booth. William Booth was born in Sneinton, Nottingham, England in 1829. Although his family were relatively prosperous, his father later lost his money and was declared bankrupt. William grew up in a situation of poverty. Aged only 13, Booth was apprenticed to a pawnbroker to earn a living.",1,1,2,##final score: 2
1121402,what can contour plowing reduce,8453588,"Although you can definitely lose inches, it is not meant as a weight loss procedure. CoolSculpting works best if you have areas of fat that you wish to reduce or contour, and in most people will reduce fat by 20 to 30%.",0,0,1,##final score: 1
443396,lps laws definition,3440853,"The purpose of this brochure is to explain two legal holds used to. keep patients in psychiatric hospitals involuntarily: the 72-hour hold. and the 14-day hold. These involuntary holds are the entry point for. many patients into California’s mental health system. During these involuntary holds, patients have legal rights. The rights. can be found in the patients’ rights handbook and on the patients’. rights poster.",2,2,1,##final score: 1
962179,when was the salvation army founded,4511501,"On Retail: Salvation Army to close Madison thrift store. The Salvation Army Thrift Store, 4636 E. Washington Ave., will close at the end of February. Officials with the Salvation Army say they are looking for a less-expensive Madison location but have not found a suitable site.",0,0,1,##final score: 1
833860,what is the most popular food in switzerland,8068233,"Not all Swiss cheese has holes. When I was a kid, we used to refer to Swiss cheese as rat cheese, because it was the type of cheese always depicted in cartoons featuring mice and rats. Later I learned that not all cheese with holes is Swiss cheese and not all Swiss cheese has holes. Swiss Cheese Varieties. The two most famous original Swiss cheeses are Emmental and Gruyére, both of which are highly prized in fondues.",1,1,2,##final score: 2
1115776,what is an aml surveillance analyst,5605159,"Hence, NK cells are considered to be important in the immune surveillance of cancer. In acute myeloid leukemia (AML) patients, however, significantly impaired NK cell functions can facilitate escape from immune surveillance and affect patient outcome.",0,0,1,##final score: 1
207786,how are some sharks warm blooded,4672265,"Myth 5: Sharks Can Detect a Single Drop of Blood in the Ocean! Sharks are often portrayed as having an almost supernatural sense of smell. However, reports that sharks can smell a single drop of blood in a vast ocean are greatly exaggerated. While some sharks can detect blood at one part per million, that hardly qualifies as the entire ocean. Sharks do, however, have an acute sense of smell and a sensitive olfactory system--much more so than humans.",0,0,1,##final score: 1
443396,lps laws definition,3440850,"Section 5150 is a section of the California Welfare and Institutions Code (WIC) (in particular, the Lanterman–Petris–Short Act or LPS) which authorizes a qualified officer or clinician to involuntarily confine a person suspected to have a mental disorder that makes them a danger to themselves, a danger to others, and/or gravely disabled.",3,3,2,##final score: 2
1121402,what can contour plowing reduce,6717340,"to till the soil or work with a plow. to take plowing in a specified way: land that plows easily. to move forcefully through something in the manner of a plow (often followed by through, into, along, etc.): The cop plowed through the crowd, chasing after the thief.",0,0,1,##final score: 1
1121402,what can contour plowing reduce,4608938,"It is also important to note that a lot of project builders will not build on a block with a greater slope than 3 metres. Soil and Contour Test – This test will cost you around $1,500-$2,000 and is done to test your soil quality and the contour of your block.",0,0,1,##final score: 1
1114819,what is durable medical equipment consist of,8125457,"A fixed dollar amount that must be paid by an insured patient, normally during an annual period, before the insurance company pays the cost of medical services. Diabetes Education. Includes formal training on prevention and management of diabetes, with scheduled follow-up and screening. Durable medical equipment",1,1,2,##final score: 2
1129237,hydrogen is a liquid below what temperature,8414421,When two or more atoms of the same element or a different element combine they form a compound. ie. Hydrogen and Oxygen can combine and form a compound (hydrogen dioxide) … or two hydrogen atoms can combine and form a compound. 1 person found this useful.,0,0,1,##final score: 1
19335,anthropological definition of environment,8412685,"In the 1960s, ecological anthropology first appeared as a response to cultural ecology, a sub-field of anthropology led by Julian Steward.Steward focused on studying different modes of subsistence as methods of energy transfer and then analyzed how they determine other aspects of culture.he first ecological anthropologists explored the idea that humans as ecological populations should be the unit of analysis, and culture became the means by which that population alters and adapts to the environment.",1,1,2,##final score: 2
87181,causes of left ventricular hypertrophy,7057928,"In this condition, the walls of the left and/or right ventricles of the heart become thin and stretched. The result is an enlarged heart. In the other types of cardiomegaly, the heart's large muscular left ventricle becomes abnormally thick. Hypertrophy is usually what causes left ventricular enlargement.",1,1,2,##final score: 2
19335,anthropological definition of environment,1958100,Home Culture Culture in Anthropological Perspective. According to the definition given by E.B Taylor culture has been portrayed as a social heritage as the gift of society to an individual. Malinowski pointed out that the social heritage has both material and non-material aspects to it. Marett defines culture as communicable intelligence.,0,0,1,##final score: 1
183378,exons definition biology,711450,"Biology is the science of life. A more realistic and accurate definition of Biology is the reductionist definition: Biology is the natural science that studies the no-spontaneous transfer of energy and the quasi-stable systems that experience it. Now that we have inferred a realistic definition of life, things will go easier.",0,0,1,##final score: 1
1133167,how is the weather in jamaica,8755113,"Casinos in Jamaica The Best Ones Right Now. Jamaica was never known for gambling, but with the approval by the government on casinos in Jamaica in 2015 this may change pretty soon.",0,0,1,##final score: 1
489204,right pelvic pain causes,7113309,The right lower abdominal area refers to the region to the right of the invisible line drawn from the navel to the groin. Pain here and in your lower back can have a number of causes. About Pain that occurs in the lower right abdominal is caused by either one of the organs which are housed there or due to a more generalized pain from other areas. The same holds true for the lower back where pain often generalizes from abdominal distress.,1,1,2,##final score: 2
573724,what are the social determinants of health,5962420,"While the social. determinants of health serves as a general. policy construct, the Committee believes that. there are distinct rural considerations that. policymakers must keep in mind when. deciding how to develop and align health and. human service systems such that they are able.",1,1,2,##final score: 2
915593,what types of food can you cook sous vide,6263225,"STEP 1. Place the steaks in the pan and firm them down to the base of the pan. This will help seal in the steak juices. Cooking times will vary according to how you like your steak. Below we list the cooking times for rare, medium and well done steak which is 2cm thick.TEP 1. Place the steaks in the pan and firm them down to the base of the pan. This will help seal in the steak juices. Cooking times will vary according to how you like your steak. Below we list the cooking times for rare, medium and well done steak which is 2cm thick.",0,0,1,##final score: 1
1129237,hydrogen is a liquid below what temperature,7977373,"He showed me a thermos full of colorless, liquid nitrogen. It was about -321 degrees Fahrenheit. We can’t see it with our eyes, but I found out about 78 percent of our air is made up of nitrogen in its gas form. You may have heard about states of matter, like liquids, solids and gases.",0,0,1,##final score: 1
1121709,what are the three percenters?,3709758,1 10 percent of what they READ. 2  20 percent of what they HEAR. 3  30 percent of what they SEE. 4  50 percent of what they SEE and HEAR. 5  70 percent of what they SAY and WRITE.  90 percent of what they DO.,0,0,1,##final score: 1
183378,exons definition biology,749548,"What is the difference between whole genome AND whole exome sequencing? While whole exome sequencing looks at the exon regions of the genome, whole exome sequencing looks at both the exons and introns covering the entire genome.Only about 15% of disease-causing mutations can be found in the introns.hat is the difference between whole genome AND whole exome sequencing? While whole exome sequencing looks at the exon regions of the genome, whole exome sequencing looks at both the exons and introns covering the entire genome.",1,1,2,##final score: 2
156493,do goldfish grow,8820525,"That's the request from the Alberta government, which is trying to get Canadians to refrain from dumping out their fish tanks into ponds. Because those ponds are filling up with those discarded goldfish, which are getting really, really big in the wild. [No, this creepy fish found in New Jersey probably won’t bite your testicles] Or, as the CBC notes: Goldfish the size of dinner plates are multiplying like bunnies..",2,2,3,##final score: 3
131843,definition of a sigmet,8305154,"When significant flight/weather events are observed or forecast, then a SIGMET is issued by the office responsible (Bracknell for London, Scottish and the Shanwick Oceanic FIR's (Flight Information Regions); Dublin for the Shannon FIR) for such as embedded (EMBD) or frequent (FRQ) cumulonimbus (CB) or thunderstorms (TS); severe icing (SEV ICE) in ...",3,3,2,##final score: 2
207786,how are some sharks warm blooded,3839375,"MYTH: Sharks eat all the time. FACT: Sharks eat periodically depending upon their metabolism and the availability of food in the area. Some sharks, like the lemon shark eat less than two percent of their body weight per day. MYTH: Shark meat doesn’t taste good, and is sometimes is poisonous.",0,0,1,##final score: 1
1037798,who is robert gray,7943228,"ORDER. GRAY H. MILLER, District Judge. Pending before the court are (1) a motion to exclude the testimony of L.J. Gunter, Robert Kahak, Gregory Scheig, and Dennie Rygaard, filed by defendant Survival Systems International, Inc. (SSI) (Dkt.SI's experts are Mark Beatty, James Nelson, and Robert Markle. Dkt. 57. Beatty is SSI's financial expert, Nelson is an engineer who tested the Triple 5 hooks for this case, and Markle worked for the U.S. Coast Guard for numerous years and is offered to testify about safety, training, and regulatory issues.",0,0,1,##final score: 1
1117099,what is a active margin,4441319,A-C. Abyssal Plain The flat area of the ocean basins between oceanic ridges and trenches or passive margins. Average depth of the abyssal plain is 4km below sea level. Typically the sedimentary rocks forming here are black shales and turbidites.Accretionary Wedge (prism) A zone of deformed sediment made up of thrust slices scraped off a subducting oceanic plate and added onto the over-riding plate.ontinental Crust A collective term for the crust that forming the continents; it has an average thickness of 35 km but can be up to 70 km under mountain ranges. Typically the composition is granitic with a density of 2.7 meaning that it is too buoyant to be subducted at convergent (destructive) plate margins.,1,1,2,##final score: 2
183378,exons definition biology,1730044,"Exome sequencing, also known as whole exome sequencing (WES), is a transcriptomics technique for sequencing all of the protein-coding genes in a genome (known as the exome). It consists of two steps: the first step is to select only the subset of DNA that encodes proteins.",1,1,2,##final score: 2
833860,what is the most popular food in switzerland,5595071,The Switzerland country code is 41. Get the mobile country codes for Switzerland. Switzerland Information: Switzerland Emergency Numbers. Local Telephone Prefix: More ways to call Switzerland: Switzerland on Wikipedia The currency of Switzerland is the Swiss Franc. The nationality of Switzerland is Swiss.,0,0,1,##final score: 1
451602,medicare's definition of mechanical ventilation,1078134,"Numerous decisions need to be made once it is determined that a patient requires mechanical ventilation, including the mode of mechanical ventilation. The mode refers to the method of inspiratory support. Its selection is generally based on clinician familiarity and institutional preferences since there is a paucity of evidence indicating that the mode affects clinical outcome. Common modes of mechanical ventilation are described in this topic review (table 1).",1,1,2,##final score: 2
1133167,how is the weather in jamaica,563738,"Jamaica On a Budget. Winnifred Beach. Jamaica is a Caribbean island country that is located just south of Cuba. It's a dramatically mountainous island that is surprisingly affordable when compared to other island countries in the Caribbean. It has a population of about 2.8 million people and its economy is mainly dependent on tourism, coffee, and other exports. The weather in Jamaica is generally hot and humid year around.",2,2,3,##final score: 3
1117099,what is a active margin,4393950,"(February 2016) In plate tectonics, a convergent boundary, also known as a destructive plate boundary, is a region of active deformation where two or more tectonic plates or fragments of the lithosphere near the end of their life cycle. This is in contrast to a constructive plate boundary (also known as a mid-ocean ridge or spreading center).",2,2,1,##final score: 1
405717,is cdg airport in main paris,1538949,List of busiest airports by international passenger traffic. The following is a list of the world's largest airports by international passenger traffic.,0,0,1,##final score: 1
1114819,what is durable medical equipment consist of,1852066,Medicare Part B (Medical Insurance) covers medically necessary durable medical equipment (DME) that your doctor prescribes for use in your home. Only your doctor can prescribe medical equipment for you. DME meets these criteria: Durable (can withstand repeated use),2,2,3,##final score: 3
87181,causes of left ventricular hypertrophy,5753301,"In particular, an enlarged heart is a common cause of heart failure. The right and left sides of your heart do different jobs. The right side takes in blood that has travelled round the body and pumps it to the lungs. From here, the blood enters the left side of the heart from where it is pumped all round your body. Because the left side of the heart has to work harder to get blood round your body, it is usually this side that becomes enlarged when your blood pressure is too high. This is sometimes called left ventricular hypertrophy or LVH for short. In other words, it is another name for an enlarged heart.",2,2,3,##final score: 3
131843,definition of a sigmet,6858933,"The UK medium-range outlook is covered in the five-day location and map-based forecasts as well as the meteorologist written forecasts. The 6-10 day text forecasts provide a broad description of the weather likely to be affecting the UK, including significant changes in the type of weather.",1,1,0,##final score: 0
1133167,how is the weather in jamaica,5555222,"tipping in restaurants in Jamaica. in a restaurant Tip 0-20% in Jamaica. At a high class restaurant in Jamaica, or a restaurant in a touristy area, a tip of between 10 and 20% tip is a good tip.",0,0,1,##final score: 1
489204,right pelvic pain causes,5143975,"Causes of Right Side Abdominal Pain. To determine what causes abdominal pain on the right side, it is necessary to look at the different organs and structures that are found on the right side of abdomen. Any illness, infection or irritation in these organs can create abdominal pain on right side.",1,1,2,##final score: 2
915593,what types of food can you cook sous vide,5652031,"How to Cook Corn on the Cob. Four Methods: Boiling Grilling Method Roasting Other Ways to Make Corn on the Cob. Corn on the cob is a delicious vegetable that can be enjoyed on its own or as a side dish for foods like steak, chicken, or a variety of vegetable-based recipes.",0,0,1,##final score: 1
855410,what is theraderm used for,2519613,"Lanolin is a natural and organic chemical that is mainly known for its moisturizing effects on the skin. However, before anyone uses a lanolin cream as a part of their skin care regimen, it is important to be aware of any possible side effects that can occur. Lanolin Cream Properties.",0,0,1,##final score: 1
87181,causes of left ventricular hypertrophy,8683178,The treatment for left ventricular hypertrophy depends on the cause of the condition. Doctors will aim to eliminate the cause of the heart’s enlargement in order to normalize the heart’s efforts and prevent incapacitation of the heart muscles.,1,1,2,##final score: 2
573724,what are the social determinants of health,3146238,"Social determinants of health are economic and social conditions that influence the health of people and communities [1]. These conditions are shaped by the amount of money, power, and resources that people have, all of which are influenced by policy choices.Social determinants of health affect factors that are related to health outcomes.eterminants of health are factors that contribute to a person's current state of health. These factors may be biological, socioeconomic, psychosocial, behavioral, or social in nature. Scientists generally recognize five determinants of health of a population [2, 3]: 1  Genes and biology: for example, sex and age.",2,2,3,##final score: 3
1115776,what is an aml surveillance analyst,331549,"This entry was posted in Accounting & Finance, Administrative, Human Resources and tagged Average Pay for Business Analysts, Demand for Business Analysts, Highest Paying States for Business Analysts, How Much Does A Business Analyst Make on April 3, 2013.",0,0,1,##final score: 1
182539,example of monotonic function,2092202,"A is the efficacy of A and PAR is the proportion of the receptors occupied. The effect of the drug on the cell or tissue is given by Effect = f (S), where f is an unspecified monotonic function that is dependent upon the nature of the receptor and its interaction with the cell or tissue.",1,1,2,##final score: 2
264014,how long is life cycle of flea,8555145,"Getting Rid of Fleas in Your Home. 1  1. Clean your pet's bedding. Fleas can live for days or even weeks in carpeting and pet bedding. 2  2. Eradicate fleas in your home. Just like your pet's bedding, fleas and ticks can live in carpet for a long time. 3  3. Make a natural spray.",1,1,2,##final score: 2
182539,example of monotonic function,57444,"To solidify our understanding of what a monotonic function is, let's consider what a non-monotonic function is. A non-monotonic function is a function that is increasing and decreasing on different intervals of its domain. For example, consider our initial example f(x) equals x 2.",1,1,2,##final score: 2
183378,exons definition biology,3752862,"The DNA in a person is a combination of the DNA from each of their parents. Part of an organism's DNA is  non-coding DNA  sequences. They do not code for protein sequences. Some noncoding DNA is transcribed into non-coding RNA molecules, such as transfer RNA, ribosomal RNA, and regulatory RNAs).art of an organism's DNA is  non-coding DNA  sequences. They do not code for protein sequences. Some noncoding DNA is transcribed into non-coding RNA molecules, such as transfer RNA, ribosomal RNA, and regulatory RNAs).",0,0,1,##final score: 1
1133167,how is the weather in jamaica,6144,"Weather forecasts are beginning to look more clear, as Matthew swirls in the warm Caribbean waters now as a category 4 hurricane with sustained winds near 150 mph.. Here's what we're watching for the U.S. Hurricane Matthew threatens Caribbean, U.S. East Coast. Hurricane Matthew remains a powerful category 4 hurricane Sunday, and is on the move northward toward Jamaica, Hispaniola and Cuba -- with forecasters saying there is a possibility of a U.S. impact as well.",2,2,1,##final score: 1
1103812,who formed the commonwealth of independent states,6289840,"NATO, North Atlantic Treaty Organization-an international organization created in 1949 by the North Atlantic Treaty for purposes of collective security.IS, Commonwealth of Independent States-an alliance made up of states that had been Soviet Socialist Republics in the Soviet Union prior to its dissolution in Dec 1991. UN, United Nations-an organization of independent states formed in 1945 to promote international peace and security.",1,1,2,##final score: 2
573724,what are the social determinants of health,8833199,The Social Determinants of Health topic area within Healthy People 2020 is designed to identify ways to create social and physical environments that promote good health for all. All Americans deserve an equal opportunity to make the choices that lead to good health.,1,1,2,##final score: 2
183378,exons definition biology,3389585,"In most eukaryotic genes, coding regions (exons) are interrupted by noncoding regions (introns). During transcription, the entire gene is copied into a pre-mRNA, which includes exons and introns.",3,3,2,##final score: 2
962179,when was the salvation army founded,4606389,"How much does The Salvation Army pay? The Salvation Army pays its employees an average of $46,155 a year. Salaries at The Salvation Army range from an average of $29,738 to $75,470 a year. The Salvation Army employees with the job title Chief Development Officer (CDO) make the most with an average annual salary of $137,866, while employees with the title Case Manager, Social Services make the least with an average annual salary of $28,798.",0,0,1,##final score: 1
1133167,how is the weather in jamaica,2365200,Jamaica Airport Transfers [3] Jamaica Airport Transfer provides private transfers from Montego Bay Airport to Every Hotel in Jamaica. Bestjamaica.com [5] provides great Montego Bay Airport Transfers to Ocho Rios in fine style at competitive rates.,0,0,1,##final score: 1
1133167,how is the weather in jamaica,8836486,"I found this info online about some new resorts coming to Jamaica pretty soon: Montego Bay, Jamaica Excellence Oyster Bay The Excellence Oyster Bay is set to open on a peninsula along Jamaica's northern coast in 2009/2010. This all inclusive resort will feature the first over-the-water bungalows in Jamaica.",0,0,1,##final score: 1
1103812,who formed the commonwealth of independent states,1659850,"global organization, international organisation, world organisation, world organization. Arab League-an international organization of independent Arab states formed in 1945 to promote cultural and economic and military and political and social cooperation.IS, Commonwealth of Independent States-an alliance made up of states that had been Soviet Socialist Republics in the Soviet Union prior to its dissolution in Dec 1991. UN, United Nations-an organization of independent states formed in 1945 to promote international peace and security.",1,1,2,##final score: 2
207786,how are some sharks warm blooded,8273757,"For many people, sharks are the epitome of the 'cold-blooded killer'. The warm-bodied mackerel sharks are spectacular reminders that many of our stereotypes are inaccurate. As apex predators, sharks are absolutely essential to the health and vigor of marine ecosystems.",1,1,2,##final score: 2
1129237,hydrogen is a liquid below what temperature,6343520,Interesting Facts about Hydrogen. 1  Scientists estimate that Hydrogen makes up over 90 percent of all the atoms in the universe. 2  It is the only element that can exist without neutrons. 3  Hydrogen becomes a liquid at very low temperature and high pressure. 4  Around 10 percent of the mass of the human body is hydrogen.,1,1,2,##final score: 2
1114819,what is durable medical equipment consist of,1434688,"The Differences Between a DME Provider and a DME Supplier. This post explains the difference between a DME Provider and a DME Supplier. Part A basically covers hospital care, while Part B covers the provider services, including medical supplies and equipment for patients.",1,1,2,##final score: 2
148538,difference between rn and bsn,1969518,"Associate of Science in Nursing. An associate degree in nursing (ADN) program focuses more on technical skills than theory, and for 30 percent of ASN graduates it is their stepping stone to a BSN. This is a good option if you haven't been working as an LPN/LVN and want to start your career as an RN.areer track: If you look at job postings, you'll find that a BSN degree is a requirement for many positions. It is the entry point for professional nursing practice. If you plan to pursue a higher degree, earning a BSN out of the gate is probably your best option since it will be a prerequisite for master's programs.",1,1,2,##final score: 2
451602,medicare's definition of mechanical ventilation,8621779,"Is a ventilator and life support the same thing? A Ventilator: A ventilator is a machine which mechanically assists patients in the exchange of oxygen and carbon dioxide in and out of the body. It is similar to life support, … but has a different job rather then to keep organs alive. There are many reasons people are placed on a ventilator, and most often, doctors try to keep the use of a ventilator to the shortest number of days possible because it is often difficult to wean a patient from a ventilator.",1,1,2,##final score: 2
1112341,what is the daily life of thai people,2834566,"The Indian Rupee is the currency in India (IN, IND). The Thai Baht is the currency in Thailand (TH, THA). The Thai Baht is also known as Bahts, and Onshore Baht. The symbol for INR can be written Rs, IRs, and ₨. The symbol for THB can be written Bht, Bt, and ฿.",0,0,1,##final score: 1
1063750,why did the us volunterilay enter ww1,8821739,"The congress declared war on April 6th 1917. The united States did so for we had certain dislikes about the Central powers. Hence, The United States of America joined in on th … e Allis side with England, Italy, Russia, Japan,and France.ne of the reasons was the British interception of the Zimmerman Note or Zimmerman Telegram. This was when Arthur Zimmerman telegraphed the Germany ambassador in Mexico to tel … l Mexico to be Germany's Ally.",2,2,3,##final score: 3
1063750,why did the us volunterilay enter ww1,3654236,"U.S. enters World War I. On April 6, 1917, two days after the U.S. Senate votes 82 to 6 to declare war against Germany, the U.S. House of Representatives endorses the decision by a vote of 373 to 50, and the United States formally enters the First World War. When World War I erupted in 1914,... Read More.",1,1,2,##final score: 2
168216,does legionella pneumophila cause pneumonia,7595680,"(CNN)A drug manufacturing factory in North Carolina shut down Tuesday after the discovery of bacteria tied to Legionnaires' disease, officials said. Routine testing revealed Legionella bacteria in a cooling tower at GlaxoSmithKline's plant in Zebulon, the massive international drug company said Tuesday.",1,1,2,##final score: 2
1117099,what is a active margin,2153481,"Notable Features. 1  The great majority of earthquakes occur at tectonic plate boundaries. 2  The majority of great earthquakes (magnitude 8.0 or larger) are megathrust earthquakes that occur at convergent plate boundaries, also called destructive margins or subduction zones.",1,1,2,##final score: 2
855410,what is theraderm used for,8543392,"Uses for thermoelectric materials . Thermoelectric materials are used in niche cooling applications, for example to maintain very stable temperatures in lasers and optical detectors, and they are often found in office water coolers. They are also used in space exploration to convert heat from a radioactive material into electricity.",0,0,1,##final score: 1
130510,definition declaratory judgment,1046258,"If you do not file your response in time, the other party may. get a default judgment against you. This means that the. other party wins the case, and the court will not consider anything you have to say. The other party. can begin enforcing this judgment by garnishing your wages, placing liens on your property, or.",0,0,1,##final score: 1
183378,exons definition biology,4803855,"QUOTE (dpo @ Sep 18 2007, 01:36 AM). Your sequence is a coding sequence, so there's no introns in this sequence. However, if you want to see where the different exons are, you can follow this procedure: in the NCBI website, search for the sequence you provide, then click in the right column on Links-Gene.Here you can find a schematic overview of the exons.owever, if you want to see where the different exons are, you can follow this procedure: in the NCBI website, search for the sequence you provide, then click in the right column on Links-Gene. Here you can find a schematic overview of the exons.",1,1,2,##final score: 2
490595,rsa definition key,5597755,"RSA organizes the annual RSA Conference, which is the world’s largest and most respected info security event. No. 3 — IBM Security is the Fastest Growing Business. No. 3 on the Cyber Top 10 list is the fastest growing company. IBM Security generated $2 billion in revenues for 2015, up 12 percent over the previous year.",0,0,1,##final score: 1
156493,do goldfish grow,8266017,"1. Get a large enough tank. The minimal tank size for one goldfish is 10-15 US gallons (56.7 liters)(Remember, they grow to about 10-12 inches (25.5-30.5 centimeters), and sometimes over!) and you will need to add 10 U.S. gallons (37.8 liters) onto that for each additional goldfish.",2,2,3,##final score: 3
527433,types of dysarthria from cerebral palsy,3256671,"A stroke may cause you to have less control over the way the muscles in your mouth and throat move, making it difficult for you to talk clearly (dysarthria), swallow or eat (dysphagia). You also may have difficulty with language (aphasia), including speaking or understanding speech, reading or writing.",0,0,1,##final score: 1
156493,do goldfish grow,8273013,"A mother claims she has to keep buying new tanks for her foot-long goldfish who is still growing - and gets 'angry and violent' if he is not fed on time. When Anne Cooper, 56, bought two goldfish from a Scarborough pet store three years ago, they were both only an inch long.",2,2,3,##final score: 3
489204,right pelvic pain causes,5640841,1 Right lower quadrant pain and Skin symptoms (7 causes). 2  Right lower quadrant pain and Stomach symptoms (7 causes). 3  Right lower quadrant pain and Bleeding symptoms (7 causes). 4  Right lower quadrant pain and Body symptoms (7 causes).,1,1,2,##final score: 2
1117099,what is a active margin,6491820,"Plate tectonics, or continental drift, which is the study of the Earth's crust, consists of volcanic and seismic activity around its margins that sometimes leads to earthquakes, volcanoes, and development of mountains.",1,1,2,##final score: 2
1114819,what is durable medical equipment consist of,6027612,"Journal of Health Care Compliance — January – February 2009 27. Durable Medical Equipment (DME) Documentation for Medicare Payment. an appeals court determined the law. “does not state that the certificate of. medical necessity is the sole vehicle for. claims reimbursement, nor does it state. that a completed certificate establishes, by itself, a right to reimbursement.” 11 The.",1,1,2,##final score: 2
1124210,tracheids are part of _____.,2494577,"Tracheids and vessel elements form tube-shaped structures that provide pathways for water and minerals to travel from the roots to the leaves. While tracheids are found in all vascular plants, vessels are found only in angiosperms. Phloem is composed mostly of cells called sieve-tube cells and companion cells. These cells assist in the transport of sugar and nutrients produced during photosynthesis from the leaves to other parts of the plant. While tracheid cells are nonliving, sieve-tube and companion cells of the phloem are living.",2,2,3,##final score: 3
915593,what types of food can you cook sous vide,4566822,"Cooking sous vide is easier than its fancy name might suggest. You simply seal the ingredients in a plastic bag (you can also use a canning jar) and place them in a water bath, a combi oven, or any other cooker that can set and hold a target temperature to within a degree or two.he other steak was cooked sous vide to the same temperature and then seared with a blowtorch to yield a juicier steak that is done to perfection from edge to edge.",1,1,2,##final score: 2
264014,how long is life cycle of flea,5849268,"A female flea will begin laying eggs about 24 hours after enjoying her first blood meal. Fleas pass their time on their host eating, breeding and laying eggs. Usually, an adult flea will live for two or three months. Fleas are more than irritating; they can cause tapeworm as well as flea allergies in pets.",2,2,3,##final score: 3
168216,does legionella pneumophila cause pneumonia,6827479,"Chlamydial (kla-MID-ee-al) infections are caused by three species of microorganisms. Chlamydia trachomatis can cause eye or lung infections and can also infect the urinary and genital areas of both men and women. Chlamydia pneumoniae causes infections of the respiratory tract, and Chlamydia psittaci causes an illness, known as parrot fever, that is similar to the flu.",0,0,1,##final score: 1
47923,axon terminals or synaptic knob definition,5053382,"Unformatted text preview: is the space between two neurons where the axon of a sending neuron LO 3 LO 3 Synapse The space between two neurons where the axon of a sending neuron communicates with the dendrites of a receiving neuron by using chemical messages. Figure 3 (A) A synapse is the junction between an axon and a dendrite. The gap between the axon and the dendrite is bridged by chemicals called neurotransmitters (Mader, 2000).",1,1,2,##final score: 2
359349,how to find the midsegment of a trapezoid,5615181,"In the trapezoid below, the midpoints of the non-parallel sides are points S and V. The midsegment is the red line segment from S to V. The midsegment below can be found by. 1  calculating the lengths of the bases.  35-16 = 9 (length of upper base)",2,2,3,##final score: 3
1114819,what is durable medical equipment consist of,4700111,"Quality DME is an accredited Durable Medical Equipment (DME) provider, specializing in sleep and respiratory therapy. Our Mission s to provide top end products and personalized care to improve the quality of life for the patients we serve. Quality DME was founded by Sleep Apnea patients. We use CPAP therapy products in our own daily lives.",2,2,1,##final score: 1
915593,what types of food can you cook sous vide,82110,"When to use: These are definitely the best option when you’re cooking foods that require temperatures above 158 °F / 70 °C—vegetables, lentils, beans, and certain braised meats—but you can also skip the ziplock-styles and make these your go-to bags. They’ll work great for any sous vide preparation.",3,3,2,##final score: 2
87452,causes of military suicide,4079788,"Understanding Drug Abuse in the Military. The problem of drug abuse in the military is fairly easy to understand. In short: war is a horrifying, traumatizing and deeply stressful experience for everyone involved, and many veterans turn to drugs as a method of coping.",2,2,1,##final score: 1
207786,how are some sharks warm blooded,4599409,"Some sharks can live in fresh water for a limited amount of time. Sharks have been known to swim up rivers such as the Mississippi, but only certain species of sharks have the ability. Bull sharks have been known to swim up rivers. They have a higher tolerance for fresh water than most other sharks.",0,0,1,##final score: 1
