query_id,query_text,corpus_id,document_text,human_score,model_a_assessment,model_b_assessment,model_b_raw_output
1117099,what is a active margin,1798614,"•Convergent boundaries – collision boundaries, 2 continents colliding together. –Along Active Continental Margins: the underwater part of continental crust (continental shelf & continental slope)",3,3,1,##final score: 1
131843,definition of a sigmet,985991,": a notice of potentially hazardous weather conditions (such as turbulence, icing, or low visibility) along a planned flight route that is provided to the pilot of an aircraft before takeoff — compare sigmet.",3,3,1,##final score: 1
264014,how long is life cycle of flea,1804644,"How long is the life span of a flea? 30-90 Days (Average). A flea might live a year and a half under ideal conditions. These include the right temperature, food supply, and humidity. Generally speaking, though, an adult flea only lives for 2 or 3 months. Without a host for food, a flea's life might be as short as a few days.",3,3,1,##final score: 1
264014,how long is life cycle of flea,684616,"How Long Do Fleas Live. Flea Life Span. Fleas can live up to a year and a half when they have a food supply, the optimum temperature (70F to 85F), and ideal humidity (70%). In reality though, most live for an average of 2-3 months.",3,3,1,##final score: 1
264014,how long is life cycle of flea,7326936,"A flea might live a year and a half under ideal conditions. These include the right temperature, food supply, and humidity. Generally speaking, an adult flea only lives for 2 or 3 months. Without a host for food a flea's life might be as short as a few days. With ample food supply, the adult flea will often live up to 100 days. Newly emerged adult fleas live only about one week if a blood meal is not obtained.",3,3,1,##final score: 1
264014,how long is life cycle of flea,6555322,"How Long Do Fleas Live. Flea Life Span. Fleas can live up to a year and a half when they have a food supply, the optimum temperature (70F to 85F), and ideal humidity (70%). In reality though, most live for an average of 2-3 months. Even if you remove the pets from your house for a time, the fleas can still survive for several months without feeding.",3,3,1,##final score: 1
1117099,what is a active margin,4059509,Ocean‐continent convergence occurs when oceanic crust is subducted under continental crust. This forms an active continental margin between the subduction zone and the edge of the continent. The leading edge of the continental plate is usually studded with steep andesitic mountain ranges.,3,3,2,##final score: 2
359349,how to find the midsegment of a trapezoid,576627,"Answer the following questions. 1  Find the slope of , and 2  . Plot the three midpoints and connect them to form midsegment triangle, . 3  Using the slopes, find the coordinates of the vertices of 4  . Find using the distance formula. Then, find the length of the sides it is parallel  to.",0,0,1,##final score: 1
1114819,what is durable medical equipment consist of,7914603,"Medicare Part B (Medical Insurance) covers medically necessary arm, leg, back, and neck braces under the durable medical equipment prefabricated orthotics benefit.he page could not be loaded. The Medicare.gov Home page currently does not fully support browsers with JavaScript disabled. Please note that if you choose to continue without enabling JavaScript certain functionalities on this website may not be available.",2,2,1,##final score: 1
1063750,why did the us volunterilay enter ww1,4895432,"When they did join the war, they were in higher ranks than most of the commoners; they were Captins and Majors. This encouraged many rich men to join whn the war first started. When the rationing of food started, the rich didn't suffer as they had more money to pay the higher prices for food such as meat.The Poor People Most of the soldiors in WW1 were poor because many poor men had either no job or a job that payed very little.hen the rationing of food started, the rich didn't suffer as they had more money to pay the higher prices for food such as meat. The Poor People Most of the soldiors in WW1 were poor because many poor men had either no job or a job that payed very little.",0,0,1,##final score: 1
1037798,who is robert gray,3641634,"Captain Robert Gray, May 1972. Discovering the Columbia River, May 1792 ... The Columbia River was given the name it bears today in May 1792, by American Captain Robert Gray, after his ship, the Columbia Rediviva. On May 11, 1792, Captain Robert Gray entered the mouth of the Columbia River. He explored 20 miles up the river as far as Grays Bay, a bay named for him later in the year by Lieutenant William Broughton of the Vancouver Expedition, who crossed the bar and traveled 100 miles up the Columbia.",3,3,2,##final score: 2
47923,axon terminals or synaptic knob definition,3630935,"The synapse is the chemical junction between the axon terminals of one neuron and the dendrites of the next. It is a gap where specialized chemical interactions can occur, rather than an actual structure.",2,2,1,##final score: 1
168216,does legionella pneumophila cause pneumonia,7492748,Medical Definition of legionella. 1 capitalized : a genus of gram-negative rod-shaped bacteria (family Legionellaceae) that includes the causative agent (L. pneumophila) of Legionnaires' disease. 2plural legionellae \-ˌē\ also legionellas : a bacterium of the genus Legionella.,2,2,1,##final score: 1
148538,difference between rn and bsn,1311209,"First, let’s note that nurses who carry the RN title and the BSN title are both RNs. Both have completed the National Council Licensure Examination (NCLEX) — a national test that’s required for licensing and practice as a nurse in the United States.",1,1,2,##final score: 2
1124210,tracheids are part of _____.,3147129,"Phloem Structure Phloem is composed of several cell types including sclerenchyma, parenchyma, sieve elements and companion cells. The sieve element and companion cell are found closely associated with each other in what is referred to as the sieve element/companion cell complex.hloem is the vascular tissue responsible for the transport of sugars from source tissues (ex. photosynthetic leaf cells) to sink tissues (ex. non-photosynthetic root cells or developing flowers).",0,0,1,##final score: 1
130510,definition declaratory judgment,8514425,"This legal action is brought to remove a cloud on the title so that plaintiff and those in privity with him may forever be free of claims against the property. The action to quiet title resembles other forms of preventive adjudication, such as the declaratory judgment.",2,2,1,##final score: 1
1117099,what is a active margin,6122723,"Making the world better, one answer at a time. Passive continental margins are not areas of convergence. There is little volcanic and earthquake activity on passive margins. Active margins are areas of convergence where one plate is descending beneath another. They are associated with volcanic and earthquake activity.",3,3,2,##final score: 2
1114819,what is durable medical equipment consist of,7696996,How often is it covered? Medicare Part B (Medical Insurance) covers power-operated vehicles (scooters) and manual wheelchairs as durable medical equipment (DME) that your doctor prescribes for use in your home. You must have a face-to-face examination and a written prescription from a doctor or other treating provider before Medicare helps pay for a power wheelchair.,2,2,1,##final score: 1
1103812,who formed the commonwealth of independent states,947378,"This resulted in the USSR, the Union of Soviet Socialist Republics. As to how Russia became the Soviet Union, it did not actually become the Soviet Union.. Immediately after the Russian Revolution, the Russian empire was renamed the Russian Socialist Federated Socialist Republic (RSFSR).",0,0,1,##final score: 1
183378,exons definition biology,3093218,"Exons and introns are part of the mRNA. During transcription inside the nucleus, introns are removed from the mRNA because they are not coded to make a protein. Exons are then … joined together because that is the part required for translation.efore the RNA leaves the nucleus, the introns are removed and the exons are joined together, producing an mRNA molecule with a continuous coding sequence. This process is cal … led RNA splicing.",3,3,2,##final score: 2
264014,how long is life cycle of flea,5780490,"How long can a dog go without water? The Pet Shed Petcyclopedia explains that a flea can live for a little over 130 days when it has access to a host. When a flea loses its host, it must find a new one as quickly as possible. According to 1-800-PetMeds, a little over half of newborn fleas may be able to survive for two months without a host if their environment is humid enough.",2,2,1,##final score: 1
1063750,why did the us volunterilay enter ww1,3765642,"Germany started world war 2. … WW1-no because Austria-Hungary started it but Germany had to sign the treaty of Versailles WW2 did start because of Germany because of the German dictator Adolph Hitler.n December 7, 1941, the UNITED STATES along with Great Britain declared was on JAPAN. The Americans declared was on Japan in re … sponse to the Japanese bombing Pearl Harbor. On December 11, 1941, HITLER (Germany) DECLARED WAR ON THE UNITED STATES. The first American forces landed in England on January 26, 1942.",0,0,1,##final score: 1
207786,how are some sharks warm blooded,2763917,These sharks can raise their temperature about th…e temperature of the water; they need to have occasional short bursts of speed in hunting Cold blooded although if you've ever seen a Great White Shark hunt sea lions you'd be thinking they would have to be hotblooded. Actually the Salmon Shark is a warm blooded shark.,2,2,1,##final score: 1
1112341,what is the daily life of thai people,6164791,"Rating Newest Oldest. Best Answer: Kingdomwide, the average Thai salary is around $3000USD per year. Construction workers make an average of $4.00 a day and work 6 days a week, 9-10 hours a day.More skilled positions can obviously make more. A Thai Hotel / Apartment General Manager can make the rare wages of between $500 and $750 a month.hailand has a daily minimum wage of about 180 baht per day but laws mean little here and many people work for less than that. People make due by working overtime 6 days a week and living together to share the costs.",2,2,1,##final score: 1
130510,definition declaratory judgment,7098470,Adjudication A legal process by which an arbiter or judge reviews the evidence and arguments by the parties to an action to reach a decision which will determine the litigants’ rights and obligations to each other. Adjudication can be used to resolve disputes between private parties and/or public officials and bodies. ad·ju·di·ca·tion,0,0,1,##final score: 1
1114646,what is famvir prescribed for,7088666,"In adults, it is used to treat shingles (caused by herpes zoster) and cold sores around the mouth.Valacyclovir is also used to treat outbreaks of genital herpes. In people with frequent outbreaks, this medication is used to reduce the number of future episodes.Valacyclovir is an antiviral drug. It stops the growth of certain viruses.",0,0,1,##final score: 1
1117099,what is a active margin,6505420,"1 The boundary between two plates can be a divergent boundary, a convergent boundary or a transform boundary. 2  The lithosphere is composed of the crust, and some of the upper mantle. 3  Mature oceanic plate is approximately 80-100 km thick, of which, the upper 5-7 km is oceanic crust. An oceanic trench forms offshore, and a chain of volcanic mountains forms just inland of the coast. 2  This type of boundary between oceanic crust and continental crust is called an active continental margin since it is a plate boundary. 3  At other convergent boundaries, oceanic plate meets other oceanic plate.",3,3,2,##final score: 2
1133167,how is the weather in jamaica,8255704,"(Mandeville and Treasure Beach are located in this region.) The eastern coast of Jamaica is the windward coast and receives the most rain on the island. (This is where Port Antonio is located.) Generally, the weather in Jamaica is characterized by a cool, caressing sea breeze by day and a gentle breeze from the mountains by night.",2,2,3,##final score: 3
1133167,how is the weather in jamaica,4712277,"1. Re: Best Time of Year to Visit Jamaica. Mar 17, 2009, 4:23 PM. I am wondering the same thing. From what I've read, September seems to be hurricane season, but things should be calmed down by mid-October. The high tourist season seems to be from December through April.",2,2,1,##final score: 1
1063750,why did the us volunterilay enter ww1,3676185,"The sinking of the Lusitania was not the single largest factor contributing to the entrance of the United States into the war two years later, but it certainly solidified the public's opinions towards Germany.",2,2,1,##final score: 1
168216,does legionella pneumophila cause pneumonia,8639630,"Dozens of different types of bacteria can cause pneumonia: 1  Streptococcus (pneumococcus) is the most common cause of bacterial pneumonia in adults and there is a vaccine available for it. 2  Atypical pneumonia is caused by bacteria such as Legionella pneumophila, Mycoplasma pneumoniae, and Chlamydophila pneumoniae.",3,3,2,##final score: 2
264014,how long is life cycle of flea,3577338,"Before becoming adult fleas, the larvae transform into pupae within a silk-like cocoon. Pupae remain inside the cocoon for 2 to 4 weeks, sometimes longer. The cocoon is resistant to insecticides and this is why some adult fleas are seen for an extended period, even after the home and pet are treated.",2,2,1,##final score: 1
264014,how long is life cycle of flea,528380,"In 3 weeks, one flea can pass through its entire life cycle and can lay 1000 eggs. In another 3 weeks, those eggs can hatch and lay 1,000 eggs each, so within 6 weeks, it is possible to have a million new fleas.",3,3,2,##final score: 2
1063750,why did the us volunterilay enter ww1,3903902,"Three days later, Japanese allies Germany and Italy also declared war on the United States, and again Congress reciprocated. More than two years into the conflict, America had finally joined World War II.",0,0,1,##final score: 1
1103812,who formed the commonwealth of independent states,4087886,"The Baltic states gained independence after World War I, but were occupied by the Soviet Union during World War II, regaining independence in the early 1990s. All three countries are members of the European Union, NATO and the Eurozone.",0,0,1,##final score: 1
1133167,how is the weather in jamaica,7486599,"September Weather in Jamaica. The tables below give the normal September temperatures and rainfall for cities and popular vacation spots in Jamaica. There's also information here on hurricanes, plus this month's average humidity and sunshine. The measures of climate are averages of data collected at weather stations over several decades.",2,2,1,##final score: 1
47923,axon terminals or synaptic knob definition,8421421,"synapse. SYNAPSE: Axon terminal synapse. The space between the junction of two neurons in a neural pathway, where the termination of the axon of one neuron comes into close proximity with the cell body or dendrites of another.",2,2,1,##final score: 1
1121709,what are the three percenters?,4639609,History >> American Revolution. The Revolutionary War split the people of the American colonies into two groups: the loyalists and the patriots. What was a patriot? Patriots were people who wanted the American colonies to gain their independence from Britain.,0,0,1,##final score: 1
131843,definition of a sigmet,2008201,NOAA Forecasts. Forecasts from the National Oceanic and Atmospheric Administration (NOAA),1,1,0,##final score: 0
87452,causes of military suicide,2624886,"We suggest that moral injury is likely one of the most important factors in military suicide rates. Moral injury is not PTSD. The latter is a dysfunction of brain areas that suppress fear and integrate feeling with coherent memory; symptoms include flashbacks, nightmares, dissociative episodes and hyper-vigilance. PTSD is an immediate injury of trauma.",3,3,2,##final score: 2
1113437,what is physical description of spruce,7497492,Blue spruce trees are the most popular types of spruce trees because of their beautiful bluish colored needles. It is always important to choose the right tree for your landscape. You will find valuable facts and information on choosing the best variety of blue spruce for your yard. Moerheim Blue Spruce.,2,2,1,##final score: 1
183378,exons definition biology,8767239,"With next-generation sequencing, it is now feasible to sequence large amounts of DNA, for instance all the pieces of an individual’s DNA that provide instructions for making proteins. These pieces, called exons, are thought to make up 1 percent of a person’s genome.",3,3,2,##final score: 2
1117099,what is a active margin,3607850,"Convergent boundary. In plate tectonics, a convergent boundary, also known as a destructive plate boundary (because of subduction), is an actively deforming region where two (or more) tectonic plates or fragments of the lithosphere move toward one another and collide.onvergent boundary. In plate tectonics, a convergent boundary, also known as a destructive plate boundary (because of subduction), is an actively deforming region where two (or more) tectonic plates or fragments of the lithosphere move toward one another and collide.",2,2,1,##final score: 1
207786,how are some sharks warm blooded,1361413,Images of Sharks' Teeth: View images of teeth from different species of shark. The Differences in Shark Teeth: Click on a type of shark and find out more about the appearance of its teeth. Shark Evolution and Fossils: Learn how shark fossils reveal how much the shark has evolved over millions of years.,0,0,1,##final score: 1
1133167,how is the weather in jamaica,18352,"Later that day, the National Hurricane Center (NHC) upgraded Sandy to hurricane status about 65 mi (105 km) south of Kingston, Jamaica. At about 1900 UTC that day, Sandy made landfall near Kingston with winds of about 85 mph (140 km/h).",2,2,1,##final score: 1
962179,when was the salvation army founded,1645080,martin so tell us about how the salvation army started prof winston the salvation army was the brainchild of william booth who was a british evangelist and in the 1860s and 70s he tried several different missions to reach the un churched poor in london but none were very successful so one day he was brainstorming with his top command well i call it a command in retrospect but with his top men and they said what we need is an army a salvation army and he loved the name he was sort of autocratic to start with and so they had a great time making this into a living metaphor,1,1,2,##final score: 2
915593,what types of food can you cook sous vide,275726,"The sous vide method yields results that are nearly impossible to achieve by traditional means. In the photo above, both of the tenderloins started at the same weight. The steak on the left was cooked in a pan to a core temperature of 52 °C / 126 °F, but more than 40% of the meat was overcooked. The other steak was cooked sous vide to the same temperature and then seared with a blowtorch to yield a juicier steak that is done to perfection from edge to edge. Similarly, beef short ribs braised at 58 °C / 136 °F for 72 hours are melt-in-your-mouth tender, yet pink and juicy.",2,2,1,##final score: 1
489204,right pelvic pain causes,7815337,"The right side of your abdomen contains your liver, gallbladder and parts of your intestines, including the appendix. The triad of right-sided abdominal pain, elevated liver enzymes and fatigue, narrows the list of possible causes to those organs in the right-upper quadrant of the abdomen. The most likely sources of such symptoms include your liver and gallbladder.",2,2,1,##final score: 1
1114819,what is durable medical equipment consist of,6239487,"Medicare Part B (Medical Insurance) covers hospital beds as durable medical equipment (DME) that your doctor prescribes for use in your home. All people with Part B are covered. If your supplier accepts assignment, you pay 20% of the Medicare-approved amount, and the Part B deductible applies.",2,2,1,##final score: 1
1113437,what is physical description of spruce,7430238,"Needles: Occur in bundles of 3 (rarely 2); 5-10 long; tufted near the ends of branches (needles are held only 2-3 years). Fruit: Egg-shaped cone; 3-5 long (much smaller than Jeffrey pine cones); each scale has a straight, stiff prickle that sticks out.",0,0,1,##final score: 1
146187,difference between a mcdouble and a double cheeseburger,3615725,"Classic ingredients flavored just right. You can’t go wrong with our cheeseburger, a signature flame-grilled. beef patty topped with a simple layer of melted American cheese, crinkle cut pickles, yellow mustard, and ketchup on a toasted sesame seed bun. Facebook Twitter Pinterest Tumblr Email.",0,0,1,##final score: 1
183378,exons definition biology,26660,"The transcription of mRNA begins in the nucleus. The DNA is uncoiled and the nucleic acids with nitrogen bases adenine, thymine, guanine, and cytosine combine to form an incom…plete mRNA. The current RNA contains exons (the coding region) and introns (non-informational regions).",3,3,2,##final score: 2
168216,does legionella pneumophila cause pneumonia,1735358,"Other bacteria types that can cause pneumonia include the bacteria that cause so-called atypical pneumonia, Legionella pneumophila, Mycoplasma pneumoniae, and Chlamydophila pneumonia. The most common cause of viral pneumonia in adults is the influenza virus. A number of different respiratory viruses cause pneumonia in children, such as respiratory syncytial virus (RSV). While viral pneumonia tends to be less severe than bacterial pneumonia, there is a risk of developing secondary bacterial pneumonia when viral pneumonia is present.",3,3,2,##final score: 2
19335,anthropological definition of environment,2382766,"Molecular anthropology. Molecular anthropology is a field of anthropology in which molecular analysis is used to determine evolutionary links between ancient and modern human populations, as well as between contemporary species. Generally, comparisons are made between sequence, either DNA or protein sequence, however early studies used comparative serology.",0,0,1,##final score: 1
1114819,what is durable medical equipment consist of,1852065,DME meets these criteria: 1  Durable (can withstand repeated use) 2  Used for a medical reason. 3  Not usually useful to someone who isn't sick or injured.  Used in your 1  home. Has an expected lifetime of at least 3 years.,2,2,3,##final score: 3
1124210,tracheids are part of _____.,1244877,"Genera such as Rhynia have a similar life-cycle but have simple tracheids and so are a kind of vascular plant. During the Devonian period, vascular plants diversified and spread to many different land environments.",2,2,1,##final score: 1
1113437,what is physical description of spruce,7430236,"In the northern portion of their range, the trees grow from sea level to 2500 ft. (750 m). sugar pine (Pinus lambertiana). Needles: Occur in bundles of 5; 2-4 long; white lines on all 3 surfaces of each 3-sided needle. Fruit: Huge, woody cones, 10-20 long (larger than western white pine cones) and straight.",0,0,1,##final score: 1
1133167,how is the weather in jamaica,6504576,Weather Averages and Climate in US Virgin Islands. The US Virgin Islands have a tropical climate. Temperatures throughout the year are between 25 and 30 degrees Celsius (77-86° Fahrenheit). In August and September hurricanes may occur.,0,0,1,##final score: 1
156493,do goldfish grow,885944,"People are usually surprised at both the normal life expectancy and size that goldfish reach. Goldfish Size and Life Expectancy. If kept in a suitable environment, single tail goldfish normally grow to 10 inches (25cm) and can sometimes reach 12 inches (30cm). Fancy goldfish normally grow to 8 inches (20cm). The normal life expectancy of a single tail goldfish is about 20 years. Fancy goldfish have a life expectancy of about 12 years.",2,2,3,##final score: 3
264014,how long is life cycle of flea,58387,"Flea larvae develop more quickly at higher temperatures, preferring areas that are 70° to 90°F. At cool temperatures, fully formed fleas can remain in their cocoons for up to 12 months. Warm temperatures and mechanical pressure caused by walking on or vacuuming carpet stimulate emergence from the cocoon.",2,2,1,##final score: 1
183378,exons definition biology,749542,"The human genome consists of 3 billion nucleotides or “letters” of DNA. But only a small percentage — 1.5 percent — of those letters are actually translated into proteins, the functional players in the body.The “exome” consists of all the genome’s exons, which are the coding portions of genes.The term exon was derived from “EXpressed regiON,” since these are the regions that get translated, or expressed as proteins, as opposed to the intron, or “INTRagenic regiON” which is not represented in the final protein.ut only a small percentage — 1.5 percent — of those letters are actually translated into proteins, the functional players in the body. The “exome” consists of all the genome’s exons, which are the coding portions of genes.",3,3,2,##final score: 2
1133167,how is the weather in jamaica,6112591,"Averages for Ocho Rios in February. February is one of the coolest times of year to visit Ocho Rios, Jamaica, when the resort experiences similar temperatures to those of Ocho Rios Bay.verages for Ocho Rios in February. February is one of the coolest times of year to visit Ocho Rios, Jamaica, when the resort experiences similar temperatures to those of Ocho Rios Bay.",2,2,1,##final score: 1
168216,does legionella pneumophila cause pneumonia,8185135,": pneumonia that is caused by a bacterium of the genus Legionella (L. pneumophila), that is characterized initially by symptoms resembling influenza (as malaise, headache, and muscular aches) followed by high fever, cough, diarrhea, lobar pneumonia, and mental confusion, and that may be fatal especially in elderly and immunocompromised ...",3,3,2,##final score: 2
168216,does legionella pneumophila cause pneumonia,4713638,"Chlamydia is a sexually transmitted infection that can cause a life-threatening pneumonia in newborns. A baby may get pneumonia during birth by inhaling some of the bacteria from the birth canal. The symptoms of chlamydia pneumonia are a persistent cough, rapid breathing, and mild or no fever.",0,0,1,##final score: 1
1133167,how is the weather in jamaica,5475781,"And please, don't miss these other insightful pages about Jamaica below: 1  Rivers in Jamaica. 2  Pictures Of Jamaica. 3  Intriguing Facts About Jamaica.  Attractions in 1  Jamaica. Early History of Jamaica.  Local Products and Services.",0,0,1,##final score: 1
1063750,why did the us volunterilay enter ww1,8689799,"Best Answer: With out a doubt ww1. WW2 did have more killed but the fighting conditions in WW1 were terrible. For months the soldiers would sit in mud ridden, rat infested trenches which were ravaged by diseases. And each assault was brutal.",0,0,1,##final score: 1
1117099,what is a active margin,1123494,What is a 'Margin'. Margin is the difference between a product or service's selling price and its cost of production or to the ratio between a company's revenues and expenses. It also refers to the amount of equity contributed by an investor as a percentage of the current market value of securities held in a margin account. Margin is the portion of the interest rate on an adjustable-rate mortgage added to the adjustment-index rate. Next Up.,0,0,1,##final score: 1
915593,what types of food can you cook sous vide,1972028,"Sous vide can be used or just knowing and monitoring the temp and you can get very sweet potatoes without adding sugar. Conversely, you can cook fast and keep them more on the savory side. Whatever you do, they need to be cooked, eventually, over 180F, which is the temperature pectin breaks down in order to be tender.",2,2,1,##final score: 1
104861,cost of interior concrete flooring,5138469,for commercial concrete floors the cost is anywhere from $ 50 $ 1 00 dollar per sq ft more if you re trying to figure what the cost for concrete flooring is in your area i would suggest calling a local redi mix concrete company and asking them for 3 referrals they know who does quality work and who doesn t,2,2,1,##final score: 1
915593,what types of food can you cook sous vide,6761347,"The other steak was cooked sous vide to the same temperature and then seared with a blowtorch to yield a juicier steak that is done to perfection from edge to edge. Similarly, beef short ribs braised at 58 °C / 136 °F for 72 hours are melt-in-your-mouth tender, yet pink and juicy.",2,2,1,##final score: 1
168216,does legionella pneumophila cause pneumonia,290826,"1 The most common cause of bacterial pneumonia is a type of bacteria known as Streptococcus pneumoniae. 2  Haemophilus influenzae, Chlamydia pneumoniae, Mycoplasma pneumoniae, and Legionella pneumophila are some other major bacteria that cause pneumonia.",3,3,2,##final score: 2
183378,exons definition biology,4493922,5. Exons can be termed as DNA bases which are translated into mRNA. Introns are also DNA bases that are found in between exons. 6. Introns are very much common in the genome of higher vertebrates such as human beings and mice but unlikely to be seen in the genome of certain varieties of eukaryotic micro-organisms.. Exons can be termed as DNA bases which are translated into mRNA. Introns are also DNA bases that are found in between exons. 6. Introns are very much common in the genome of higher vertebrates such as human beings and mice but unlikely to be seen in the genome of certain varieties of eukaryotic micro-organisms.,3,3,2,##final score: 2
183378,exons definition biology,3389584,"In some genes, not all of the DNA sequence is used to make protein. Introns are noncoding sections of an RNA transcript, or the DNA encoding it, that are spliced out before the RNA molecule is translated into a protein. The sections of DNA (or RNA) that code for proteins are called exons.",3,3,2,##final score: 2
47923,axon terminals or synaptic knob definition,6191,At the terminal end of the axon is a branched structure with ends called synaptic knobs. From this structure chemical signals can be sent to neighboring neurons. Transmission of nerve impulse along the axon,3,3,2,##final score: 2
131843,definition of a sigmet,423033,"exists and is an alternate of . National Weather Service forecasters forecast isolated thunderstorms when they are pretty certain that storms are going to form, but they are only expected to affect about 10% of the area and 90% of the area won't get wet. When the forecast says...",1,1,0,##final score: 0
1129237,hydrogen is a liquid below what temperature,5916672,"Hydrogen Bonding   Water is a liquid at room temperature due to the presence of hydrogen bonds between water molecules. The state of a molecule is determined by intermo … lecular forces, such as dipole-dipole interactions, Van der Waals forces (also called London dispersion forces), and hydrogen bonds.t 4oC the density is approximately 1000 kg/m3 (or 1 g/cm3) - more acurately though the density would be 999.97 kg/m3 (or … 0.9997 g/cm3). Values for the density of pure water (H2O) have been calculated over a wide range of temperatures. At room temperature (22oC) The density of water is 997.77 kg/m3 (or 0.99777 g/cm3).",0,0,1,##final score: 1
1129237,hydrogen is a liquid below what temperature,852669,Hydrogen gas is evolved in the reaction between zinc and dilute sulfuric acid. A table showing the volume of hydrogen gas produced during the experiment is shown below. What is the average rate of evolution of the hydrogen gas.,0,0,1,##final score: 1
264014,how long is life cycle of flea,5819142,A flea can live for up to 100 days if it has food. A flea will live  for only a week if it is newly formed and hasn't eaten. 1 person found this useful.,2,2,1,##final score: 1
1110199,what is wifi vs bluetooth,4053652,"Connectivity Details. The Photive Hydra uses Bluetooth to play music wirelessly. Bluetooth technology is used in 867 out of the 1232 wireless speakers we have listed on SpecOut, making it by far the most popular option for wireless speakers.Generally, Bluetooth streams audio at a lower quality and over less distance than Wi-Fi-based technologies.luetooth technology is used in 867 out of the 1232 wireless speakers we have listed on SpecOut, making it by far the most popular option for wireless speakers. Generally, Bluetooth streams audio at a lower quality and over less distance than Wi-Fi-based technologies.",2,2,1,##final score: 1
1114819,what is durable medical equipment consist of,6202321,Durable medical equipment (DME) and disposable medical supplies are a Colorado Medicaid benefit that provides clients with medical equipment and/or disposable supplies when there is a medical need for the treatment or therapy of an illness or physical condition.,2,2,1,##final score: 1
1114819,what is durable medical equipment consist of,393994,"Blood sugar (glucose) test strips. Medicare Part B (Medical Insurance) covers some diabetic test supplies, including blood sugar test strips as durable medical equipment (DME). All people with Part B who have diabetes are covered. If your supplier accepts assignment, you pay 20% of the Medicare-approved amount, and the Part B deductible applies.",2,2,1,##final score: 1
1063750,why did the us volunterilay enter ww1,2784784,"The United States' best option was to stay out of World War I. They had nothing to gain from getting involved. So, they tried to stay neutral, but as American interests started to lean toward the Allied Powers, many events happened to give the States the final push to enter the war. History 104: US History II / History Courses.",2,2,1,##final score: 1
19335,anthropological definition of environment,1705525,"While few high schools offer courses specifically in biological anthropology, many have courses in anthropology or cover anthropology in social studies classes. Programs in anthropology are available at hundreds of universities and colleges around the country, and most have courses in biological anthropology.",0,0,1,##final score: 1
443396,lps laws definition,7519448,"Legal Definition of involuntary. : done, made, or initiated contrary to or without one's choice an involuntary confession an involuntary lien an involuntary plaintiff joined in the action.",1,1,0,##final score: 0
1117099,what is a active margin,518714,"From Wikipedia, the free encyclopedia. In plate tectonics, a convergent boundary, also known as a destructive plate boundary (because of subduction), is an actively deforming region where two (or more) tectonic plates or fragments of the lithosphere move toward one another and collide.hen one plate is composed of oceanic lithosphere and the other is composed of continental lithosphere, the denser oceanic plate is subducted, often forming an orogenic belt and associated mountain range. This type of convergent boundary is similar to the Andes or the Cascade Range in North America.",2,2,1,##final score: 1
1114646,what is famvir prescribed for,5153519,"COMMON BRAND NAME(S): Zovirax. USES: Acyclovir is used to treat infections caused by certain types of viruses. It treats cold sores around the mouth (caused by herpes simplex), shingles (caused by herpes zoster), and chickenpox. This medication is also used to treat outbreaks of genital herpes.",0,0,1,##final score: 1
264014,how long is life cycle of flea,6413951,"Since fleas can live up to a year and a half (See: How Long do Fleas Live) and lay up to 50 eggs a day all the while, it doesn't take much imagination to see how big the problem can get in a short period of time. CC Image courtesy of Denni Schnapp on Flickr.",2,2,1,##final score: 1
130510,definition declaratory judgment,5984054,"(a) Entry. A judgment is entered when it is noted on the docket. The clerk must prepare, sign, and enter the judgment: (1) after receiving the court's opinion—but if settlement of the judgment's form is required, after final settlement; or. (2) if a judgment is rendered without an opinion, as the court instructs. (b) Notice.",0,0,1,##final score: 1
183378,exons definition biology,3389585,"In most eukaryotic genes, coding regions (exons) are interrupted by noncoding regions (introns). During transcription, the entire gene is copied into a pre-mRNA, which includes exons and introns.",3,3,2,##final score: 2
264014,how long is life cycle of flea,7323463,"· just now. 1  Hello, 2  best way to get rid of fleas is to vacuum every day! 3  This problem can and will go on for a long time to come, the fleas hide in your carpets and furniture. 4  This Site Might Help You. 5  Without a host, a flea will live for anything from a few days, up to as long as two weeks. It sounds as though you're very knowledgable regarding the subject and have taken all the precautions possible, but just in case you could learn something new, the site below is very good.",2,2,1,##final score: 1
359349,how to find the midsegment of a trapezoid,6873860,"Find the area and perimeter for each. a) Square: side = 6 cm b) Rectangle: sides = 7 cm. 2 cm c) Triangle: base = 5 cm, height = 6 cm d) Parallelogram: base = 6 cm, height = 4 cm e) Trapezoid: base 1 = 5cm, base 2 = 3 cm, height = 4 cm 2. Construct each. Give the dimensions of each side. Trapezoid with an area of 27 cm 2  Parallelogram with an area of 42 cm 2 and a base of 6 cm.  Triangle with an area of 15 cm 2 and a height of 5 cm.  Trapezoid with an area of 18 cm 2 and a height of 3 cm.  Complex polygon with a perimeter of 26 cm 2.",1,1,0,##final score: 0
264014,how long is life cycle of flea,528375,"The Pet Shed Petcyclopedia explains that a flea can live for a little over 130 days when it has access to a host. When a flea loses its host, it must find a new one as quickly as possible. According to 1-800-PetMeds, a little over half of newborn fleas may be able to survive for two months without a host if their environment is humid enough.",2,2,1,##final score: 1
264014,how long is life cycle of flea,552765,"In order to develop, flea eggs need a warm, moist environment: a temperature of about 70 degrees Fahrenheit (21 degrees Celsius) and 70 to 85 percent humidity. In these conditions, the eggs hatch in about 12 days. This 12-day window is one of the reasons why it can be hard to get rid of fleas. Some insecticides kill adult fleas but not eggs, which means a whole new set of fleas can emerge after the adults have died.",2,2,1,##final score: 1
264014,how long is life cycle of flea,2223171,"When it comes to eliminating fleas from your pet and from your home, there are some key things to consider. First, it is very important to be familiar with and understand the life cycle of the flea when you are trying to eradicate their presence completely. There are four stages in the life cycle of a flea: egg, larva, pupa, and adult. Depending on the environmental temperature and humidity levels, the total life cycle will take anywhere from a couple weeks to many months. Optimal conditions for fleas are between 70-85°F and 70 percent humidity.",2,2,3,##final score: 3
1110199,what is wifi vs bluetooth,4504233,"Beyond Wi-Fi, consider these other examples of wireless communications: 1  traditional cordless phones operated in a 900 MHz range, as does the newer 802.11ah standard. 2  Bluetooth network connections utilize 2.4 GHz signaling similar to Wi-FI, but Bluetooth and Wi-Fi are imcompatible.",2,2,1,##final score: 1
183378,exons definition biology,4493914,"1. Exons are coding areas whereas introns are non-coding areas. 2. An exon is termed as a nucleic acid sequence which is represented in the RNA molecule. Introns, on the other hand, are termed as nucleotide sequences seen within the genes which are removed through RNA splicing for generating a mature RNA molecule. 3.. Exons can be termed as DNA bases which are translated into mRNA. Introns are also DNA bases that are found in between exons. 6. Introns are very much common in the genome of higher vertebrates such as human beings and mice but unlikely to be seen in the genome of certain varieties of eukaryotic micro-organisms.",3,3,2,##final score: 2
1063750,why did the us volunterilay enter ww1,1191945,"The United States declared war on Germany on April 6, 1917. There was two major reasons. First off, the German U-Boats sank 3 passenger ships carrying US civilians and citizens.",2,2,3,##final score: 3
1133167,how is the weather in jamaica,7218019,"Re: Weather at the end of October - Sandals Whitehouse Jamaica Aug 12, 2013, 1:27 PM Been to Jamaica and Bahamas in November never had problems, this is the end of the hurricane season.",2,2,1,##final score: 1
489204,right pelvic pain causes,3291935,"Causes of Left Side Abdominal (Stomach) Pain. Finding the Cause of Abdominal Pain. Left side abdominal pain may arise from the internal organs of the gastrointestinal and urinary tract, chest, pelvic cavity, abdominal wall muscles, bones (ribs, spine, pelvis), vessels, nerves or skin.",0,0,1,##final score: 1
1129237,hydrogen is a liquid below what temperature,43857,Hotter still is the core. In the sun this is thought to be 10 - 20 million degrees. These temperatures are due to the pressure caused by gravity trying to compress the star. It has to be this temperature for fusion of hydrogen to take place.,0,0,1,##final score: 1
131843,definition of a sigmet,8554765,"Information for up to 5 days ahead comes from the ECMWF model, presented at 6-hourly intervals. The official forecast may not always reflect the guidance charts illustrated; the forecasters also consider information from satellite, radar and weather observations, in addition to the application of their own experience.",1,1,0,##final score: 0
915593,what types of food can you cook sous vide,5931270,"Make sure you get 48 hours of sous vide cooking in, or the ribs will be tough. It takes time to break down collagen at the low (140°F) temperature we’re using. If you value tenderness over everything, and have the steady hands of a neurosurgeon, you can extend the sous vide time to 72 hours.",2,2,1,##final score: 1
264014,how long is life cycle of flea,5672391,"The easiest way to kill fleas is when they are at their most vulnerable—in the egg and larval stages of their development. An adult flea will live only about a week without blood from its host, while a flea larva can live several months, so it's important to attack the larvae first.",2,2,1,##final score: 1
1133167,how is the weather in jamaica,2777577,"The least rainy months tend to be February/March and September/October. On average, the Caribbean weather region receives 141 inches of rain per year, with the rainiest months being July, November and December.",2,2,1,##final score: 1
1114819,what is durable medical equipment consist of,3353671,Words near durable in the dictionary. 1  dura mater. 2  dura-mater. 3  durabilities. 4  durability. 5  durable. 6  durable-good. 7  durable goods. 8  durable-goods. 9  durable-medical-equipment. 10  durable power of attorney.,1,1,0,##final score: 0
183378,exons definition biology,7718054,"The removal of the introns produces mRNA (see the figure, below). Messenger RNA contains only exons, those portions of the primary RNA transcript that will be translated into a protein. Figure %: Splicing Product. Unlike the sequence of an exon, intron sequences are unimportant.",3,3,2,##final score: 2
19335,anthropological definition of environment,7727464,Philosophical Anthropology in this sense comprises: 1  Philosophy of the human; i.e. critical reflection upon questions concerning the human being as such. 2  Philosophy of anthropology; i.e. critical reflection upon methods and theories within anthropology and anthropological research.,0,0,1,##final score: 1
1133167,how is the weather in jamaica,4585036,"Cuba Cuba is an island located on the northern rim of the Caribbean Sea west of Haiti, south of Florida and north of Jamaica.... Jamaica Jamaica is the third largest island located in the Caribbean Sea....",0,0,1,##final score: 1
1115776,what is an aml surveillance analyst,994192,Business Analyst Job Descriptions. The position of a Business Analyst is a highly specialized position with a plethora of challenges and responsibilities. Business analyst’s main responsibility is to ensure the operational efficacy and excellence of an organization.,0,0,1,##final score: 1
1117099,what is a active margin,6428300,"Convergent boundary. In plate tectonics, a convergent boundary, also known as a destructive plate boundary, is an actively deforming region where two tectonic plates or fragments of lithosphere move toward one another and collide.n plate tectonics, a convergent boundary, also known as a destructive plate boundary, is an actively deforming region where two tectonic plates or fragments of lithosphere move toward one another and collide.",2,2,1,##final score: 1
264014,how long is life cycle of flea,3338821,"Flea larvae do not take a blood meal directly from a host, unlike adult fleas. The flea’s larval stage is completed within about 4-18 days. One of the last activities of flea larvae is to spin a silken cocoon and then enter the pupal stage.",2,2,1,##final score: 1
131843,definition of a sigmet,7811093,This is an example of a severe thunderstorm watch area. A severe thunderstorm watch means that atmospheric conditions are favorable for severe thunderstorm development. The severe thunderstorm watch outlines an area where an organized threat of severe thunderstorms is expected generally during a three- to six-hour period.,1,1,0,##final score: 0
1106007,define visceral?,1040867,"Psychologically, water is the metaphor and symbol for emotion. The second chakra deals with gut instincts, basic emotions such as fear, rage, and joy and basic interpersonal emotions that are often unspoken. The second chakra also rules the kidneys, which is where we eliminate our water.",0,0,1,##final score: 1
264014,how long is life cycle of flea,3844367,"fleas, flea control, natural flea products, kill fleas. fleas, flea control, natural flea products, kill fleas. Pet professionals such as the groomers (who deal with dozens of flea-infested animals every day) and breeders (who keep puppies as well as adults), don't have fleas in their own homes.",0,0,1,##final score: 1
1063750,why did the us volunterilay enter ww1,45592,"Zimmermann Telegram rate. Usage: The Zimmermann Telegram was not looked upon too benignly by America-no one really knows why America entered WWI in April 1917, but the Zimmermann Telegram certainly didn't help. (Forget the sinking of the Lusitania, 23 months earlier.).",2,2,1,##final score: 1
264014,how long is life cycle of flea,3577341,"How Long Do Fleas Live? Fleas can live as an adult for more than a year, and they can lay eggs within 30 days, as well. Find out how fleas can survive through the winter in pupae cases with help from a pest control operator in this free video on flea control and extermination. Part of the Video Series: Flea Control.",2,2,1,##final score: 1
1063750,why did the us volunterilay enter ww1,4329899,"British declaration of war in WW1 In WW1 Britain declared war on Germany on 4 August 1914 shortly after German troops entered Belgium. British declaration of war in WW2 In … WW2 Britain declared war on Germany on 3 September 1939.The British Prime Minister, Neville Chamberlain, declared war on Germany on September 3, 1939, two days after the Nazi Germans invaded and attacked Poland. Obviously, he did so with the backing of Parliament.3rd September 1939. It was a joint declaration of war by Britain and France.ecause Hitler invaded our friends (Poland) Britain had a defense treaty with Belgium. When Germany invaded the small dutch-and-french speaking nation, Britain was obligated t … o issue an ultimatum and, in the case that was ignored, declare war.",0,0,1,##final score: 1
1117099,what is a active margin,2790381,"From Wikipedia, the free encyclopedia. In plate tectonics, a convergent boundary, also known as a destructive plate boundary (because of subduction), is an actively deforming region where two (or more) tectonic plates or fragments of the lithosphere move toward one another and collide.s a result of pressure, friction, and plate material melting in the mantle, earthquakes and volcanoes are common near convergent boundaries. When two plates move towards one another, they form either a subduction zone or a continental collision. This depends on the nature of the plates involved.",2,2,1,##final score: 1
264014,how long is life cycle of flea,2841479,"Unsafe Flea Prevention: Do not apply any over-the-counter flea products to patients for two weeks before the day of surgery. This includes dips, powders, flea collars, or topical ointments from grocery stores or feed stores.",0,0,1,##final score: 1
1113437,what is physical description of spruce,5546288,"Spruce and fir trees have their needles attached individually to the branches. To tell spruce and fir trees apart, it helps to know that spruce needles are sharply pointed, square and easy to roll between your fingers. Fir needles, on the other hand, are softer, flat and cannot be rolled between your fingers. Spruce needles are attached to small, stalk-like woody projections. When needles are shed, these projections remain. As a result, the branches of spruce trees feel rough.",3,3,2,##final score: 2
131843,definition of a sigmet,7487352,A Severe Thunderstorm WATCH is issued by the NOAA Storm Prediction Center meteorologists who are watching the weather 24/7 across the entire U.S. for weather conditions that are favorable for severe thunderstorms.,1,1,0,##final score: 0
130510,definition declaratory judgment,1494935,9.3 Declaratory Judgment Act. The Declaratory Judgment Act offers a unique mechanism by which advocates may seek to remedy ongoing violations of statutory or constitutional provisions. The Act may authorize broad-based declaratory and injunctive relief without resort to class action procedures.,2,2,1,##final score: 1
207786,how are some sharks warm blooded,1085406,"1 Bull sharks are the most dangerous sharks in the world, according to many experts. 2  This is because they're an aggressive species of shark, and they tend to hunt in waters where people often swim: along tropical shorelines. 3  Bull sharks live throughout the world, in shallow, warm ocean waters. Facts about Bull Sharks: 2  Bull sharks are the most dangerous sharks in the world, according to many experts. 3  This is because they're an aggressive species of shark, and they tend to hunt in waters where people often swim: along tropical shorelines. 4  Bull sharks live throughout the world, in shallow, warm ocean waters.",0,0,1,##final score: 1
47923,axon terminals or synaptic knob definition,4321230,"Information flows between the blue neurons through electrical synapses. Information flows from yellow neuron A, through blue neuron B, to pink neuron C via chemical synapses. The following animation illustrates the difference between these two kinds of synapses.his signal is then propagated along the axon (and not, say, back to its dendrites) until it reaches its axon terminals. An action potential travels along the axon quickly, moving at rates up to 150 meters (or roughly 500 feet) per second. Conduction ends at the axon terminals.",2,2,1,##final score: 1
1129237,hydrogen is a liquid below what temperature,7745049,"Atomic hydrogen was the first element in existence and the first element of the Periodic Table; it can be considered the father of all the elements. Molecular Hydrogen. Molecular hydrogen gas, or H 2 (g), is the primary form in which hydrogen is found.",0,0,1,##final score: 1
104861,cost of interior concrete flooring,120437,"1 Extensive surface preparation, such as grinding, crack repair, and spall repair, can add as much as $2 per square foot to the overall cost of the floor. 2  If a full resurfacing is needed, expect to tack on another $2 to $3 per square foot (for a $4 to $5 per square foot increase).",2,2,1,##final score: 1
104861,cost of interior concrete flooring,146176,"“It’s more difficult to get a consistent look using a smaller machine,” he explains about residential floors, “so the typical cost range is $6-$12 sq. ft.”. Each area of the country, along with each contractor is likely to offer different price points for the various levels and designs for polished concrete.It’s more difficult to get a consistent look using a smaller machine,” he explains about residential floors, “so the typical cost range is $6-$12 sq. ft.”. Each area of the country, along with each contractor is likely to offer different price points for the various levels and designs for polished concrete.",2,2,3,##final score: 3
168216,does legionella pneumophila cause pneumonia,2265772,"1 The most common cause of bacterial pneumonia is Streptococcus pneumoniae.Haemophilus influenzae, Chlamydia trachomatis, Mycoplasma pneumoniae, and Legionella pneumophila are some other major bacteria that cause pneumonia.acterial Pneumonia Causes. 1  Most pneumonia is caused by bacteria or a virus. 2  Pneumonia from any cause can occur at any age, but people in certain age groups are at higher risk for certain types of pneumonia.",3,3,2,##final score: 2
148538,difference between rn and bsn,1828165,"Officially it is BSN, RN. Because the BSN can't be taken from you or expire. Having said that you don't have to sign with your bsn or adn unless you want to. Quote from caliotter3 I've always seen level of education subordinated to license and certifications going with the license.",2,2,1,##final score: 1
1114819,what is durable medical equipment consist of,8508255,"This article discusses the definitions and types of home medical equipment (HME), also known as durable medical equipment (DME), and durable medical equipment prosthetics and orthotics (DMEPOS).ome equipment, such as oxygen, is FDA regulated and must be prescribed by a physician before purchase whether insurance reimbursed or otherwise. The physician may recommend a supplier for the home medical equipment, or the patient will have to research this on their own.",2,2,1,##final score: 1
183378,exons definition biology,3113412,"Coding for proteins, which are the building blocks of the cell - DNA is like a blueprint of all the. proteins the cell can make. A stretch of DNA coding for one polypeptide or protein is called a gene. Coding for RNA (ribonucleic acid) - RNA forms several important enzymes (called ribozymes)",0,0,1,##final score: 1
168216,does legionella pneumophila cause pneumonia,2069995,"Recommend on Facebook Tweet ShareCompartir. Pneumonia is an infection of the lungs that can be caused by viruses, bacteria, and fungi. A common cause of bacterial pneumonia is Streptococcus pneumoniae.Other bacteria can cause pneumonia, including Mycoplasma pneumoniae, Chlamydophila (Chlamydia) pneumoniae, Chlamydophila (Chlamydia) psittaci, and Legionella pneumophila. Mycoplasma pneumoniae Infection. 2  This generally mild illness is a common cause of “walking pneumonia”…. 3  Psittacosis. 4  People get this sometimes serious illness, caused by Chlamydophila (or Chlamydia) psittaci, from infected pet birds (parrots, parakeets) and poultry (turkeys, ducks)….",3,3,2,##final score: 2
962179,when was the salvation army founded,8811426,"For enquiries about The Salvation Army's International Headquarters, or where your country is not listed, our contact details are as follows: The Salvation Army.",0,0,1,##final score: 1
489204,right pelvic pain causes,5856566,1 Right upper quadrant pain and Abdominal symptoms (21 causes) 2  Right upper quadrant pain and Intensely aching pain (21 causes) 3  Right upper quadrant pain and Digestive symptoms (20 causes)  Right upper quadrant pain and Abdominal pain (19 causes),1,1,0,##final score: 0
183378,exons definition biology,4727416,"In most eukaryotic genes, coding regions (exons) are interrupted by noncoding regions (introns). During transcription, the entire gene is copied into a pre-mRNA, which includes exons and introns. ​. Written Mar 30, 2015 · View Upvotes.",3,3,2,##final score: 2
1124210,tracheids are part of _____.,2258594,13. The main cells of xylem are tracheids and vessel elements (these are only in found in angiosperms). Tracheids and vessel elements are dead cells that have lost their cytoplasm. Only their cell wall impregnated with lignin (an impermeable biopolymer) remains.3. The main cells of xylem are tracheids and vessel elements (these are only in found in angiosperms). Tracheids and vessel elements are dead cells that have lost their cytoplasm. Only their cell wall impregnated with lignin (an impermeable biopolymer) remains.,2,2,3,##final score: 3
359349,how to find the midsegment of a trapezoid,457673,"The opposite sides of a trapezoid that are parallel to each other are called bases. The remaining sides of the trapezoid, which intersect at some point if extended, are called the legs of the trapezoid. The top and bottom sides of the trapezoid run parallel to each other, so they are the trapezoid's bases. The other sides of the trapezoid will intersect if extended, so they are the trapezoid's legs. The segment that connects the midpoints of the legs of a trapezoid is called the midsegment.",2,2,1,##final score: 1
1106007,define visceral?,3470705,"Visceral feelings and gut instincts are literally emotional intuitions transferred up to your brain via the vagus nerve. In previous studies, signals from the vagus nerve traveling from the gut to the brain have been linked to modulating mood and distinctive types of fear and anxiety.isceral feelings and gut instincts are literally emotional intuitions transferred up to your brain via the vagus nerve. In previous studies, signals from the vagus nerve traveling from the gut to the brain have been linked to modulating mood and distinctive types of fear and anxiety.",2,2,1,##final score: 1
264014,how long is life cycle of flea,7323468,They can live for up to 2 years and that is not counting the baby fleas that hatch in the mean time. Those little f*er's a pain to get rid of.,2,2,1,##final score: 1
915593,what types of food can you cook sous vide,7861748,"Yet sous vide–style precision cooking often takes place well below the 140°F mark, in excess of four hours, and my own recommendation for cooking chicken falls in the 145–150°F range, well below the 165°F target we've all learned.ust like any overcooked chicken, once you get to around the 155°F mark, sous-vide chicken starts to take on an unpleasant chalky, tacky texture (though, again, far less than with conventional cooking methods).",2,2,1,##final score: 1
168216,does legionella pneumophila cause pneumonia,3033359,"1 Several types of bacteria, including Legionella pneumophila, Mycoplasma pneumoniae, and Chlamydophila pneumoniae, cause atypical pneumonia. 2  It is sometimes called  walking pneumonia and is referred to as atypical because its symptoms differ from those of other types of bacterial pneumonia.",3,3,2,##final score: 2
1063750,why did the us volunterilay enter ww1,330165,"Fourteen Points - Background: In April 1917, the United States entered World War I on the side of the Allies. Previously angered by the sinking of Lusitania, President Woodrow Wilson led the nation to war after learning of the Zimmermann Telegram and Germany's resumption of unrestricted submarine warfare.",2,2,3,##final score: 3
264014,how long is life cycle of flea,3577345,"The pupal stage (cocoon) - The cocoon is the crux of flea infestation persistence in the house-hold. It generally hatches in 1-2 weeks, but can last up to a year. The adult flea - Adult fleas can live for some weeks (maximum of about 2 months if no host is present) in ideal, cool, moist conditions.",2,2,1,##final score: 1
1117099,what is a active margin,8459093,"(February 2016) (Learn how and when to remove this template message) In plate tectonics, a convergent boundary, also known as a destructive plate boundary (because of subduction), is an actively deforming region where two (or more) tectonic plates or fragments of the lithosphere move toward one another and collide.",2,2,1,##final score: 1
1133167,how is the weather in jamaica,3225169,Atlantis Weather: 1  The climate in the Bahamas is sub-tropical. 2  In the islands there are basically two seasons: Wet and Dry. 3  Average temperatures range between 70 to 90 degrees Fahrenheit. 4  The Wet Season is from June through November which is also the hurricane season.,0,0,1,##final score: 1
1106007,define visceral?,1601160,"Wiktionary (2.00 / 1 vote) Rate this definition: emotion (Noun). A person's internal state of being and involuntary physiological response to an object or a situation, based on or tied to physical state and sensory data. emotion (Noun). A reaction by an non-human organism with behavioral and physiological elements similar to a person's response.",1,1,0,##final score: 0
405717,is cdg airport in main paris,4704978,"Charles de Gaulle International Airport. 1  Paris, France. 2  IATA airport code CDG. 3  ICAO airport code LFPG.  Charles de Gaulle International Airport (CDG)",2,2,1,##final score: 1
443396,lps laws definition,1055834,"The Court will not let you establish an LPS conservatorship unless it finds beyond a reasonable doubt, that the mentally ill person, is gravely disabled. Gravely disabled means that, because of a mental disorder, the person cannot take care of his/her basic, personal needs for food, clothing, or shelter.",2,2,1,##final score: 1
443396,lps laws definition,8536122,"The California Mental Health Act (Sections 5000 to 8000 of the Welfare and. Institutions Code), also known as the LPS Act, begins by promoting the. legislative intent: • Most important was: to end the inappropriate, indefinite, involuntary.",3,3,2,##final score: 2
131843,definition of a sigmet,2080441,"SPC Activity Chart. Showing a 1 hour radar loop, the current Day 1 convective outlook, and all active watches. SPC Mesoanalysis Chart. Click on the image for a detailed look at severe weather parameters for various sectors across the county.",1,1,0,##final score: 0
156493,do goldfish grow,4527708,"Goldfish bowls are a staple at department stores as well as most pet shops. Ask anyone who had a goldfish as a kid and odds are they kept it in a goldfish bowl. Google for Goldfish bowl photos or Goldfish bowl shopping, and you’ll find thousands of them in a variety of shapes.",0,0,1,##final score: 1
1129237,hydrogen is a liquid below what temperature,1373997,"Best Answer: hydrogen has a colorless flame, and oxygen doesn't burn ... Well, hydrogen can't explode without oxygen present: 2H2(g) + O2(g) --> 2H2O(g) However ...",0,0,1,##final score: 1
1117099,what is a active margin,2579691,"In plate tectonics, a convergent boundary, also known as a destructive plate boundary (because of subduction), is an actively deforming region where two (or more) tectonic plates or fragments of the lithosphere move toward one another and collide.s a result of pressure, friction, and plate material melting in the mantle, earthquakes and volcanoes are common near convergent boundaries. When two plates move towards one another, they form either a subduction zone or a continental collision. This depends on the nature of the plates involved.",2,2,1,##final score: 1
1114819,what is durable medical equipment consist of,7655520,"Unfortunately, Medicare does not pay for a walk-in tub. To qualify, a walk-in tub must be durable medical equipment (DME). An item does not qualify as DME if it is for conv … enience rather than medical use. A convenience item is anything that can technically be used by people who have no medical condition.ote: According to RemainActive, Medicare will occasionally reimburse part of the cost of a walk-in tub, if the invoice is submitted with a doctor's prescription (see Related Links). As the author above mentioned, this equipment is not currently considered DME, so reimbursement is not guaranteed.",2,2,1,##final score: 1
183378,exons definition biology,192535,"Premessenger RNA has a base sequence identical to the DNA coding strand. Genes consist of sequences encoding mRNA (exons) that are interrupted by non-coding sequences of variable length, called introns. Introns are removed and exons joined together before translation begins in a process called mRNA splicing.",3,3,2,##final score: 2
1133167,how is the weather in jamaica,481419,NOTE: The information regarding Jamaica on this page is re-published from the 2015 World Fact Book of the United States Central Intelligence Agency. No claims are made regarding the accuracy of Jamaica PEOPLE 2015 information contained here.,0,0,1,##final score: 1
183378,exons definition biology,4134902,"So basically, the DNA of a cell is the 'blueprint of life' because it holds all the plans and acts as the master computer to tell what every cell, tissue, organ and system to do. 10 people found this useful.hese regions of DNA that do not code for proteins are called introns, or sometimes junk DNA. The sections of DNA that do actually code from proteins are called exons. Because Dna contains all of the instructions for each and every function of Cells that make up all living organisms.",3,3,2,##final score: 2
207786,how are some sharks warm blooded,2430032,"In warm water, the fish’s body temperature is warm and in cold water, it is cold. Like most animals, fish need a specific or optimal body temperature in order for their bodies to function properly. This means that their behaviour and, indeed survival, relies heavily on the ambient temperature.",0,0,1,##final score: 1
1113437,what is physical description of spruce,6688846,"The leaves of conifers are of course their needles. On true pine trees, the needles are arranged and attached to the branches in clusters of two (red pine group), three (yellow pine group), or five (white pine group) needles per cluster. Spruce and fir trees have their needles attached individually to the branches.",2,2,1,##final score: 1
168216,does legionella pneumophila cause pneumonia,5298486,The subject of testing for legionella in domestic water systems of let property continues to do the rounds. There is no better advice on this subject than from the Health & Safety Exectuive (HSE) themselves and they have published a very useful article on legionella testing in let property.,0,0,1,##final score: 1
1063750,why did the us volunterilay enter ww1,3959834,"Why did the United States enter WWII? The United States entered World War II because the Japanese bombed Pearl Harbor, which was a navel base in Hawaii What were the major turning points of the war? Why were they major turning points?",0,0,1,##final score: 1
168216,does legionella pneumophila cause pneumonia,2735305,"1 Infections (rare causes of acute pancreatitis) - examples of bacterial infections include: Salmonellosis, a type of food poisoning caused by the bacterium Salmonella, or Legionnaires' disease, an infection caused by the bacterium Legionella pneumophila found in plumbing, shower heads and water-storage tanks.ancreatitis means inflammation of the pancreas that can appear in two very different ways. Acute pancreatitis is sudden while chronic pancreatitis is recurring or persistent.",2,2,1,##final score: 1
19335,anthropological definition of environment,3445057,Psychological anthropology. Psychological anthropology is an interdisciplinary subfield of anthropology that studies the interaction of cultural and mental processes.,0,0,1,##final score: 1
962179,when was the salvation army founded,536176,"The movement, founded in 1865 by William Booth, has spread from London, England, to many parts of the world. The rapid deployment of the first Salvationists was aided by the adoption of a quasi-military command structure in 1878 when the title, ‘The Salvation Army’, was brought into use. A similarly practical organisation today enables resources to be equally flexible.",3,3,2,##final score: 2
1129237,hydrogen is a liquid below what temperature,7874566,"Other molecules, as small as water (eg CO2), change from liquid to gas at temperatures far below that of water. It is also the Hydrogen bond which is responsible for the large amount of heat energy needed to convert water from liquid to gas.",0,0,1,##final score: 1
1114819,what is durable medical equipment consist of,6256156,"bed confined. A term used in the context of medical necessity, which is defined by Medicare as the inability to get up from bed without assistance, ambulate or to sit in a chair or wheelchair.ed confined. A term used in the context of medical necessity, which is defined by Medicare as the inability to get up from bed without assistance, ambulate or to sit in a chair or wheelchair.",0,0,1,##final score: 1
1113437,what is physical description of spruce,4981632,"Description: Douglas-fir trees, which are also called red firs, Oregon pines, and Douglas spruce, are neither true fir trees nor pines nor spruces!The scientific genus name Pseudotsuga means “false hemlock,” alluding to another kind of tree that Douglas-firs are similar too.ouglas-firs are evergreen trees, meaning that they keep their needle-like leaves year round. There are two varieties of this species, coast Douglas-fir and Rocky Mountain Douglas-fir, which are differentiated by their habitats, growth rates, and physical characteristics.",0,0,1,##final score: 1
264014,how long is life cycle of flea,5611219,"The lifecycle of a flea. 5% of fleas live in the environment as an adult, 95 % of fleas live as eggs, larvae or pupae. For effective flea control it is essential to break the lifecycle in the environment. 1  Adult Fleas-jump onto your dog or cat, feed on its blood and then start laying eggs. One flea broke a record with a four-foot vertical jump. 2  Undisturbed and without a blood meal, a flea can live more than 100 days. 3  On average, they live two to three months. 4  Female fleas cannot lay eggs until after their first blood meal and begin to lay eggs within 36-48 hours after that meal.",2,2,1,##final score: 1
183378,exons definition biology,7920165,The intervening sequences that are removed are called introns. The process by which introns are removed is referred to as splicing. The sequences remaining after the splicing are called exons. All of the different major types of RNA in a eukaryotic cell can have introns.he process by which introns are removed is referred to as splicing. The sequences remaining after the splicing are called exons. All of the different major types of RNA in a eukaryotic cell can have introns.,3,3,2,##final score: 2
264014,how long is life cycle of flea,5849268,"A female flea will begin laying eggs about 24 hours after enjoying her first blood meal. Fleas pass their time on their host eating, breeding and laying eggs. Usually, an adult flea will live for two or three months. Fleas are more than irritating; they can cause tapeworm as well as flea allergies in pets.",2,2,1,##final score: 1
207786,how are some sharks warm blooded,8724507,"Mako Sharks are the fastest of all sharks, clocking in at 25 miles per hour (40 kmh), and capable of putting on bursts of speed as high as 46 miles per hour (74 kmh). And these are just its recorded speeds.",0,0,1,##final score: 1
207786,how are some sharks warm blooded,8367880,"HOW DO SHARKS BREATHE? Beneath the gills are tiny blood vessels that extract oxygen out of the water as it passes over them. Most shark species breathe by swimming with their mouths open which allows the water to pass over the gills. Some sharks like nurse, angel and lemon sharks have strong neck muscles that pump water over the gills, allowing the shark to breathe while resting on the ocean bottom. Sharks are fish, and therefore breathe through the use of",0,0,1,##final score: 1
183378,exons definition biology,8570263,"The intervening sequences that are removed are called introns. The process by which introns are removed is referred to as splicing. The sequences remaining after the splicing are called exons. All of the different major types of RNA in a eukaryotic cell can have introns.Although most higher eukaryotic genes have introns, some do not.he process by which introns are removed is referred to as splicing. The sequences remaining after the splicing are called exons. All of the different major types of RNA in a eukaryotic cell can have introns.",3,3,2,##final score: 2
207786,how are some sharks warm blooded,294630,"human body. temperature. People are “warm-blooded,” meaning that the human body has ways of maintaining a fairly constant internal body temperature, despite changes in the temperature of the surroundings. One advantage of such temperature regulation is that the muscles are always ready to work.",0,0,1,##final score: 1
1129237,hydrogen is a liquid below what temperature,7081249,"Hydrogen and oxygen combine in the ratio of 1:8 means that 1g of hydrogen gas requires 8g of oxygen gas to form water. Therefore, 3g of Hydrogen gas will require = 8 * 3 = 24 g of oxygen. Thus, 24g of the oxygen gas would be required to react completely with 3g of hydrogen gas to form water.",0,0,1,##final score: 1
1063750,why did the us volunterilay enter ww1,5057640,There was no reason for the United States to have entered before it did. The USSR and Germany weren’t fighting until 1941 - Not much benefit for the US to take the brunt of the German assault alone when the Soviets were willing to act as a punching bag.,0,0,1,##final score: 1
1129237,hydrogen is a liquid below what temperature,7327351,Answers.com® is making the world better one answer at a time. You cool the oxygen until it has a temperature of 200 degrees (Celcius) under zero. Then you distillate it. That's how to make liquid oxygen.,0,0,1,##final score: 1
833860,what is the most popular food in switzerland,8105806,"With its warm flavor and rich, creamy texture, aligot is considered by many to be a “comfort food.” As the cheese it contains lends it a supple, ribbon-like quality, the dish bears some similarity to fondue. Unlike fondue, however, it is usually served as a side dish rather than a main course.",0,0,1,##final score: 1
264014,how long is life cycle of flea,5849272,"Fleas can survive in pupa stage for more than 1 year. Therefore it it important to treat the cat's environment as well. Either by vacuuming frequently. You can put some flea powder in the dust bag to kill larvae or adult fleas who might hatch within the bag; In general, 5 fleas found on your pet come along with 20 fleas in pupa stage, 25 larvae and 50 eggs within the pet's environment (usually our homes). Here is a general info about fleas:",2,2,1,##final score: 1
264014,how long is life cycle of flea,3601337,"Cold weather doesn't kill fleas that are sheltered from cold. Fleas in the formative part of the flea cycle as in eggs, larvae and cocoon stages can survive winter, but tend to lie dormant. Yes, humans are all too frequently the target of fleas that have been brought into the family home by unprotected pets.lea cocoons throughout your home can remain dormant for months, and they are also pretty resilient to most commercial insecticides. If you have pets and you allow them to go outside then you must use flea protection for every day of the year. We recommend Flea Discs because they last for up to 4 years.",2,2,1,##final score: 1
168216,does legionella pneumophila cause pneumonia,8319214,"The Bellevue-Stratford Hotel, site of the first known outbreak of Legionnaires' disease. The hotel closed in November, 1976, four months after the outbreak. The 1976 Legionnaires Disease outbreak also known as Legion Fever, refers to the first known cases of infection by Legionella pneumophila in the United States.",2,2,1,##final score: 1
148538,difference between rn and bsn,4264121,"A BSN is a Bachelor of Science degree in nursing. There are many different type of nurses, but a BSN requires more education than other nursing occupations. A BSN nurse is a type of registered nurse that has obtained a 4 year degree from an accredited college or university.",2,2,3,##final score: 3
833860,what is the most popular food in switzerland,871334,"About 2/3 of the population speak German; French is spoken in the west of the country, while Italian is spoken in the canton of Ticino and Romansh in parts of Graubünden. The capital of Switzerland is Bern. The largest city of Switzerland is Zürich. To the north of Switzerland is Germany.",0,0,1,##final score: 1
1114819,what is durable medical equipment consist of,5375245,"For wheelchairs, Medicare pays to rent the chair for up See also: Will Medicaid pay for a wheelchair or scooter? to 13 months. By that time, you will own the wheelchair outright, but Medicare will continue to pay for the chair's maintenance and repair.r you can call Medicare toll-free at 1-800-633-4227. Medicare also covers durable medical equipment that is provided as part of Medicare-covered home health care. In that case, you don't have to make the arrangements yourself -- the home care agency will provide you with the equipment.",2,2,1,##final score: 1
264014,how long is life cycle of flea,6791757,"They die within four days of losing their host. In just 30 days, ten female fleas under ideal conditions can multiply to more than a quarter of a million new fleas in different life stages. Eggs are loosely laid in the hair coat of your pet. They are wet and sticky when first produced but dry out and usually drop from an animal within a few hours.",2,2,1,##final score: 1
183378,exons definition biology,7811888,"DNA that is required for production of. functional product ; mRNA , polypeptide , tRNA, rRNA. • The sequence of gene consists of : • Exons :coding sequence ,transcribed and. translated .Coding for the amino acids in the. polypeptide chain .",3,3,2,##final score: 2
915593,what types of food can you cook sous vide,3538161,"Fruit cooked sous vide can be enhanced by the addition of flavour to the bag. Most simply, add stock syrup for added sweetness. You could also add alcohol such as white or red wine or even gin or try adding star anise, fennel seeds, lavender, thyme or rosemary.",2,2,1,##final score: 1
168216,does legionella pneumophila cause pneumonia,1183706,"A. Legionnaires' disease most often is caused by inhaling water contaminated with rod-shaped bacteria called Legionella pneumophila. There are over 30 different species of Legionella, many of which can cause disease. Legionella pneumophila is the most common species that causes disease.egionnaires' disease is an infection of the lungs that is a form of pneumonia. A person can develop Legionnaires' disease by inhaling water mist contaminated with LDB. LDB are widely present at low levels in the environment: in lakes, streams, and ponds.",3,3,2,##final score: 2
915593,what types of food can you cook sous vide,5931267,Just made these by smoking them first then sous vide for 24 hours (well 25.5 to be exact). I like my ribs with some BBQ sauce caramelized over them so I dabbed some excess juice off them then put a light layer of BBQ sauce on and grilled for a couple of mins.,2,2,1,##final score: 1
168216,does legionella pneumophila cause pneumonia,6584046,"Mycoplasma pneumoniae. Mycoplasma pneumoniae is a very small bacterium in the class Mollicutes. It is a human pathogen that causes the disease mycoplasma pneumonia, a form of atypical bacterial pneumonia related to cold agglutinin disease. M. pneumoniae is characterized by the absence of a peptidoglycan cell wall and resulting resistance to many antibacterial agents.",0,0,1,##final score: 1
207786,how are some sharks warm blooded,2253657,"Most species of sharks are found in the oceans. However, some of them are known to live in bodies of fresh water, like the bull shark which is known to travel up to 4,000 Km up the Amazon River. Sometimes, sharks have been found even in unusual fresh water bodies.",0,0,1,##final score: 1
264014,how long is life cycle of flea,2616296,"Here's the lowdown: Flea collars do kill fleas. However they do it slowly. It takes about 4 days for a flea collar to kill a flea. In that amount of time, the flea has laid about 400 eggs. Then mom and dad flea die.Now 2 weeks later 400 newly hatched fleas jump onto Fido or Mittens. The flea collar again kills the newly acquired fleas....in another 4 days.ere's the lowdown: Flea collars do kill fleas. However they do it slowly. It takes about 4 days for a flea collar to kill a flea. In that amount of time, the flea has laid about 400 eggs. Then mom and dad flea die.",2,2,1,##final score: 1
19335,anthropological definition of environment,724366,"From Wikipedia, the free encyclopedia. An ecological niche is the part of the environment into which a species fits, and to which it is adapted. A shorthand definition of niche in biology is how an organism makes a living in a place. A niche can be occupied by different species, all of which 'earn their living' in roughly the same way.",0,0,1,##final score: 1
915593,what types of food can you cook sous vide,1396708,"About timing: When you plan ahead and can focus on one component of a dish at a time, a seemingly complex recipe doesn’t just become doable—it becomes fun to make. As for the technique, we use sous vide for the eggs and sauce, eliminating the risk of overcooking the first and “breaking” the second. (A broken sauce is one that fails to emulsify and instead becomes runny and oily. Put away the Xanax; with sous vide, this won’t be a problem.)",2,2,1,##final score: 1
183378,exons definition biology,5098266,"The concept of a gene continues to be refined as new phenomena are discovered. For example, regulatory regions of a gene can be far removed from its coding regions, and coding regions can be split into several exons.",2,2,1,##final score: 1
1129237,hydrogen is a liquid below what temperature,2977193,"It's easy to generate hydrogen gas at home or in a lab using common household materials. Here's how to make hydrogen safely. One of the easiest ways to obtain hydrogen is to get it from water, H2O. This method employs electrolysis, which breaks water into hydrogen and oxygen gas.",0,0,1,##final score: 1
1114646,what is famvir prescribed for,6704400,"Famvir (Famciclovir) is approved by the FDA for the treatment of cold sores. If started at the first sign of symptoms, taking a single high dose of Famvir can shorten the herpes infection by two days. Valtrex (Valacyclovir) is also approved by the FDA to treat cold sores.",3,3,2,##final score: 2
1117099,what is a active margin,444196,"Convergent boundary. From Wikipedia, the free encyclopedia. In plate tectonics, a convergent boundary, also known as a destructive plate boundary (because of subduction), is an actively deforming region where two (or more) tectonic plates or fragments of the lithosphere move toward one another and collide.",2,2,1,##final score: 1
1063750,why did the us volunterilay enter ww1,5416787,"Due to the cold temperature of the water, what did many die from Sinking passenger ships was against the rules of naval warfare, they didn't think German U-boats had the guts to do it, they thought the Lusitania was too big and too fast Why did the Lusitania owners and passengers not heed the german warning that a state of war exists and that German U-boats would sink passenger ships (short answer) British knew there were American passengers on board, and they thought this could outrage the Americans enough to enter the war against Germany",1,1,2,##final score: 2
1114819,what is durable medical equipment consist of,858812,"Medicare Part B covers a limited number of drugs, such as: 1  Injections you get in a doctor's office. 2  Certain oral cancer drugs. 3  Drugs used with some types of durable medical equipment (like a nebulizer or external infusion pump)  Under very limited circumstances, certain drugs you get in a hospital outpatient setting.",2,2,1,##final score: 1
1063750,why did the us volunterilay enter ww1,8170638,"The world must be made safe for democracy, U.S. President Woodrow Wilson proclaims on this day in 1917, as he appears before Congress to ask for a declaration of war against Germany. Under Wilson, the former Princeton University president and governor of New Jersey who was voted into the White House in 1912, the United States had proclaimed its neutrality from the beginning of World War I in the summer of 1914.",2,2,1,##final score: 1
182539,example of monotonic function,6155093,"Furthermore, we will say that is bounded below, if and only if, there exists a number m such that. , for any. The number m is called a lower-bound. Example: The sequence is bounded below by 0 (because it is positive). It is not bounded above. Example: The sequence is bounded.",0,0,1,##final score: 1
207786,how are some sharks warm blooded,7780968,"There are now more than 10,000 shark pictures and sections on shark evolution, biology, and conservation. There is a large library of reviewed shark books, a constantly updated shark taxonomy page, a monster list of shark links, and deeper in the site there are numerous articles and stories about shark encounters.",0,0,1,##final score: 1
962179,when was the salvation army founded,5919342,"Help us in our mission to 'meet human needs without discrimination.'. Welcome to The Salvation Army in Greater Cincinnati, whose history dates back to 1865 when a dynamic Methodist minister took to London's slums to champion the poor and neglected.",3,3,2,##final score: 2
1114646,what is famvir prescribed for,5816565,"Several studies have examined how well Valtrex treats shingles, cold sores, and genital herpes. In one study, people younger than 50 years of age with shingles were treated with Valtrex within three days of the beginning of a rash. In people who were not treated with the drug, it took three days for the formation of new blisters to stop. For the people who were treated with Valtrex, the blisters stopped forming one day sooner. The drug will not, however, change the length or severity of postherpetic neuralgia, which is severe pain that can occur after the shingles rash has healed. Valtrex is also not a cure for shingles.",0,0,1,##final score: 1
1117099,what is a active margin,52516,"In plate tectonics, a convergent boundary, also known as a destructive plate boundary, is a region of active deformation where two or more tectonic plates or fragments of the lithosphere are near the end of their life cycle. This is in contrast to a constructive plate boundary. As a result of pressure, friction, and plate material melting in the mantle, earthquakes and volcanoes are common near destructive boundaries, where subduction zones or an area of continental collision occurs. The subduct",2,2,1,##final score: 1
1133167,how is the weather in jamaica,2070080,"Runaway Bay, Jamaica. Runaway Bay, Jamaica is located on the north central coast of the island... and is only 10 miles (16 km) west of Ocho Rios and 5 miles (8 km) of Discovery Bay.",0,0,1,##final score: 1
915593,what types of food can you cook sous vide,5931263,"Pick the one that you will use, preferably one of the more hands-off techniques due to the incredibly long time the ribs cook. Set the water temperature for the temperature you want for the sous vide short ribs, we recommend 56C / 133F for perfectly medium rare.",2,2,1,##final score: 1
148538,difference between rn and bsn,7407803,"Cancel. The difference between an RN and a BSN is that an RN is a title for a registered nurse, while a BSN stands for a Bachelor of Science in nursing. Learn about the differences between degrees and licenses with help from a licensed RN in this free video on nursing jobs and health care.",3,3,2,##final score: 2
207786,how are some sharks warm blooded,5170143,"Tiger Sharks: Another large shark, capable of growing to a length of over 16 feet, or 5 meters, the Tiger Shark can be found in the Caribbean and other warm waters around the world.",0,0,1,##final score: 1
915593,what types of food can you cook sous vide,8002850,"How To Prepare At Home. Set up your sous vide equipment and bring the water temperature up to the desired temp. For pork tenderloin, I went with 140°F but suggest you do you own research to decide if this is a safe temperature for you.",2,2,1,##final score: 1
1133167,how is the weather in jamaica,6252360,"The coolest weather is in the north, the Bahamas, while the hottest days are on the southernmost island of Trinidad. Ocean temperatures in January range on average from 77 degrees Fahrenheit around the Bahamas and Puerto Rico to 79 °F around islands farther south.The Caribbean's dry season begins in January. This normally is the driest month of the year for Kingston, Jamaica and Nassau, Bahamas.he monthly averages are based on historical weather records. These temperatures are in degrees Fahrenheit. You can also view the temperatures in degrees Celsius. The Caribbean in January offers ideal weather for a winter beach vacation. You can expect warm and dry weather throughout the islands.",2,2,1,##final score: 1
1133167,how is the weather in jamaica,2010281,"August Weather in Jamaica. The tables below give the normal August temperatures and rainfall for cities and popular vacation spots in Jamaica. There's also information here on hurricanes, plus this month's average humidity and sunshine. The measures of climate are averages of data collected at weather stations over several decades.",2,2,1,##final score: 1
183378,exons definition biology,3389579,"Exons vs Introns. Exons and introns are related to genes. An exon is termed as a nucleic acid sequence which is represented in the RNA molecule. Introns, on the other hand, are termed as nucleotide sequences seen within the genes which are removed through RNA splicing for generating a mature RNA molecule.",3,3,2,##final score: 2
1110199,what is wifi vs bluetooth,239444,IEEE 802.11 working group standards like 802.11h and 802.11j are extensions or offshoots of Wi-Fi technology that each serve a very specific purpose. Bluetooth is an alternative wireless network technology that followed a different development path than the 802.11 family.,2,2,1,##final score: 1
443396,lps laws definition,6449327,(Note: the following FAQs were developed by the DHHS Adult Mental Health Services based on the Maine Disability Rights Center's Involuntary Hospitalization Laws : a basic guide to laws covering involuntary admission to psychiatric hospitals. The following is a link to the Involuntary Commitment statute:,2,2,1,##final score: 1
1124210,tracheids are part of _____.,1564679,"Tissue that is on the inside of the vascular tissue ring is called pith, and tissue on the outside of the vascular tissue is called cortex. Ground tissue is made up of three main cell types: Parenchyma cells are the most common cells you encounter inside a plant.",0,0,1,##final score: 1
168216,does legionella pneumophila cause pneumonia,1974321,"Boiling water (212ºF) will kill most bacteria. The hotter the water, the less time it takes to kill bacteria. Legionella (the cause of Legionnaires' disease) will grow in water at temperatures from 68°F - 122°F. At 131°F, Legionella die within 5 to 6 hours.At 140°F, Legionella die within 32 minutes.o kill general bacteria, 110˙f should be sufficient, but … most people don't have the water that hot, because it's too hot for them.(you still need soap to kill bacteria). But there are different temperatures for different bacterias. Like Legionella requires the water to be 170˙f.",2,2,1,##final score: 1
1103812,who formed the commonwealth of independent states,1614308,"The Soviet Union was formed on December 28, 1922 with the signing of the Treaty of the Soviet Union by the republics of the Russian Soviet Federated Socialist Republic, Ukrain … e, Belorussia and Transcaucasus (a federation of Georgia, Armenia and Azerbaijan).he Soviet Union was formed on December 28, 1922 with the signing of the Treaty of the Soviet Union by Russia, the Ukraine, Belorussia and the Transcaucasus Federation, a unio … n of the republics of Georgia, Armenia and Azerbaijan. 2 people found this useful.",0,0,1,##final score: 1
87452,causes of military suicide,8680815,"Post-traumatic stress disorder (PTSD), a lack of support on the home front, and a growing drug and substance abuse problem among troops were major problems for American troops during the Vietnam War, leading many to suffer from mental illness and even commit suicide years later.",3,3,2,##final score: 2
1114819,what is durable medical equipment consist of,1315993,"Durable medical equipment is defined as reusable medical equipment like wheelchairs, walkers, crutches, hospital beds and more. It also includes home oxygen equipment and power chairs. If you need durable medical equipment, it is very important to understand the rules and regulations your insurance carrier or Medicare uses to govern the acquisition and use of this equipment.",2,2,3,##final score: 3
1129237,hydrogen is a liquid below what temperature,1849522,"Water is the chemical substance with chemical formula H. 2O; one molecule of water has two hydrogen atoms covalently bonded to a single oxygen atom. Water is a tasteless, odorless liquid at ambient temperature and pressure, and appears colorless in small quantities, although it has its own intrinsic very light blue hue.",0,0,1,##final score: 1
1114819,what is durable medical equipment consist of,5718417,"This section contains information about Durable Medical Equipment (DME) in the oxygen contents, oxygen equipment, and respiratory equipment group. For general policy information, refer to the Durable Medical Equipment (DME): An Overview section in this manual. Notes: Per Title 22, California Code of Regulations (CCR), Section 51321(g): Authorization for durable medical equipment shall be limited to the lowest cost item that meets the patient’s medical needs.",2,2,1,##final score: 1
207786,how are some sharks warm blooded,8273760,"But the advantages of endothermy are costly. To maintain a warm body in cold water, a mackerel shark must burn fuel like a blast furnace. A warm-bodied shark may need more than ten times as much food as a cold-bodied shark of the same size.",2,2,1,##final score: 1
451602,medicare's definition of mechanical ventilation,508601,1 You wear a mask over your nose while you sleep. 2  The mask is connected by a hose to a small machine that sits at the side of your bed.  The machine pumps air under pressure through the hose and mask and into your airway while you sleep. This helps keep your airway open.,1,1,0,##final score: 0
131843,definition of a sigmet,988476,"A Tornado Watch is issued by the Storm Prediction Center (SPC) in Norman, Oklahoma. Prior to the issuance of a Tornado Watch, SPC will usually contact the affected local National Weather Forecast Office (NWFO), see map below, and they will discuss what their current thinking is on the weather situation.",1,1,0,##final score: 0
490595,rsa definition key,5597755,"RSA organizes the annual RSA Conference, which is the world’s largest and most respected info security event. No. 3 — IBM Security is the Fastest Growing Business. No. 3 on the Cyber Top 10 list is the fastest growing company. IBM Security generated $2 billion in revenues for 2015, up 12 percent over the previous year.",0,0,1,##final score: 1
1133167,how is the weather in jamaica,6911927,"Last Updated: January 12, 2017. Of the 15 Sandals resorts in the Caribbean, 7 of them are in Jamaica. In our rankings of the best sandals resort overall, three of the top 4 are in Jamaica, but the bottom 3 are also in Jamaica.",0,0,1,##final score: 1
19335,anthropological definition of environment,7367407,"anthropological linguistics - the branch of anthropology that studies human language. Linguistic anthropology is mainly concerned with the technical analysis of language. anthropology - the study of humanity; divisions are physical anthropology, archaeology, ethnology, and anthropological linguistics.",0,0,1,##final score: 1
168216,does legionella pneumophila cause pneumonia,6223989,"Mycoplasma pneumoniae is a common cause of community-acquired pneumonia (CAP), and the disease usually has a prolonged, gradual onset. M pneumoniae was first isolated in cattle with pleuropneumonia in 1898.",0,0,1,##final score: 1
1133167,how is the weather in jamaica,4703846,"Time Zones of Jamaica. The time zone in which Jamaica is located can also be found in North America. Jamaica is on the same time schedule as the East Coast of the United States, Eastern Standard Time, except during the period of daylight-saving time. During these months, Jamaica is one hour behind the eastern United States.",0,0,1,##final score: 1
1112341,what is the daily life of thai people,263958,"VIEW CALENDAR. United Thai Boxing and MMA is a community of people united by a love for Muay Thai, mixed martial arts and the desire to help each other improve through hard work. We help people succeed through a combination of group classes, private instruction, and open gym hours. Please use the links above to learn more about us or click here to get started now!",1,1,0,##final score: 0
264014,how long is life cycle of flea,2089031,"Home Remedy for Killing Yard Fleas. Flea infestation in the home can occur in a very short period of time and continue until fleas and their eggs are eliminated. Flea eggs hatch approximately once a week. To end infestation, treat pets, carpets, bedding and furniture with flea killer once a week for several weeks.",2,2,1,##final score: 1
168216,does legionella pneumophila cause pneumonia,8639627,"Bacteria are the most common cause of pneumonia in adults. Many types of bacteria can cause bacterial pneumonia. Streptococcus pneumoniae or pneumococcus bacteria are the most common cause of bacterial pneumonia in the United States. If your pneumonia is caused by one of the following types of bacteria, it is called atypical pneumonia. 1  Legionella pneumophila. 2  Mycoplasma pneumoniae. 3  Chlamydia pneumoniae.",3,3,2,##final score: 2
168216,does legionella pneumophila cause pneumonia,3198681,"Definition. Legionnaires' disease is a severe form of pneumonia — lung inflammation usually caused by infection. Legionnaires' disease is caused by a bacterium known as legionella. You can't catch Legionnaires' disease from person-to-person contact.Instead, most people get Legionnaires' disease from inhaling the bacteria.efinition. Legionnaires' disease is a severe form of pneumonia — lung inflammation usually caused by infection. Legionnaires' disease is caused by a bacterium known as legionella. You can't catch Legionnaires' disease from person-to-person contact.",2,2,3,##final score: 3
1117099,what is a active margin,8093931,"Two types of continental margins exist: active margins and passive margins. Active margins form primarily along the boundaries of plates that are actively converging. Passive margins currently exist in the middle of plates, not at plate boundaries.",3,3,2,##final score: 2
1103812,who formed the commonwealth of independent states,5096997,"The Soviet Union formally came into being under the treaty of union in December 1922, which was signed by Russia and three other union republics--Belorussia (now Belarus), Ukraine, and what was then the Transcaucasian Soviet Federated Socialist Republic (an entity including Armenia, Azerbaijan, and Georgia).",0,0,1,##final score: 1
490595,rsa definition key,4082317,"Introduction. The RSA Conference is the information security industry's biggest annual conference. The show runs from Feb. 24-28 at the Moscone Center in San Francisco. Check back often to find out if RSA 2014 will address criticism about its ties to the NSA and secret surveillance programs.oycott or not, infosec giants on the defensive. The 2014 RSA Conference boycott fizzled, but RSA, Microsoft and other companies aggressively spoke out against allegations that they have ever colluded with the National Security Agency.",0,0,1,##final score: 1
264014,how long is life cycle of flea,6333839,"Report Abuse. The pupae (chrysalis) stage of the flea cycle can live in your home for up to 2 years, and can actually choose when to hatch into a flea. Making sure your dog has a good quality flea treatment all year round is the only way you can effectively control them.eport Abuse. The pupae (chrysalis) stage of the flea cycle can live in your home for up to 2 years, and can actually choose when to hatch into a flea. Making sure your dog has a good quality flea treatment all year round is the only way you can effectively control them.",2,2,1,##final score: 1
183378,exons definition biology,4727419,"These arguments lead to the conclusion that the vast majority of cellular DNA isn't functional. Genes that are expressed usually have introns that interrupt the coding sequences. A typical eukaryotic gene, therefore, consists of a set of sequences that appear in mature mRNA (called exons) interrupted by introns. The regions between genes are likewise not expressed, but may help with chromatin assembly, contain promoters, and so forth. See Figure 1.",3,3,2,##final score: 2
1114819,what is durable medical equipment consist of,236347,How often is it covered? Medicare Part B (Medical Insurance) covers nebulizers (and some medicines used in nebulizers if considered reasonable and necessary). These are covered as durable medical equipment (DME) that your doctor prescribes for use in your home. All people with Part B are covered.,2,2,1,##final score: 1
264014,how long is life cycle of flea,5635521,"In appearance, flea larvae can be up to ¼-inch long and are white (almost see-through) and legless. Larvae make up about 35 percent of the flea population in the average household. If conditions are favorable, the larvae will spin cocoons in about 5-20 days of hatching from their eggs.This leads to the next life stage, called the cocoon or pupae stage.The pupae stage of the flea life cycle accounts for about 10 percent of the flea population in a home.f conditions are favorable, the larvae will spin cocoons in about 5-20 days of hatching from their eggs. This leads to the next life stage, called the cocoon or pupae stage. The pupae stage of the flea life cycle accounts for about 10 percent of the flea population in a home.",2,2,1,##final score: 1
1114819,what is durable medical equipment consist of,7070942,"DME Providers supplying clinical respiratory equipment (oxygen, ventilators) are expected to have a licensed respiratory therapist on staff to provide patient education, clinical assessments and equipment recommendations, as appropriate, as part of their respiratory management program.",2,2,1,##final score: 1
264014,how long is life cycle of flea,3338826,"PUPA (plural = pupae): The pupa is the last stage before adult. The adult flea can emerge from the cocoon as early as 3 to 5 days, or it can stay in the cocoon for a year or more, waiting for the right time to emerge.",2,2,1,##final score: 1
183378,exons definition biology,4493913,"Exons vs Introns. Exons and introns are related to genes. An exon is termed as a nucleic acid sequence which is represented in the RNA molecule. Introns, on the other hand, are termed as nucleotide sequences seen within the genes which are removed through RNA splicing for generating a mature RNA molecule.. Exons can be termed as DNA bases which are translated into mRNA. Introns are also DNA bases that are found in between exons. 6. Introns are very much common in the genome of higher vertebrates such as human beings and mice but unlikely to be seen in the genome of certain varieties of eukaryotic micro-organisms.",3,3,2,##final score: 2
168216,does legionella pneumophila cause pneumonia,5239348,"Chronic coughing may be a symptom of streptococcus pneumonia. Streptococcus pneumonia is caused by the bacteria streptococcus pneumoniae, which also causes ear infections. Chest pain can be caused by streptococcus pneumonia.During hospitalization for streptococcus pneumonia, the patient receives intravenous fluids and antibiotics.hronic coughing may be a symptom of streptococcus pneumonia. Streptococcus pneumonia is caused by the bacteria streptococcus pneumoniae, which also causes ear infections. Chest pain can be caused by streptococcus pneumonia.",0,0,1,##final score: 1
1133167,how is the weather in jamaica,4699663,"The Town of Ocho Rios, Saint Ann, Jamaica. Ocho Rios is a town in the Parish of Saint Ann where you can find all the flavor of Jamaica. This town has great offers for fabulous sightseeing, excellent shopping and a good look into the Jamaican culture. It was once a fishing village but now caters to tourists.",0,0,1,##final score: 1
1133167,how is the weather in jamaica,6360446,"Jamaica is an island in the Caribbean Sea, south of Cuba . Clock showing current local time now in Time Zone: America Jamaica. Jamaica Standard Time is 5 hours behind Greenwich Mean Time ( GMT-5 ). Jamaica does not operate Daylight-Saving Time. The International Dialling Code for Jamaica is +1 876.",0,0,1,##final score: 1
264014,how long is life cycle of flea,5635519,"After about 2 days (range 2-21 days), depending on environmental conditions, the flea egg hatches torelease a first stage flea larva. This flea larva lives in the host's environment(it is part of the environmental stage of the fleas life cycle), where it feeds on fleadroppings (flea dirt) and dander.fter about 2 days (range 2-21 days), depending on environmental conditions, the flea egg hatches torelease a first stage flea larva. This flea larva lives in the host's environment(it is part of the environmental stage of the fleas life cycle), where it feeds on fleadroppings (flea dirt) and dander.",2,2,1,##final score: 1
264014,how long is life cycle of flea,3835935,"How Long Do Fleas Live Without a Host? Share Print this article How Long Do Fleas Live Without a Host? Fleas generally don't survive past 100 days, even if they live on a host (the animal on which they feed). However, without a host, they have no food source and may die in two to 14 days. The same can't be said for flea eggs and larvae, which do not require a host and can reach high populations.",2,2,1,##final score: 1
1114819,what is durable medical equipment consist of,5521373,Description of Procedure or Service. Durable Medical Equipment (DME) is any equipment that provides therapeutic benefits to a patient in. need because of certain medical conditions and/or illnesses. Durable Medical Equipment (DME) consists of items which:,2,2,1,##final score: 1
1063750,why did the us volunterilay enter ww1,689732,"Quick Answer. After the attack on Pearl Harbor on December 7, 1941, the United States entered World War II. On December 8, Congress declared war on Japan, and on December 11, the United States entered into war with Germany.",0,0,1,##final score: 1
1133167,how is the weather in jamaica,7762245,"Latest Updates. LOCAL WEATHER FORECAST. 2017-04-13 10:14:47. SIGNIFICANT FEATURE A High Pressure Ridge across the north-western Caribbean and is expected to build across Jamaica during the day, and remain for the next few days. 1  Increased Rainfall Expected Friday Evening into Sunday. 2017-04-06 21:28:54. 2  A High Pressure Ridge across Jamaica. 2017-04-05 11:51:36.",2,2,1,##final score: 1
1113437,what is physical description of spruce,7497491,"Blue spruce trees are the most popular types of spruce trees because of their beautiful bluish colored needles. It is always important to choose the right tree for your landscape. You will find valuable facts and information on choosing the best variety of blue spruce for your yard. Blue spruces are in the spruce family, Picea.",2,2,1,##final score: 1
1124210,tracheids are part of _____.,3587908,"plant vascular tissue that conveys water and dissolved minerals from the roots to the rest of the plant and also provides physical support. Xylem tissue consists of a variety of specialized, water-conducting cells known as tracheary elements. Together with phloem (tissue that conducts sugars from...",2,2,1,##final score: 1
183378,exons definition biology,3947464,"Ribosomes and Protein Assembly. Protein synthesis occurs by the processes of transcription and translation. In transcription, the genetic code contained within DNA is transcribed into an RNA version of the code known as messenger RNA (mRNA). In translation, a growing amino acid chain, also called a polypeptide chain, is produced.",0,0,1,##final score: 1
104861,cost of interior concrete flooring,1926464,"Hardwood floors start at around $3 per square foot for an out-of-the-box product from a major retailer or home improvement store. Custom, exotic or high-end floors can cost $15 or more per square foot. In most cases, budget anywhere from $4 to $8 for materials.",0,0,1,##final score: 1
833860,what is the most popular food in switzerland,6218039,"Switzerland is the only country with four national languages-German, French, Italian and Rumantsch. This is one of those countries where one can go in any season and enjoy to the best. It is not only the natural beauty for what Switzerland is known.",0,0,1,##final score: 1
264014,how long is life cycle of flea,2474340,"When a flea finds an appropriate host, it will begin feeding almost immediately. A female flea will begin laying eggs about 24 hours after enjoying her first blood meal. Fleas pass their time on their host eating, breeding and laying eggs. Usually, an adult flea will live for two or three months.",2,2,1,##final score: 1
1063750,why did the us volunterilay enter ww1,4854132,"After the attack on Pearl Harbor on December 7, 1941, the United States entered World War II. On December 8, Congress declared war on Japan, and on December 11, the United States entered into war with Germany.",0,0,1,##final score: 1
207786,how are some sharks warm blooded,3773663,"Rating Newest Oldest. Best Answer: Whales, seals, dolphins, and otters are mammals (warm blooded creatures that give birth to live young. Some sharks give live birth, some eggs, and some are eggs in the uterus, but are born live. Seals find a nice beach and give birth to their pups there.ut whales, dolphins and otters (I'm supposing it's sea otters you're talking about) give birth in water. Although their babies are born in water and can swim, they need adults to help them to the surface to breathe. As for sharks, most lay eggs, but some do give live birth.",0,0,1,##final score: 1
19335,anthropological definition of environment,3137952,"Any one of these is its own sub-field of anthropology, with specific objectives and methodological approaches. Holistic anthropology, on the other hand, posits that one cannot get an accurate understanding of past societies and cultures by taking a single approach.",0,0,1,##final score: 1
47923,axon terminals or synaptic knob definition,6643066,1 Each axon terminal is swollen forming a synaptic knob. 2  The synaptic knob is filled with membrane-enclosed vesicles containing a neurotransmitter. 3  Arrival of an action potential at the synaptic knob opens Ca 2+ channels in the plasma membrane. The synaptic knob is filled with membrane-enclosed vesicles containing a neurotransmitter. 2  Arrival of an action potential at the synaptic knob opens Ca 2+ channels in the plasma membrane. 3  The influx of Ca 2+ triggers the exocytosis of some of the vesicles.,3,3,2,##final score: 2
359349,how to find the midsegment of a trapezoid,576635,"Triangle Midsegment Calculator. If any of the two sides of the triangle are connected, midsegment is formed. In this calculator, you can find the midsegment of a triangle based on the length of the side of the triangle. Just copy and paste the below code to your webpage where you want to display this calculator.",0,0,1,##final score: 1
1114819,what is durable medical equipment consist of,768360,I. Aetna considers dorsal column stimulators (DCS) medically necessary durable medical. equipment (DME) for the management of members with chronic pain due to any of the. following indications when the criteria listed below are met: A. Failed back surgery syndrome with low back pain and significant radicular pain; or.,2,2,1,##final score: 1
264014,how long is life cycle of flea,6773914,Turkey eggs usually take 21 to 28 days to hatch depending on what they are incubated in like an incubator or by a hen. It also depends on how fertile it is and how it is cared … for. It usually takes closer to 28 days.+ 158 others found this useful.t can take as little as a couple days or as long as a couple weeks for flea eggs to hatch.,2,2,1,##final score: 1
183378,exons definition biology,3389580,"Description: In most eukaryotic genes, coding regions (exons) are interrupted by noncoding regions (introns). During transcription, the entire gene is copied into a pre-mRNA, which includes exons and introns. During the process of RNA splicing, introns are removed and exons joined to form a contiguous coding sequence.",3,3,2,##final score: 2
148538,difference between rn and bsn,1559002,"There are admission standards at both the associate degree (ADN) and baccalaureate (BSN) levels. BSN programs are often more academically competitive. Higher level nursing programs are also more likely to ask for a resume, personal statement, and references. BSN programs include additional coursework in areas like nursing research, leadership, and public health.",2,2,1,##final score: 1
1114819,what is durable medical equipment consist of,3256329,"1 Medical and other services. 2  Medicare Part B pays 80% of most doctor's services, outpatient treatments, and durable medical equipment (like oxygen or wheelchairs). 3  You pay the other 20%. 4  Medicare also pays for mental health care costs.ou’ll pay a lifetime 10% penalty for every 12 months you delay your enrollment. 1  Medical and other services. 2  Medicare Part B pays 80% of most doctor's services, outpatient treatments, and durable medical equipment (like oxygen or wheelchairs). 3  You pay the other 20%.",2,2,1,##final score: 1
1117099,what is a active margin,2515909,"In plate tectonics, a convergent boundary, also known as a destructive plate boundary (because of subduction), is an actively deforming region where two (or more) tectonic plates or fragments of the lithosphere move toward one another and collide. subduction zone is formed at a convergent plate boundary when one or both of the tectonic plates is composed of oceanic crust. The denser plate, made of oceanic crust, is subducted underneath the less dense plate, which can be either continental or oceanic crust.",2,2,1,##final score: 1
1133167,how is the weather in jamaica,6143,"During the hurricane season, Ocho Rios experiences on and off showers, which are heavier in the days than at nights. I know in Jamaica, we don’t have seasons but to make you more familiar with our weather forecasts, I have grouped our months into traditional seasons.",2,2,1,##final score: 1
1117099,what is a active margin,859540,"Convergent boundary. In plate tectonics, a convergent boundary, also known as a destructive plate boundary (because of subduction), is an actively deforming region where two (or more) tectonic plates or fragments of the lithosphere move toward one another and collide.",2,2,1,##final score: 1
1133167,how is the weather in jamaica,3964289,Jamaica Information. The local time in Jamaica is 04:45:34 AM (04:45:34 AM) Get the mobile country codes for Jamaica. Jamaica Information: Jamaica on Wikipedia The currency of Jamaica is the Jamaican Dollar.he local time in Jamaica is 04:45:34 AM (04:45:34 AM) Get the mobile country codes for Jamaica.,0,0,1,##final score: 1
1117099,what is a active margin,563625,"In plate tectonics, a convergent boundary, also known as a destructive plate boundary (because of subduction), is an actively deforming region where two (or more) tectonic plates or fragments of the lithosphere move toward one another and collide.n example of a continental-oceanic subduction zone is the area along the western coast of South America where the oceanic Nazca Plate is being subducted beneath the continental South American Plate.",2,2,1,##final score: 1
1133167,how is the weather in jamaica,4184339,"Jamaica. has 0 cities with more than a million people, 4 cities with between 100,000 and 1 million people, and 12 cities with between 10,000 and 100,000 people. The largest city in Jamaica is Kingston, with a population of 937,700 people.",0,0,1,##final score: 1
1063750,why did the us volunterilay enter ww1,8157237,Why is the first world war called the first world war?Explain with reason. 1 educator answer; Why is WWI called the war to end all wars? 2 educator answers; Why did European nations form alliances in the period leading up to World War I? 1 educator answer,0,0,1,##final score: 1
264014,how long is life cycle of flea,1610707,"30-90 Days (Average). A flea might live a year and a half under ideal conditions. These include the right temperature, food supply, and humidity. Generally speaking, though, an adult flea only lives for 2 or 3 months. Without a host for food, a flea's life might be as short as a few days.",3,3,2,##final score: 2
1117099,what is a active margin,3440615,"In plate tectonics, a convergent boundary, also known as a destructive plate boundary, is a region of active deformation where two or more tectonic plates or fragments of the lithosphere are near the end of their life cycle.",2,2,1,##final score: 1
1114819,what is durable medical equipment consist of,7873197,"How to Get Medicare to Pay for Wheelchairs. February 4, 2009. If you're 65 and older, or under 65 and permanently disabled and receiving Social Security Disability Insurance benefits, you qualify for Medicare coverage. Medicare Part B covers durable medical equipment, which includes wheelchairs.",2,2,1,##final score: 1
1114819,what is durable medical equipment consist of,6900773,"This article discusses the definitions and types of home medical equipment (HME), also known as durable medical equipment (DME), and durable medical equipment prosthetics and orthotics (DMEPOS). 1  1 HME / DMEPOS.  2 Types of home medical equipment.",2,2,1,##final score: 1
264014,how long is life cycle of flea,1702969,"Flea pupae can also stay in their cocoons for up to a year, waiting to sense the body heat and vibrations that signal the presence of nearby hosts. So when you go on vacation, the fleas don't starve to death -- they simply wait for you and your pets to come back.",2,2,1,##final score: 1
264014,how long is life cycle of flea,6571168,"1 Cats with fleas are likely to develop tapeworm as immature fleas feed on tapeworm eggs in cat feces. 2  The tapeworm hatches and develops inside the flea (the intermediate host), and when the cat grooms and swallows the flea, her digestive juices crack open the fleas body and release the larval form of the tapeworms.",0,0,1,##final score: 1
1113437,what is physical description of spruce,5779218,Trees in the genus Abies are called true firs to distinguish them from the Douglas-fir and other trees with similar names. All of the true firs are evergreen. North America has 9 of the 40 species that occur worldwide in the Northern Hemisphere. This genus tends to be conical with more or less whorled branches. All trees in this genus have needle-like leaves and cones that stand erect on the limbs until disintegrating in late summer.,0,0,1,##final score: 1
405717,is cdg airport in main paris,5079482,"Charles de Gaulle Airport. Paris Charles de Gaulle Airport (French: Aéroport de Paris-Charles-de-Gaulle, IATA: CDG, ICAO: LFPG), also known as Roissy Airport (name of the local district), is the largest international airport in France.",2,2,1,##final score: 1
1117099,what is a active margin,6057206,"Where the plates meet, their relative motion determines the type of boundary: convergent, divergent, or transform. Earthquakes, volcanic activity, mountain-building, and oceanic trench formation occur along these plate boundaries.The lateral relative movement of the plates typically ranges from zero to 100 mm annually. Convergent boundaries (Destructive) (or active margins) occur where two plates slide toward each other to form either a subduction zone (one plate moving underneath the other) or a continental collision.",3,3,2,##final score: 2
264014,how long is life cycle of flea,8332127,Here's what else you should know about dealing with a flea outbreak: 1  The fleas you see on your pet(s) are just the tip of the iceberg. 2  Fleas hatch in intervals as often as every two weeks. 3  Fleas lay their eggs on hosts (dogs and cats). 4  Pet-free households can also become infested by fleas.,2,2,1,##final score: 1
104861,cost of interior concrete flooring,5483490,"As a general rule, though, epoxy flooring costs anywhere from around $30-$35 per square metre for two coats over a prepared concrete surface to $80-$100 per square metre for a decorative finish after diamond grinding the concrete.",2,2,1,##final score: 1
183378,exons definition biology,8570256,"Description: In most eukaryotic genes, coding regions (exons) are interrupted by noncoding regions (introns). During transcription, the entire gene is copied into a pre-mRNA, which includes exons and introns.During the process of RNA splicing, introns are removed and exons joined to form a contiguous coding sequence.This mature mRNA is ready for translation.escription: In most eukaryotic genes, coding regions (exons) are interrupted by noncoding regions (introns). During transcription, the entire gene is copied into a pre-mRNA, which includes exons and introns.",3,3,2,##final score: 2
183378,exons definition biology,4134896,"So basically, the DNA of a cell is the 'blueprint of life' because it holds all the plans and acts as the master computer to tell what every cell, tissue, organ and system to do. 10 people found this useful.e also know that a lot of DNA apparently is nonsense and codes for nothing. These regions of DNA that do not code for proteins are called introns, or sometimes junk DNA. The sections of DNA that do actually code from proteins are called exons.",3,3,2,##final score: 2
915593,what types of food can you cook sous vide,5774014,"(This temp and time is for 1” thick boneless pork chops; for bone-in or other thicknesses, consult your PolyScience sous vide toolbox app.) The loin chops came out perfectly cooked: tender and moist. We had them with a side of Caribbean spiced lentils and black beans.",2,2,1,##final score: 1
1114819,what is durable medical equipment consist of,8601477,Medicare Part B (Medical Insurance) covers the rental of oxygen equipment and accessories as durable medical equipment (DME) that your doctor prescribes for use in your home. Medicare may also pay for a humidifier when it's used with your oxygen equipment.,2,2,1,##final score: 1
264014,how long is life cycle of flea,6773920,Share to: It takes 28 days for duck eggs to hatch.....and it takes 21 days for baby chicks to hatch and you can only put 12 eggs under neath a chicken..t can take as little as a couple days or as long as a couple weeks for flea eggs to hatch.,2,2,1,##final score: 1
264014,how long is life cycle of flea,5611213,Report Abuse. Adult fleas can live one to two months without a blood meal and seven to eight months with a blood meal ...watch your feet.eport Abuse. Adult fleas can live one to two months without a blood meal and seven to eight months with a blood meal ...,2,2,1,##final score: 1
443396,lps laws definition,4205261,"LPS (Mental Health) conservatorship. Print | E-mail. If the adult you are trying to help is not gravely mentally ill, see the Conservatorship section of this website. If the adult you are trying to help is developmentally disabled, see the Limited Conservatorship section of this website.",2,2,1,##final score: 1
148538,difference between rn and bsn,6536612,"Five types of Bachelor’s Degrees in Nursing: 1  BSN: 4-year degree and the prerequisite for applying to graduate nursing school. 2  LPN-to-BSN: Within four semesters, a licensed practical nurse (LPN) or a licensed vocational nurse (LVN) can earn a BSN. RN-to-BSN: This unique path gives RNs with an associate’s degree or diploma the chance to further their career while working.",2,2,1,##final score: 1
489204,right pelvic pain causes,6435264,"Causes of Liver Pain After Meals. Since the liver is located in the upper right quadrant of the abdomen, a malfunctioning liver would manifest in the form of pain that is felt in the upper right section of the abdomen. Pain could even be referred to the right shoulder or the back.",1,1,0,##final score: 0
264014,how long is life cycle of flea,6334964,"Fleas can lay 20 to 40 eggs per day, and 10 female fleas can create almost a quarter of a million different life stages in a month. Newly emerged flea larvae can survive two weeks without a blood meal, and pre-emerged fleas (pupae/cocoon stage) can survive six months without feeding.",2,2,1,##final score: 1
1117099,what is a active margin,2504563,"Answers. Best Answer: The great majority of seismicity on the planet occurs at plate boundaries. Where plate pull apart slide by each other or collide, there is tectonic activity manifested as earthquakes. Volcanism is associated with two of the plate boundary types: divergent and convergent margins. Where two plates containing continental crust at their margins collide, there is little or no volcanism (such as at the Himalaya).",2,2,1,##final score: 1
156493,do goldfish grow,2598792,The cost is around 50% less expensive than a koi pond. Goldfish ponds can be as small as 500 gallons and as big as 1500 gallons. Goldfish ponds are alot of times referred to as water gardens. Goldfish ponds are for those that want the excitement of the fish and the soothing water sounds.,0,0,1,##final score: 1
1113437,what is physical description of spruce,5546285,"There are basic differences that exist between pine and fir trees. Some of these differences are botanical name, native ranges and cone shape. They also have different foliage characteristics. You can tell the difference between the two by focusing on needle clusters and length. Pine trees and fir trees are both conifers that bear cones. These two trees are also members of the same plant family.",0,0,1,##final score: 1
915593,what types of food can you cook sous vide,2923494,"There are few things lovelier than a perfectly poached egg. The way a thick, flavorful yolk, and tender egg white coat a dish in a naturally savory sauce is a beautiful thing.Creating a well-made poached egg—a fundamental technique that often eludes even the finest cooks—became infinitely easier, and perhaps even foolproof, with the rise of sous vide cooking.ut the beauty is this: With sous vide, you can play with different times and temperatures to produce nearly any desired outcome. Whether you like your eggs runny, firm, thick, or hard-boiled, sous vide gets the job done.",2,2,1,##final score: 1
1112341,what is the daily life of thai people,4595999,"Muay Thai Gear Guide: Boxing Gloves vs. Muay Thai Gloves. Boxing Gloves and Muay Thai gloves are not the same, though are often are used interchangeably. Typically, if you only box you should opt for a western boxing-style glove. For Muay Thai, you can use either a Muay Thai style glove or a Boxing style glove.",1,1,0,##final score: 0
1133167,how is the weather in jamaica,2276677,"Storm in Jamaica. Storms in Jamaica should be taken as serious as a hurricane. Storm season is the same period as hurricane season. If you plan on spending most of your time outdoors, the first and the last month during the storm season is usually the calmest. August, September, and October are the months that tropical storm usually arrives.",2,2,1,##final score: 1
131843,definition of a sigmet,4574277,"A severe thunderstorm warning, on the other hand, is not issued until such a storm has been physically observed or is spotted on radar. A tornado watch is issued when conditions may produce a tornado, and a warning is issued when a tornado has been sighted, or when rotation is seen on radar.",1,1,0,##final score: 0
833860,what is the most popular food in switzerland,3437285,"What To Eat In Switzerland: 5 Foods Beyond Fondue. By on March 22, 2013 in Switzerland. Switzerland does dairy well – the molten variety in particular. There’s something rather brilliant about eating hot bubbling cheese or chocolate while you sit nestled among the snowy Alps and this a scene the Swiss have nailed.",2,2,1,##final score: 1
1114819,what is durable medical equipment consist of,1315998,Last Review: Description of Procedure or Service. Durable Medical Equipment (DME) is any equipment that provides therapeutic benefits to a patient in. need because of certain medical conditions and/or illnesses. Durable Medical Equipment (DME) consists of items which:,2,2,1,##final score: 1
1133167,how is the weather in jamaica,8717042,"Kingston the capital of Jamaica, located in the southwestern part of island, is considered the administrative, cultural and industrial hub of Jamaica. It is also the largest city in Jamaica. Port Of Kingston. Montego Bay is a sprawling city with Jamaica's largest airport shopping and cruise line terminal.",0,0,1,##final score: 1
156493,do goldfish grow,1341656,"Goldfish prices vary wildly. But, let’s explore. the cost to keep a goldfish and then examine how that relates to the purchase price of the fish. itself. We can do a rudimentary economic analysis of a home aquarium and then repeat the. exercise for a small pond. Note that this is not a how-to-keep-a-goldfish article. The costs,",0,0,1,##final score: 1
1106007,define visceral?,7500587,"In my opinion the best way to distinguish between these terms is to recognize that visceral reactions IS a type of deep emotional reaction, the other variant being a deep cerebral emotional reaction. I do not agree with the notion that emotional responses are always non-intellectual. This is a misleading notion.p vote 2 down vote. I think that visceral sometimes doesn't relate to what we normally describe as feelings. It seems that a visceral reaction to something may often also connect with a strong emotional response to the same moment or stimulus.",2,2,1,##final score: 1
264014,how long is life cycle of flea,7323466,"Fleas In Empty House. Adult fleas cannot survive without a blood source. Unfortunately, adults are only 5% of the flea population. Eggs and larvae make up the other 95% and can survive for many months in a dormant state until they sense the presence of CO2 from a living animal or feel the body heat. Then they are stimulated to hatch and attack! When treating an empty house, be sure to use a product that kills flea eggs and larvae.",2,2,1,##final score: 1
183378,exons definition biology,2352716,"Such stretches of DNA, which get transcribed into RNA but not translated into protein, are called introns. Those stretches of DNA that do code for amino acids in the protein are called exons. Examples: 1  The gene for one type of collagen found in chickens is split into 52 separate exons.uch stretches of DNA, which get transcribed into RNA but not translated into protein, are called introns. Those stretches of DNA that do code for amino acids in the protein are called exons. Examples: 1  The gene for one type of collagen found in chickens is split into 52 separate exons.",3,3,2,##final score: 2
359349,how to find the midsegment of a trapezoid,5219974,1 It is a closed shape. 2  Two of the lines are parallel. 3  It is a simple quadrilateral-meaning the sum of it's angles is 360 degrees. 4  A Trapezoid is a Trapezoid and cannot be named anything else.,0,0,1,##final score: 1
1124210,tracheids are part of _____.,7146478,What drives the flow of water through the xylem? active transport by sieve-tube elements passive transport by the endodermis active transport by tracheid and vessel elements the number of companion cells in the phloem the evaporation of water from the leavers,2,2,1,##final score: 1
264014,how long is life cycle of flea,7326932,"The Pet Shed Petcyclopedia explains that a flea can live for a little over 130 days when it has access to a host. When a flea loses its host, it must find a new one as quickly as possible. According to 1-800-PetMeds, a little over half of newborn fleas may be able to survive for two months without a host if their environment is humid enough. On the other hand, newly hatched fleas in a dry and cold environment usually survive a few days at the most without feeding.",2,2,1,##final score: 1
1117099,what is a active margin,1798612,"• Pacific = Active Margin geologic activity 11 The ocean floor can be classified as (a) Continental Margins –the submerged outer edge of a continent (b) Ocean Basin – the deep seafloor beyond the continental margin There are two types of continental Margins (a)passive or trailing margins: margin of continent that moves away from spreading center – Atlantic-style margins (also Artic Ocean, Antarctica and Indian Ocean). Very little volcanic or earthquake activity is associated with passive margins. (b) active or leading margins: plate boundary located along a continental margin – ocean trenches where there is subduction of oceanic lithosphere – narrow, steep, with volcanic mountains (West Coast of the Americas). Active margins are the site of volcanic and earthquake activity. 12 Continental Margins",3,3,2,##final score: 2
489204,right pelvic pain causes,1479542,"LOWER Right Abdominal Pain. Lower right abdominal pain may be due to some of the same causes discussed under upper right abdominal pain. With the lower abdominal regions, the continuation with the pelvic cavity means that pathologies of the pelvic organs or structures may also be a cause of pain.",2,2,1,##final score: 1
1114819,what is durable medical equipment consist of,7425393,"Individuals type 1 diabetes or other insulin-dependent conditions may qualify for an insulin pump under Medicare Part B. Medicare covers insulin pumps deemed medically necessary as part of the Durable Medical Equipment benefit (DME), which covers certain medical equipment used at home. prescription for an insulin pump entitles the patient to 80 percent coverage of the equipment from a Medicare-approved supplier. The patient pays 20 percent of the Medicare-approved cost as well as the Medicare Part B deductible, if applicable.",2,2,1,##final score: 1
915593,what types of food can you cook sous vide,7885529,"Salmon Cook in Bag Dinner, Fresh, Ready to Cook ... This went into a sous vide pot and was cooked for 48 hours a Photo of Publix - Jacksonville, FL, United States",2,2,1,##final score: 1
1117099,what is a active margin,6993942,"1 A Continental Margin is a boundary between continental crust and oceanic crust. 2  Active continental margins occur along plate boundaries, while passive continental margins occur at the boundary that marks a continent and the oceanic crust. 3  Mountain building takes place along active continental margins only.",3,3,2,##final score: 2
1110199,what is wifi vs bluetooth,3110637,"Generally, Bluetooth streams audio at a lower quality and over less distance than Wi-Fi-based technologies. Wired Connectivity: The Echo has no wired inputs, meaning it can only play audio using the wireless capabilities described above.",2,2,1,##final score: 1
1114819,what is durable medical equipment consist of,6631098,Medicare Part B (Medical Insurance) covers blood sugar monitors as durable medical equipment (DME) that your doctor prescribes for use in your home.,2,2,1,##final score: 1
156493,do goldfish grow,95519,This Site Might Help You. RE: How big do goldfish get? OK so I know a lot of people say a fancy one will grow to 12&#39;&#39; but I think that&#39;s kind of ridiculous. A lot of these &quot;huge goldfish&quot; myths seem to only take place on the internet.,2,2,1,##final score: 1
131843,definition of a sigmet,1795993,"How do meteorologists forecast the weather? Weather forecasting is a prediction of what the weather will be like in an hour, tomorrow, or next week. Weather forecasting involves a combination of computer models, observations, and a knowledge of trends and patterns. By using these methods, reasonable accurate forecasts can be made up to seven days in advance.",1,1,0,##final score: 0
443396,lps laws definition,456712,Overcurrent protection device method – Another commonly used technique to provide LPS limiting is by using a fuse or circuit breaker in series with the power output. Table 2C outlines the limits for overcurrent device limited sources.,0,0,1,##final score: 1
1133167,how is the weather in jamaica,8160243,"The eastern coast of Jamaica is the windward coast and receives the most rain on the island. (This is where Port Antonio is located.) Generally, the weather in Jamaica is characterized by a cool, caressing sea breeze by day and a gentle breeze from the mountains by night. April is usually the windiest month.",2,2,3,##final score: 3
207786,how are some sharks warm blooded,8819656,"The reason for this is that it is hard to see a shark close to the bottom at this time. The success rate of attacks is 55% in the first 2 hours, it falls to 40% in late morning and after that the sharks stop hunting. The hunting technique of the white shark varies with the species it hunts.",0,0,1,##final score: 1
490595,rsa definition key,5112297,"Founded as an independent company in 1982, RSA Security was acquired by EMC Corporation in 2006 for US$2.1 billion and operated as a division within EMC. When EMC was acquired by Dell Technologies in 2016, RSA became a subsidiary of Dell EMC Infrastructure Solutions Group.",0,0,1,##final score: 1
19335,anthropological definition of environment,4510384,"From an anthropological perspective, culture is what it means to be a member of a certain group. It is the underlying characteristics that the people in that particular subset share. This can include values, standards, religion, language, and all sorts of other things. Society is a different animal. You can think of it as the people in a given group and as the sum-total of interactions between people in a given group. Society relies on culture, because culture determines how people react to certain things.",0,0,1,##final score: 1
443396,lps laws definition,3440853,"The purpose of this brochure is to explain two legal holds used to. keep patients in psychiatric hospitals involuntarily: the 72-hour hold. and the 14-day hold. These involuntary holds are the entry point for. many patients into California’s mental health system. During these involuntary holds, patients have legal rights. The rights. can be found in the patients’ rights handbook and on the patients’. rights poster.",2,2,1,##final score: 1
1037798,who is robert gray,3641638,"In 1800, Lagasse and LeBlanc reached the upper reaches of the Columbia by crossing the Rocky Mountains. Lewis and Clark explored from the mouth of the Yakima River (in present day Washington State). David Thompson reached the source of the Columbia at Columbia Lake in present day British Columbia in 1807 and navigated the entire river in 1811. The first American settlement on the Columbia was Astoria, established at its mouth in 1811.",0,0,1,##final score: 1
1112341,what is the daily life of thai people,1373648,"Thai, also known as Siamese or Central Thai, is the national and official language of Thailand and the native language of the Thai people and the vast majority of Thai Chinese. Thai is a member of the Tai group of the Tai–Kadai language family. Over half of the words in Thai are borrowed from Pali, Sanskrit and Old Khmer. It is a tonal and analytic language. Thai also has a complex orthography and relational markers.",1,1,0,##final score: 0
1103812,who formed the commonwealth of independent states,1101246,"Todd B. Krause and Jonathan Slocum. Armenian is the official language of what in recent memory was the smallest republic of the former Soviet Union, now the southernmost republic of the Commonwealth of Independent States.",0,0,1,##final score: 1
183378,exons definition biology,1239964,The intervening sequences that are removed are called introns. The process by which introns are removed is referred to as splicing. The sequences remaining after the splicing are called exons. All of the different major types of RNA in a eukaryotic cell can have introns.,3,3,2,##final score: 2
833860,what is the most popular food in switzerland,2206198,"Alps-. Swiss Alps, also known as Central Alps, is the region of Alpine mountain ranges that lie in Switzerland. Around 65% of Switzerland is covered by Alps, one of the most beautiful mountain ranges. No doubt, Switzerland is the place where one can find the highest peaks and glaciers.Skiing and hiking are way of Swiss life.. Swiss Chocolate-. If you tell me you don’t like Swiss chocolate, I would seriously believe you haven’t tasted it yet. Switzerland is famous for the art of chocolate making. They have world’s best milk chocolate made of finest milk and cream.",2,2,1,##final score: 1
1117099,what is a active margin,1389420,Convergent boundaries (Destructive) (or active margins) occur where two plates slide toward each other to form either a subduction zone (one plate moving underneath the other) or a continental collision.,3,3,2,##final score: 2
1114819,what is durable medical equipment consist of,6134462,"du·ra·ble. adj. 1. a. Capable of withstanding wear and tear or decay: a durable fabric. b. Made to withstand repeated use over a relatively long period, usually several years or more: durable goods such as washing machines and dryers.",0,0,1,##final score: 1
168216,does legionella pneumophila cause pneumonia,2774860,"Contact with potting mix was believed to be the cause of illness in many of the cases.”. Legionella longbeachae is different from Legionella pneumophila, the more well-known form of Legionnaires’ disease found in poorly maintained cooling towers and spas.To many gardeners, potting mix may seem harmless, but it can actually be very dangerous unless the correct procedures are followed,” Ms Pike said. Legionella longbeachae is a form of Legionnaires’ disease. It is found in minute quantities in the general environment (including soil) and is not a health hazard.",2,2,1,##final score: 1
183378,exons definition biology,5460939,"The human genome consists of 3 billion nucleotides or “letters” of DNA. But only a small percentage — 1.5 percent — of those letters are actually translated into proteins, the functional players in the body. The “exome” consists of all the genome’s exons, which are the coding portions of genes. The term exon was derived from “EXpressed regiON,” since these are the regions that get translated, or expressed as proteins, as opposed to the intron, or “INTRagenic regiON” which is not represented in the final protein.",3,3,2,##final score: 2
1114819,what is durable medical equipment consist of,344350,"A durable medical equipment business is a company that sells health care related items intended for use in the home for an extended period. Products such as wheelchairs, hospital beds, glucose monitors and nebulizers are considered durable medical equipment, and are often covered by insurance plans and Medicare provided that the equipment is intended for long-term use.",3,3,2,##final score: 2
264014,how long is life cycle of flea,5688730,"However, they are commonest in areas where animals sleep. Female fleas lay eggs in these areas. The eggs take about two weeks to hatch, depending on the temperature. Larval fleas look very different from the adults, having long body hairs, and appearing caterpillar-or worm-like, without eyes or legs.owever, they are commonest in areas where animals sleep. Female fleas lay eggs in these areas. The eggs take about two weeks to hatch, depending on the temperature. Larval fleas look very different from the adults, having long body hairs, and appearing caterpillar-or worm-like, without eyes or legs.",2,2,1,##final score: 1
1133167,how is the weather in jamaica,190803,Jamaica has a tropical climate with hot and humid weather at sea level. The higher inland regions have a more temperate climate. (Bring a light jacket just in case you travel to the mountains where temperatures can be 10 degrees cooler or in case you go on a windy boat ride). Our average annual temperature is between 80-86°F (27-30°C).,2,2,3,##final score: 3
833860,what is the most popular food in switzerland,6804385,"Hi Im Swiss and I can answer your question. For us Swiss people Switzerland is not that expensive because out salary makes up for it (we have one of the highest salaries per/person worldwide). For foreigners visiting Switzerland many will find it very expensive, from public transportation to food.",0,0,1,##final score: 1
207786,how are some sharks warm blooded,3717772,"Porbeagle Shark. Scientific name: Lamna nasus. Also known as: Mackerel Shark, Porgie. Size: Up to 12ft and 600lbs. In UK waters typically 7-8ft and 300lbs. UK minimum size: All UK shark species have a default minimum weight of 40lbs/18kg (shore) and 50lbs/23kg (boat).",0,0,1,##final score: 1
1133167,how is the weather in jamaica,7010343,Definition of Jamaica in the Definitions.net dictionary. Meaning of Jamaica. What does Jamaica mean? Information and translations of Jamaica in the most comprehensive dictionary definitions resource on the web.,0,0,1,##final score: 1
1133167,how is the weather in jamaica,5362317,"Answers.com ® WikiAnswers ® Categories Travel & Places Countries, States, and Cities Jamaica What continent is Jamaica in?",0,0,1,##final score: 1
1117099,what is a active margin,7541965,"oceanic-continental convergence. When an Oceanic and a Continental Plate converge the Oceanic Plate sinks underneath the Continental Plate. The area were the plate sinks into the Mantle is called a Subduction zone. Subduction Zones along an Oceanic-Continental boundary create a deep-sea trench.onvergent Boundary. In Plate Tectonics, a Convergent Boundary, also known as a destructive plate boundary because of Subduction. A Convergent Boundary is an actively deforming region where two or more tectonic plates or fragments of the Lithosphere move toward one another and collide.",2,2,1,##final score: 1
1124210,tracheids are part of _____.,931165,"The xylem helps in the movement of water from the root to the leaves. Two types of cells in the xylem, tracheids and vessels, form tubes that allow water to move up the plant. Tracheids are found in all vascular plants, but vessels are only found in flowering plants. Full Answer >.",2,2,3,##final score: 3
87452,causes of military suicide,5549020,"1 They may use drugs or alcohol. 2  Some people with PTSD use drugs or alcohol to help them cope with their symptoms. 3  In fact, using too much alcohol can get in the way of restful sleep. 4  Alcohol changes the quality of your sleep and makes it less refreshing. 5  This is true of many drugs as well.",1,1,0,##final score: 0
1114819,what is durable medical equipment consist of,1437537,"Medicare Part B (Medical Insurance) covers crutches as durable medical equipment. All people with Part B are covered. If your supplier accepts assignment, you pay 20% of the Medicare-approved amount, and the Part B deductible applies. Medicare pays for different kinds of DME in different ways. Depending on the type of equipment: You may need to rent the equipment.",2,2,1,##final score: 1
1063750,why did the us volunterilay enter ww1,6093911,"These countries were Britain, France and Russia. Russia was a supporter of tiny little Serbia, and so when the Triple Alliance delcared war on Serbia, Russia became involved, and that is the way France and Britain became involved.onfidence votes 150. Britain entered WW1 in the defense of Belguim and in reaction to Germany's violation of The Treaty of London(1839), in which Belguim's neutrality was to be respected by all nations.",0,0,1,##final score: 1
1114819,what is durable medical equipment consist of,2008574,"Key medical offers three main services, Durable Medical Equipment, Home Modification and Home Care Services. Key Medical specializes in respiratory and sleep DME. We understand the difficulties in using this type of equipment and are commited to helping our patients find the best device to fit their needs and lifestyle.",2,2,1,##final score: 1
264014,how long is life cycle of flea,8608903,Turkey eggs usually take 21 to 28 days to hatch depending on what they are incubated in like an incubator or by a hen. It also depends on how fertile it is and how it is cared … for.t can take as little as a couple days or as long as a couple weeks for flea eggs to hatch.,2,2,1,##final score: 1
131843,definition of a sigmet,4751877,Forecast Discussion. SPC AC 160543 Day 2 Convective Outlook NWS Storm Prediction Center Norman OK 1243 AM CDT Sun Apr 16 2017 Valid 171200Z - 181200Z ...THERE IS A MARGINAL RISK OF SEVERE THUNDERSTORMS FOR WESTERN PORTIONS OF NEBRASKA AND SOUTHWEST SOUTH DAKOTA... ...SUMMARY...,1,1,0,##final score: 0
207786,how are some sharks warm blooded,4599409,"Some sharks can live in fresh water for a limited amount of time. Sharks have been known to swim up rivers such as the Mississippi, but only certain species of sharks have the ability. Bull sharks have been known to swim up rivers. They have a higher tolerance for fresh water than most other sharks.",0,0,1,##final score: 1
207786,how are some sharks warm blooded,353692,"Nurse Shark Ginglymostoma cirratum Introduction to Nurse Shark. Many people don’t realize that Nurse Sharks are really a shark they see. Due to the unique design of the body where the back half of it is so long, they often think it is some type of fish that they happen to see in the water. Many people wonder about the name of this shark and it isn’t really known.",0,0,1,##final score: 1
183378,exons definition biology,4727412,"Transcrition/translation - Exons and introns. Description: In most eukaryotic genes, coding regions (exons) are interrupted by noncoding regions (introns). During transcription, the entire gene is copied into a pre-mRNA, which includes exons and introns.",3,3,2,##final score: 2
1112341,what is the daily life of thai people,1373651,"Since many Thai people understand some English, this would not be a problem at all. However, being able to say some simple words and basic phrases like “hello” and “thank you” is fun for the tourist and would be appreciated by many Thais. Below is a list of some common words and some useful phrases in Thai for tourists.",0,0,1,##final score: 1
1114819,what is durable medical equipment consist of,8625086,"How Medicare Covers DME (Durable Medical Equipment) and Oxygen Equipment. Oxygen therapy equipment falls under the category known as “durable medical equipment” (DME), as do all necessary medical devices covered by medicare. Many other types of medical equipment also fall under this category. Things like hospital beds, wheelchairs, prosthetic equipment, and oxygen concentrators are all considered DME. With Part B, Original Medicare will cover DME when your doctor deems it necessary and provides it for use in your home.",3,3,2,##final score: 2
915593,what types of food can you cook sous vide,8029533,"In Episode 2 of the Sous Vide Cooking Series, MasterChef's Sharone Hakman demonstrates how to sous vide a perfect sirloin steak in your home kitchen using simple ingredients like garlic and fresh herbs.",2,2,1,##final score: 1
1133167,how is the weather in jamaica,189072,"There are top Jamaica beaches in or near all the major resort towns. The long, crescent-shaped Turtle Beach in Ocho Rios is one of the most popular beaches in Jamaica. Like many other Jamaican beaches, it is now surrounded by hotels and resorts.",0,0,1,##final score: 1
183378,exons definition biology,3093215,"Transcrition/translation-Exons and introns. Description: In most eukaryotic genes, coding regions (exons) are interrupted by noncoding regions (introns). During transcription, the entire gene is copied into a pre-mRNA, which includes exons and introns.During the process of RNA splicing, introns are removed and exons joined to form a contiguous coding sequence.This mature mRNA is ready for translation.ranscrition/translation-Exons and introns. Description: In most eukaryotic genes, coding regions (exons) are interrupted by noncoding regions (introns). During transcription, the entire gene is copied into a pre-mRNA, which includes exons and introns.",3,3,2,##final score: 2
962179,when was the salvation army founded,2329695,"William Booth was born in Sneinton, Nottingham, the second son of five children born to Samuel Booth and his second wife, Mary Moss. Booth's father was relatively wealthy by the standards of the time, but during William's childhood, the family descended into poverty.In 1842, Samuel Booth, who could no longer afford his son's school fees, apprenticed the 13-year-old William Booth to a pawnbroker. Samuel Booth died on 23 September 1843.he name The Salvation Army developed from an incident in May 1878. William Booth was dictating a letter to his secretary George Scott Railton and said, We are a volunteer army.. Bramwell Booth heard his father and said, Volunteer, I'm no volunteer, I'm a regular!.",2,2,1,##final score: 1
87452,causes of military suicide,7965007,"Critical Issues Facing Veterans and Military Families SAMHSA addresses critical issues such as suicide risk, trauma, and homelessness that impact members of the military with behavioral health conditions.",2,2,1,##final score: 1
1117099,what is a active margin,1652329,"In plate tectonics, a convergent boundary, also known as a destructive plate boundary (because of subduction), is an actively deforming region where two (or more) tectonic plates or fragments of the lithosphere move toward one another and collide. The collision between the Australian Plate and the Pacific Plate that formed the Southern Alps in New Zealand. 2  Subduction of the northern part of the Pacific Plate and the NW North American Plate that is forming the Aleutian Islands.",2,2,1,##final score: 1
1063750,why did the us volunterilay enter ww1,12264,"However, Wilson and the United States found it increasing difficult to remain neutral. The series of events between 1915 and 1917 led Wilson to finally deliver his war message to Congress on April 2, 1917.German submarine warfare had resulted in the sinking of several ships and the loss of American lives.owever, Wilson and the United States found it increasing difficult to remain neutral. The series of events between 1915 and 1917 led Wilson to finally deliver his war message to Congress on April 2, 1917. German submarine warfare had resulted in the sinking of several ships and the loss of American lives.",2,2,3,##final score: 3
1133167,how is the weather in jamaica,56191,"Nonstop Flights to the Caribbean | 21 Cheapest Flights to the Caribbean | Best of the Caribbean. Newark to Jamaica. Airlines: United | Flight Time: 4:05 | Availability: Saturday and Sunday year-round, Daily seasonal | More about Jamaica.Newark to Trinidad & Tobago.onstop Flights to the Caribbean | 21 Cheapest Flights to the Caribbean | Best of the Caribbean. Newark to Jamaica. Airlines: United | Flight Time: 4:05 | Availability: Saturday and Sunday year-round, Daily seasonal | More about Jamaica. Newark to Trinidad & Tobago.",0,0,1,##final score: 1
1063750,why did the us volunterilay enter ww1,2496767,"Explain the significance of the following dates: 1914-1918. Did the sinking of the Lusitania cause the United States to enter World War I. Not directly, but it did cause more Americans to be in favor of the entry of the United States into the war. Define the following terms: Militarism, Imperialism, nationalism, and alliances. ...",2,2,1,##final score: 1
104861,cost of interior concrete flooring,236954,"Concrete tiles are expensive. They generally cost $400 to $900 per square (one square equals 100 square feet). High-end concrete costs as much as $1,000 per square. A typical two-story home has about 1,500 square feet of roof, bringing the total cost for materials and installation to $6,000 to $15,000.",0,0,1,##final score: 1
168216,does legionella pneumophila cause pneumonia,4792582,"Pneumonia is an infection of the lung. With atypical pneumonia, the infection is caused by different bacteria than the ones that cause typical pneumonia. These include Legionella pneumophila, Mycoplasma pneumoniae, and Chlamydophila pneumoniae. Atypical pneumonia also tends to have milder symptoms than typical pneumonia.",3,3,2,##final score: 2
489204,right pelvic pain causes,759508,"If you have kidney stones in the right kidney, a sudden and intense pain may be experienced in the right side of abdomen. It starts on the upper right of abdomen and moves towards either the genitals or the navel. See here for more information on Symptoms of kidney pain.",1,1,2,##final score: 2
1117099,what is a active margin,8294083,"The San Andreas Fault in California is one example. 2. Divergent boundaries occur where two plates slide apart from each other. Mid-ocean ridges (e.g., Mid-Atlantic Ridge) and active zones of rifting (such as Africa's Great Rift Valley) are both examples of divergent boundaries.. Convergent boundaries (or active margins) occur where two plates slide towards each other commonly forming either a subduction zone (if one plate moves underneath the other) or a continental collision (if the two plates contain continental crust). Deep marine trenches are typically associated with subduction zones.",3,3,2,##final score: 2
264014,how long is life cycle of flea,6105568,"Once mated, the female flea may deposit up to 50 eggs per day on your dog or cat. An adult flea typically lives for several months, so just a single flea can cause a significant infestation in a short amount of time. As your pet walks around your home, many of the flea eggs fall off. Cat flea eggs are tiny, measuring a mere 1/32 inch, so they can go unnoticed in your pet's bedding, in carpets, or on upholstered furniture. Within 2 to 5 days, wormlike larvae emerge from the eggs. Lacking eyes and legs, you might think that flea larvae would have a tough time surviving in your carpet.",2,2,1,##final score: 1
1117099,what is a active margin,3780997,"In plate tectonics, a convergent boundary, also known as a destructive plate boundary (because of subduction), is an actively deforming region where two (or more) tectonic plates or fragments of the lithosphere move toward one another and collide.escriptions [edit]. The nature of a convergent boundary depends on the type of plates that are colliding. Where a dense oceanic plate collides with a less-dense continental plate, the oceanic plate is typically thrust underneath because of the greater buoyancy of the continental lithosphere, forming a subduction zone.",2,2,1,##final score: 1
264014,how long is life cycle of flea,684618,"Full Answer. Fleas survive an average of eight days on a short-haired dog, and they typically last longer on a host with longer hair. Fleas need a food source to survive and reproduce to continue their life cycle, and a healthy flea can lay around 27 eggs each day.",2,2,1,##final score: 1
131843,definition of a sigmet,988473,Tornado Watch. This is issued by the National Weather Service when conditions are favorable for the development of tornadoes in and close to the watch area. Their size can vary depending on the weather situation. They are usually issued for a duration of 4 to 8 hours.,1,1,0,##final score: 0
264014,how long is life cycle of flea,8608908,"With optimum conditions such as temperature and humidity a chicken egg takes 21 days to hatch.    From when it was layed, about 20-28 days,depending on the breed. From th … e time when the egg first cracked, about one day. This is a very slow process.t can take as little as a couple days or as long as a couple weeks for flea eggs to hatch.",2,2,1,##final score: 1
168216,does legionella pneumophila cause pneumonia,8766391,"During the bicentennial in 1976, american legion members held a convention in philadelphia. Many of them became ill and some died from a previously unknown infectious agent. The culprit in legionaires' disease was a new germ, later named, in honor of the legionaires, legionella pneumophila.. In brief: American Legion. During the bicentennial in 1976, american legion members held a convention in philadelphia.",2,2,1,##final score: 1
1124210,tracheids are part of _____.,7203360,"Xylem definition, a compound tissue in vascular plants that helps provide support and that conducts water and nutrients upward from the roots, consisting of tracheids, vessels, parenchyma cells, and woody fibers. See more.",2,2,3,##final score: 3
1133167,how is the weather in jamaica,7835489,"Jamaica Independence Day. Jamaica Independence Day Date: August 6. Jamaica celebrates Independence Day as a public holiday. Jamaica National Day was first celebrated on August 6, 1962 by raising the National Flag which signified the birth of the nation. This auspicious occasion is celebrated every year in Jamaica and 6th day of August is noted as a national holiday in Jamaica.",0,0,1,##final score: 1
207786,how are some sharks warm blooded,8273761,"These sharks are unique in their ability to elevate and maintain body temperatures as much as 13 C above the ambient water temperature. One striking feature of these warm-bodied sharks is that their flanks and viscera are warm, while the heart and gills are at environmental temperatures.",2,2,1,##final score: 1
1133167,how is the weather in jamaica,8415742,May Weather in Jamaica. The tables below give the normal May temperatures and rainfall for cities and popular vacation spots in Jamaica.There's also information here on this month's average humidity and sunshine. The measures of climate are averages of data collected at weather stations over several decades.,2,2,1,##final score: 1
264014,how long is life cycle of flea,5635518,"In order to develop, flea eggs need a warm, moist environment: a temperature of about 70 degrees Fahrenheit (21 degrees Celsius) and 70 to 85 percent humidity. In these conditions, the eggs hatch in about 12 days.emales lay eggs, which hatch into worm-like larvae. The larvae spin cocoons and become pupae. An adult flea emerges from the cocoon. In a population of fleas, about half are eggs, and about five percent are adults. Female fleas can lay eggs only if they've had a meal.",2,2,1,##final score: 1
264014,how long is life cycle of flea,3389744,"Flea pupae can also stay in their cocoons for up to a year, waiting to sense the body heat and vibrations that signal the presence of nearby hosts. So when you go on vacation, the fleas don't starve to death -- they simply wait for you and your pets to come back.lea pupae can also stay in their cocoons for up to a year, waiting to sense the body heat and vibrations that signal the presence of nearby hosts. So when you go on vacation, the fleas don't starve to death -- they simply wait for you and your pets to come back.",2,2,1,##final score: 1
130510,definition declaratory judgment,8612904,"The declaratory judgment is generally considered a statutory remedy and not an equitable remedy in the United States, and is thus not subject to equitable requirements, though there are analogies that can be found in the remedies granted by courts of equity.",2,2,1,##final score: 1
1110199,what is wifi vs bluetooth,3780506,"Ethernet is just plain faster than Wi-Fi; there’s no getting around that. But the real-world differences are smaller than you might think. Wi-Fi has gotten significantly faster over the last few years thanks to new standards like 802.11ac and 802.11n, which offer maximum speeds of 866.7 Mb/s and 150 Mb/s, respectively.",0,0,1,##final score: 1
489204,right pelvic pain causes,1051498,"Lower right abdominal pain may be due to some of the same causes discussed under upper right abdominal pain. With the lower abdominal regions, the continuation with the pelvic cavity means that pathologies of the pelvic organs or structures may also be a cause of pain.",2,2,1,##final score: 1
451602,medicare's definition of mechanical ventilation,7232295,Adaptive Support Ventilation® (ASV®) 1  Intelligent ventilation mode for passive and spontaneously breathing adult and pediatric patients. 2  Automatically adjusts ventilation to lung mechanics and applies lung-protective strategies. 3  Shortens ventilation time.,1,1,0,##final score: 0
168216,does legionella pneumophila cause pneumonia,8252764,"Legionella pneumophila antigen—this is the preferred initial test for Legionnaires disease. It detects one of the bacterium's proteins. It is performed on urine and occasionally on another body fluid. It is a rapid way to detect an infection, but it will only detect Legionella pneumophila serogroup 1.",2,2,1,##final score: 1
915593,what types of food can you cook sous vide,3538167,How to sous vide watermelon. How to cook fruit sous vide. How to make rhubarb purée. How to make rhubarb granita. How to make rhubarb compote. How to make rhubarb jelly. How to roast rhubarb. How to cook rhubarb sous vide. How to poach rhubarb.,2,2,1,##final score: 1
1063750,why did the us volunterilay enter ww1,4559130,"October 28, 2009. Social Studies Methods. Overview: In this lesson, students will try to figure out the reasons why the United. States decided to enter World War I. For most of the war, the United States tried to. remain out of the “European Conflict,” but eventual pressure forced them into. action. While the sinking of the Lusitania is the most common excuse for why.",2,2,1,##final score: 1
87181,causes of left ventricular hypertrophy,2011007,"Types of cardiomyopathy include: Dilated cardiomyopathy. This is the most common type of cardiomyopathy. In this disorder, the pumping ability of your heart's main pumping chamber — the left ventricle — becomes less forceful.",0,0,1,##final score: 1
168216,does legionella pneumophila cause pneumonia,6264732,"Legionnaires' disease, also known as legionellosis or Legion fever, is a form of atypical pneumonia caused by any type of Legionella bacteria.Over 90% of cases of Legionnaires' disease are caused by Legionella pneumophila. Other causative species include L. longbeachae, L. feeleii, L. micdadei, and L. anisa.he length of time between exposure to the bacteria and the appearance of symptoms is generally two to 10 days, but can rarely extend to as much as 20 days. For the general population, among those exposed between 0.1 to 5% develop disease, while among those in hospital between 0.4 to 14% develop disease.",3,3,2,##final score: 2
87181,causes of left ventricular hypertrophy,7526679,"However, there are other conditions in which elevated T-waves can present such as myocardial infarction (heart attack), or a condition known as left ventricular hypertrophy in which the chamber of the heart responsible for pumping your blood to the rest of your body becomes enlarged (probably due to being overworked).",2,2,1,##final score: 1
183378,exons definition biology,7678696,"cytosine, C - a base found in DNA and RNA and derived from pyrimidine; pairs with guanine. coding DNA, exon - sequence of a gene's DNA that transcribes into protein structures; exons are interspersed with introns. intron, noncoding DNA - sequence of a eukaryotic gene's DNA that is not translated into a protein.",3,3,2,##final score: 2
168216,does legionella pneumophila cause pneumonia,3004214,"Infections rarely cause acute pancreatitis. Examples of bacterial infections include: Salmonellosis, a type of food poisoning caused by the bacterium Salmonella, or Legionnaires' disease, an infection caused by the bacterium Legionella pneumophila found in plumbing, shower heads and water-storage tanks.",2,2,1,##final score: 1
1103812,who formed the commonwealth of independent states,1659852,"League of Nations-an international organization formed in 1920 to promote cooperation and peace among nations; although suggested by Woodrow Wilson, the United States never joined and it remained powerless; it was dissolved in 1946 after the United Nations was formed.IS, Commonwealth of Independent States-an alliance made up of states that had been Soviet Socialist Republics in the Soviet Union prior to its dissolution in Dec 1991. UN, United Nations-an organization of independent states formed in 1945 to promote international peace and security.",2,2,1,##final score: 1
264014,how long is life cycle of flea,4126497,"With optimum conditions such as temperature and humidity a chicken egg takes 21 days to hatch.    From when it was layed, about 20-28 days,depending on the breed. From th … e time when the egg first cracked, about one day.This is a very slow process.t can take as little as a couple days or as long as a couple weeks for flea eggs to hatch.",2,2,1,##final score: 1
264014,how long is life cycle of flea,5611215,"Flea eggs can live in your carpet in a dormant state for up to a year depending on the environment. This is why it is important to vacuum frequently. Vacuuming can get rid of 30-60% of the fleas from carpeting.leas can live up to a year and a half when they have a food supply, the optimum temperature (70F to 85F), and ideal humidity (70%).",2,2,1,##final score: 1
527433,types of dysarthria from cerebral palsy,7799466,"Speech delay occurs most often in those with an athetoid type of cerebral palsy. The following factors, alone or in combination, may account for the speech delay: hearing loss, incoordination or spasticity of the muscles of the tongue, coexisting mental retardation or a defect in the cerebral cortex.",2,2,1,##final score: 1
264014,how long is life cycle of flea,5849271,"Fleas can survive in pupa stage for more than 1 year. Therefore it it important to treat the cat's environment as well. Either by vacuuming frequently. In general, 5 fleas found on your pet come along with 20 fleas in pupa stage, 25 larvae and 50 eggs within the pet's environment (usually our homes).",2,2,1,##final score: 1
131843,definition of a sigmet,5678180,A Severe Thunderstorm Watch is issued when severe thunderstorms are possible in and near the watch area. It does not mean that they will occur. It only means they are possible.,1,1,0,##final score: 0
1117099,what is a active margin,8208315,"is an actual plate boundary, where oceanic crust and continental crust crash into each other. Active plate margins are often the site of earthquakes and volcanoes. Oceanic crust created by seafloor spreading in the East Pacific Rise, for instance, may become part of the Ring of Fire, the horseshoe-shaped pattern of volcanoes and earthquake",3,3,2,##final score: 2
1117099,what is a active margin,1798620,"2 types of Continental Margins: Active continental margin and Passive continental margin •Active Continental Margin –occur along plate boundaries (where plates are actively moving) –This is where mountain building takes place!! –Ex.) Nazca Plate (oceanic crust) subducting beneath South American Plate (causing mountains to form, earthquake and volcanic activity. (Andes Mountains) •Passive Continental Margin –do not occur along plate boundaries –These are stable margins and accumulate large amounts",3,3,2,##final score: 2
1117099,what is a active margin,3859042,"What is the definition for convergent boundaries? In plate tectonics, a convergent boundary also known as a destructive plate boundary (because of subduction), is an actively deforming region where two (or more) tectonic plat … es or fragments of lithosphere move toward one another and collide.ociety Culture is a system of societal rules and behavior. It has been used to mean the more sophisticated or refined etiquette of a time. Culture is what people believe, ho … w they act and interact, and the way they live.",2,2,1,##final score: 1
264014,how long is life cycle of flea,331931,"1 Undisturbed and without a blood meal, a flea can live more than 100 days. On average, they live two to three months. 2  Female fleas cannot lay eggs until after their first blood meal and begin to lay eggs within 36-48 hours after that meal.  The female flea can lay 2,000 eggs in her lifetime.",2,2,1,##final score: 1
1114819,what is durable medical equipment consist of,7552823,Aetna considers full-leg or half-leg pneumatic compression devices for home use medically necessary durable medical equipment (DME) for the treatment of chronic venous insufficiency of the legs of members who have venous stasis ulcers that have failed to heal after a 6-month trial of conservative therapy directed by the treating physician.,2,2,1,##final score: 1
1037798,who is robert gray,6089089,"Grays Point (center) and Harrington Point (right), as seen from the Knappton site, Washington. Grays Point is the western end of Grays Bay and Harrington Point is the eastern end. Image taken April 9, 2004.ieutenant William Broughton of Captain George Vancouver's Expedition, passed Harrington Point on October 25, 1792, on his way upstream in his exploration of the Columbia River. ... After passing Gray's bay, the continental shores became high and rocky.",0,0,1,##final score: 1
1063750,why did the us volunterilay enter ww1,309311,"Sinking ships without warning. German's sunk the Bristish passenger ship Lusitania May 1915. 1200 killed included 130 Americans. Wilson demanded reparations and apology. Bryan instructed to send memo to Germany, hesitant, but did. Germans said Lusitania was armed (false) and carrying military cargo (true, British was using civilians to shield war cargo). Bryan refused to write 2nd note and resigned as Sec of State.",1,1,2,##final score: 2
915593,what types of food can you cook sous vide,8002851,1. Fill and preheat your sous vide container or stock pot with water (according to specifications) to your preferred temperature. My preference for whole tenderloin is 131°F but below is a good listing is for general temperatures: Rare: 120°F / 49°C.,2,2,1,##final score: 1
1133167,how is the weather in jamaica,6911928,"Best Sandals Resort in Jamaica: 2016 (UPDATED) Resort Reviews. Of the 15 Sandals resorts in the Caribbean, 7 of them are in Jamaica. In our rankings of the best sandals resort overall, three of the top 4 are in Jamaica, but the bottom 3 are also in Jamaica.",0,0,1,##final score: 1
130510,definition declaratory judgment,3804023,You have to take legal steps to collect the judgment. The court will not collect it for you. Below are the legal steps that you may take to collect your judgment in the order in which you may want to proceed: Get in touch with the judgment debtor.,0,0,1,##final score: 1
1112341,what is the daily life of thai people,3490001,"Muay Thai is NOT kickboxing. Kickboxing generally either refers to A.) fitness kickboxing or b.) American style kickboxing. The rules between American or Full-Contact kickboxing are much different than Muay Thai. Leg kicks are a staple of Muay Thai, and they are not allowed in kickboxing.",1,1,0,##final score: 0
1063750,why did the us volunterilay enter ww1,7837936,"The United States entered World War I for numerous reasons. A German victory would have upset the established balance of power. Should England and her fleet fall into the hands of Germany, the United States would have been in extreme peril to further German expansion.",2,2,3,##final score: 3
915593,what types of food can you cook sous vide,5931271,"Notes. 1  Make sure you get 48 hours of sous vide cooking in, or the ribs will be tough. It takes time to break down collagen at the low (140°F) temperature we’re using. 2  If you value tenderness over everything, and have the steady hands of a neurosurgeon, you can extend the sous vide time to 72 hours.",2,2,1,##final score: 1
489204,right pelvic pain causes,5856565,1 Right upper quadrant pain and Nerve symptoms (23 causes) 2  Right upper quadrant pain and Pain (23 causes) 3  Right upper quadrant pain and Sensory symptoms (23 causes) 4  Right upper quadrant pain and Sensations (22 causes)  Right upper quadrant pain and Abdominal symptoms (21 causes),1,1,0,##final score: 0
264014,how long is life cycle of flea,4539746,"Flea pupae can also stay in their cocoons for up to a year, waiting to sense the body heat and vibrations that signal the presence of nearby hosts. So when you go on vacation, the fleas don't starve to death -- they simply wait for you and your pets to come back. When you walk into your home after being away, hungry adult fleas flock to you and to anything else that has a pulse, regardless of how many legs it has. Pupae break out of their cocoons and search for their first blood meal.",2,2,1,##final score: 1
451602,medicare's definition of mechanical ventilation,2383971,your ventilations (breaths are delivered through a valve in the mask so that you do not have direct contact with the patient's mouth. most pocket masks have one-way valves that allow your ventilations to enter but prevent the patient's exhaled air from coming back through the valve and in contact with you.,1,1,0,##final score: 0
19335,anthropological definition of environment,1509459,"TECHNOLOGICAL ENVIRONMENT, DEMOGRAPHIC ENVIRONMENT, ENVIRONMENT, EXTERNAL ENVIRONMENT, OCCUPATIONAL ENVIRONMENT, MARKET CONTROLLED PRICE ENVIRONMENT, OLIGOPOLISTIC ENVIRONMENT, DESIGN FOR ENVIRONMENT, NATURAL ENVIRONMENT, WORK ENVIRONMENT.",0,0,1,##final score: 1
1106007,define visceral?,5780391,"In my opinion the best way to distinguish between these terms is to recognize that visceral reactions IS a type of deep emotional reaction, the other variant being a deep cerebral emotional reaction. I do not agree with the notion that emotional responses are always non-intellectual. This is a misleading notion.",2,2,1,##final score: 1
1117099,what is a active margin,714808,1 Convergent boundaries (Destructive) (or active margins) occur where two plates slide toward each other to form either a subduction zone (one plate moving underneath the other) or a continental collision.,3,3,2,##final score: 2
359349,how to find the midsegment of a trapezoid,8811558,"are base angles of isosceles trapezoid JKLM . If and a. 1 b. 151 c. 29 d. 75.5 ____ 34. and Find The diagram is not to scale. U R S T a. 10 b. 110 c. 20 d. 60 35. One side of a kite is 7 cm less than four times the length of another side. The perimeter of the kite is 65 cm. Find the lengths of the sides of the kite. a. 19.75 cm c. 7.9 cm and 24.6 cm b. 19.75 cm and 72 cm d. 7.9 cm 36. In quadrilateral MNOP , Which of a parallelogram, trapezoid, or rhombus could quadrilateral MNOP be? a. parallelogram or rhombus c. trapezoid only b. parallelogram only d. any of the three Short Answer 37.",1,1,0,##final score: 0
19335,anthropological definition of environment,1837110,“There are many career and educational options for anthropology majors. Further anthropological study leads to both traditional anthropological careers of teaching and research as well as in applied anthropology. Applying anthropology offers many opportunities to use anthropological perspectives and skills.,0,0,1,##final score: 1
490595,rsa definition key,526091,"1 In 1995, RSA sent a handful of people across the hall to found Digital Certificates International, better known as VeriSign. 2  The company then called Security Dynamics acquired RSA Data Security in July 1996 and DynaSoft AB in 1997.",0,0,1,##final score: 1
264014,how long is life cycle of flea,3338822,"They eat the feces of adult fleas (which is mostly dried blood) and other organic debris found in the carpet, bedding, and soil. Depending on the amount of food present and the environmental conditions, the larval stage lasts about 5 to 18 days (longer in some cases) then the larva spins a silken cocoon and pupates.",2,2,1,##final score: 1
1063750,why did the us volunterilay enter ww1,7778351,"why didn’t the United States enter the war earlier? what events pushed the United States to enter the war? why did the United States enter on the side of the Allies?eport Abuse. Because the Isolationists were dead set against the US entering WW2 is the short answer. And the US did enter the war, unofficially, by supplying convoy escorts and materials to Britain.",0,0,1,##final score: 1
1114646,what is famvir prescribed for,5417954,"There are three major drugs commonly used to treat genital herpes symptoms: acyclovir (Zovirax), famciclovir (Famvir), and valacyclovir (Valtrex).These are all taken in pill form. Severe cases may be treated with intravenous (IV) acyclovir.here are three major drugs commonly used to treat genital herpes symptoms: acyclovir (Zovirax), famciclovir (Famvir), and valacyclovir (Valtrex).",3,3,2,##final score: 2
183378,exons definition biology,7448291,How Spliceosomes Process RNA. What is the purpose of introns? DNA is composed of sections known as exons and introns. The exons are the portions that eventually exit the nucleus in the form of mRNA and are used in translation. The introns are removed from the mRNA shortly after transcription. There are a number of hypotheses about the function of introns.,3,3,2,##final score: 2
87452,causes of military suicide,3019505,"For this reason, researchers have been particularly interested in examining the extent to which PTSD occurs among veterans. Rates of PTSD in Vietnam veterans, Persian Gulf War veterans, and Iraq War veterans are provided below.",2,2,1,##final score: 1
1114819,what is durable medical equipment consist of,7567806,"Home health care, the Medicare option and generally considered for short-term treatment lasting approximately six weeks. The home health agency must continue to prove to Medicare that the patient has a need for skilled care. Home health care gives on average less than 28 hours per week. 1  Applies to Medicare rules and regulations. 2  A patient is homebound. 3  Co-payments apply.  Durable medical equipment like wheelchairs and oxygen concentrators, medications are partially paid for by the home health agency.",2,2,1,##final score: 1
915593,what types of food can you cook sous vide,82106,"When to use: Ziplock-style bags work great for all sorts of food that you’d want to cook sous vide. Steak, fish, pork chops, chicken breasts, burgers—the works. When not to use: At temperatures above around 158 °F / 70 °C, the seams of ziplock-style bags can fail, exposing your food to the water in the bath.",3,3,2,##final score: 2
207786,how are some sharks warm blooded,7808141,"Well-known species such as the great white shark, tiger shark, blue shark, mako shark, thresher shark, and the hammerhead shark are apex predators—organisms at the top of their underwater food chain. Many shark populations are threatened by human activities.",0,0,1,##final score: 1
264014,how long is life cycle of flea,4043723,"The flea's host is a warm-blooded animal such as a dog or cat (or even humans!) However, the various flea stages are quite resistant to freezing temperatures. The adult female flea typically lives for several weeks on the pet.",2,2,1,##final score: 1
359349,how to find the midsegment of a trapezoid,3223832,"See Perimeter of a Trapezoid. If both legs are the same length, this is called an isosceles trapezoid, and both base angles are the same. If the legs are parallel, it now has two pairs of parallel sides, and is a parallelogram.",0,0,1,##final score: 1
183378,exons definition biology,3953758,the protein coding sequence of most genes is interrupted many times by blocks of noncoding sequence these are called introns while the blocks of coding sequence are called exons introns are removed by a process called splicing splicing the promoter is an important functional segment of the gene,3,3,2,##final score: 2
207786,how are some sharks warm blooded,8049019,"The gills are crucial to a sharks breathing system. By opening its mouth, water is drawn into the shark. The open mouth gives the appearance of a smile in many sharks. When a shark closes its mouth, the water is forced over its gills and the tiny blood vessels in shark gills absorb oxygen from the water.",0,0,1,##final score: 1
915593,what types of food can you cook sous vide,7709320,"You just grab a large, cheap cut at the butcher and use sous vide to slowly cook down that meat at a low temperature so that after you chill it, cut it into individual steaks, and sear it, it takes on an incredible juicy texture that rivals that of a premium steak or pork chop at a pricey restaurant.",1,1,2,##final score: 2
1114819,what is durable medical equipment consist of,7355561,"Insurance and the CPAP Machine. The time of year that you are diagnosed with sleep apnea can have a significant effect on how much you may end up paying for your CPAP machine. Here’s how it works. After the sleep study, you are fitted for a mask and machine by a Respiratory Therapist (RT) at the Durable Medical Equipment vendor (DME). You will likely be offered a monthly rental, where you rent to own a CPAP machine over the course of 12 or 13 months.",2,2,1,##final score: 1
131843,definition of a sigmet,8305155,"A weather advisory concerning convective weather significant to the safety of all aircraft. Convective SIGMETs are issued for tornadoes, lines of thunderstorms, embedded thunderstorms of any intensity level, areas of thunderstorms greater than or equal to VIP level 4 with an area coverage of 4/10 (40%) or more, and hail 3/4 inch or greater.",3,3,2,##final score: 2
131843,definition of a sigmet,5260758,"When conditions appear favorable for tornado formation, a(n) ________ is issued for areas covering about 65,000 square kilometers.",1,1,0,##final score: 0
47923,axon terminals or synaptic knob definition,5966643,"synapse. the junction between the processes of two neurons or between a neuron and an effector organ, where neural impulses are transmitted by chemical means. The impulse causes the release of a neurotransmitter (e.g. acetylcholine or norepinephrine) from the presynaptic membrane of the axon terminal.ynapse. SYNAPSE: Axon terminal synapse. The space between the junction of two neurons in a neural pathway, where the termination of the axon of one neuron comes into close proximity with the cell body or dendrites of another.",2,2,1,##final score: 1
168216,does legionella pneumophila cause pneumonia,7034893,"MP is caused by a bacterium called Mycoplasma pneumoniae. This is the most recognized of all human pathogens—there are over 200 different known species. Most patients with respiratory infection due to M. pneumoniae do not develop pneumonia.ycoplasma Pneumonia. Mycoplasma pneumonia (MP) is a contagious respiratory infection. Every year almost 2 million Americans are treated for MP. The disease is easily spread through contact with respiratory fluids, and it causes regular epidemics. The most common sign of infection is a dry cough.",0,0,1,##final score: 1
962179,when was the salvation army founded,1006868,"This information about the Health Insurance benefit at Salvation Army is the result of research by Glassdoor editorial staff, and was not provided directly by a representative of Salvation Army. The description here may not reflect the current Salvation Army Health Insurance benefit. Employee Comments.",0,0,1,##final score: 1
1124210,tracheids are part of _____.,6541866,"In most plants, pitted tracheids function as the primary transport cells. The other type of tracheary element, besides the tracheid, is the vessel element. Vessel elements are joined by perforations into vessels. In vessels, water travels by bulk flow, as in a pipe, rather than by diffusion through cell membranes.n most plants, pitted tracheids function as the primary transport cells. The other type of tracheary element, besides the tracheid, is the vessel element. Vessel elements are joined by perforations into vessels. In vessels, water travels by bulk flow, as in a pipe, rather than by diffusion through cell membranes.",2,2,1,##final score: 1
183378,exons definition biology,7449743,"In most eukaryotic genes, coding regions (exons) are interrupted by noncoding regions (introns). During transcription, the entire gene is copied into a pre-mRNA, which includes exons and introns. ​. Views · View Upvotes.",3,3,2,##final score: 2
207786,how are some sharks warm blooded,5624831,"In some sharks, these sensitive cells can detect even the slightest traces of blood in the water. A great white shark, for example, would be able to detect a single drop of blood in an Olympic-size pool. Most sharks can detect blood and animal odors from many miles away.",0,0,1,##final score: 1
962179,when was the salvation army founded,2978864,"In Summary…. The Salvation Army, an evangelical part of the universal Christian church established in 1865, has been supporting those in need in His name without discrimination for 130 years in the United States.",3,3,2,##final score: 2
1121402,what can contour plowing reduce,7471825,"The reaper and the steel plow? the steel plow was used in farming to break up tough soil and I have no idea what the reaper is, but i hope that i helped, good luck.",0,0,1,##final score: 1
207786,how are some sharks warm blooded,5804666,"Answer: The fastest shark is a Mako Shark, the shark can reach a speed of 45 mph. The Great White Shark attack with a speed of about 30 mph. Answer: It is said that sharks can scent 1 single drop of blood in a 6 miles distance, but I have never heard about documented proofs telling so.nswer: The fastest shark is a Mako Shark, the shark can reach a speed of 45 mph. The Great White Shark attack with a speed of about 30 mph. Answer: It is said that sharks can scent 1 single drop of blood in a 6 miles distance, but I have never heard about documented proofs telling so.",0,0,1,##final score: 1
915593,what types of food can you cook sous vide,5931266,"Those who are puritanical about such matters might be shocked, but we prepare our ribs sous vide. We rely on the convenience and control of sous vide cooking to turn out perfectly cooked baby back ribs, and then finish them with four hours of careful smoking (without ever letting the smoker get too hot).",2,2,1,##final score: 1
1133167,how is the weather in jamaica,7887733,"ROAD MAPS OF JAMAICA. For those of you unfamiliar with the major towns of Jamaica, we have included the following road maps and a set of road signs with major hotels/villa noted so that you can plan your trip in Jamaica accordingly: Kingston Road Map - Jamaica(315k) Port Antonio Road Map - Jamaica(51k) Ocho Rios Road Map - Jamaica(52k)",0,0,1,##final score: 1
855410,what is theraderm used for,4181961,"There are many anti aging wrinkle creams in a variety of price ranges. Drugstore brand anti aging cream cost can be as little as $10. A department store brand anti aging cream cost can range from $24 to $250. Clinical skin care from a dermatologist can cost up to $500. If you want skin care that works, you have to try several products. This process can become very expensive.",0,0,1,##final score: 1
1133167,how is the weather in jamaica,6112592,"February Weather in Jamaica. The tables below give the normal February temperatures and rainfall for cities and popular vacation spots in Jamaica. There's also information here on this month's average humidity and sunshine. The measures of climate are averages of data collected at weather stations over several decades.he weather stations sit near sea level, with one exception. Cinchona Botanical Gardens is in the Blue Mountains of eastern Jamaica, at an elevation of 1,493 metres (4,898 feet).",2,2,1,##final score: 1
1113437,what is physical description of spruce,7377272,"The way that I remember which grows up and which grows down is that I remember the s in spruce means that the cones spray the ground. One of the best and easiest ways to tell the difference between a true spruce and fir tree is to look at the tree's cones. When mature, the cones on a fir tree stand straight up (point towards the sky) while the mature cones on a spruce grow down towards the ground from the bottom side of the branch. The way that I remember which grows up and which grows down is that I remember the s in spruce means that the cones spray the ground.",2,2,1,##final score: 1
1117099,what is a active margin,5258462,"Related Links. Provide feedback on this mini-lesson. Volcanoes, earthquakes, and topography reveal whether a continental margin is active or passive. In this activity, students use the GeoMapApp tool to work with earthquake, volcano, and topographic data to identify active and passive margins. 1  Utilize earthquake data to locate subducting slabs.",2,2,1,##final score: 1
359349,how to find the midsegment of a trapezoid,4463574,How many vertices does a trapezoidal prism have? A trapezoidal prism has 8 vertices: A trapezoid has 4 vertices. A trapezoidal prism is composed of 2 trapezoids. 2 X 4 = 8.,0,0,1,##final score: 1
168216,does legionella pneumophila cause pneumonia,1508223,"Mycoplasma pneumoniae (M. pneumoniae) is an atypical bacterium (the singular form of bacteria) that causes lung infection. It is a common cause of community-acquired pneumonia (lung infections developed outside of a hospital).M. pneumoniae infections are sometimes referred to as walking pneumonia..n general, M. pneumoniae infection is a mild illness that is most common in young adults and school-aged children. The most common type of illness caused by these bacteria, especially in children, is tracheobronchitis, commonly called a chest cold.",0,0,1,##final score: 1
1110199,what is wifi vs bluetooth,1732296,"Connectivity Details. The BOHM SoundBlock uses Bluetooth to play music wirelessly. Bluetooth technology is used in 867 out of the 1214 wireless speakers we have listed on SpecOut, making it by far the most popular option for wireless speakers.Generally, Bluetooth streams audio at a lower quality and over less distance than Wi-Fi-based technologies.onnectivity Details. The BOHM SoundBlock uses Bluetooth to play music wirelessly. Bluetooth technology is used in 867 out of the 1214 wireless speakers we have listed on SpecOut, making it by far the most popular option for wireless speakers.",2,2,1,##final score: 1
1133167,how is the weather in jamaica,563742,Jamaica On a Budget. Jamaica is a Caribbean island country that is located just south of Cuba. It's a dramatically mountainous island that is surprisingly affordable when compared to other island countries in the Caribbean.,0,0,1,##final score: 1
1124210,tracheids are part of _____.,6891518,The Conquest of the Land. The first plants were algae and these still thrive in a range of aquatic habitats today. (Do not fall into the trap of thinking because algae have been around for so long they are primitive.lants like Cooksonia (as well as Zosterophyllum) had true tracheids in their sporophytes and so are probably more closely related to the ancestors of the vascular land plants. For further details see Gerrienne & Gonez (2011) .,2,2,1,##final score: 1
1114819,what is durable medical equipment consist of,8653330,Most insurance plans provide coverage for insulin pump therapy and diabetes testing supplies under a Durable Medical Equipment (DME) clause. Pump manufacturers’ insurance departments have the expertise to negotiate approval for payment with your insurance provider.,2,2,1,##final score: 1
1110199,what is wifi vs bluetooth,8160518,"Bluetooth or Wi-Fi: what's the difference? Here's the biggest difference: With Bluetooth, you stream music from your phone to a speaker. A Wi-Fi speaker accesses music from the internet, or from a computer on your home network. You can control a Wi-Fi speaker with your smartphone. You just have to stay within range of your Wi-Fi router's signal.",3,3,2,##final score: 2
183378,exons definition biology,6247404,"A segment of DNA on a chromosome that controls the production of a  protein is called a gene.Chromosome a cellular structure that  contains DNA. Edit. Share to: Answered. In Genetics. segment of DNA that codes for a protein is called a gene, or an  exon.",3,3,2,##final score: 2
264014,how long is life cycle of flea,4710717,Flea pupae account for around 10%; fleas in the larval stages around 35%; whilst flea eggs make up a whopping 50% of the total! Adult fleas will die naturally within one or two weeks following their arrival on your dog or cat.,2,2,1,##final score: 1
87181,causes of left ventricular hypertrophy,19153,"#1, most heart attacks happen in the left ventricle which is the chamber which is responsible for pumping blood to the rest of the body. When this is affected, the ability of the heart to pump blood is reduced, and you get low blood pressure. #2. Often times you can get a heart attack at the division between heart chambers, which can affect the electrical system of the heart causing arrythmias....this can also result in low blood pressure. #3.",0,0,1,##final score: 1
207786,how are some sharks warm blooded,6003360,"How Long Do Great White Sharks Live. Many sharks can live for about 20 to 30 years, with some species are known to live a fairly longer life. The lifespans of large sharks are greater than that of the smaller sharks. Great white shark reaches its maturity at the age of 15 and it has the lifespan of 25 to 30 years. The average lifespan of tiger sharks is 50 years in the wild. (How Long Do Sharks Live) The average lifespan of nurse sharks is 25 years in captivity.",0,0,1,##final score: 1
915593,what types of food can you cook sous vide,3538163,"Sous-Vide Glazed Carrots ». I'm the first to admit that sous-vide is not the best way to cook everything, and that goes for the majority of my favorite vegetables. Peas, asparagus, ramps—all those delicious, fresh spring flavors do better with a quick blanch or a sauté. That said, there are some vegetables for which sous-vide cooking can't be beat. For me, carrots top that list. When cooked in a sealed bag with a little bit of butter, sugar, and salt, the natural flavor of the carrot intensifies into a sweeter, stronger, and downright tastier version of itself.",2,2,1,##final score: 1
359349,how to find the midsegment of a trapezoid,1622452,Find the area and perimeter of the trapezoid in the figure above. First press 'reset' and 'show altitude'. In the figure above the trapezoid bases are parallel to the x-axis which makes calculations easy. If you click 'rotated' this will not be the case.,0,0,1,##final score: 1
1117099,what is a active margin,7504911,"What is the definition for convergent boundaries? In plate tectonics, a convergent boundary also known as a destructive plate boundary (because of subduction), is an actively deforming region where two (or more) tectonic plat … es or fragments of lithosphere move toward one another and collide.ulture is what people believe, ho … w they act and interact, and the way they live. Culture is the specific traits, behaviors, attitudes, and traditions passed on through the generations of families. This also includes beliefs and any other things that have come from your family specifically.",2,2,1,##final score: 1
131843,definition of a sigmet,8834196,"Advanced satellites and the computers that process their data are the primary tools used in meteorology today. Meteorology Today Today’s meteorologists have a variety of tools that help them examine, describe, model, and predict weather systems. These technologies are being applied at different meteorological scales, improving forecast accuracy and efficiency.",1,1,0,##final score: 0
443396,lps laws definition,6555775,"One of the following must occur within 12 hours after the person’s attending physician Baker Act Involuntary Examination: Criteria, Processes and Timeframes State of Florida Department of Children and Families Mental Health Program Office Florida’s Baker Act Website – May 2002.t the hearing, the court must consider testimony and evidence regarding the person’s Baker Act Involuntary Examination: Criteria, Processes and Timeframes State of Florida Department of Children and Families Mental Health Program Office Florida’s Baker Act Website – May 2002.",1,1,0,##final score: 0
962179,when was the salvation army founded,4606386,"Since The Salvation Army was born on the streets of the East End of London in 1865, we have gone from strength to strength – carrying on the commitment of our founders to serve God and to serve suffering humanity by fighting against social injustice.",3,3,2,##final score: 2
1133167,how is the weather in jamaica,6157109,"What's the Weather Like in Montego Bay in April. Temperature. Very similar to March's temperature averages, April is warm, with a little more rain possible, as we head towards the start of the wet season. You can expect a pleasant 26°C average during the day, with a high of around 29°C. Rain",2,2,1,##final score: 1
104861,cost of interior concrete flooring,7589886,"The cost to Remove Flooring starts at $1.12 - $2.34 per square foot, but varies significantly with common options. Get real costs for your SPECIFIC project requirements here. See the time to remove flooring, along with per unit costs and material requirements. See what trusted professionals include in job-winning estimates for flooring removal work.",0,0,1,##final score: 1
207786,how are some sharks warm blooded,4978403,"The most noticeable features on the Porbeagle Shark is a white spot or blotch at the base of the first dorsal fin. By the way, to learn more about the different types of fins sharks can have, visit the Shark Anatomy page. The Porbeagle preys mainly on cephalopods and small bony fish.ou can mostly find this shark in the North Atlantic on the coasts of Greenland, Canada, Russia and Scandinavia. Further south, this shark can be spotted near Bermuda, New Jersey, Madeira, Brazil, Chile and Morocco. It has also been sighted in the Mediterranean Sea. The Porbeagle is known to migrate long distances.",0,0,1,##final score: 1
1133167,how is the weather in jamaica,6999438,"If you're looking for the latest Jamaica weather forecast, click here now. Please note that between June 1 and November 30 is the Atlantic hurricane season. Historically, the busiest hurricane months in Jamaica are August and September.",2,2,1,##final score: 1
183378,exons definition biology,3156614,Transcription & Translation: RNA Splicing. In some genes the protein-coding sections of the DNA (exons) are interrupted by non-coding regions (introns). RNA splicing removes the introns from pre mRNA to produce the final set of instructions for the protein.,3,3,2,##final score: 2
1117099,what is a active margin,7560421,"Bitfinex is a trading platform for Bitcoin, Litecoin. It allows margin trading and margin funding. Users who sign up through us get a 10% fee discount for 1 month.",0,0,1,##final score: 1
1063750,why did the us volunterilay enter ww1,4487115,"The United States later declared war on German ally Austria-Hungary on December 7, 1917. World War I Trenches in France. Germany’s resumption of submarine attacks on passenger and merchant ships in 1917 became the primary motivation behind Wilson’s decision to lead the United States into World War I.he United States later declared war on German ally Austria-Hungary on December 7, 1917. World War I Trenches in France. Germany’s resumption of submarine attacks on passenger and merchant ships in 1917 became the primary motivation behind Wilson’s decision to lead the United States into World War I.",2,2,3,##final score: 3
168216,does legionella pneumophila cause pneumonia,2210774,"Legionnaires disease, also called legionellosis, is caused by the bacteria Legionella pneumophila and related species. These organisms have been found in water delivery systems. The infection can be caught by inhaling mists from water contaminated with the germs.Outbreaks have been traced to contaminated whirlpool spas, humidifiers, and air conditioning cooling towers and have occurred in hospitals, hotels, and cruise ships. The incubation period for legionnaires disease is 2 to 10 days.The disease and the organism that causes legionnaires disease were identified and got their names from the first known outbreak, at an American Legion convention held at a Philadelphia, PA, hotel in 1976.egionnaires disease, also called legionellosis, is caused by the bacteria Legionella pneumophila and related species. These organisms have been found in water delivery systems. The infection can be caught by inhaling mists from water contaminated with the germs.",2,2,1,##final score: 1
207786,how are some sharks warm blooded,1392585,The Salmon Shark is one of the warmest of the warm-bodied sharks. Measurements of its epaxial (upper back) muscles indicate that this species is able to maintain a body temperature 14 to 20 degrees Fahrenheit (8 to 11 degrees Celsius) above the ambient water temperature.,2,2,1,##final score: 1
168216,does legionella pneumophila cause pneumonia,3198680,"Causes. The bacterium Legionella pneumophila is responsible for most cases of Legionnaires' disease. Outdoors, legionella bacteria survive in soil and water, but rarely cause infections.auses. The bacterium Legionella pneumophila is responsible for most cases of Legionnaires' disease. Outdoors, legionella bacteria survive in soil and water, but rarely cause infections.",2,2,1,##final score: 1
1103812,who formed the commonwealth of independent states,4726842,"Virginia is one U.S. state that still applies the commonwealth designation to their name. Puerto Rico is one U.S. territory that is a commonwealth. Canada is a part of the Commonwealth of Nations, as it was formerly part of the British Empire.",0,0,1,##final score: 1
1114819,what is durable medical equipment consist of,8088111,"Assists in resolving medical equipment problems or maintenance. Delivers, sets up and maintains respiratory equipment for patients.... Durable medical equipment:. Responsibilities include the delivery, set-up, and pick-up of DME equipment, respiratory, & supplies to acute, sub-acute, long-term... Durable medical equipment:. Hospice Source is a leading provider of durable medical equipment servicing the hospice industry....",2,2,1,##final score: 1
207786,how are some sharks warm blooded,8724508,"The Fastest Shark In The World Is Also An Incredible High Jumper. Meet the shortfin mako shark! Not only can this mackerel shark hit a burst of speed of up to 46 MPH, it has also got an impressively athletic high jump that can propel it up to 30 feet in the air. Read all about it (and check out the video) after the jump!",0,0,1,##final score: 1
168216,does legionella pneumophila cause pneumonia,1301468,"Causes. The bacterium Legionella pneumophila is responsible for most cases of Legionnaires' disease. Outdoors, legionella bacteria survive in soil and water, but rarely cause infections.",2,2,1,##final score: 1
1133167,how is the weather in jamaica,761530,1 Jamaica Map (large color) 2  Jamaica Outline Map.  Jamaica CIA version.,0,0,1,##final score: 1
359349,how to find the midsegment of a trapezoid,3126806,"With an endpoint A located at (10,-1), and a midpoint at (10,0), we want to add the length from A to the midpoint onto the other side of the segment to find point B. The total length of the segment must be twice the distance from A to the midpoint. A is located exactly one unit below the midpoint along the y-axis, for a total displacement of (0,1). To find point B, we add (10+0, 0+1), and get the coordinates for B: (10,1).",0,0,1,##final score: 1
1106007,define visceral?,305023,"If it is your instinct to do something, you feel that it is right to do it. I should've gone with my first instinct, which was not to do the interview. She hadn't followed her instinct and because of this Frank was dead.",0,0,1,##final score: 1
1133167,how is the weather in jamaica,2996833,"Answered by The WikiAnswers® Community. Answers.com® is making the world better one answer at a time. The relative location of Jamaica is 18 degrees 15' N, 77 degrees 30' W. Jamaica has a population of 2.77 million and a population density of 663 people per square mile.",0,0,1,##final score: 1
1063750,why did the us volunterilay enter ww1,7146775,"Did the sinking of the Lusitania cause the United States to enter World War I Not directly, but it did cause more Americans to be in favor of the entry of the United States into the war. Define the following terms: Militarism, Imperialism, nationalism, and alliances.",2,2,1,##final score: 1
490595,rsa definition key,7045864,"“RSA sold tokens for more than 25 years,” said Sean Brady, director of product marketing at RSA. “We recognize that that solution is not the most cost-effective way anymore. We’ve sold software tokens since 2002.”. In a push to keep competitors at bay, EMC is also adding new security features and offering mobile apps.he Hopkinton, Massachusetts-based company agreed to buy RSA Security Inc. for about $2.1 billion in 2006. Sales for the unit rose 7.3 percent to $888.7 million last year, about half the growth rate in 2011.",0,0,1,##final score: 1
490595,rsa definition key,526092,"Founded as an independent company in 1982, RSA Security, Inc. was acquired by EMC Corporation in 2006 for US$2.1 billion and operates as a division within EMC. RSA is based in Bedford, Massachusetts, with regional headquarters in Bracknell (UK) and Singapore, and numerous international offices.",0,0,1,##final score: 1
183378,exons definition biology,8794304,"Molecular Biology & DNA. Q: A: An intron is a nucleotide sequence found within the genes and is removed via RNA splicing when a mature RNA molecule is being generated; on the other hand, an exon is a nucleic acid sequence present in a mature messenger RNA molecule.",3,3,2,##final score: 2
264014,how long is life cycle of flea,331932,"1 One flea broke a record with a four-foot vertical jump. 2  Undisturbed and without a blood meal, a flea can live more than 100 days. On average, they live two to three months.  Female fleas cannot lay eggs until after their first blood meal and begin to lay eggs within 36-48 hours after that meal.",2,2,1,##final score: 1
104861,cost of interior concrete flooring,4720305,1 The best engineered floors have a Lifespan anywhere from 30 - 100 years. 2  Using an engineered wood floor allows you to have a wood floor on any grade level. 3  Engineered hardwood flooring can be used on wood subfloors or dry concrete slabs.,0,0,1,##final score: 1
1115776,what is an aml surveillance analyst,6934013,Definition of surveillance in the Legal Dictionary - by Free online English dictionary and encyclopedia. What is surveillance? Meaning of surveillance as a legal term. What does surveillance mean in law?,0,0,1,##final score: 1
1133167,how is the weather in jamaica,7793409,January Weather in Jamaica. The tables below give the normal January temperatures and rainfall for cities and popular vacation spots in Jamaica. There's also information here on this month's average humidity and sunshine. The measures of climate are averages of data collected at weather stations over several decades.,2,2,1,##final score: 1
47923,axon terminals or synaptic knob definition,778272,"View Full Document. Neuron - A specialized cell that conducts impulses through the nervous system. Dendrites – In a neuron, the branch-like extensions of the cell body that receive signals from other neurons. Synapse – The junction where the axon terminal of a sending neuron communicates with a receiving neuron across the synaptic cleft.",2,2,1,##final score: 1
146187,difference between a mcdouble and a double cheeseburger,409930,"I believe I has to do with the cheese. IN N OUT Burger charges around 50 cents for cheese a piece last time I checked, and they normally put two pieces of cheese on an animal fry. However, I understand my explanation may fall a dollar short of why it would cost more than just the extra two pieces of cheese.",0,0,1,##final score: 1
489204,right pelvic pain causes,6816322,"Pain in right side can be caused by a number of conditions. The sex, age as well as general condition will influence the diagnosis. Examination and history will focus the diagnosis. This is a common symptom. Most of the people experience this pain at least once a year. This pain can be localized in upper right abdomen, middle right abdomen as well as lower right abdomen. The causes of the pain in most of the cases are the viral infection or even bacterial infection.",2,2,1,##final score: 1
490595,rsa definition key,4737061,"RSA Algorithm is christened after its joint inventors, Ron Rivset, Adi Shamir and Leonard Adleman who invented it during 1977. This algorithm is the first of its kind that can be used for public key encryption as well as digital signatures.The RSA Algorithm is extremely secure due to long keys and up-to-date implementations. It is widely used in e-commerce protocols.rivate Key is used to decrypt the messages that are encrypted using the public key. The message or the data is encrypted using the public key. Encryption involves converting the message into a coded format. The public key is accessible to everyone and anyone can encrypt the message.",3,3,2,##final score: 2
183378,exons definition biology,4034821,"The transcription of mRNA begins in the nucleus. The DNA is uncoiled and the nucleic acids with nitrogen bases adenine, thymine, guanine, and cytosine combine to form an incom … plete mRNA. The current RNA contains exons (the coding region) and introns (non-informational regions).",3,3,2,##final score: 2
490595,rsa definition key,1160848,"The type and length of the keys utilized depend upon the encryption algorithm and the amount of security needed. In conventional symmetric encryption a single key is used. With this key, the sender can encrypt a message and a recipient can decrypt the message but the security of the key becomes problematic.",0,0,1,##final score: 1
264014,how long is life cycle of flea,5611210,"5. Cancel. A flea can live up to a year, but its general lifespan depends on its living conditions, such as the availability of hosts. Find out how long a flea's life cycle can last with tips from a pet industry specialist in this free video on fleas and pest control.Part of the Video Series: Flea Control.ancel. A flea can live up to a year, but its general lifespan depends on its living conditions, such as the availability of hosts. Find out how long a flea's life cycle can last with tips from a pet industry specialist in this free video on fleas and pest control. Part of the Video Series: Flea Control.",2,2,1,##final score: 1
183378,exons definition biology,6533300,"Genes consist of three types of nucleotide sequence: 1  coding regions, called exons, which specify a sequence of amino acids. 2  non-coding regions, called introns, which do not specify amino acids. 3  regulatory sequences, which play a role in determining when and where the protein is made (and how much is made).",3,3,2,##final score: 2
104861,cost of interior concrete flooring,629270,"Video on the cost of concrete floors. Depending on the level of complexity, concrete floors can cost as little as $2 to $6 a square foot or be as expensive as $15 to $30 a square foot. These applications can add another $2 to $3 per square foot to the cost of the floor. 2  Moisture-Vapor Transmission-Some floors have a high level of moisture-vapor transmission that will need to be remedied before most decorative coatings, overlays or sealers can be applied.",2,2,3,##final score: 3
168216,does legionella pneumophila cause pneumonia,2611845,"TV chef Ross Burden died from Legionnaires' disease: Here's all you need to know about the deadly bug. The chef was receiving treatment for leukaemia, but breathed in Legionella bacteria present in Auckland Hospital's hot water system, according to a coroner.",2,2,1,##final score: 1
1133167,how is the weather in jamaica,4226024,"Jamaica Map. Map of the Caribbean Island of Jamaica. Photo Credit: CIA World Fact Book. The vast majority of Jamaica's resorts are located along the west coast and north shore of the island, including those in Negril, Montego Bay, and Ocho Rios. Google Map of Jamaica. 1 of 1.",0,0,1,##final score: 1
1117099,what is a active margin,6057207,"The location where two plates meet is called a plate boundary. Plate boundaries are commonly associated with geological events such as earthquakes and the creation of topographic features such as mountains, volcanoes, mid-ocean ridges, and oceanic trenches. Convergent boundaries (Destructive) (or active margins) occur where two plates slide toward each other to form either a subduction zone (one plate moving underneath the other) or a continental collision.",3,3,2,##final score: 2
47923,axon terminals or synaptic knob definition,6378779,"Figure 2.2: Neurons transmit information to other neurons. Information passes from the axon of the presynaptic neuron to the dendrites of the postsynaptic neuron. Figure 2.3: The synapse is the site where chemical signals pass between neurons.hen the neuron is stimulated, the electrical signal (action potential) travels down the axon to the axon terminals. When the electrical signal reaches the end of the axon, it triggers a series of chemical changes in the axon terminal.",2,2,1,##final score: 1
1129237,hydrogen is a liquid below what temperature,5906130,"Rating Newest Oldest. Best Answer: Hydrogen, like water, can exist in 3 states....Solid, Liquid and Gas Its temperature as a solid is −259.14 °C' Hydrogen melts to liquid at −252.87 °C. It boils and vaporises at -252.125 °C Just cooling or compressing Hydrogen won't liquefy or freeze it.",3,3,2,##final score: 2
1063750,why did the us volunterilay enter ww1,6331478,The use of unrestricted submarine warfare was to have a major impact on World War One as it was one of the main reasons why America joined the war.,2,2,3,##final score: 3
156493,do goldfish grow,4400818,"Ideally, you should keep goldfish aquarium water between 68 and 72 degrees Fahrenheit. Temperatures slightly outside this range will usually not cause a goldfish to instantly die. However, lower temperatures may cause a goldfish to hibernate -- particularly low temperatures, below 50 degrees, can kill goldfish.hey need water warmer than goldfish need. While some tropical species' ideal temperature range may overlap with the upper range for goldfish, water in a fish tank with both goldfish and tropical fish will be either too warm for the goldfish or too cold for the tropical fish.",0,0,1,##final score: 1
1117099,what is a active margin,8446504,"In general, the continental shelves bordering active margins are narrower than those along passive margins. The trench marks the deepest seaward termination of the active continental margin. It coincides with the surface trace of the subduction fault marking the boundary between the converging plates.",3,3,2,##final score: 2
1114819,what is durable medical equipment consist of,3734231,"Medicare Part B covers durable medical equipment, including CPAP equipment. For 2012, Medicare Part B beneficiaries can expect to pay between $99.90 and $319.70 per month in insurance premiums - depending on income level - with a $140 deductible. After the deductible is met Medicare will pay 80% of allowable expenses with the beneficiary picking up the remaining 20%.",2,2,1,##final score: 1
451602,medicare's definition of mechanical ventilation,7784294,"Spontaneous ventilation: 1.5 - 2 times the patient's minute ventilation. Pattern of ventilation during spontaneous ventilation can not be controlled by the anesthesiologist. Spontaneous respiration: The breathing system should be filled with FG before connecting to the patient. When the patient takes an inspiration, the FG from the machine, the reservoir bag and the corrugated tube flow to the patient. During expiration, there is a continuous FGF into the system at the patient end. The expired gas gets continuously mixed with the FG as it flows back into the corrugated tube and the reservoir bag.",0,0,1,##final score: 1
264014,how long is life cycle of flea,2420367,The flea life cycle. Adult fleas spend most of their time on your dog or cat. They can live up to two years and a female will start laying eggs within two days of finding a host. The eggs that are laid by females fall off the cat or dog into the environment along with ‘flea dirts’ (flea excrement).,2,2,1,##final score: 1
148538,difference between rn and bsn,985494,"The BSN trains nurses for a professional role, along with the coursework in nursing science, leadership, research and nursing informatics. Summary: RN is a Registered Nurse, while BSN is a graduate program in nursing.",2,2,3,##final score: 3
359349,how to find the midsegment of a trapezoid,5615181,"In the trapezoid below, the midpoints of the non-parallel sides are points S and V. The midsegment is the red line segment from S to V. The midsegment below can be found by. 1  calculating the lengths of the bases.  35-16 = 9 (length of upper base)",2,2,1,##final score: 1
168216,does legionella pneumophila cause pneumonia,1301466,"The bacterium Legionella pneumophila is responsible for most cases of Legionnaires' disease. Outdoors, legionella bacteria survive in soil and water, but rarely cause infections.",2,2,1,##final score: 1
183378,exons definition biology,8570261,DNA is composed of sections known as exons and introns. The exons are the portions that eventually exit the nucleus in the form of mRNA and are used in translation. The introns are removed from the mRNA shortly after transcription.There are a number of hypotheses about the function of introns.NA is composed of sections known as exons and introns. The exons are the portions that eventually exit the nucleus in the form of mRNA and are used in translation. The introns are removed from the mRNA shortly after transcription. There are a number of hypotheses about the function of introns.,3,3,2,##final score: 2
489204,right pelvic pain causes,1430557,"It may include one or more of the following upon occurrence of lower right back pain: 1  Reduce the level of activity that caused the lower right back pain. 2  Because it is in your right side, be careful not to favor your right side more than the left.",0,0,1,##final score: 1
1121402,what can contour plowing reduce,8052624,"In contour plowing, the land is plowed across the slopes and along the contour lines. This will also reduce soil erosion and make rainwater infiltrate into the soil more than on land plowed along the slope. Terraces are more effective than contour plowing alone in minimizing soil erosion and facilitating infiltration f rainfall into the soil.",2,2,3,##final score: 3
443396,lps laws definition,457791,involuntary - not subject to the control of the will; involuntary manslaughter; involuntary servitude; an involuntary shudder; It (becoming a hero) was involuntary.,1,1,0,##final score: 0
359349,how to find the midsegment of a trapezoid,8398222,"If a quadrilateral is known to be a trapezoid, it is not necessary to check that the legs have the same length in order to know that it is an isosceles trapezoid (nor, under the definitions given in Wikipedia, is it sufficient, since a rhombus is a special case of a trapezoid with legs of equal length, but is not an isosceles trapezoid as it lacks a line of symmetry through the midpoints of opposite sides); any of the following properties also distinguishes an isosceles trapezoid from other ...",0,0,1,##final score: 1
87181,causes of left ventricular hypertrophy,47210,"The last common cause of right ventricular hypertrophy is the ventricular septal defect. This is a disease affecting the ventricular septum. The ventricular septum, on the other hand, is the wall that divides the right and left ventricles of the heart. Symptoms of Right Ventricular Hypertrophy",0,0,1,##final score: 1
359349,how to find the midsegment of a trapezoid,1830512,Median: The median of a trapezoid is a line joining the midpoints of the two legs. See Trapezoid median: Area: The usual way to calculate the area is the average base length times altitude. See Area of a Trapezoid: Perimeter: The distance a round the trapezoid. The sum of its side lengths. See Perimeter of a Trapezoid,2,2,1,##final score: 1
1106007,define visceral?,8685446,"Yet these contrasting uses of the same word had something in common: the expression of intense emotion. That’s one reason profanity is used — and will continue to be. For those who use them, swear words are linked to emotion in a visceral way.People need special words to convey emotion, which is, by nature, ineffable.For those who use them, swear words are linked to emotion in a visceral way.People who speak more than one language report that they always curse in their native tongue; they can say swear words in a second language but they don’t feel them — the gut link to emotions just isn’t there. Read more….or those who use them, swear words are linked to emotion in a visceral way. People who speak more than one language report that they always curse in their native tongue; they can say swear words in a second language but they don’t feel them — the gut link to emotions just isn’t there. Read more….",2,2,1,##final score: 1
182539,example of monotonic function,7371255,"Figure 1. A monotonically increasing function (it is strictly increasing on the left and right while just non-decreasing in the middle.). Figure 2. A monotonically decreasing function. In calculus, a function f defined on a subset of the real numbers with real values is called monotonic (also monotonically increasing, increasing or non-decreasing), if for all x and y such that x ≤ y one has f (x) ≤ f (y), so f preserves the order (see Figure 1).",2,2,1,##final score: 1
833860,what is the most popular food in switzerland,2037474,"Swiss Chard is Our Food of the Week. This week we celebrate Swiss chard as our Food of the Week. Swiss chard has long been a very popular and healthy addition to the Mediterranean Diet, which has been recognized as a great way to promote health and longevity.wiss Chard is Our Food of the Week. This week we celebrate Swiss chard as our Food of the Week. Swiss chard has long been a very popular and healthy addition to the Mediterranean Diet, which has been recognized as a great way to promote health and longevity.",1,1,0,##final score: 0
104861,cost of interior concrete flooring,6241791,"1 Professional application of epoxy flooring over patched and level concrete costs about $3-$12 a square foot, or $750-$3,000 for a one-car garage) and $1,200-$6,000 for a two-car garage.2  For details, see How Much Does Epoxy Flooring Cost. Professional application of epoxy flooring over patched and level concrete costs about $3-$12 a square foot, or $750-$3,000 for a one-car garage) and $1,200-$6,000 for a two-car garage.",2,2,1,##final score: 1
1114819,what is durable medical equipment consist of,3477360,Your Medicare Coverage. Search Medicare.gov for covered items. Medicare Part B (Medical Insurance) covers hospital beds as durable medical equipment (DME) that your doctor prescribes for use in your home. All people with Part B are covered.,2,2,1,##final score: 1
1063750,why did the us volunterilay enter ww1,4844353,"The US did not enter the war when the German blitzkrieg took most of Western Europe. It did not enter the war when Germany started to bomb England. These events made more Americans sympathize with the Allies and oppose the Axis, but only the attack on Pearl Harbor actually led the US to enter WWII.",0,0,1,##final score: 1
490595,rsa definition key,4737066,"A public-key encryption technology developed by RSA Data Security, Inc. The acronym stands for Rivest, Shamir, and Adelman, the inventors of the technique. The RSA algorithm is based on the fact that there is no efficient way to factor very large numbers. public-key encryption technology developed by RSA Data Security, Inc. The acronym stands for Rivest, Shamir, and Adelman, the inventors of the technique. The RSA algorithm is based on the fact that there is no efficient way to factor very large numbers.",2,2,3,##final score: 3
1117099,what is a active margin,6122724,"passive continental margins currently exist in the middle of plates, not at plate boundaries. active continental margins form primarily along the boundaries of plates that are actively converging and where one plate is sinking beneath the other. Elizabeth H · 6 years ago. Thumbs up.",3,3,2,##final score: 2
264014,how long is life cycle of flea,5849711,"Fleas can live up to 2 weeks without a food supply, however flea larvae can stay in their cocoon for up to a year or until they sense food outside the cocoon. Login or Sign Up to answer this question. data-config-site-section=chacha>.",2,2,1,##final score: 1
264014,how long is life cycle of flea,8012103,"Flea pupae are fairly resistant to chemical treatments. And they can remain dormant for up to 5 months, waiting to detect heat and pressure before they emerge. Vacuuming will help stimulate their emergence. Generally, it will take 8 weeks, maybe longer, for fleas in your home to be completely eradicated.",2,2,1,##final score: 1
915593,what types of food can you cook sous vide,2872589,"Cubes. 1 inch. Tender. 45 minutes to 1 hour. The internal temperature when cooking pork chops, roasts and tenderloins should be 160°F (71°C), which leaves the center pink and juicy.* Less tender cuts, like pork shoulder (butt) and ribs can be cooked long and slow, to make them tender.ubes. 1 inch. Tender. 45 minutes to 1 hour. The internal temperature when cooking pork chops, roasts and tenderloins should be 160°F (71°C), which leaves the center pink and juicy.* Less tender cuts, like pork shoulder (butt) and ribs can be cooked long and slow, to make them tender.",0,0,1,##final score: 1
168216,does legionella pneumophila cause pneumonia,8766387,"Deadly: A conceptual image of Legionella Pneumophila bacteria, which causes Legionnaires' Disease. Scotland's health secretary said the number of cases could still rise, despite a chemical clean-up of the industrial site thought to be responsible.",2,2,1,##final score: 1
1129237,hydrogen is a liquid below what temperature,7482392,"Yes, and you do it by striking a spark. Hydrogen gas is highly flammable, when mixed with oxygen, it will burn very easily and quickly, leaving water vapor as a by-product. If this water vapor is cooled, it will condense into liquid water. The thing is, hydrogen gas is not commonly found in nature.",0,0,1,##final score: 1
1124210,tracheids are part of _____.,2494574,Xylem and phloem throughout the plant make up the vascular tissue system. They allow water and other nutrients to be transported throughout the plant. Xylem is consists of two types of cells known as tracheids and vessel elements.,2,2,3,##final score: 3
183378,exons definition biology,327909,"Interspersed within the exons are introns, regions of non-coding DNA. Introns must be removed from the initial transcript of mRNA before the final mature transcript is sent to the ribosome for translation into protein. This removal is done in a coimplex protein structure called the spliceosome.The spliceosome splices out the non-coding introns from the primary mRNA transcript, and stiches the exons back together into the mature mRNA transcript.he spliceosome is a complex of small nuclear RNA (snRNA) and small nuclear protein (snRNP) molecules, snRNAs and snRNPs.",2,2,1,##final score: 1
1133167,how is the weather in jamaica,1356823,"Colony of Jamaica. Jamaica was an English colony from 1655 (when it was captured by the English from Spain) or 1670 (when Spain formally ceded Jamaica to the English), and a British Colony from 1707 until 1962, when it became independent. Jamaica became a Crown colony in 1866.",0,0,1,##final score: 1
1117099,what is a active margin,4393950,"(February 2016) In plate tectonics, a convergent boundary, also known as a destructive plate boundary, is a region of active deformation where two or more tectonic plates or fragments of the lithosphere near the end of their life cycle. This is in contrast to a constructive plate boundary (also known as a mid-ocean ridge or spreading center).",2,2,1,##final score: 1
1112341,what is the daily life of thai people,5043407,"In 1960, the population growth was at its height with figures of around 3.1% but this has fallen to around 0.4% today. The life expectancy for an average Thai citizen is also growing but there are many threats to the population.",0,0,1,##final score: 1
183378,exons definition biology,4727418,"Transcrition/translation - Exons and introns. In most eukaryotic genes, coding regions (exons) are interrupted by noncoding regions (introns). During transcription, the entire gene is copied into a pre-mRNA, which includes exons and introns. During the process of RNA splicing, introns are removed and exons joined to form a contiguous coding sequence. This mature mRNA is ready for translation.",3,3,2,##final score: 2
1121709,what are the three percenters?,5070334,Oath Keepers is an American radical organization associated with the anti-government patriot movement. It encourages members—some of whom are current and former U.S. military and law enforcement officers—not to obey orders which they believe would violate the United States Constitution.,0,0,1,##final score: 1
1129237,hydrogen is a liquid below what temperature,1849519,"Water is the chemical substance with chemical formula H 2 O; one molecule of water has two hydrogen atoms covalently bonded to a single oxygen atom. Water is a tasteless, odorless liquid at ambient temperature and pressure, and appears colorless in small quantities, although it has its own intrinsic very light blue hue.",0,0,1,##final score: 1
130510,definition declaratory judgment,1941397,"There are a few different legal remedies a party may consider when another party has allegedly breached its contractual obligation, including lawsuits and arbitration. However, sometimes a monetary remedy doesn't quite make the plaintiff whole, which is the goal of any civil remedy.",0,0,1,##final score: 1
264014,how long is life cycle of flea,6555321,"Female fleas need to keep feeding on blood to ensure their metabolism stays in balance while they are laying eggs. Adults on a host animal can live for 133 days, but if they become dislodged they need to rapidly find a new host, or quickly hop back onto the original host. They die within four days of losing their host.",2,2,1,##final score: 1
359349,how to find the midsegment of a trapezoid,792264,A median is a segment connecting any vertex of a triangle to the midpoint of the opposite side. midline. close window. A midline is a segment connecting two consecutive midpoints of a triangle. midline theorem.,0,0,1,##final score: 1
359349,how to find the midsegment of a trapezoid,1830509,"Midsegment definition, a line joining the midpoints of two sides of a triangle. See more.",0,0,1,##final score: 1
1117099,what is a active margin,6428299,"Confidence votes 68.2K. Rockhound. In plate tectonics, a convergent boundary or convergent plate boundary, also known as a destructive plate boundary (because of subduction), is an actively deforming region where two (or more) tectonic plates or fragments of lithosphere move toward one another and collide. destructive plate boundary may also be formed between Oceanic plates and Continental plates. Japan is an example of two oceanic plates colliding against each other and an example of two continental plates colliding is the collision of the Indian and Eurasian plate. 22 people found this useful.",2,2,1,##final score: 1
443396,lps laws definition,725938,"The Florida Mental Health Act. (Baker Act) Chapter 394 Part I, Florida Statutes. The information provided using this web site is only intended to be general summary information to the public. It is not intended to take the place of either the written law or regulations.",1,1,0,##final score: 0
1117099,what is a active margin,926743,"In plate tectonics, a convergent boundary, also known as a destructive plate boundary (because of subduction), is an actively deforming region where two (or more) tectonic plates or fragments of the lithosphere move toward one another and collide.hen one plate is composed of oceanic lithosphere and the other is composed of continental lithosphere, the denser oceanic plate is subducted, often forming an orogenic belt and associated mountain range. This type of convergent boundary is similar to the Andes or the Cascade Range in North America.",2,2,1,##final score: 1
1124210,tracheids are part of _____.,2494577,"Tracheids and vessel elements form tube-shaped structures that provide pathways for water and minerals to travel from the roots to the leaves. While tracheids are found in all vascular plants, vessels are found only in angiosperms. Phloem is composed mostly of cells called sieve-tube cells and companion cells. These cells assist in the transport of sugar and nutrients produced during photosynthesis from the leaves to other parts of the plant. While tracheid cells are nonliving, sieve-tube and companion cells of the phloem are living.",2,2,1,##final score: 1
148538,difference between rn and bsn,7407811,"with the RN. RN = registered nurse. There are different degrees-ADN/ASN (associate's degree in nursing/associate's of science in nursing), BSN (bachelor's of science of nursing) and MSN (master's of science in nursing) in addition to a plethora of certifications that one can obtain.",1,1,2,##final score: 2
1114819,what is durable medical equipment consist of,7425397,"Medicare Part B may cover an external insulin pump and insulin as durable medical equipment (DME). You pay 20% of the amount approved by Medicare, after the yearly Medicare Part B deductible.Diabetes may result in blood-circulation problems that can become serious over time.owever, Medicare Part D does not cover insulin for diabetes when it is administered with an insulin pump. In that case, insulin for diabetes may be covered under Medicare Part B as durable medical equipment, as indicated above.",2,2,1,##final score: 1
87452,causes of military suicide,7476937,"Co-occurring disorders, such as post-traumatic stress disorder (PTSD) and substance use, is prevalent among veterans and the military community. According to the Veterans Affairs Department (VA), approximately one-third of veterans seeking treatment for substance use disorders also met the criteria for PTSD.",2,2,1,##final score: 1
131843,definition of a sigmet,1733695,"Tornado Watch. A tornado watch means that conditions are favorable for the development of tornadoes within the next couple of hours. Tornado watches are often issued an hour or two before severe weather begins, and they stay in effect for about six hours or until the thunderstorms pass through.",1,1,0,##final score: 0
183378,exons definition biology,2533256,"Description: In most eukaryotic genes, coding regions (exons) are interrupted by noncoding regions (introns). During transcription, the entire gene is copied into a pre-mRNA, which includes exons and introns. During the process of RNA splicing, introns are removed and exons joined to form a contiguous coding sequence. This mature mRNA is ready for translation.",3,3,2,##final score: 2
915593,what types of food can you cook sous vide,6181638,"Pork jowl--or cheek--is deeply rooted in the South, where it is often salted and cured for the winter. We’ve taken the jowl in a different direction by cooking it sous vide for 72 hours.Tough, abundant collagen is transformed into melty, tender gelatin, and the natural flavor of the jowl is released.ork jowl--or cheek--is deeply rooted in the South, where it is often salted and cured for the winter. We’ve taken the jowl in a different direction by cooking it sous vide for 72 hours.",2,2,1,##final score: 1
1117099,what is a active margin,8446506,"Active continental margins, i.e., when an oceanic plate subducts beneath a continent, represent about two-thirds of the modern convergent margins. Their cumulated length has been estimated to 45,000 km (Lallemand et al.,",3,3,2,##final score: 2
1114819,what is durable medical equipment consist of,8321012,"Medicare considers back braces to be “prefabricated orthotics,” which fall into the broad category of durable medical equipment, prosthetics, orthotics, and supplies (DMEPOS). Durable medical equipment such as back braces are generally covered under your Part B benefits if you meet the requirements described below.",2,2,1,##final score: 1
168216,does legionella pneumophila cause pneumonia,1924796,"1 Atypical pneumonia is caused by bacteria such as Legionella pneumophila, Mycoplasma pneumoniae, and Chlamydophila pneumoniae.  Other bacteria that can cause pneumonia include Staphylococcus aureus, Moraxella catarrhalis, Streptococcus pyogenes, Neisseria meningitidis, Klebsiella pneumoniae, and Haemophilus influenzae.",3,3,2,##final score: 2
168216,does legionella pneumophila cause pneumonia,3399713,"About the Disease. Legionnaires' disease is a severe, often lethal, form of pneumonia. It's caused by the bacterium Legionella pneumophila found in both potable and nonpotable water systems.Each year, an estimated 10,000 to 18,000 people are infected with the Legionella bacteria in the United States.It is not uncommon for patients with Legionnaires' disease to be admitted to the intensive care unit.t's caused by the bacterium Legionella pneumophila found in both potable and nonpotable water systems. Each year, an estimated 10,000 to 18,000 people are infected with the Legionella bacteria in the United States. It is not uncommon for patients with Legionnaires' disease to be admitted to the intensive care unit.",3,3,2,##final score: 2
1037798,who is robert gray,6089091,"Harrington Point and Pigeon Bluff ... Harrington Point is the east point of Grays Bay and is located at Columbia River Mile (RM) 23.5. One-half mile upstream is the small community of Altoona, and further upstream is Pillar Rock.One-half mile downstream is Pigeon Bluff which lies along the curve of Harrington Point and looks into Grays Bay.ieutenant William Broughton of Captain George Vancouver's Expedition, passed Harrington Point on October 25, 1792, on his way upstream in his exploration of the Columbia River. ... After passing Gray's bay, the continental shores became high and rocky.",0,0,1,##final score: 1
1114819,what is durable medical equipment consist of,6912302,"Aetna considers ankle orthoses, ankle-foot orthoses (AFOs), and knee-ankle-foot orthoses (KAFOs) medically necessary durable medical equipment (DME) according to the criteria set forth below. (See background section of this clinical policy bulletin (CPB) for descriptions of the orthotics discussed in this policy).",2,2,1,##final score: 1
104861,cost of interior concrete flooring,7921008,"What it costs. Cork flooring generally ranges in price from $3 to $6 per square foot. The more complex patterns fall on the high end, while the basic flecked variety runs about $3 per square foot, making it an economical flooring option for the kitchen.",0,0,1,##final score: 1
168216,does legionella pneumophila cause pneumonia,527409,"1 Infections (rare causes of acute pancreatitis) - examples of bacterial infections include: Salmonellosis, a type of food poisoning caused by the bacterium Salmonella, or Legionnaires' disease, an infection caused by the bacterium Legionella pneumophila found in plumbing, shower heads and water-storage tanks.",2,2,1,##final score: 1
1037798,who is robert gray,8441717,"Even before British Captain James Cook explored the northwest coast of North America by sea in 1778, explorers had hoped to find a passage to the Pacific through the waterways of the American continent.",0,0,1,##final score: 1
183378,exons definition biology,7952869,"Splicing is the name given to the reaction that removes unnecessary segments of the primary RNA transcript, called introns. The removal of the introns produces mRNA (see the figure, below). Messenger RNA contains only exons, those portions of the primary RNA transcript that will be translated into a protein.",3,3,2,##final score: 2
19335,anthropological definition of environment,7891857,"0 Comment Ecology behavioral ecology, community ecology, ecological community, ecological relationships, ecology and environment, ecosystem ecology, environment and ecology meaning of ecology Ecology, the word comes from two Greek words, which are known as :",0,0,1,##final score: 1
168216,does legionella pneumophila cause pneumonia,4119829,The most common cause of bacterial pneumonia is Streptococcus pneumoniae. Bacterial pneumonia can also be caused by Chlamydophila pneumonia or Legionella pneumophila. Pneumocystis jiroveci pneumonia is sometimes seen in those who have weak immune systems due to illnesses like AIDS or cancer.,3,3,2,##final score: 2
19335,anthropological definition of environment,901329,"Urban anthropology is heavily influenced by sociology. The traditional difference between sociology and anthropology was that the former was traditionally conceived as the study of civilized populations, whilst anthropology was approached as the study of primitive populations.everal for-profit and non-profit organizations now do work in the field of urban anthropology. Perhaps the best known of these is the non-profit organization called Urban Anthropology. Numerous universities now teach urban anthropology.",0,0,1,##final score: 1
131843,definition of a sigmet,6858933,"The UK medium-range outlook is covered in the five-day location and map-based forecasts as well as the meteorologist written forecasts. The 6-10 day text forecasts provide a broad description of the weather likely to be affecting the UK, including significant changes in the type of weather.",1,1,0,##final score: 0
183378,exons definition biology,7677975,"Such stretches of DNA, which get transcribed into RNA but not translated into protein, are called introns. Those stretches of DNA that do code for amino acids in the protein are called exons. Examples: 1  The gene for one type of collagen found in chickens is split into 52 separate exons.2  The gene for dystrophin, which is mutated in boys with muscular dystrophy, has 79 exons.hose stretches of DNA that do code for amino acids in the protein are called exons. Examples: 1  The gene for one type of collagen found in chickens is split into 52 separate exons. 2  The gene for dystrophin, which is mutated in boys with muscular dystrophy, has 79 exons.",3,3,2,##final score: 2
1129237,hydrogen is a liquid below what temperature,8498937,"Hydrogen chloride. Hydrogen chloride, (HCl), a compound of the elements hydrogen and chlorine, a gas at room temperature and pressure. A solution of the gas in water is called hydrochloric acid. 1  Hydrogen chloride may be formed by the direct combination of chlorine (Cl2) gas and hydrogen (H2) gas; the reaction is rapid at temperatures above 250° C (482° F). 2  Hydrochloric acid is prepared by dissolving gaseous hydrogen chloride in water.",0,0,1,##final score: 1
207786,how are some sharks warm blooded,2621344,"All sharks have an incredibly unique system on the tip of their nose called the “ampillae of Lorenzini”. These are small pores filled with a gel that transmits the electrical currents in the water to the shark’s brain so that it can assess its environment. White sharks give birth to live young (not eggs), and they give birth to 6-8 pups at one time. Pups are usually between 1.0-1.5m in length and are born with teeth.",0,0,1,##final score: 1
1124210,tracheids are part of _____.,2258596,"Woody angiosperms have also vessels. The mature tracheids form a column of superposed, cylindrical dead cells whose end walls have been perforated, resulting in a continuous tube called vessel (trachea) . Tracheids are found in all vascular plants and are the only conducting elements in gymnosperms and ferns.Tracheids have Pits on their end walls. Pits are not nearly as efficient for water translocation as Perforation Plates found in vessel elements.oody angiosperms have also vessels. The mature tracheids form a column of superposed, cylindrical dead cells whose end walls have been perforated, resulting in a continuous tube called vessel (trachea) . Tracheids are found in all vascular plants and are the only conducting elements in gymnosperms and ferns.",2,2,1,##final score: 1
19335,anthropological definition of environment,8412683,"Ecological anthropology is defined as the study of cultural adaptations to environments. The sub-field is also defined as, the study of relationships between a population of humans and their biophysical environment .he abstract noun anthropology is first attested in reference to history. Its present use first appeared in Renaissance Germany in the works of Magnus Hundt and Otto Casmann. Their New Latin anthropologia derived from the combining forms of the Greek words anthrōpos (ánthrōpos,  ἄνθρωπος ) human and (logos,  lógos ). λόγος study",2,2,1,##final score: 1
183378,exons definition biology,5026678,"Transcription & Translation: RNA Splicing. Transcript: As DNA is transcribed into RNA it needs to be edited to remove non-coding regions, or introns, shown in green. This editing process is called splicing, which involves removing the introns, leaving only the yellow, protein-coding regions, called exons.",3,3,2,##final score: 2
264014,how long is life cycle of flea,4016017,"1 Treating your pet alone will not do the trick. 2  Flea eggs can lie dormant in your house for up to one year, giving you a year long time release flea infestation. 3  For every one flea you see on your pet there are 100 times as many in the house.  Please see our recommendations for eliminating fleas from your home.",2,2,1,##final score: 1
264014,how long is life cycle of flea,3601329,"1 Adult fleas are only part of the problem. 2  Immature fleas (eggs and larvae) contribute to flea infestation, too. 3  Your pet does not have to go outside to get fleas.4  Your veterinarian is a reliable source of information on safe and effective flea control products for your pet and home.eveloping fleas can even become dormant for many months if there are no hosts available. If your pet spends time outside, in kennels, or around other animals, the risk of picking up fleas increases. However, even a completely indoor pet can become infested with fleas.",2,2,1,##final score: 1
131843,definition of a sigmet,6036658,"From Wikipedia, the free encyclopedia. Visual flight rules (VFR) are a set of regulations under which a pilot operates an aircraft in weather conditions generally clear enough to allow the pilot to see where the aircraft is going.",1,1,0,##final score: 0
1124210,tracheids are part of _____.,6891517,"Liverworts may be the closest living relatives to these first vascular land plants, liverworts and the Charophytes being separate branches from green algal ancestors.Green Charophytic algae, as exemplified by Chara at right, show some features of land plants.lants like Cooksonia (as well as Zosterophyllum) had true tracheids in their sporophytes and so are probably more closely related to the ancestors of the vascular land plants. For further details see Gerrienne & Gonez (2011) .",2,2,1,##final score: 1
1133167,how is the weather in jamaica,4294930,"Hurricane Sandy - October 29, 2012 Summary: Hurricane Sandy was the 18th named tropical cyclone of the 2012 Atlantic hurricane season (June 1 - November 30). Sandy formed in the central Caribbean on October 22nd and intensified into a hurricane as it tracked north across Jamaica, eastern Cuba and the Bahamas. Sandy moved northeast of the United States until turning west toward the mid Atlantic coast on the 28th.",2,2,1,##final score: 1
168216,does legionella pneumophila cause pneumonia,6249512,"Pneumonia due to mycoplasma and chlamydophila bacteria is usually mild. 1  Pneumonia due to Legionella pneumophila gets worse during the first 4 to 6 days, and then improves over 4 to 5 days. 2  Even though symptoms will improve, it may take a while for them to go away completely.",3,3,2,##final score: 2
1063750,why did the us volunterilay enter ww1,3455651,"In 1914 Italy declared that Germany's war against France was an 'aggressive' one and so entitled Italy to claim neutrality. A year later, in 1915, Italy did enter the First World War, as an ally of Britain, France and Russia.n 1914 Italy declared that Germany's war against France was an 'aggressive' one and so entitled Italy to claim neutrality. A year later, in 1915, Italy did enter the First World War, as an ally of Britain, France and Russia.",0,0,1,##final score: 1
19335,anthropological definition of environment,1958103,"Anthropological Culture Concept. Culture is a concept that often invokes thoughts of a Monet, a Mozart symphony, or ballerinas in tutus dancing Swan Lake. In the popular vernacular culture often refers to the arts. A person that is cultured has knowledge of and is a patron of the arts. Then there is pop culture; what trends are current and hip. Within anthropology these things are simply aspects of culture. To understand the anthropological culture concept, we need to think broader and holistically.",0,0,1,##final score: 1
264014,how long is life cycle of flea,5849270,"The adult cat flea can survive on the host and maintain some reproduction for 2-4 weeks under most natural conditions, but if not killed prematurely an adult flea may live as long as 4 months. For the full life cycle please see the link. Source(s): http://www.flea-info.com/about_fleas/en/...",2,2,1,##final score: 1
359349,how to find the midsegment of a trapezoid,1830515,"has a pair of parallel sides. is an Isosceles trapezoid when both angles coming from a parallel side are equal, and the sides that aren't parallel are equal in length. is called a Trapezium in the UK (see below) Play with a trapezoid: The parallel sides are the bases The other two sides are the legs The distance (at right angles) from one base to the other is called the altitude Area of a Trapezoid",0,0,1,##final score: 1
168216,does legionella pneumophila cause pneumonia,1924800,"Dozens of different types of bacteria can cause pneumonia: 1  Streptococcus (pneumococcus) is the most common cause of bacterial pneumonia in adults and there is a vaccine available for it.  Atypical pneumonia is caused by bacteria such as Legionella pneumophila, Mycoplasma pneumoniae, and Chlamydophila pneumoniae.",3,3,2,##final score: 2
183378,exons definition biology,4493920,"Exons are the DNA sequences that code for proteins. Introns are involved however they dont carry the genetic information that exons carry, the variation provides for revolutio … nary flexibility allowing cells to shuffle exons between genes to make new ones.aking the world better, one answer at a time. The difference between exons and introns is that exons are codes of proteins, while introns are not involved with the coding for proteins.",3,3,2,##final score: 2
359349,how to find the midsegment of a trapezoid,1830516,Every trapezoid has two legs. Altitude: The altitude of a trapezoid is the perpendicular distance from one base to the other. (One base may need to be extended). Median: The median of a trapezoid is a line joining the midpoints of the two legs. See Trapezoid median: Area: The usual way to calculate the area is the average base length times altitude. See Area of a Trapezoid: Perimeter,2,2,1,##final score: 1
104861,cost of interior concrete flooring,629278,"Economical. The cost of concrete floors is very low, about $2 to $6 per square foot to polish a plain gray slab, giving it a lustrous sheen. The concrete's tonal differences, subtle cracks and aggregates take on a stonelike, natural feel.irst, getting concrete overlay finish costs about the same as the cost to put in cork or hardwood floors (note you have to use engineered hardwood floating floor if putting over a concrete slab). I paid $10 sq ft. I got quotes for less, but went with the concrete artists that I thought did the best work.",2,2,3,##final score: 3
264014,how long is life cycle of flea,4825863,"Larvae make up about 35 percent of the flea population. If conditions are favorable, the larvae will spin cocoons in about 5-20 days after hatching from their eggs. The cocoons are the flea’s pupal stage and account for about 10 percent of the flea population.",2,2,1,##final score: 1
1063750,why did the us volunterilay enter ww1,5539843,"· just now. Report Abuse. Germanys geographic location was a disadvantage certainly, they are surounded by powerful countrys, fighting a war on 2 fronts is very hard to do. The reason why Germany joined WW1 was because it feard France would attack it to the West and Russia to the East, causing a 2 front war.Forrest Gump · 6 years ago. just now. Report Abuse. Germanys geographic location was a disadvantage certainly, they are surounded by powerful countrys, fighting a war on 2 fronts is very hard to do. The reason why Germany joined WW1 was because it feard France would attack it to the West and Russia to the East, causing a 2 front war.",0,0,1,##final score: 1
148538,difference between rn and bsn,6434592,BSN grads only make about $1 more than an Associates Degree RN in a staff nurse position. A BSN RN working in something like Public Health or some other administrative or leadership position might make more like $35-$45 per hour (or more).,2,2,1,##final score: 1
1112341,what is the daily life of thai people,1707321,"Officially throughout the country only the national currency of Thailand – Thai baht – is accepted. But if you have just arrived and did not have time for the currency exchange then you can pay for taxi in dollars or euros, where in fact it is difficult not to overpay.ead more about the currency exchange rates, Thai baht rates to other currencies and about bank cards and travel checks in a special article. Thai Baht has been the national currency of the Kingdom of Thailand since April 15, 1928.",1,1,0,##final score: 0
183378,exons definition biology,8548608,"Part of an organism's DNA is non-coding DNA sequences. They do not code for protein sequences. Some noncoding DNA is transcribed into non-coding RNA molecules, such as transfer RNA, ribosomal RNA, and regulatory RNAs. Other sequences are not transcribed at all, or give rise to RNA of unknown function.",0,0,1,##final score: 1
207786,how are some sharks warm blooded,7229815,"But, like all bottom-dwelling sharks, zebra sharks have the ability to pump water over their gills, either through their mouth or through the large spiracle behind each eye. To ease the task of pumping all that water over their gills, the sharks face into the ocean current.",0,0,1,##final score: 1
168216,does legionella pneumophila cause pneumonia,2265774,"In general, M. pneumoniae infection is a mild illness that is most common in young adults and school-aged children. The most common type of illness caused by these bacteria, especially in children, is tracheobronchitis, commonly called a chest cold.This illness is often seen with other upper respiratory tract symptoms, like a sore throat.ycoplasma pneumoniae (M. pneumoniae) is an atypical bacterium (the singular form of bacteria) that causes lung infection.",0,0,1,##final score: 1
183378,exons definition biology,4493921,"Making the world better, one answer at a time. The difference between exons and introns is that exons are codes of proteins, while introns are not involved with the coding for proteins.aking the world better, one answer at a time. The difference between exons and introns is that exons are codes of proteins, while introns are not involved with the coding for proteins.",3,3,2,##final score: 2
1114819,what is durable medical equipment consist of,1735443,"Consumable and Durable Medical. Consumable Medical Supplies are nondurable supplies and items that enable activities of daily living. Durable Medical Equipment include some specified, prescriptive equipment required by the individual. Consumable Medical Supplies Requirements and Service Limitations.",2,2,1,##final score: 1
168216,does legionella pneumophila cause pneumonia,7492752,Medical Definition of legionella. 1  1 capitalized : a genus of gram-negative rod-shaped bacteria (family Legionellaceae) that includes the causative agent (L. pneumophila) of Legionnaires' disease. 2  2plural legionellae \-ˌē\ also legionellas : a bacterium of the genus Legionella.,2,2,1,##final score: 1
1063750,why did the us volunterilay enter ww1,6093904,"Why Australia became involved in WW1. They became involved in august 1914 because Britain was preparing to declare war on Germany. Australia became involved in WW1 for a lot of reasons.The first reason that they were involved in the first war is because of Australia’s mother country (Britain).Entering the war in 1914 via their deep connection to the British, troops from Australia and New Zealand fought mainly in the Middle East.ustralia became involved in WW1 for a lot of reasons. The first reason that they were involved in the first war is because of Australia’s mother country (Britain). Entering the war in 1914 via their deep connection to the British, troops from Australia and New Zealand fought mainly in the Middle East.",0,0,1,##final score: 1
1133167,how is the weather in jamaica,18346,"On October 24, Sandy became a hurricane, made landfall near Kingston, Jamaica, re-emerged a few hours later into the Caribbean Sea and strengthened into a Category 2 hurricane. On October 25, Sandy hit Cuba as a Category 3 hurricane, then weakened to a Category 1 hurricane. Early on October 26, Sandy moved through the Bahamas. On October 27, Sandy briefly weakened to a tropical storm and then restrengthened to a Category 1 hurricane.",2,2,1,##final score: 1
168216,does legionella pneumophila cause pneumonia,7492755,"The genus Legionella is a pathogenic group of Gram-negative bacteria that includes the species L. pneumophila, causing legionellosis (all illnesses caused by Legionella) including a pneumonia-type illness called Legionnaires' disease and a mild flu-like illness called Pontiac fever.",3,3,2,##final score: 2
1117099,what is a active margin,2058940,Convergent boundaries are the place where two tectonic plates converge (i.e. two plates move toward each other). These zones tend to be where compressional stresses are active and this results in thrust or reverse faults being common. Converging plate boundaries are of two types: Subduction boundaries occur where oceanic lithosphere is pushed beneath continental or oceanic lithospheres. Where two plates converge at an oceanic trench a subduction boundary is formed as cold oceanic lithospheres are pushed back down into the mantle.,2,2,1,##final score: 1
443396,lps laws definition,8693530,"New Hampshire Hospital (NHH) provides inpatient psychiatric treatment to patients admitted on an involuntary basis through an emergency admissions process, a non-emergency court order, or on a limited voluntary basis, depending on the availability of facilities.",1,1,0,##final score: 0
1117099,what is a active margin,1440192,"In plate tectonics, a convergent boundary, also known as a destructive plate boundary (because of subduction), is an actively deforming region where two (or more) tectonic plates or fragments of the lithosphere move toward one another and collide.s a result of pressure, friction, and plate material melting in the mantle, earthquakes and volcanoes are common near convergent boundaries. When two plates move towards one another, they form either a subduction zone or a continental collision.",2,2,1,##final score: 1
359349,how to find the midsegment of a trapezoid,1979830,Learn More about trapezoid. See words that rhyme with trapezoid Spanish Central: Translation of trapezoid Nglish: Translation of trapezoid for Spanish speakers Britannica English: Translation of trapezoid for Arabic speakers.,0,0,1,##final score: 1
264014,how long is life cycle of flea,6236828,"What Attracts Fleas? Fleas are attracted by food sources, warmth, heat, blood and carbon dioxide. Discover how fleas find prey to feed off of with tips from a pet industry specialist in this free video on fleas. Part of the Video Series: Flea Control.",0,0,1,##final score: 1
1114819,what is durable medical equipment consist of,7588046,"On January 12, the Centers for Medicaid and Medicare laid out criteria for a continuous glucose monitor (CGM) to be considered a “durable medical device.” In doing so, federal regulators opened up the possibility that Medicaid and Medicare programs could cover at least some of the cost for qualifying CGMs and supplies.",2,2,1,##final score: 1
1124210,tracheids are part of _____.,5263184,"Phloem tissue is responsible for translocation, which is the transport of soluble organic substances, for example, sugar. The substances travel along sieve elements, but other types of cells are also present: the companion cells, parenchyma cells, and fibers.",0,0,1,##final score: 1
1133167,how is the weather in jamaica,1789859,"Expat Exchange: 7 Best Places to Live in Jamaica If you're thinking of moving to Jamaica or retiring in Jamaica, deciding where to live is not as simple as you think. Jamaica is a large island with numerous cities and towns that appeal to expats. This article highlights the 7 best places to live in Jamaica. Jamaica is a beautiful island country located about 90 miles south of Cuba. With an estimated population of 2.7 million and an area of over 4,000 square miles, choosing where to live in Jamaica is not an easy decision. If you are moving to Jamaica with school-aged children, finding a school is often your first priority and influences where you decide to live.",0,0,1,##final score: 1
19335,anthropological definition of environment,6210055,"Nothing human is alien to anthropology. Indeed, of the many disciplines that study our species, Homo sapiens, only anthropology seeks to understand the whole panorama—in geographic space and evolutionary time—of human existence. Though easy to define, anthropology is difficult to describe.",0,0,1,##final score: 1
183378,exons definition biology,4493916,"Answer by Shelbyray2014. Confidence votes 91. Exons are the DNA sequences that code for proteins. Introns are involved however they dont carry the genetic information that exons carry, the variation provides for revolutionary flexibility allowing cells to shuffle exons between genes to make new ones.nswer by Shelbyray2014. Confidence votes 91. Exons are the DNA sequences that code for proteins. Introns are involved however they dont carry the genetic information that exons carry, the variation provides for revolutionary flexibility allowing cells to shuffle exons between genes to make new ones.",3,3,2,##final score: 2
264014,how long is life cycle of flea,4016011,"1 Flea eggs can lie dormant in your house for up to one year, giving you a year long time release flea infestation. 2  For every one flea you see on your pet there are 100 times as many in the house.  Please see our recommendations for eliminating fleas from your home.",2,2,1,##final score: 1
1133167,how is the weather in jamaica,7236839,"Current time in Jamaica right now. Time difference with Jamaica, Jamaica time zone, military time in Jamaica, daylight saving time (DST) in Jamaica, time change in Jamaica, Jamaica map, Jamaica population. London — Wed 04:27 No wonder you’re late.",0,0,1,##final score: 1
1117099,what is a active margin,6534824,"Some convergent margins have zones of active seafloor spreading behind the island arc, known as back-arc basins. When one plate is composed of oceanic lithosphere and the other is composed of continental lithosphere, the denser oceanic plate is subducted, often forming an orogenic belt and associated mountain range.This type of convergent boundary is similar to the Andes or the Cascade Range in North America.s a result of pressure, friction, and plate material melting in the mantle, earthquakes and volcanoes are common near convergent boundaries. When two plates move towards one another, they form either a subduction zone or a continental collision. This depends on the nature of the plates involved.",2,2,1,##final score: 1
1063750,why did the us volunterilay enter ww1,2197526,most famous WW1 treaty; treaty between Germany and the allied powers in which Germany accepted full responsibility for the war and agreed to pay reparation; the US did not ratify the treaty. Victory Gardens,0,0,1,##final score: 1
146187,difference between a mcdouble and a double cheeseburger,8792967,"History Of The Cheeseburger. There are at least 5 different theories to the origin of the modern day cheeseburger, all of which involve a cook and a 1930′s diner in America. But before we even start talking about cheese we must trace the history of the plain old Hamburger.",0,0,1,##final score: 1
183378,exons definition biology,3888461,"Premessenger RNA has a base sequence identical to the DNA coding strand. Genes consist of sequences encoding mRNA (exons) that are interrupted by non-coding sequences of variable length, called introns. Introns are removed and exons joined together before translation begins in a process called mRNA splicing.he process by which DNA achieves its control of cell life and function through protein synthesis is called gene expression. A gene is a DNA sequence that contains genetic information for one functional protein. Proteins are essential for the modulation and maintenance of cellular activities.",3,3,2,##final score: 2
264014,how long is life cycle of flea,1679460,"Up until recently the Black Death was thought to have been caused by fleas carried by rats that were very common in towns and cities. When the fleas bit into their victims, it was thought they were literally injecting them with the disease.",0,0,1,##final score: 1
264014,how long is life cycle of flea,5849274,"A female flea must have a blood meal from her host -- such as your cat or dog -- before she's able to lay her eggs. She's a productive parasite, laying up to 40 eggs in a day. She lays her eggs where she feeds -- in your pet's fur -- and eventually the eggs drop from your pet's coat as he goes about his daily routine. Eggs can hatch as quickly as two days or take as long as two weeks, depending on the environment.",2,2,1,##final score: 1
168216,does legionella pneumophila cause pneumonia,13499,"Streptococcus pneumoniae, a type of bacteria, is the most common cause of pneumonia. Legionella pneumophila is the bacterial type that causes the pneumonia known as Legionnaires' disease. Other bacteria types that can cause pneumonia include the bacteria that cause so-called atypical pneumonia, Legionella pneumophila, Mycoplasma pneumoniae, and Chlamydophila pneumonia. The most common cause of viral pneumonia in adults is the influenza virus. A number of different respiratory viruses cause pneumonia in children, such as respiratory syncytial virus (RSV).",3,3,2,##final score: 2
168216,does legionella pneumophila cause pneumonia,8639633,"The different kinds of bacteria that may commonly cause bacterial pneumonia include, but are not limited to: 1  Streptococcus pneumoniae. 2  Mycoplasma pneumoniae. 3  Legionella pneumophila.  Chlamydia 1  trachomatis. Haemophilus influenzae.",3,3,2,##final score: 2
130510,definition declaratory judgment,779340,"An arbitrator is one who delivers a fair judgment to resolve a dispute. The arbitrator's decision may or may not be favorable to one or more parties involved; however, the arbitrator is a neutral third party chosen by the disputing parties in lieu of litigating in court.",0,0,1,##final score: 1
264014,how long is life cycle of flea,5611216,"If humans had the jumping power of a flea, a 1.8-m (6-ft) person could make a jump 90 m (295 ft) long and 49 m (160 ft) high. Researchers with the University of Cambridge in England found that fleas take off from their tibiae and tarsi (the insect equivalent of feet) and not their trochantera, or knees.enerally speaking, an adult flea only lives for 2 or 3 months. Without a host for food a flea's life might be as short as a few days. With ample food supply, the adult flea will often live up to 100 days.",2,2,1,##final score: 1
168216,does legionella pneumophila cause pneumonia,3463555,"The name Legionnaires' disease was coined in 1976 after a respiratory disease affected many delegates attending a convention in Philadelphia held by the American Legion of Pennsylvania. Eventually, the bacteria that was responsible for the disease was isolated and named as Legionella pneumophila.",2,2,1,##final score: 1
264014,how long is life cycle of flea,1702973,"How high and far can a flea jump? Fleas can jump up to ten inches high (which is many times their own height). A flea can jump two hundred times the length of their own bodies, which is roughly about thirteen …inches. This prodigious jumping ability is how they get from host to host. 13 people found this useful.",0,0,1,##final score: 1
1114819,what is durable medical equipment consist of,7803429,"If benefit coverage for durable medical equipment is available, the following criteria apply. Equipment Coverage Guidelines. Patient lifts (E0630, E0639) Mechanical/hydraulic patient lifts (non-electric) may be. considered medically necessary durable medical equipment. (DME) when ALL of the following criteria are met:",2,2,1,##final score: 1
131843,definition of a sigmet,5286902,"Tornado watch. An example of a tornado watch for parts of Kansas and Nebraska, issued by the Storm Prediction Center on May 5, 2007. A tornado watch (SAME code: TOA) is issued when weather conditions are favorable for the development of severe thunderstorms called a Supercell that are capable of producing tornadoes. A tornado watch therefore implies that it is also a severe thunderstorm watch.",1,1,0,##final score: 0
915593,what types of food can you cook sous vide,5931264,Cook the Short Ribs. Place the short rib pouch into the heated water bath and cook it for between 36 and 48 hours. For more information on the cooking times you can read my detailed article which addresses why is there a range in sous vide cooking times.,2,2,1,##final score: 1
1110199,what is wifi vs bluetooth,4824516,"Wi-Fi Protected Access version 2 (WPA2): Based on the 802.11i wireless security standard, which was finalized in 2004. The most significant enhancement to WPA2 over WPA is the use of the Advanced Encryption Standard (AES) for encryption.",0,0,1,##final score: 1
47923,axon terminals or synaptic knob definition,6139476,Dendrites receive information from neurons in the form of action potentials. These small structures are found at the end of neurons next to the axon.,0,0,1,##final score: 1
443396,lps laws definition,8769905,"We have 12 hours following medical clearance to transfer or release a patient. There is a common belief that we have 72 hours, and that is not correct. While the Baker Act involuntary examination period lasts 72 hours, that time period is for the entire examination process.",1,1,0,##final score: 0
264014,how long is life cycle of flea,5688727,"How to Kill Fleas in a Home. Two Parts: Treating Your Home for Fleas Treating Your Pet for Fleas. Fleas are small, agile insects that live by feeding on the blood of other animals, usually your furry and harmless cat or dog. Fleas can be a real problem when they invade a household and its inhabitants.he easiest way to kill fleas is when they are at their most vulnerable—in the egg and larval stages of their development. An adult flea will live only about a week without blood from its host, while a flea larva can live several months, so it's important to attack the larvae first.",2,2,1,##final score: 1
1063750,why did the us volunterilay enter ww1,2653693,1 To gain a chronological understanding of the progression of WWI. 2  To study the reasons for American entrance into the war to make the world safe for democracy..  To examine the domestic and international consequences of WWI.,2,2,1,##final score: 1
1124210,tracheids are part of _____.,8437722,"Ground tissue has a wide variety of functions, even though it is composed of fairly simple tissue types. Parenchyma Tissue: The most abundant, diverse, and versatile cells in a plant are found in the parenchyma tissue.",0,0,1,##final score: 1
183378,exons definition biology,3752862,"The DNA in a person is a combination of the DNA from each of their parents. Part of an organism's DNA is  non-coding DNA  sequences. They do not code for protein sequences. Some noncoding DNA is transcribed into non-coding RNA molecules, such as transfer RNA, ribosomal RNA, and regulatory RNAs).art of an organism's DNA is  non-coding DNA  sequences. They do not code for protein sequences. Some noncoding DNA is transcribed into non-coding RNA molecules, such as transfer RNA, ribosomal RNA, and regulatory RNAs).",0,0,1,##final score: 1
87452,causes of military suicide,8333916,"When researchers asked 72 soldiers at Fort Carson, Colo., why they tried to kill themselves, out of the 33 reasons they had to choose from, all of the soldiers included one in particular — a desire to end intense emotional distress.",3,3,2,##final score: 2
359349,how to find the midsegment of a trapezoid,68653,"The side of the triangle that the midsegment does not intersect is the base of the triangle. The midsegment of a trapezoid is the segment formed by connecting the midpoints of the two legs of a trapezoid. Although the midsegment of a trapezoid is also useful in mathematics, we will not discuss it here.",2,2,1,##final score: 1
490595,rsa definition key,3497872,"This scheme authenticates the user on an RSA ACE/Server. When challenged, the user enters a password that is a combination of two numbers: a personal identification number (PIN), supplied by RSA, and a token code, which is the number displayed on the RSA SecurID authenticator.hen challenged, the user enters a password that is a combination of two numbers: a personal identification number (PIN), supplied by RSA, and a token code, which is the number displayed on the RSA SecurID authenticator.",0,0,1,##final score: 1
1129237,hydrogen is a liquid below what temperature,4182088,"Water is not like other liquids. It isn't, well, a normal liquid. In other liquids, the basic principle holds true that heated liquids expand and cooled liquids contract. But water doesn't exactly work the same way. Water does expand when heated and contracts when cooled, but not at all temperature levels. Water has a magic range where the rules do not apply. The main reason for this difference is its makeup. Water is made up of hydrogen and oxygen, and they exist as a loose bond. The range that is different is between 0 and 4 degrees Celsius. Water at any other temperature would expand when it is heated, and contract when cooled. However, at 4 degrees Celsius, water is at its most contracted state, but it isn't frozen. It doesn't freeze until zero degrees Celsius.",0,0,1,##final score: 1
915593,what types of food can you cook sous vide,8002855,"When I took out the cooked roast, I dried it with paper towels…. …and blasted it with my kitchen torch. I sliced up the roast and every piece was moist and cooked perfectly all the way through. I can’t imagine cooking pork any other way. 1  sous vide.  sous vide pork loin roast.",2,2,1,##final score: 1
264014,how long is life cycle of flea,6641241,"After hatching, flea eggs develop into tiny, worm-like larvae. Larvae remain hidden deep in carpet fibers, beneath furniture cushions and in other protected areas. The larvae feed mainly on adult flea feces (dried blood) which accumulates, along with the eggs, in pet resting and activity areas. Before becoming adult fleas, the larvae transform into pupae within a silk-like cocoon. Pupae remain inside the cocoon for 2 to 4 weeks, sometimes longer.",2,2,1,##final score: 1
1115776,what is an aml surveillance analyst,4314174,The BSA/AML Analyst II is responsible for assisting with anti-money laundering and compliance initiatives. Three (3) to five (5) years of BSA related experience is required. southeastapply.com,2,2,1,##final score: 1
146187,difference between a mcdouble and a double cheeseburger,8434622,"Although we previously reported that the McDouble would be on the Dollar Menu, in Manhattan the cheeseburger appears on the Dollar Menu while the McDouble is $1.39 and the double cheeseburger is $1.49.",2,2,1,##final score: 1
168216,does legionella pneumophila cause pneumonia,5657932,"Kidney Failure Kidney failure can occur from an acute event or a chronic condition or disease. Prerenal kidney failure is caused by blood loss,...learn more ». Legionnaires' Disease Legionellosis is an infection caused by the Legionella pneumophila bacterium.",2,2,1,##final score: 1
