query_id,query_text,corpus_id,document_text,human_score,model_a_assessment,model_b_assessment,model_b_raw_output
1117099,what is a active margin,8446504,"In general, the continental shelves bordering active margins are narrower than those along passive margins. The trench marks the deepest seaward termination of the active continental margin. It coincides with the surface trace of the subduction fault marking the boundary between the converging plates.",3,3,0,##final score: 0
1129237,hydrogen is a liquid below what temperature,4182088,"Water is not like other liquids. It isn't, well, a normal liquid. In other liquids, the basic principle holds true that heated liquids expand and cooled liquids contract. But water doesn't exactly work the same way. Water does expand when heated and contracts when cooled, but not at all temperature levels. Water has a magic range where the rules do not apply. The main reason for this difference is its makeup. Water is made up of hydrogen and oxygen, and they exist as a loose bond. The range that is different is between 0 and 4 degrees Celsius. Water at any other temperature would expand when it is heated, and contract when cooled. However, at 4 degrees Celsius, water is at its most contracted state, but it isn't frozen. It doesn't freeze until zero degrees Celsius.",0,0,3,##final score: 3
855410,what is theraderm used for,6467180,"Liquid Lanolin Our Pure Lanolin is a thick natural moisturizer derived from sheep wool. Use as a skin conditioner, salve, and emollient for sealing your body's moisture. Use in its pure form or mix with other oils.iquid Lanolin Our Pure Lanolin is a thick natural moisturizer derived from sheep wool. Use as a skin conditioner, salve, and emollient for sealing your body's moisture. Use in its pure form or mix with other oils.",0,0,3,##final score: 3
156493,do goldfish grow,6492047,"Rating Newest Oldest. Best Answer: well, depends. If you are taking about a baby red eared slider, they grow quickly for females, and slower for males. Females grow up to 10-12 inches, and should get to this size in about 5-10 years, and males grow to 8-10 inches and get there between 5-10 years as well.rowth is depended on enough calcium and vitamins in the diet, from the lighting, and also from the tank size. For example a turtle that is confined to a 50 gallon tank its whole life, will become stunted, and not grow as much as lets say a turtle in a 250+ gallon pond.",0,0,3,##final score: 3
1117099,what is a active margin,1687526,"The continental arc is formed at an active continental margin where two tectonic plates meet and a subduction zone develops. The magmatism and petrogenesis of continental crust is complicated: in essence, continental arcs reflect a mixture of oceanic crust materials, mantle wedge and continental crust materials. Volcanic arcs are made of an arc-shaped chain of volcanoes. 2  The position of which could be continental or mid-ocean. 3  While an island arc must be offshore and does not necessarily be volcanic (e.g. Hellenic arc).",3,3,0,##final score: 0
1117099,what is a active margin,4059509,Ocean‐continent convergence occurs when oceanic crust is subducted under continental crust. This forms an active continental margin between the subduction zone and the edge of the continent. The leading edge of the continental plate is usually studded with steep andesitic mountain ranges.,3,3,0,##final score: 0
855410,what is theraderm used for,8468783,"Uses of This Medicine. Bismuth subsalicylate is used to treat diarrhea in adults and teenagers. It is also used to relieve the symptoms of an upset stomach, such as heartburn, indigestion, and nausea in adults and teenagers.",0,0,3,##final score: 3
207786,how are some sharks warm blooded,7963301,"This way, the amount of urea in a shark’s blood can reach 2.5%, while it is only about 0.01-0.03% in other vertebrates. This way, the sharks are isotonic as compared to sea water, i.e. the ion concentration of sea water and the sharks’ tissue is balanced.",0,0,3,##final score: 3
156493,do goldfish grow,892005,"Like their wild ancestors, common and comet goldfish as well as Shubunkin can survive, and even thrive, in any climate that can support a pond, whereas fancy goldfish are unlikely to survive in the wild as their bright colours and long fins make them easy prey. Goldfish can hybridise with certain other species of carp as well as C. a. gibelio.",0,0,3,##final score: 3
1129237,hydrogen is a liquid below what temperature,5212767,"Liquefied natural gas, or LNG, is natural gas in its liquid form. When natural gas is cooled to minus 259 degrees Fahrenheit (-161 degrees Celsius), it becomes a clear, colorless, odorless liquid.LNG is neither corrosive nor toxic.iquefied natural gas, or LNG, is natural gas in its liquid form. When natural gas is cooled to minus 259 degrees Fahrenheit (-161 degrees Celsius), it becomes a clear, colorless, odorless liquid. LNG is neither corrosive nor toxic.",0,0,3,##final score: 3
962179,when was the salvation army founded,8785367,"As a result, he withdrew from the church and traveled throughout England, conducting evangelistic meetings. His wife, Catherine, could accurately be called a cofounder of The Salvation Army. In 1865, William Booth was invited to hold a series of evangelistic meetings in the East End of London. He set up a tent in a Quaker graveyard, and his services became an instant success.",3,3,1,##final score: 1
168216,does legionella pneumophila cause pneumonia,3342536,Getting Legionnaires' disease—a type of pneumonia carried by stagnant water. Avoid both by setting your water heater to just the right temperature. The DIY experts at Stack Exchange are here to help.,1,1,3,##final score: 3
443396,lps laws definition,4513342,To say that an individual has been subject to involuntary commitment means that they have been court ordered into treatment for a mental health problem. Before the individual is committed they may be first put into a psychiatric institution for assessment – this can last for as long as 72 hours.,2,2,0,##final score: 0
1121709,what are the three percenters?,3709758,1 10 percent of what they READ. 2  20 percent of what they HEAR. 3  30 percent of what they SEE. 4  50 percent of what they SEE and HEAR. 5  70 percent of what they SAY and WRITE.  90 percent of what they DO.,0,0,2,##final score: 2
1106007,define visceral?,2513609,"visceral nervous system, the visceral part of the peripheral nervous system that comprises the whole complex of nerves, fibers, ganglia, and plexuses by which impulses travel from the central nervous system to the viscera and from the viscera to the central nervous system.",1,1,3,##final score: 3
1129237,hydrogen is a liquid below what temperature,302210,"The hydrogen gas that makes up most of the atmosphere slowly changes to liquid with depth as the pressure increases. Below the liquid hydrogen rests the heavier liquid helium. Deep in the depths of the body of Saturn, the hydrogen is then under tremendous pressure, and is transformed to liquid metallic hydrogen.",1,1,3,##final score: 3
182539,example of monotonic function,6816571,The adjective MONOTONE has 2 senses: 1. of a sequence or function; consistently increasing and never decreasing or consistently decreasing and never increasing in value. 2. sounded or spoken in a tone unvarying in pitch. Familiarity information: MONOTONE used as an adjective is rare.,1,1,3,##final score: 3
183378,exons definition biology,1239966,"The RNA strand is processed so that its introns are removed and the exons are pushed together to make a continuous, shorter strand. This process is called RNA splicing. It produces a 'final draft' of the mRNA before translation gets under way.",1,1,3,##final score: 3
19335,anthropological definition of environment,1720395,"Definition of Environment. Environment: The sum of the total of the elements, factors and conditions in the surroundings which may have an impact on the development, action or survival of an organism or group of organisms. Search MedTerms:",1,1,3,##final score: 3
148538,difference between rn and bsn,1311202,"Many BSN grads choose to stay in staff nursing, but seek greater responsibility within their organizations. Others may choose to seek a nursing position that requires the BSN. The following are just a few of the positions that typically are available to RNs who obtain a BSN degree.",2,2,0,##final score: 0
182539,example of monotonic function,7371259,"In calculus, a function defined on a subset of the real numbers with real values is called monotonic if and only if it is either entirely increasing or decreasing. It is called monotonically increasing (also increasing or nondecreasing), if for all and such that one has, so preserves the order (see Figure 1).",1,1,3,##final score: 3
182539,example of monotonic function,2909960,"In mathematics, a monotonic function (or monotone function) is a function between ordered sets that preserves or reverses the given order. This concept first arose in calculus, and was later generalized to the more abstract setting of order theory. 1 Monotonicity in calculus and analysis.",1,1,3,##final score: 3
490595,rsa definition key,1894652,A Trusted Platform Module (TPM) is a specialized chip on an endpoint device that stores RSA encryption keys specific to the host system for hardware authentication. Each TPM chip contains an RSA key pair called the Endorsement Key (EK).,1,1,3,##final score: 3
1106007,define visceral?,293370,"affective. 1  of, caused by, or expressing emotion or feeling; emotional. 2  causing emotion or feeling.",1,1,3,##final score: 3
1121402,what can contour plowing reduce,4449267,Best Answer: 5) Which is the best way to prevent soil erosion on a farm? a) Plow fields along contour lines. 6) Freshwater is usually considered a renewable resource. In what way is water like a nonrenewable resource? a) Earth has a limited supply of water.,2,2,0,##final score: 0
168216,does legionella pneumophila cause pneumonia,3681098,"How It Spreads. After Legionella grows and multiplies in a building water system, that contaminated water then has to spread in droplets small enough for people to breathe in. People can get Legionnaires’ disease when they breathe in small droplets of water in the air that contain the bacteria.",1,1,3,##final score: 3
182539,example of monotonic function,3883077,"In calculus, a function defined on a subset of the real numbers with real values is called monotonic if and only if it is either entirely increasing or decreasing. It is called monotonically increasing (also increasing or nondecreasing), if for all and such that one has, so preserves the order (see Figure 1).Likewise, a function is called monotonically decreasing (also decreasing or nonincreasing) if, whenever, then, so it reverses the order (see Figure 2).If the order in the definition of monotonicity is replaced by the strict order, then one obtains a stronger requirement.A function with this property is called strictly increasing. Again, by inverting the order symbol, one finds a corresponding concept called strictly decreasing.wo facts about these functions are: 1  if is a monotonic function defined on an interval, then is differentiable almost everywhere on, i.e. the set of numbers in such that is not differentiable in has Lebesgue measure zero.",1,1,3,##final score: 3
1117099,what is a active margin,8459093,"(February 2016) (Learn how and when to remove this template message) In plate tectonics, a convergent boundary, also known as a destructive plate boundary (because of subduction), is an actively deforming region where two (or more) tectonic plates or fragments of the lithosphere move toward one another and collide.",2,2,0,##final score: 0
47923,axon terminals or synaptic knob definition,5147530,The region between an axon terminal of one neuron and a dendrite of another neuron is called the * A) acetylcholinesterase. B) synaptic cleft. C) integration.D) neuronic coupler.E) migratory gap.he region between an axon terminal of one neuron and a dendrite of another neuron is called the *.,1,1,3,##final score: 3
264014,how long is life cycle of flea,5635523,"The female lays eggs 24-36 hours after her first blood meal. Fleas lay up to 50 eggs a day, which is equal to their body weight. They can lay this many eggs because they suck up 15 times their body weight in blood daily. This blood lust can continue for 3 months.f the temperature is 95°F and there is 70% humidity, half of all flea eggs hatch within 36 hours. If it is only 55°F, half of all flea eggs will hatch within 6 days.",1,1,3,##final score: 3
1117099,what is a active margin,1440192,"In plate tectonics, a convergent boundary, also known as a destructive plate boundary (because of subduction), is an actively deforming region where two (or more) tectonic plates or fragments of the lithosphere move toward one another and collide.s a result of pressure, friction, and plate material melting in the mantle, earthquakes and volcanoes are common near convergent boundaries. When two plates move towards one another, they form either a subduction zone or a continental collision.",2,2,0,##final score: 0
1063750,why did the us volunterilay enter ww1,4844353,"The US did not enter the war when the German blitzkrieg took most of Western Europe. It did not enter the war when Germany started to bomb England. These events made more Americans sympathize with the Allies and oppose the Axis, but only the attack on Pearl Harbor actually led the US to enter WWII.",0,0,2,##final score: 2
47923,axon terminals or synaptic knob definition,1681335,"Structural unit of the nervous system consisting of the nerve cell body and its various processes, the dendrites, the axon and the ending (also called bouton, end foot or axon terminal).",1,1,3,##final score: 3
1117099,what is a active margin,8446506,"Active continental margins, i.e., when an oceanic plate subducts beneath a continent, represent about two-thirds of the modern convergent margins. Their cumulated length has been estimated to 45,000 km (Lallemand et al.,",3,3,1,##final score: 1
1121709,what are the three percenters?,8049577,"How do you know that you are REALLY a Three Percenter? What does it mean to be a Threeper? Questions often asked, and today I will answer those questions.",1,1,3,##final score: 3
1121709,what are the three percenters?,3423059,"So let me see if I can help. In fact, let me provide you with well over 50 ways to tell whether or not you, or someone else, is a Threeper. The part that is often missed on people (and probably the most important part) is who Three Percenters are supposed to be modeled after. It’s one thing to say you will stand up and fight or wave a certain flag (when everyone else does).",1,1,3,##final score: 3
47923,axon terminals or synaptic knob definition,8418684,Activity at an axon terminal: Neuron A is transmitting a signal at the axon terminal to neuron B (receiving). Features: 1. Mitochondrion. 2. Synaptic vesicle with neurotransmitters. 3. Autoreceptor. 4. Synapse with neurotransmitter released (serotonin). 5.,1,1,3,##final score: 3
168216,does legionella pneumophila cause pneumonia,4245219,1 Legionella bacteria are not transmitted from person to person. 2  People get Legionnaires' disease or Pontiac fever when they breathe in a mist or vapor (small droplets of water in the air) that has been contaminated with Legionella bacteria.,1,1,3,##final score: 3
1103812,who formed the commonwealth of independent states,2945096,"CIS. Commonwealth of Independent States; putative successor to the USSR, except that the Baltic Republics of Estonia, Latvia, and Lithuania never joined. Contrary to another definition of CIS at the Urban Dictionary, the CIS does not stand for Communist Independent States..",1,1,3,##final score: 3
915593,what types of food can you cook sous vide,7861756,Sniff! In the meantime here is the result of my first try of cooking sous vide chicken legs. I saw on Twitter a post from 3beanespresso who was asking himself why his try of sous vide chicken legs at 66°C for 38 minutes was leading to a gory result http://twitpic.com/fo3tl.niff! In the meantime here is the result of my first try of cooking sous vide chicken legs. I saw on Twitter a post from 3beanespresso who was asking himself why his try of sous vide chicken legs at 66°C for 38 minutes was leading to a gory result http://twitpic.com/fo3tl.,2,2,0,##final score: 0
148538,difference between rn and bsn,5010072,  Registered Nurses just graduating from a four-year university with a BSN can expect to start out at $18.63 an hour at hospitals and about $20.00 an hour at Long Term Car … e Facilities.Two-year RN's earn less and have little to no chance of manager positions. Registered Nurses just graduating from a four-year university with a BSN can expect to start out at $18.63 an hour at hospitals and about $20.00 an hour at Long Term Car … e Facilities.,2,2,0,##final score: 0
1117099,what is a active margin,2790381,"From Wikipedia, the free encyclopedia. In plate tectonics, a convergent boundary, also known as a destructive plate boundary (because of subduction), is an actively deforming region where two (or more) tectonic plates or fragments of the lithosphere move toward one another and collide.s a result of pressure, friction, and plate material melting in the mantle, earthquakes and volcanoes are common near convergent boundaries. When two plates move towards one another, they form either a subduction zone or a continental collision. This depends on the nature of the plates involved.",2,2,0,##final score: 0
855410,what is theraderm used for,5210919,"Lanolin is a fatty substance that is only found on animals that grow wool, such as sheep. Pure lanolin is a powerful moisturizer that can promote the smoothness and translucency associated with healthy, youthful skin.istorically, lanolin has been the choice for dry skin and aging skin. Lanolin cream works by forming an oily layer on top of the skin to trap moisture loss from the skin. This gives your skin the translucent texture and hydrated look and feel. Lanolin is such a powerful moisturizer that it is used for industrial use.",0,0,2,##final score: 2
1117099,what is a active margin,6177941,"Because the subduction zone (which is also the plate boundary) is generally an arc-shape, geologists named those volcanoes volcanic arcs. A volcanic arc built on continental crust is called a continental arc; when built on oceanic crust the volcanoes form an island arc.he continental arc is formed at an active continental margin where two tectonic plates meet and a subduction zone develops.",3,3,1,##final score: 1
19335,anthropological definition of environment,7122355,"Definition of environment: The sum total of all surroundings of a living organism, including natural forces and other living things, which provide conditions for development and growth as well as of danger and damage. See also environmental factors.",1,1,3,##final score: 3
183378,exons definition biology,8794302,"Exons, Introns, Codons, & their equivalents. Three common technical terms in molecular genetics, exon, intron, and codon, have specific technical definitions, but are often miss-used in hurried or short-hand presentations. The main thing to remember is that exon and introns are features of DNA, whereas codons are features of RNA.",1,1,3,##final score: 3
855410,what is theraderm used for,5210917,"Lanolin cream is rich in fatty acids for free radical protection and non greasy hydration. Lanolin is another name meant for wool fat or wool grease that is derived from domestic sheep. Its naturally occurring lanolin is similar to the natural substances found in human skin.When Lanolin is combined with vitamin-e or other ingredients, it helps it to be absorbed by the skin deeper at the cellular level.istorically, lanolin has been the choice for dry skin and aging skin. Lanolin cream works by forming an oily layer on top of the skin to trap moisture loss from the skin. This gives your skin the translucent texture and hydrated look and feel. Lanolin is such a powerful moisturizer that it is used for industrial use.",0,0,2,##final score: 2
182539,example of monotonic function,8757178,Monotonic Function. A monotonic function is a function which is either entirely nonincreasing or nondecreasing. A function is monotonic if its first derivative (which need not be continuous) does not change sign.,1,1,3,##final score: 3
1037798,who is robert gray,6060285,"A state of the northwest United States in the Pacific Northwest. It was admitted as the 33rd state in 1859. Claimed by the United States after Capt. Robert Gray explored the mouth of the Columbia River in 1792, the area was further explored by Lewis and Clark in 1805 and was soon the site of fur-trading posts.",2,2,0,##final score: 0
264014,how long is life cycle of flea,3666584,"Flea Life Cycle. My Page on Fleas on cats has a more complete article on the life cycle of fleas and photos of fleas, and larvae. The short version of the flea life cycle is this: A flea has a blood meal and lays eggs on the cat. The eggs dry and fall off the cat onto spots where the cat hangs out.",1,1,3,##final score: 3
264014,how long is life cycle of flea,3841909,"Quick Answer. An adult flea can live in carpet, without a host, for a period of between a few days to a couple of weeks. The length of the survival time depends upon how much the flea has ingested from a host before ending up in carpet. Keep Learning.",1,1,3,##final score: 3
1117099,what is a active margin,52516,"In plate tectonics, a convergent boundary, also known as a destructive plate boundary, is a region of active deformation where two or more tectonic plates or fragments of the lithosphere are near the end of their life cycle. This is in contrast to a constructive plate boundary. As a result of pressure, friction, and plate material melting in the mantle, earthquakes and volcanoes are common near destructive boundaries, where subduction zones or an area of continental collision occurs. The subduct",2,2,0,##final score: 0
1103812,who formed the commonwealth of independent states,6289840,"NATO, North Atlantic Treaty Organization-an international organization created in 1949 by the North Atlantic Treaty for purposes of collective security.IS, Commonwealth of Independent States-an alliance made up of states that had been Soviet Socialist Republics in the Soviet Union prior to its dissolution in Dec 1991. UN, United Nations-an organization of independent states formed in 1945 to promote international peace and security.",1,1,3,##final score: 3
1117099,what is a active margin,518714,"From Wikipedia, the free encyclopedia. In plate tectonics, a convergent boundary, also known as a destructive plate boundary (because of subduction), is an actively deforming region where two (or more) tectonic plates or fragments of the lithosphere move toward one another and collide.hen one plate is composed of oceanic lithosphere and the other is composed of continental lithosphere, the denser oceanic plate is subducted, often forming an orogenic belt and associated mountain range. This type of convergent boundary is similar to the Andes or the Cascade Range in North America.",2,2,0,##final score: 0
47923,axon terminals or synaptic knob definition,4257346,Synapse = point of impulse transmission between neurons; impulses are transmitted from pre-synaptic neurons to post-synaptic neurons. Synapses usually occur between the axon of a pre-synaptic neuron & a dendrite or cell body of a post-synaptic neuron.ynapse = point of impulse transmission between neurons; impulses are transmitted from pre-synaptic neurons to post-synaptic neurons. Synapses usually occur between the axon of a pre-synaptic neuron & a dendrite or cell body of a post-synaptic neuron.,1,1,3,##final score: 3
405717,is cdg airport in main paris,8433858,Charles de Gaulle Airport (CDG) to Paris by Train. This is an overview of how to travel from Charles de Gaulle-CDG Airport to Central Paris by city train (RER B). For instructions in the opposite direction see Paris to Airport CDG by Train. For step-by-step photo instructions see Terminal 2 to Paris by train or Terminal 1 to Paris by train.,1,1,3,##final score: 3
1113437,what is physical description of spruce,5955948,"PHYSICAL DESCRIPTION: This species is plain, shiny black, at times showing traces of a spotted pattern when the skin is distended. The light areas are chiefly confined to the skin between the scales, and may be white, yellow, orange, or red.",0,0,2,##final score: 2
915593,what types of food can you cook sous vide,7861753,There was a long time that I have not looked at Douglas Baldwin “A Practical Guide to Sous Vide Cooking” . I realized 3beanespresso used Douglas table. I therfore decided to try myself 64°C during 60 minutes (on chicken leg was 30 mm thick and the other one 35 mm).niff! In the meantime here is the result of my first try of cooking sous vide chicken legs. I saw on Twitter a post from 3beanespresso who was asking himself why his try of sous vide chicken legs at 66°C for 38 minutes was leading to a gory result http://twitpic.com/fo3tl.,2,2,0,##final score: 0
1117099,what is a active margin,2515909,"In plate tectonics, a convergent boundary, also known as a destructive plate boundary (because of subduction), is an actively deforming region where two (or more) tectonic plates or fragments of the lithosphere move toward one another and collide. subduction zone is formed at a convergent plate boundary when one or both of the tectonic plates is composed of oceanic crust. The denser plate, made of oceanic crust, is subducted underneath the less dense plate, which can be either continental or oceanic crust.",2,2,0,##final score: 0
47923,axon terminals or synaptic knob definition,3348837,"In most cases, a neurotransmitter is released from the axon terminal after an action potential has reached the synapse. The neurotransmitter then crosses the synaptic gap to reach the receptor site of the other cell or neuron.",1,1,3,##final score: 3
1133167,how is the weather in jamaica,7091944,"Local weather forecast for Montego Bay, Jamaica giving details on temperature, wind speed, rain, cloud, humidity, pressure and more.",1,1,3,##final score: 3
148538,difference between rn and bsn,2915327,"ADN vs. BSN Degree. Trying to decide whether to pursue an Associate Degree in Nursing (ADN) or Bachelor of Science in Nursing (BSN) can be a difficult decision. Both degrees will qualify you to sit for the NCLEX-RN exam and to apply for licensure as a registered nurse.However, there are significant differences between the two.rying to decide whether to pursue an Associate Degree in Nursing (ADN) or Bachelor of Science in Nursing (BSN) can be a difficult decision. Both degrees will qualify you to sit for the NCLEX-RN exam and to apply for licensure as a registered nurse. However, there are significant differences between the two.",1,1,3,##final score: 3
1117099,what is a active margin,6428299,"Confidence votes 68.2K. Rockhound. In plate tectonics, a convergent boundary or convergent plate boundary, also known as a destructive plate boundary (because of subduction), is an actively deforming region where two (or more) tectonic plates or fragments of lithosphere move toward one another and collide. destructive plate boundary may also be formed between Oceanic plates and Continental plates. Japan is an example of two oceanic plates colliding against each other and an example of two continental plates colliding is the collision of the Indian and Eurasian plate. 22 people found this useful.",2,2,0,##final score: 0
183378,exons definition biology,6788949,Sense 1. gene [BACK TO TOP]. Meaning: (genetics) a segment of DNA that is involved in producing a polypeptide chain; it can include regions preceding and following the coding DNA as well as introns between the exons; it is considered a unit of heredity. GENE (noun). The noun GENE has 1 sense: 1. (genetics) a segment of DNA that is involved in producing a polypeptide chain; it can include regions preceding and following the coding DNA as well as introns between the exons; it is considered a unit of heredity.,1,1,3,##final score: 3
855410,what is theraderm used for,3620854,"Thermocouple wires such as constantan and iron can be used to manufacture your own thermocouples. In addition we supply a wide range of high purity wires including gold, silver and platinum for a wide range of uses including gasket fabrication and sputter coating.",0,0,2,##final score: 2
182539,example of monotonic function,8757180,"monotonic increasing ‎(not comparable) (mathematics, of a function) always increasing or remaining constant, and never decreasing; contrast this with strictly increasing.",1,1,3,##final score: 3
1117099,what is a active margin,7504911,"What is the definition for convergent boundaries? In plate tectonics, a convergent boundary also known as a destructive plate boundary (because of subduction), is an actively deforming region where two (or more) tectonic plat … es or fragments of lithosphere move toward one another and collide.ulture is what people believe, ho … w they act and interact, and the way they live. Culture is the specific traits, behaviors, attitudes, and traditions passed on through the generations of families. This also includes beliefs and any other things that have come from your family specifically.",2,2,0,##final score: 0
183378,exons definition biology,1730044,"Exome sequencing, also known as whole exome sequencing (WES), is a transcriptomics technique for sequencing all of the protein-coding genes in a genome (known as the exome). It consists of two steps: the first step is to select only the subset of DNA that encodes proteins.",1,1,3,##final score: 3
168216,does legionella pneumophila cause pneumonia,8639633,"The different kinds of bacteria that may commonly cause bacterial pneumonia include, but are not limited to: 1  Streptococcus pneumoniae. 2  Mycoplasma pneumoniae. 3  Legionella pneumophila.  Chlamydia 1  trachomatis. Haemophilus influenzae.",3,3,1,##final score: 1
451602,medicare's definition of mechanical ventilation,8390525,"Mechanical ventilation is indicated when the patient's spontaneous ventilation is inadequate to maintain life. It is also indicated as prophylaxis for imminent collapse of other physiologic functions, or ineffective gas exchange in the lungs.",1,1,3,##final score: 3
1117099,what is a active margin,926743,"In plate tectonics, a convergent boundary, also known as a destructive plate boundary (because of subduction), is an actively deforming region where two (or more) tectonic plates or fragments of the lithosphere move toward one another and collide.hen one plate is composed of oceanic lithosphere and the other is composed of continental lithosphere, the denser oceanic plate is subducted, often forming an orogenic belt and associated mountain range. This type of convergent boundary is similar to the Andes or the Cascade Range in North America.",2,2,0,##final score: 0
182539,example of monotonic function,6816573,• MONOTONE (adjective). The adjective MONOTONE has 2 senses: 1. of a sequence or function; consistently increasing and never decreasing or consistently decreasing and never increasing in value. 2. sounded or spoken in a tone unvarying in pitch.,1,1,3,##final score: 3
1117099,what is a active margin,3349612,Active Margins. occur where oceanic lithosphere is being subducted beneath the edge of the continent. the result is a relatively narrow margin that consists of highly deformed sediment that was scraped from the decending lithospheric slab and plastered against the margin of the overriding continent.,3,3,1,##final score: 1
833860,what is the most popular food in switzerland,2673539,"rosti. n (Cookery) a Swiss dish consisting of grated potato formed into a cake, sometimes with onion, fried, and topped with cheese [C20: from Swiss German, literally: crisp and golden]",1,1,3,##final score: 3
1112341,what is the daily life of thai people,8139255,"An important thing in everyday life is SANUK. Thai people love to have fun together. SANUK can represent many things : eat together, to be with friends and chat, to go out with friends. For Thai people SANUK happens with several persons.",3,3,1,##final score: 1
1113437,what is physical description of spruce,351827,"Conifers, or cone-bearing trees, are mostly evergreen and have thin, spiky leaves called needles. Conifers include the pine, fir and spruce families. The cones of these trees vary widely in size, color and texture, but all carry and protect the tree's seeds until they are mature, at which point the cones release the seeds to the winds.",1,1,3,##final score: 3
182539,example of monotonic function,6816574,Definition of MONOTONIC. 1. : characterized by the use of or uttered in a monotone. 2. : having the property either of never increasing or of never decreasing as the values of the independent variable or the subscripts of the terms increase. — mono·ton·i·cal·ly \-ni-k(ə-)lē\ adverb.,1,1,3,##final score: 3
1117099,what is a active margin,563625,"In plate tectonics, a convergent boundary, also known as a destructive plate boundary (because of subduction), is an actively deforming region where two (or more) tectonic plates or fragments of the lithosphere move toward one another and collide.n example of a continental-oceanic subduction zone is the area along the western coast of South America where the oceanic Nazca Plate is being subducted beneath the continental South American Plate.",2,2,0,##final score: 0
183378,exons definition biology,5867680,"Type of: cistron, factor, gene. (genetics) a segment of DNA that is involved in producing a polypeptide chain; it can include regions preceding and following the coding DNA as well as introns between the exons; it is considered a unit of heredity.",1,1,3,##final score: 3
1117099,what is a active margin,2579691,"In plate tectonics, a convergent boundary, also known as a destructive plate boundary (because of subduction), is an actively deforming region where two (or more) tectonic plates or fragments of the lithosphere move toward one another and collide.s a result of pressure, friction, and plate material melting in the mantle, earthquakes and volcanoes are common near convergent boundaries. When two plates move towards one another, they form either a subduction zone or a continental collision. This depends on the nature of the plates involved.",2,2,0,##final score: 0
148538,difference between rn and bsn,1950980,"However, many facilities also offer a differential for the BSN degree. On a national level an RN with a BSN makes $2500-$3500 more per year in the entry level position due to the differential.There are some nursing positions for which a BSN is required, and these often, but not always, pay more.owever, many facilities also offer a differential for the BSN degree. On a national level an RN with a BSN makes $2500-$3500 more per year in the entry level position due to the differential.",2,2,0,##final score: 0
1124210,tracheids are part of _____.,6181091,"A vessel element or vessel member is one of the cell types found in xylem, the water conducting tissue of plants.Vessel elements are typically found in flowering plants (angiosperms) but absent from most gymnosperms such as conifers.ylem is the tissue in vascular plants which conducts water (and substances dissolved in it) upwards in a plant. There are two kinds of cell which are involved in the actual transport: tracheids and vessel elements.",2,2,0,##final score: 0
405717,is cdg airport in main paris,3033907,"Paris Charles de Gaulle Airport. If you’re flying from or into Paris Charles de Gaulle airport or simply collecting someone from their flight to Paris Charles de Gaulle, discover all the latest information you need from Paris Charles de Gaulle airport.",1,1,3,##final score: 3
182539,example of monotonic function,2909961,"In calculus, a function f {\displaystyle f} defined on a subset of the real numbers with real values is called monotonic if and only if it is either entirely increasing or decreasing.",1,1,3,##final score: 3
1121402,what can contour plowing reduce,188210,"Develop practices sustainable management of soils with the use of green roofs, paths, contour plowing and incorporation of natural barriers and minimum tillage. This may include a good system of farmer extension services, better nutrient management, contour plowing, improved seed varieties or simple irrigation.",1,1,3,##final score: 3
182539,example of monotonic function,8299668,"page 1 of 3. First, let's establish some definitions: f is said to be increasing on an interval I if for all x in I, whenever. f is said to be decreasing on an interval I if for all x in I, whenever. A function is monotonic on an interval I if it is only increasing or only decreasing on I. The derivative can help us determine whether a function is increasing or decreasing on an interval. This knowledge will later allow us to sketch rough graphs of functions. Let f be continuous on [a, b] and differentiable on (a, b) . If for all x on (a, b) , then f is increasing on [a, b] . If for all x on (a, b) , then f is decreasing on [a, b] . This should make intuitive sense. In the graph below, wherever the slope of the tangent is positive, the function seems to be increasing.",1,1,3,##final score: 3
1117099,what is a active margin,1652329,"In plate tectonics, a convergent boundary, also known as a destructive plate boundary (because of subduction), is an actively deforming region where two (or more) tectonic plates or fragments of the lithosphere move toward one another and collide. The collision between the Australian Plate and the Pacific Plate that formed the Southern Alps in New Zealand. 2  Subduction of the northern part of the Pacific Plate and the NW North American Plate that is forming the Aleutian Islands.",2,2,0,##final score: 0
573724,what are the social determinants of health,7104826,"Closing the gap in a generation: Health equity through action on the social determinants of health (PDF) - Final report of the Commission on Social Determinants of Health. Geneva, 2008, World Health Organization.",1,1,3,##final score: 3
87181,causes of left ventricular hypertrophy,8165404,"The enlarged left ventricle can: Weaken; Stiffen and lose elasticity, preventing the chamber from filling properly and increasing pressure in the heart; Compress the chamber's blood vessels (coronary arteries) and restrict its supply of blood; As a result of these changes, complications of left ventricular hypertrophy include:",1,1,3,##final score: 3
443396,lps laws definition,4792657,A mental health (LPS) conservatorship makes one adult (called the conservator) responsible for a mentally ill adult (called the conservatee). These conservatorships are only for adults with mental illnesses listed in the Diagnostic and Statistical Manual of Mental Disorders (DSM). Obsessive Compulsive Disorder.,3,3,1,##final score: 1
264014,how long is life cycle of flea,5635516,"Fleas reproduce much like butterflies do. Females lay eggs, which hatch into worm-like larvae. The larvae spin cocoons and become pupae. An adult flea emerges from the cocoon. In a population of fleas, about half are eggs, and about five percent are adults.Female fleas can lay eggs only if they've had a meal.emales lay eggs, which hatch into worm-like larvae. The larvae spin cocoons and become pupae. An adult flea emerges from the cocoon. In a population of fleas, about half are eggs, and about five percent are adults. Female fleas can lay eggs only if they've had a meal.",1,1,3,##final score: 3
451602,medicare's definition of mechanical ventilation,6286980,"A form of mechanical ventilation in which the peak inspiratory flow rate, fraction of inspired oxygen, positive end-expiratory pressure, respiratory rate, and tidal volume are preset and delivered to the patient.ressure support ventilation positive pressure ventilation in which the patient breathes spontaneously and breathing is augmented with air at a preset amount of pressure, with tidal volume not being fixed.",1,1,3,##final score: 3
1103812,who formed the commonwealth of independent states,1659850,"global organization, international organisation, world organisation, world organization. Arab League-an international organization of independent Arab states formed in 1945 to promote cultural and economic and military and political and social cooperation.IS, Commonwealth of Independent States-an alliance made up of states that had been Soviet Socialist Republics in the Soviet Union prior to its dissolution in Dec 1991. UN, United Nations-an organization of independent states formed in 1945 to promote international peace and security.",1,1,3,##final score: 3
1124210,tracheids are part of _____.,931162,Tracheids allow for efficient transport of ____ over longer distances. Stomata allow for ___ ____ between the plant and the atmosphere. Without ____ land plant would not have been to able to grow more than just a meter or so tall. Tracheids transport ____ and ____ around the plant body. Cuticle layers ____ gas exchange. Desiccation is a much more common problem in ____ environments.,1,1,3,##final score: 3
915593,what types of food can you cook sous vide,1396708,"About timing: When you plan ahead and can focus on one component of a dish at a time, a seemingly complex recipe doesn’t just become doable—it becomes fun to make. As for the technique, we use sous vide for the eggs and sauce, eliminating the risk of overcooking the first and “breaking” the second. (A broken sauce is one that fails to emulsify and instead becomes runny and oily. Put away the Xanax; with sous vide, this won’t be a problem.)",2,2,0,##final score: 0
1117099,what is a active margin,6534824,"Some convergent margins have zones of active seafloor spreading behind the island arc, known as back-arc basins. When one plate is composed of oceanic lithosphere and the other is composed of continental lithosphere, the denser oceanic plate is subducted, often forming an orogenic belt and associated mountain range.This type of convergent boundary is similar to the Andes or the Cascade Range in North America.s a result of pressure, friction, and plate material melting in the mantle, earthquakes and volcanoes are common near convergent boundaries. When two plates move towards one another, they form either a subduction zone or a continental collision. This depends on the nature of the plates involved.",2,2,0,##final score: 0
962179,when was the salvation army founded,5919342,"Help us in our mission to 'meet human needs without discrimination.'. Welcome to The Salvation Army in Greater Cincinnati, whose history dates back to 1865 when a dynamic Methodist minister took to London's slums to champion the poor and neglected.",3,3,1,##final score: 1
183378,exons definition biology,4285002,"Alternative splicing (AS) therefore is a process by which exons or portions of exons or noncoding regions within a pre-mRNA transcript are differentially joined or skipped, resulting in multiple protein isoforms being encoded by a single gene.",1,1,3,##final score: 3
182539,example of monotonic function,6816572,• MONOTONE (adjective). The adjective MONOTONE has 2 senses: 1. of a sequence or function; consistently increasing and never decreasing or consistently decreasing and never increasing in value. 2. sounded or spoken in a tone unvarying in pitch. Familiarity information: MONOTONE used as an adjective is rare.,1,1,3,##final score: 3
47923,axon terminals or synaptic knob definition,6111296,"synapse. the junction between the processes of two neurons or between a neuron and an effector organ, where neural impulses are transmitted by chemical means. The impulse causes the release of a neurotransmitter (e.g. acetylcholine or norepinephrine) from the presynaptic membrane of the axon terminal.",1,1,3,##final score: 3
47923,axon terminals or synaptic knob definition,5147527,"2) Synaptic Cleft: This is the narrow gap between the axon terminal of the presynaptic neuron, and the post-synaptic membrane of another excitable cell. It is filled with extracellular fluid. 3) Postsynaptic membrane: The membrane across the synaptic cleft is called the postsynaptic membrane.) A nerve impulse reaches the axon terminal of a presynaptic neuron; the membrane is depolarised by an action potential. 2) Depolarisation of the axon terminal during the action potential causes voltage sensitive calcium ion channels to open in the terminal knob.",1,1,3,##final score: 3
1112341,what is the daily life of thai people,8139258,"T he following concepts are part of Thai everyday life: ใจเย็น or JAI YEN is more a way of life, it is to keep your temper whatever the situation. T hai people are educated in the family and in school to keep frustration inside. Instead of showing their anger toward a problem or situation, Thai people show JAI YEN, i.e. calm or patience.",3,3,1,##final score: 1
962179,when was the salvation army founded,2329701,"History of the Salvation Army. William Booth embarked upon his ministerial career in 1852, desiring to win the lost multitudes of England to Christ. He walked the streets of London to preach the gospel of Jesus Christ to the poor, the homeless, the hungry, and the destitute.n 1865, William Booth was invited to hold a series of evangelistic meetings in the East End of London. He set up a tent in a Quaker graveyard, and his services became an instant success. This proved to be the end of his wanderings as an independent traveling evangelist.",3,3,1,##final score: 1
405717,is cdg airport in main paris,4418059,"The city is also a major rail, highway, and air-transport hub, served by the two international airports Paris-Charles de Gaulle (the second busiest airport in Europe after London Heathrow Airport with 63.8 million passengers in 2014) and Paris-Orly.",1,1,3,##final score: 3
1117099,what is a active margin,444196,"Convergent boundary. From Wikipedia, the free encyclopedia. In plate tectonics, a convergent boundary, also known as a destructive plate boundary (because of subduction), is an actively deforming region where two (or more) tectonic plates or fragments of the lithosphere move toward one another and collide.",2,2,0,##final score: 0
915593,what types of food can you cook sous vide,8002850,"How To Prepare At Home. Set up your sous vide equipment and bring the water temperature up to the desired temp. For pork tenderloin, I went with 140°F but suggest you do you own research to decide if this is a safe temperature for you.",2,2,0,##final score: 0
1117099,what is a active margin,6505420,"1 The boundary between two plates can be a divergent boundary, a convergent boundary or a transform boundary. 2  The lithosphere is composed of the crust, and some of the upper mantle. 3  Mature oceanic plate is approximately 80-100 km thick, of which, the upper 5-7 km is oceanic crust. An oceanic trench forms offshore, and a chain of volcanic mountains forms just inland of the coast. 2  This type of boundary between oceanic crust and continental crust is called an active continental margin since it is a plate boundary. 3  At other convergent boundaries, oceanic plate meets other oceanic plate.",3,3,1,##final score: 1
1133167,how is the weather in jamaica,8160242,"What's the Weather Like in Montego Bay in April Temperature Very similar to March's temperature averages, April is warm, with a little more rain possible, as we head towards the start of the wet season.",2,2,0,##final score: 0
264014,how long is life cycle of flea,5635514,"Best Answer: How quickly flea eggs hatch depends on humidity. It can take anywhere between 2 days and 2 weeks. Frontline is a good quality effective flea treatment, available from your vets.Generally, shop bought flea treatments are next to useless and should be avoided.t can take anywhere between 2 days and 2 weeks. Frontline is a good quality effective flea treatment, available from your vets. Generally, shop bought flea treatments are next to useless and should be avoided.",1,1,3,##final score: 3
148538,difference between rn and bsn,6434592,BSN grads only make about $1 more than an Associates Degree RN in a staff nurse position. A BSN RN working in something like Public Health or some other administrative or leadership position might make more like $35-$45 per hour (or more).,2,2,0,##final score: 0
1117099,what is a active margin,5258462,"Related Links. Provide feedback on this mini-lesson. Volcanoes, earthquakes, and topography reveal whether a continental margin is active or passive. In this activity, students use the GeoMapApp tool to work with earthquake, volcano, and topographic data to identify active and passive margins. 1  Utilize earthquake data to locate subducting slabs.",2,2,0,##final score: 0
1117099,what is a active margin,2058940,Convergent boundaries are the place where two tectonic plates converge (i.e. two plates move toward each other). These zones tend to be where compressional stresses are active and this results in thrust or reverse faults being common. Converging plate boundaries are of two types: Subduction boundaries occur where oceanic lithosphere is pushed beneath continental or oceanic lithospheres. Where two plates converge at an oceanic trench a subduction boundary is formed as cold oceanic lithospheres are pushed back down into the mantle.,2,2,0,##final score: 0
443396,lps laws definition,3440853,"The purpose of this brochure is to explain two legal holds used to. keep patients in psychiatric hospitals involuntarily: the 72-hour hold. and the 14-day hold. These involuntary holds are the entry point for. many patients into California’s mental health system. During these involuntary holds, patients have legal rights. The rights. can be found in the patients’ rights handbook and on the patients’. rights poster.",2,2,0,##final score: 0
1117099,what is a active margin,8714085,"The transition from continental to oceanic crust commonly occurs within the outer part of the margin, called continental rise. Oceanwards beyond the edge of the rise lies the abyssal plain.arthquakes and volcanic eruptions are common on the west coast of North America, but there are no active volcanoes on the east coast and large magnitude earthquakes are rare. Geologists refer to the west coast as (tectonically) active continental margin and the east coast a passive continental margin.",3,3,1,##final score: 1
1117099,what is a active margin,4698655,"Convergent boundary. From Wikipedia, the free encyclopedia. In plate tectonics, a convergent boundary, also known as a destructive plate boundary (because of subduction), is an actively deforming region where two (or more) tectonic plates or fragments of the lithosphere move toward one another and collide.onvergent boundary. From Wikipedia, the free encyclopedia. In plate tectonics, a convergent boundary, also known as a destructive plate boundary (because of subduction), is an actively deforming region where two (or more) tectonic plates or fragments of the lithosphere move toward one another and collide.",2,2,0,##final score: 0
855410,what is theraderm used for,1824280,Thermite is also be used to purify the ores of some metals. When used in this way it is called the thermite process or aluminothermic reaction. Copper thermite is used to weld thick copper wires together.This is commonly used in the telecommunications and electrical industries.hermite is also be used to purify the ores of some metals. When used in this way it is called the thermite process or aluminothermic reaction. Copper thermite is used to weld thick copper wires together.,0,0,2,##final score: 2
168216,does legionella pneumophila cause pneumonia,3681093,"Legionnaires' Disease. Summary. Legionnaires' disease is a type of pneumonia caused by bacteria. You usually get it by breathing in mist from water that contains the bacteria. The mist may come from hot tubs, showers, or air-conditioning units for large buildings. The bacteria don't spread from person to person.",1,1,3,##final score: 3
183378,exons definition biology,8767241,"Together, all the exons in a genome are known as the exome, and the method of sequencing them is known as whole exome sequencing. This method allows variations in the protein-coding region of any gene to be identified, rather than a select few genes.",1,1,3,##final score: 3
1117099,what is a active margin,3859042,"What is the definition for convergent boundaries? In plate tectonics, a convergent boundary also known as a destructive plate boundary (because of subduction), is an actively deforming region where two (or more) tectonic plat … es or fragments of lithosphere move toward one another and collide.ociety Culture is a system of societal rules and behavior. It has been used to mean the more sophisticated or refined etiquette of a time. Culture is what people believe, ho … w they act and interact, and the way they live.",2,2,0,##final score: 0
1117099,what is a active margin,4458512,"Cases of continental margins that are on or very close to a plate margin. Most continental margins around the Pacific are active. Key characteristics of active continental margins include the activity of volcanoes and earthquakes, narrow continental shelves, large coastal mountains, and much more.",3,3,1,##final score: 1
183378,exons definition biology,7045994,"Scientists thought that the complex DNA of a human was made up by perhaps as many as 150,000 different genes. The approximation was based on the number of different transcripts, mRNAs, which had been found in humans, assuming that there should be one gene for each mRNA.lternative splicing is a process which allows the production of a variety of different proteins from one gene only (3, 4) (Figure 1).Most genes in eukaryotic genomes consist of exons and introns. After transcription, introns need to be removed from the pre-mRNA by a step called splicing.",1,1,3,##final score: 3
1121709,what are the three percenters?,8049582,"In addition to the Oath Keepers’ patch, the soldier is wearing patches for the Three Percenters; one patch that reads three percent and another with a version of the American flag with the Roman numeral III. At least one supporter has labeled this symbol the group's battle flag.",1,1,3,##final score: 3
182539,example of monotonic function,2909954,"If the order ≤ {\displaystyle \leq } in the definition of monotonicity is replaced by the strict order < {\displaystyle <} , then one obtains a stronger requirement. A function with this property is called strictly increasing.",1,1,3,##final score: 3
1117099,what is a active margin,8446505,An active continental margin refers to the submerged edge of a continent overriding an oceanic lithosphere at a convergent plate boundary by opposition with a passive continental margin which is the remaining scar at the edge of a continent following continental break-up.,3,3,1,##final score: 1
443396,lps laws definition,7708937,"In California, section 5150 of the Welfare and Institutions Code is known as the Lanterman-Petris-Short Act. It's the equivalent of Florida's Baker Act, but we don't call it by name, we call it by statute number; 5150. No idea where the Baker Act got it's name.",3,3,1,##final score: 1
1112341,what is the daily life of thai people,8139256,"A n important thing in everyday life is SANUK. Thai people love to have fun together. SANUK can represent many things : eat together, to be with friends and chat, to go out with friends. For Thai people SANUK happens with several persons. When coming back from business, Thai people often ask was it fun ?",3,3,1,##final score: 1
1114819,what is durable medical equipment consist of,3641926,"For example, insulin is covered under. the DME benefit as a supply to an insulin infusion. pump. Coverage is technically for the infusion. pump (DME) and the insulin is considered a supply. that is necessary for the effective use of the insulin. infusion pump. Contrast that with insulin used in a syringe.",2,2,0,##final score: 0
1063750,why did the us volunterilay enter ww1,6093911,"These countries were Britain, France and Russia. Russia was a supporter of tiny little Serbia, and so when the Triple Alliance delcared war on Serbia, Russia became involved, and that is the way France and Britain became involved.onfidence votes 150. Britain entered WW1 in the defense of Belguim and in reaction to Germany's violation of The Treaty of London(1839), in which Belguim's neutrality was to be respected by all nations.",0,0,2,##final score: 2
1121709,what are the three percenters?,3423062,"Try to understand that being a Three Percenter (Threeper, 3%, 3 Percenter, etc) is more of an idea than anything else, but there are some clues that will help you figure it out. What follows is NOT all encompassing or even an extensive listing of clues. Instead, these are merely just a few of the many indicators.",1,1,3,##final score: 3
1133167,how is the weather in jamaica,3598492,"The Caribbean in January offers ideal weather for a winter beach vacation. You can expect warm and dry weather throughout the islands. January is the coolest month of the year for most of the Caribbean. That's not saying much, because temperatures there vary so little from season to season.",1,1,3,##final score: 3
182539,example of monotonic function,8757179,"The term monotonic may also be used to describe set functions which map subsets of the domain to non-decreasing values of the codomain. In particular, if is a set function from a collection of sets to an ordered set , then is said to be monotone if whenever as elements of , .",1,1,3,##final score: 3
855410,what is theraderm used for,8543392,"Uses for thermoelectric materials . Thermoelectric materials are used in niche cooling applications, for example to maintain very stable temperatures in lasers and optical detectors, and they are often found in office water coolers. They are also used in space exploration to convert heat from a radioactive material into electricity.",0,0,2,##final score: 2
264014,how long is life cycle of flea,8801656,"The female lays eggs 24-36 hours after her first blood meal. Fleas lay up to 50 eggs a day, which is equal to their body weight. They can lay this many eggs because they suck up 15 times their body weight in blood daily. This blood lust can continue for 3 months.",1,1,3,##final score: 3
855410,what is theraderm used for,1956109,"Functions: Polydimethylsiloxane is a widely-used and versatile ingredient seen in many skin care and beauty products because of its ability to serve as an anti-foaming agent, skin protectant and conditioner; it is known to prevent water and moisture loss in the skin by forming a hydrating barrier.",0,0,2,##final score: 2
104861,cost of interior concrete flooring,848202,The average cost to install tile flooring for a 200 sq.ft. area is $700-$2000. How much does it cost to install floors? The cost to install tile flooring for a 200 sq.ft. area is $700-$2000. How much does it cost to install tile per square foot? The labor cost to install tile per square foot averages from $4-$5 per square foot.,0,0,2,##final score: 2
264014,how long is life cycle of flea,4566598,"Seresto protects your pet from fleas, flea eggs, flea larvae and ticks for eight months. It is available in three formulation, small dogs, large dogs, and cats.",0,0,2,##final score: 2
405717,is cdg airport in main paris,2747484,"You can take the RER Line B suburban train from Paris-Charles de Gaulle (CDG) Airport to central Paris in as little as 35 minutes for 10€ . (You can also use it to return to the airport, but read this important note .). CDG Airport has two train stations, Aerogare aérogare 1 And aerogare. aérogare 2",1,1,3,##final score: 3
855410,what is theraderm used for,8361990,Uses. Ginseng has been used for improving overall health. It has also been used to strengthen the immune system and help fight off stress and disease. There are different types of ginseng.,0,0,2,##final score: 2
1117099,what is a active margin,7541965,"oceanic-continental convergence. When an Oceanic and a Continental Plate converge the Oceanic Plate sinks underneath the Continental Plate. The area were the plate sinks into the Mantle is called a Subduction zone. Subduction Zones along an Oceanic-Continental boundary create a deep-sea trench.onvergent Boundary. In Plate Tectonics, a Convergent Boundary, also known as a destructive plate boundary because of Subduction. A Convergent Boundary is an actively deforming region where two or more tectonic plates or fragments of the Lithosphere move toward one another and collide.",2,2,0,##final score: 0
1063750,why did the us volunterilay enter ww1,6093904,"Why Australia became involved in WW1. They became involved in august 1914 because Britain was preparing to declare war on Germany. Australia became involved in WW1 for a lot of reasons.The first reason that they were involved in the first war is because of Australia’s mother country (Britain).Entering the war in 1914 via their deep connection to the British, troops from Australia and New Zealand fought mainly in the Middle East.ustralia became involved in WW1 for a lot of reasons. The first reason that they were involved in the first war is because of Australia’s mother country (Britain). Entering the war in 1914 via their deep connection to the British, troops from Australia and New Zealand fought mainly in the Middle East.",0,0,2,##final score: 2
87452,causes of military suicide,186939,"Combat Fatalities not the Most Common Cause of Military Deaths. Suicide was the third leading cause of Canadian military deaths after motor vehicle accidents and cancerin a newly published study of 25 years of death records. Even though the jury is out on whether suicide prevention programs work, Lt.-Col.",1,1,3,##final score: 3
1117099,what is a active margin,6534818,"Active Margins. occur where oceanic lithosphere is being subducted beneath the edge of the continent. the result is a relatively narrow margin that consists of highly deformed sediment that was scraped from the decending lithospheric slab and plastered against the margin of the overriding continent.ame thing as oceanic ridge. Long well developed divergent plate boundary, sea floor is elevated forming a broad line swell called the ocean ridge. knowledge of the ridge comes from soundings of the ocean floor and floor samples from deep sea drilling, visual inspections from deep submersibles.",3,3,1,##final score: 1
1121402,what can contour plowing reduce,188209,"Crop rotation, strip farming, terracing and contour plowing became tools for better land and water resource management. Develop practices sustainable management of soils with the use of green roofs, paths, contour plowing and incorporation of natural barriers and minimum tillage. Sustainable management of natural resources Soil, water and biodiversity (Manejo sustentable de los recursos naturales Suelo, agua y biodiversidad ) This may include a good system of farmer extension services, better nutrient management, contour plowing, improved seed varieties or simple irrigation.",1,1,3,##final score: 3
1063750,why did the us volunterilay enter ww1,4802036,"American entry into World War I. The American entry into World War I came in April 1917, after more than two and a half years of efforts by President Woodrow Wilson to keep the United States out of the war.",1,1,3,##final score: 3
183378,exons definition biology,5391353,"These sequences, which help position the splicing apparatus, are found in the exons of genes and bind proteins that help recruit splicing machinery to the correct site. Most splicing occurs between exons on a single RNA transcript, but occasionally occurs, in which exons on different pre-mRNAs are ligated together.",1,1,3,##final score: 3
1114819,what is durable medical equipment consist of,576253,"If your supplier accepts assignment, you pay 20% of the Medicare-approved amount, and the Part B deductible applies. Medicare pays for different kinds of DME in different ways.",1,1,0,##final score: 0
168216,does legionella pneumophila cause pneumonia,689769,"Sure, water might get your windshield clean in warm weather, but once the temperature drops, it’ll freeze up inside your tank and lines, potentially causing damage to your washer system and blinding you out on the highway. Another, more insidious side effect of using water in your windshield fluid reservoir has to do with bacteria. Over the course of a hot summer, even the purest water can breed microbes, such as the legionella bacteria that cause Legionnaire’s disease, and make you sick when you activate your washers and spray the toxic mixture into the air.",1,1,2,##final score: 2
131843,definition of a sigmet,7487352,A Severe Thunderstorm WATCH is issued by the NOAA Storm Prediction Center meteorologists who are watching the weather 24/7 across the entire U.S. for weather conditions that are favorable for severe thunderstorms.,1,1,0,##final score: 0
131843,definition of a sigmet,7275645,"Severe weather bulletins are issued as a watch or a warning, depending on the risk or severity of the event. Less severe events that could be a cause for concern will be issued as a special weather statement or Advisory. Watches are issued when conditions are favourable for the development of severe weather. Watches are typically issued for local-scale events in which the timing and location of occurrence remains uncertain; such as severe thunderstorms or tornadoes. A watch is normally issued several hours in advance.",1,1,0,##final score: 0
1117099,what is a active margin,4458510,"The North American plate also serves to illustrate this difference. The west coast is the active margin, and is the location of earthquakes, volcanoes, and mountains. The Eastern Seaboard is a passive margin, as is the Gulf Coast. These are the low-relief areas of our continent, and are the locations of such exciting places as New Jersey, the Barrier Islands, the swamps of Florida, and the Mississippi delta.",2,2,3,##final score: 3
87452,causes of military suicide,4541810,"US. For over 40 years, America has fought its wars with an all-volunteer military, leading top military leaders to fear that a growing separation between the military and civilian life is causing the emergence of a separate military class.military, civilian, class, separation. 483. Tuesday, 26 May 2015 11:32 AM.S. For over 40 years, America has fought its wars with an all-volunteer military, leading top military leaders to fear that a growing separation between the military and civilian life is causing the emergence of a separate military class.",0,0,1,##final score: 1
1115776,what is an aml surveillance analyst,5790943,"The cornerstone of a strong BSA/AML compliance program is the adoption and implementation of comprehensive CDD policies, procedures, and processes for all customers, particularly those that present a higher risk for money laundering and terrorist financing.",1,1,0,##final score: 0
489204,right pelvic pain causes,7064814,"Abdominal pain on the right side of the abdomen, elevated liver enzymes and fatigue present along with nausea, weakness and jaundice. Cancers of the liver or gallbladder also cause elevated liver enzymes, pain in the right-upper quadrant and the non-specific finding of fatigue.",1,1,2,##final score: 2
527433,types of dysarthria from cerebral palsy,7787755,"While the other students are reading in small groups, she works with Pearl one on one, using the same storybook. Pearl has a speech disorder, too, but hers is called dysarthria. It causes Pearl’s speech to be slurred, very soft, breathy, and slow. Here, the cause is weak muscles of the tongue, lips, palate, and jaw.",1,1,2,##final score: 2
1063750,why did the us volunterilay enter ww1,2768120,"On March 1, 1917, the text of the Zimmermann telegram appeared on the front pages of American newspapers, and in a heartbeat, American public opinion shifted in favor of entering the war. Next: Page 2 of The United States Enters the War.",2,2,1,##final score: 1
156493,do goldfish grow,1861640,"Obtain a fish tank that can hold 50 gallons (189.3 L) or more. Shubunkin Goldfish get very large, so a 50 gallon (189.3 L) tank is the smallest tank you can keep one in. Keep the live plants to a minimum; Shubunkins will uproot them.",2,2,1,##final score: 1
104861,cost of interior concrete flooring,5667475,"Maximum: $850. Concrete tile flooring can be inexpensive and very budget-friendly for most homeowners. The overall cost of materials depends on the quality, shape and quantity of tiles being used. Discounted concrete tiles can cost anywhere from $420 up to $530 for a 500-square-foot area. Premium grade can run from $930 up to $1,180, while luxury or designer grade concrete tile can cost anywhere from $1,030 up to $1,310. There are several different options when it comes to concrete flooring.",2,2,3,##final score: 3
264014,how long is life cycle of flea,4126497,"With optimum conditions such as temperature and humidity a chicken egg takes 21 days to hatch.    From when it was layed, about 20-28 days,depending on the breed. From th … e time when the egg first cracked, about one day.This is a very slow process.t can take as little as a couple days or as long as a couple weeks for flea eggs to hatch.",2,2,1,##final score: 1
182539,example of monotonic function,8299665,"Two facts about these functions are: 1  if is a monotonic function defined on an interval, then is differentiable almost everywhere on, i.e. the set of numbers in such that is not differentiable in has Lebesgue measure zero. 2  if is a monotonic function defined on an interval, then is Riemann integrable.",1,1,2,##final score: 2
131843,definition of a sigmet,7591291,"Convection currents are found in many places and on many scales, from huge convection currents in the atmosphere, oceans, and even in the earth's interior to smaller convection currents found in a cup of hot cocoa or a fish tank. Meteorologists usually use convection to refer to up and down motions of air.",1,1,0,##final score: 0
451602,medicare's definition of mechanical ventilation,4874642,The ventilator blows gas (air plus oxygen as needed) into. a person’s lungs. It can help a person by doing all of the. breathing or just assisting the patient’s breathing. The. ventilator can deliver higher levels of oxygen than. delivered by a mask or other devices. The ventilator can. provide a pressure (PEEP pressure) which helps hold the. lungs open so the air sacs don’t collapse.,1,1,2,##final score: 2
264014,how long is life cycle of flea,3338828,"Flea eggs hatch into larvae within one to 12 days. Larvae. Flea larvae are approximately 3 to 5.2 mm long and are semitransparent white in color. The larval stage lasts from four to 18 days, after which larvae spin silken cocoons and enter the pupal stage. The pupal stage may be complete within three days, or it can last as long as one year.",2,2,3,##final score: 3
264014,how long is life cycle of flea,3666583,"Natural Non Toxic Control of Fleas. My Page on Fleas on cats has a more complete article on the life cycle of fleas and photos of fleas, and larvae. The short version of the flea life cycle is this: A flea has a blood meal and lays eggs on the cat. The eggs dry and fall off the cat onto spots where the cat hangs out.",1,1,2,##final score: 2
104861,cost of interior concrete flooring,1357956,"Polished concrete pricing and cost per square metre for concrete polishing can range from as little as £20 to as much as £150 per metre square.ypically, concrete is not considered polished before 400 grit which is known as honed concrete, polished concrete is normally finished to either the 800, 1500, or 3000 grit level depending on the shine and reflection specified.",2,2,3,##final score: 3
168216,does legionella pneumophila cause pneumonia,3344837,"Legionella pneumophila, a Gram-negative bacillus ubiquitous in aquatic environments, is responsible for Legionnaires’ disease. It is a facultative intracellular pathogen that can replicate within eukaryotic host cells such as protozoa and macrophages. In humans, L. pneumophila reaches the lungs after inhalation of contaminated aerosol droplets [1] ; [2] (Fig. 1 ).",2,2,3,##final score: 3
156493,do goldfish grow,1420608,depending on the species of fish is how many you can fit. the basic measurment is 1 gallon for every inch of the adult size. so you could have as many as 65 guppies or a few b … arbs and a shark fish. it all depends on what you prefer. goldfish are one galllon for every half inch.he basic rule for fish keeping is 1 of fish needs 1 gallon of water. A Male Betta grows to about 2 in body length. This means that your tank is holding its maximum fish capacity already with 1 male Betta in it. The answer to your question therefore is.,1,1,2,##final score: 2
1133167,how is the weather in jamaica,2952790,Montego Bay Vacations. Use the quote box at left to price Jamaica hotels. This popular resort town on Jamaica's northwest coast is cradled between the sea and the hills.,0,0,1,##final score: 1
490595,rsa definition key,5248000,"Rivest, Shamir, and Adelman (RSA) is a public-key cryptographic system used for authentication. IKE on the Cisco router or PIX Firewall uses a D-H exchange to determine secret keys on each IPSec peer used by encryption algorithms. The D-H exchange can be authenticated with RSA signatures or preshared keys.",3,3,2,##final score: 2
19335,anthropological definition of environment,3045567,"Full Definition of ANTHROPOLOGY. 1. : the science of human beings; especially: the study of human beings and their ancestors through time and space and in relation to physical character, environmental and social relations, and culture. the science of humans; especially: the study of humans in relation to distribution, origin, classification, and relationship of races, physical character, environmental and social relations, and culture. — an·thro·po·log·i·cal \-pə-ˈlaej-ˈläj-i\ kəl. adjective",1,1,2,##final score: 2
104861,cost of interior concrete flooring,2908924,A polished concrete floor is like a blank canvas. You can create almost any effect that you can imagine. Here are some features that I have had some experience with that you may like to consider in creating your own polished concrete floor: Colouring the concrete.,1,1,0,##final score: 0
87452,causes of military suicide,1697679,"1 They also are more likely to have risky health behaviors such as alcohol abuse, which affects 52% of men with PTSD and 28% of women, while drug abuse is seen in 35% of men and 27% of women with PTSD. 2  More than half of all Vietnam veterans, about 1.7 million, have experienced symptoms of PTSD. They also are more likely to have risky health behaviors such as alcohol abuse, which affects 52% of men with PTSD and 28% of women, while drug abuse is seen in 35% of men and 27% of women with PTSD. 2  More than half of all Vietnam veterans, about 1.7 million, have experienced symptoms of PTSD.",1,1,0,##final score: 0
87181,causes of left ventricular hypertrophy,5197135,"Ventricular hypertrophy. Ventricular hypertrophy (VH) is thickening of the walls of a ventricle (lower chamber) of the heart. Although left ventricular hypertrophy (LVH) is more common, right ventricular hypertrophy (RVH) can also occur, as can hypertrophy of both ventricles, that is, biventricular hypertrophy (BVH). Ventricular hypertrophy can be part of various syndromes caused by any of various underlying diseases.",1,1,2,##final score: 2
168216,does legionella pneumophila cause pneumonia,2036283,Legionnaires’ disease is caused by Legionella bacteria infecting your lungs. It's usually caught by breathing in small droplets of contaminated water. The infection isn't contagious and can't be spread directly from person to person.,2,2,3,##final score: 3
1063750,why did the us volunterilay enter ww1,8170640,"There will never be a clear answer to this question, but Woodrow Wilson's idealism, the growth of U.S. nationalism, and the Zimmerman note all played a role in compelling the United States to enter World War I.",2,2,1,##final score: 1
264014,how long is life cycle of flea,5611215,"Flea eggs can live in your carpet in a dormant state for up to a year depending on the environment. This is why it is important to vacuum frequently. Vacuuming can get rid of 30-60% of the fleas from carpeting.leas can live up to a year and a half when they have a food supply, the optimum temperature (70F to 85F), and ideal humidity (70%).",2,2,3,##final score: 3
1114819,what is durable medical equipment consist of,8480574,"Durable medical equipment billing and reimbursement. Definitions. • Durable medical equipment (DME) is any equipment that provides therapeutic benefits to a member because of. certain medical conditions and/or illnesses that can withstand repeated use, is primarily and customarily used to.",2,2,3,##final score: 3
489204,right pelvic pain causes,415420,This section discusses 41 medical conditions causing Right upper quadrant pain. A simple discussion of these causes with additional information is below. The following medical conditions are some of the possible causes of Right upper quadrant pain.,1,1,0,##final score: 0
573724,what are the social determinants of health,7104825,"The social determinants of health (SDOH) are defined by the idea that health is determined by the social, economic, and physical environments in which people live and work, as well as by individuals’ particular",2,2,3,##final score: 3
182539,example of monotonic function,57444,"To solidify our understanding of what a monotonic function is, let's consider what a non-monotonic function is. A non-monotonic function is a function that is increasing and decreasing on different intervals of its domain. For example, consider our initial example f(x) equals x 2.",1,1,0,##final score: 0
87181,causes of left ventricular hypertrophy,123547,"Left Ventricular Hypertrophy. Left Ventricular Hypertrophy (LVH) causes a similar pattern of repolarization abnormalities as LBBB, with ST elevation in the leads with deep S-waves (usually V1-3) and ST depression/T-wave inversion in the leads with tall R waves (I, aVL, V5-6).",1,1,0,##final score: 0
47923,axon terminals or synaptic knob definition,2749477,"A chemical substance that is released into the synaptic cleft from the axon terminal of a sending neuron, crosses a synapse, and binds to apprpriate receptor sites on the dendrites or cell body of a receiving neuron, influencing the cell either to fire or not to fire. Receptors.",1,1,2,##final score: 2
168216,does legionella pneumophila cause pneumonia,2069992,"Atypical pneumonia refers to pneumonia caused by certain bacteria, including Legionella pneumophila, Mycoplasma pneumoniae, and Chlamydophila pneumoniae. It is called “atypical” because the symptoms differ from those of pneumonia due to other common bacteria. Pneumonia is an infection of the lung.ack to Top Symptoms. Pneumonia due to mycoplasma and chlamydophila bacteria is usually mild. 1  Pneumonia due to Legionella pneumophila gets worse during the first 4 - 6 days, and then improves over 4 - 5 days.",3,3,2,##final score: 2
1037798,who is robert gray,2970892,"Kenneth Gray (I) Actor. Kenneth Gray is an actor, known for Love, Lies and Murder (1991), Retribution (1987) and Remington Steele (1982).",0,0,1,##final score: 1
1117099,what is a active margin,458682,"Along convergent boundaries, subduction carries plates into the mantle; the material lost is roughly balanced by the formation of new (oceanic) crust along divergent margins by seafloor spreading. In this way, the total surface of the lithosphere remains the same.",1,1,0,##final score: 0
168216,does legionella pneumophila cause pneumonia,3908778,Legionnaires' disease is a common name for one of the several illnesses caused by Legionnaires' disease bacteria (LDB). Legionnaires' disease is an infection of the lungs and is a form of pneumonia. More than 43 species of Legionella have been identified and more than 20 linked with human diseases.egionnaires' disease is a common name for one of the several illnesses caused by Legionnaires' disease bacteria (LDB). Legionnaires' disease is an infection of the lungs and is a form of pneumonia. More than 43 species of Legionella have been identified and more than 20 linked with human diseases.,2,2,3,##final score: 3
1037798,who is robert gray,4482918,"Many natural philosophers and mathematicians like Robert Boyle, Otto von Guericke, Stephen Gray and C.F. Du Fay investigated the phenomenon of electricity. In the 18th century, Benjamin Franklin is supposed to have first proved conclusively that lightning was indeed electricity, through some kite experiments.",0,0,1,##final score: 1
1124210,tracheids are part of _____.,3225197,"Best Answer: No, they don't. I'll give two examples of cells without plastids: Sieve tube elements and water conducting xylem cells. Sieve tube elements are living cells without plastids or nuclei (they are run by their companion cells, which house the nuclei and necessary organelles).Water conducting xylem cells, like tracheids and vessels, are dead at maturity and therefore don't have plastids. Source(s): plantgirl · 9 years ago.ieve tube elements are living cells without plastids or nuclei (they are run by their companion cells, which house the nuclei and necessary organelles). Water conducting xylem cells, like tracheids and vessels, are dead at maturity and therefore don't have plastids. Source(s): plantgirl · 9 years ago.",2,2,1,##final score: 1
1114819,what is durable medical equipment consist of,393994,"Blood sugar (glucose) test strips. Medicare Part B (Medical Insurance) covers some diabetic test supplies, including blood sugar test strips as durable medical equipment (DME). All people with Part B who have diabetes are covered. If your supplier accepts assignment, you pay 20% of the Medicare-approved amount, and the Part B deductible applies.",2,2,1,##final score: 1
527433,types of dysarthria from cerebral palsy,2649533,"And stroke is one of the common causes of dysarthria. Other causes include traumatic brain injury, dementia, and brain tumor. Dysarthria can cause a decreased voice quality, slurring of words, or labored speech. The weakness of muscles in the face may also cause dropping /drooling of one side of the patient’s face.nd stroke is one of the common causes of dysarthria. Other causes include traumatic brain injury, dementia, and brain tumor. Dysarthria can cause a decreased voice quality, slurring of words, or labored speech. The weakness of muscles in the face may also cause dropping /drooling of one side of the patient’s face.",1,1,0,##final score: 0
1114819,what is durable medical equipment consist of,538319,"Aetna considers prothrombin time home testing units/home INR testing (e.g., the Coag-Sense Self-Test PT/INR Monitoring System, the CoaguChek XS Plus System, and the INRatio® 2 PT/INR Monitoring System) medically necessary durable medical equipment for persons who require chronic oral anticoagulation with warfarin for a mechanical heart valve, ...",2,2,1,##final score: 1
264014,how long is life cycle of flea,4834546,"If the temperature is 95°F and there is 70% humidity, half of all flea eggs hatch within 36 hours. If it is only 55°F, half of all flea eggs will hatch within 6 days.",1,1,2,##final score: 2
855410,what is theraderm used for,181258,Lanolin is a natural oily substance removed from sheep's wool. Lanolin is used in moisturizing lotions and creams to treat dry skin. Displaying 1 to 20 (of 38 products). 1 2 NEXT PAGE. Product Name+. Price. Buy Now. After shave Balm for Men-Lanolin for Him - 100ml. US$11.05. Qty.anolin is a natural oily substance removed from sheep's wool. Lanolin is used in moisturizing lotions and creams to treat dry skin. Displaying 1 to 20 (of 38 products). 1 2 NEXT PAGE. Product Name+. Price. Buy Now. After shave Balm for Men-Lanolin for Him - 100ml. US$11.05. Qty.,0,0,1,##final score: 1
1113437,what is physical description of spruce,1411655,"Colorado’s Major Tree Species. Colorado’s major tree species include bristlecone pine, Colorado blue spruce, Douglas-fir, Engelmann spruce, limber pine, lodgepole pine, narrowleaf cottonwood, quaking aspen, piñon pine, plains cottonwood, ponderosa pine, Rocky Mountain juniper, subalpine fir and white fir.",1,1,0,##final score: 0
1133167,how is the weather in jamaica,3421898,"The weather in Jamaica affords this island the reputation of being a tropical island paradise. Jamaica is situated in the heart of the Caribbean Sea, south of Cuba and West of Haiti.Jamaica is one of the Greater Antilles islands.amaica lies in the famous Hurricane Belt, which includes the Gulf of Mexico and the Caribbean Sea. Hurricane season tends to take place in late summer, from July to October, with August and September being the most active months in the Caribbean region. This is the worst time to visit Jamaica.",2,2,3,##final score: 3
264014,how long is life cycle of flea,8502491,PS — knowing a fleas life cycle helps in going to battle with them.. The flea lays eggs and the eggs hatch (and look like tiny worms). The worms (called the larval stage) develop a cocoon type barrier (called the pupal stage) where they transform into an adult flea (like a caterpillar becoming a butterfly).,1,1,2,##final score: 2
1124210,tracheids are part of _____.,522220,"Pontamine fast scarlet 4B: a new fluorescent dye for visualising cell wall organisation in radiata pine tracheids. 1  Jimmy ThomasAffiliated withSchool of Biological Sciences, The University of CanterburyCentral Wood Testing Laboratory, The Rubber Board.",1,1,0,##final score: 0
1117099,what is a active margin,8446502,"The North American plate also serves to illustrate this difference. The west coast is the active margin, and is the location of earthquakes, volcanoes, and mountains. The Eastern Seaboard is a passive margin, as is the Gulf Coast.",3,3,2,##final score: 2
1133167,how is the weather in jamaica,2491371,"With a size of 4411 square miles, Jamaica is a little smaller than the state of Connecticut in U.S. Jamaica has a length of 146 miles and a width of 22-51 miles. The annual population growth is 0.46%.Hot and humid weather conditions typical of a tropical climate, with a temperate interior, prevails in Jamaica.",2,2,1,##final score: 1
490595,rsa definition key,4842895,"RSA Security is a United States-based organization that creates encryption, network and computer security products. Ron Rivest Adi Shamir, and Len Adleman founded RSA as an independent company in 1982. RSA derives from the initials of each of the founders names.",2,2,1,##final score: 1
1129237,hydrogen is a liquid below what temperature,8588222,"Answer to: Hydrogen is a liquid below what temperature? By signing up, you'll get thousands of step-by-step solutions to your homework questions.... for Teachers for Schools for Companies",0,0,1,##final score: 1
19335,anthropological definition of environment,6452949,"Medical Definition of ANTHROPOLOGY. : the science of humans; especially: the study of humans in relation to distribution, origin, classification, and relationship of races, physical character, environmental and social relations, and culture. — an·thro·po·log·i·cal \-pə-ˈlaej-ˈläj-i\ kəl. adjectiveull Definition of ANTHROPOLOGY. 1. : the science of human beings; especially: the study of human beings and their ancestors through time and space and in relation to physical character, environmental and social relations, and culture.",1,1,2,##final score: 2
1103812,who formed the commonwealth of independent states,2165733,"The Soviet Union did not enter a team until 1956. Canada did not enter a team in 1972 or 1976. NHL players did not participate in Olympic hockey until 1998. * CIS is the Commonwealth of Independent States, the name taken by the old Soviet Union team in 1992, after the USSR broke up the previous year. See also: Olympic Women's Hockey medal results.",1,1,0,##final score: 0
1121402,what can contour plowing reduce,182370,What does Contour plowing mean? Definitions for Contour plowing Here are all the possible meanings and translations of the word Contour plowing.,1,1,0,##final score: 0
833860,what is the most popular food in switzerland,2702357,"Food in Germany is important to its culture. The most popular meats in Germany are pork, veal, and beef. Germans love to smoke or pickle meat since it gives a great flavor to the food. Germans typically eat breads, sausages, meats, vegetables, and cheeses.he food of the Swiss is unusual in that it has so many regional influences from the cuisine of its neighbors. This includes the French, German and Italians. Historically, Switzerland was a farming country, and the most popular crops and foods include cheese and potatoes as well as chocolate.",2,2,1,##final score: 1
87452,causes of military suicide,434332,"Suicide, also known as completed suicide, is the act of taking one's own life. Attempted suicide or non-fatal suicidal behavior is self-injury with the desire to end one's life that does not result in death.",0,0,1,##final score: 1
489204,right pelvic pain causes,8594272,Some of the possible common medical causes of Pelvic pain may include: 1  Pelvic abscess. 2  Ovarian cyst. 3  Ovarian cancer. 4  Endometriosis. 5  Sequelae of acute PID. 6  Chronis pancreatitis. 7  Renal calculi. 8  Inflammatory bowel disease. 9  Irritable bowel syndrome. 10  Microscopic colitis. 11  Left renal vein entrapment. 12  Muscular infection.,1,1,2,##final score: 2
443396,lps laws definition,6346929,"If the psychiatrist believes this person to have a mental illness and to be in danger of imminent harm, the psychiatrist and another person fill out a certification of the need for involuntary commitment, which is also signed by a Justice of the Peace. This constitutes the initial involuntary commitment.",1,1,0,##final score: 0
264014,how long is life cycle of flea,331936,"Female flea can lay up to 50 eggs per day. The four stages of a flea are Egg, Larvae, Pupae and Adult. Frontline kills the Egg, Larvae and Adult life stage. NOTHING kills the Pupae stage. During this stage the new adult flea waits in a protective cocoon for the next available blood meal.",1,1,2,##final score: 2
87452,causes of military suicide,4502603,"Teen Suicide Warning Signs. While boys are more likely than girls to commit suicide, teens of both genders and all ages are at risk for suicide. It is especially tragic that the three leading causes of death in teens and young adults -- accident, homicide, and suicide -- all are preventable.een Suicide Warning Signs. While boys are more likely than girls to commit suicide, teens of both genders and all ages are at risk for suicide. It is especially tragic that the three leading causes of death in teens and young adults -- accident, homicide, and suicide -- all are preventable.",0,0,1,##final score: 1
183378,exons definition biology,4512308,"If this type of mutation occurs in the sequence of DNA molecule or exon, then the protein sequence changes present in that gene. If the mutation occurs in the intron region which is also the non coding region of the DNA molecule, then changes occur in the RNA effecting the coding of gene.Sickle cell anemia is caused by the point mutations. Changes occur in the beta hemoglobin.f the mutation occurs in the intron region which is also the non coding region of the DNA molecule, then changes occur in the RNA effecting the coding of gene. Sickle cell anemia is caused by the point mutations. Changes occur in the beta hemoglobin.",1,1,0,##final score: 0
148538,difference between rn and bsn,1392974,"Level of Nursing Education Determines Salary Levels in California In 2013, the median salary for BSN-educated RNs in California was 82.8% higher than that of licensed vocational nurses that same year.",1,1,0,##final score: 0
130510,definition declaratory judgment,2982053,"Declaratory remedies are sought when a plaintiff wishes to be made aware of what the law is, what it means, or whether or not it is constitutional, so that he or she will be able to take appropriate action. The main purpose of this kind of remedy is to determine an individual's rights in a particular situation.",2,2,3,##final score: 3
1114819,what is durable medical equipment consist of,988373,Durable Medical Equipment (DME) is any equipment that provides therapeutic benefits to a patient in need because of certain medical conditions and/or illnesses. Durable Medical Equipment (DME) consists of items which:,2,2,3,##final score: 3
1133167,how is the weather in jamaica,2276677,"Storm in Jamaica. Storms in Jamaica should be taken as serious as a hurricane. Storm season is the same period as hurricane season. If you plan on spending most of your time outdoors, the first and the last month during the storm season is usually the calmest. August, September, and October are the months that tropical storm usually arrives.",2,2,1,##final score: 1
359349,how to find the midsegment of a trapezoid,943235,Trapezoid. (Jump to Area of a Trapezoid or Perimeter of a Trapezoid). A trapezoid is a 4-sided flat shape with straight sides that has a pair of opposite sides parallel.,1,1,0,##final score: 0
1124210,tracheids are part of _____.,2494577,"Tracheids and vessel elements form tube-shaped structures that provide pathways for water and minerals to travel from the roots to the leaves. While tracheids are found in all vascular plants, vessels are found only in angiosperms. Phloem is composed mostly of cells called sieve-tube cells and companion cells. These cells assist in the transport of sugar and nutrients produced during photosynthesis from the leaves to other parts of the plant. While tracheid cells are nonliving, sieve-tube and companion cells of the phloem are living.",2,2,3,##final score: 3
1063750,why did the us volunterilay enter ww1,3654235,"The sinking of the Lusitania helped to turn American opinion against Germany, but it is certainly not the only reason for US involvement. It is far too remote. Most historians agree that it was not a single influence that provoked the US to declare war; rather, it was a confluence of many factors.",2,2,1,##final score: 1
87181,causes of left ventricular hypertrophy,6484576,Left ventricular hypertrophy is a thickening of the wall of the heart's main pumping chamber. This thickening may result in elevation of pressure within the heart and sometimes poor pumping action. The most common cause is high blood pressure.,2,2,3,##final score: 3
527433,types of dysarthria from cerebral palsy,7347241,Cerebral Palsy. Cerebral palsy—also known as CP—is a condition caused by injury to the parts of the brain that control our ability to use our muscles and bodies. Cerebral means having to do with the brain. Palsy means weakness or problems with using the muscles.,0,0,1,##final score: 1
1110199,what is wifi vs bluetooth,3838645,"Also like WiFi, Bluetooth is “fairly” secure. Unlike WiFi, tethering via Bluetooth isn’t all that common. Sure, people do it, but it’s a little more involved to set up than WiFi, and a little more involved every time you want to use Bluetooth tethering. If power consumption is a concern, Bluetooth is probably the way to go, if you’re willing to configure it.",2,2,1,##final score: 1
104861,cost of interior concrete flooring,1357957,"Aside from a uniform design with as little or as much aggregate exposed as the job requires, patterns and designs can be laid using contrasting colours. Unlike tiles, carpeting and other flooring materials, polished concrete floors are created on site.For this reason, you can't simply choose a colour or design you like and get a square metre quote. Estimates will vary, but generally expect to pay from around $50 to $75 per square metre.hile plain concrete can be polished, the results are rarely pleasing and what's generally called concrete polishing starts with the pouring of a special mixture of natural or coloured concrete and aggregate. The initial rough grinding is done to achieve a perfectly flat surface.",2,2,3,##final score: 3
168216,does legionella pneumophila cause pneumonia,290826,"1 The most common cause of bacterial pneumonia is a type of bacteria known as Streptococcus pneumoniae. 2  Haemophilus influenzae, Chlamydia pneumoniae, Mycoplasma pneumoniae, and Legionella pneumophila are some other major bacteria that cause pneumonia.",3,3,2,##final score: 2
168216,does legionella pneumophila cause pneumonia,5298484,"A new duty has fallen on letting agents and landlords – to carry out risk assessments for legionnaire’s disease, and if necessary, take action. The Health and Safety Executive has released a revised Approved Code of Practice: Legionaires’ disease: The control of legionella bacteria in water systems.",1,1,0,##final score: 0
264014,how long is life cycle of flea,1444286,"The eggs will hatch after 1-2 weeks, and emerge as larva. These larva can live in bedding, carpet, furniture, any place that the host has been. Get this, they live as larva for up to 200 days before they turn into pupae. Pupae can wait dormant for over a year if conditions aren't yet right to become adults. When conditions are right, many generations of fleas can transform into adults leading to a flea infestation. Fleas are bad news.",2,2,3,##final score: 3
1063750,why did the us volunterilay enter ww1,8697948,"What's more, Woodrow Wilson's victory in the election—he received 42% of the popular vote compared to Roosevelt's 27%, Taft's 23%, and Debs's 6%—brought a committed Progressive into office. Wilson would win many battles in the Progressive cause, but he ultimately lost the war. Wilson tied his personal legacy to the spread of Progressive ideals not just in America, but across the world, by promising to make the world safe for democracy through military intervention in World War I.",2,2,1,##final score: 1
359349,how to find the midsegment of a trapezoid,4344098,The area of a trapezoid is 52 cm 2 and the bases are 11 inches and 15 inches respectively. Find its height. Solution: We know that the area of a trapezoid is given by:,1,1,0,##final score: 0
1133167,how is the weather in jamaica,3421901,"Averages for Ocho Rios in June. The heat and humidity continue to increase in Ocho Rios, Jamaica in June, just like in the neighbouring resort of Runaway Bay.During your stay you can expect temperatures up to a sizzling 31 C, so be cautious and stay out of the sunshine around midday to avoid sunburn and heatstroke.verages for Ocho Rios in June. The heat and humidity continue to increase in Ocho Rios, Jamaica in June, just like in the neighbouring resort of Runaway Bay.",2,2,3,##final score: 3
833860,what is the most popular food in switzerland,1524406,Swiss Girls Names: Most Popular Names for Girls in Switzerland (German) These are the most popular girls' names in Switzerland (German) for 2014.,0,0,1,##final score: 1
1114819,what is durable medical equipment consist of,7425393,"Individuals type 1 diabetes or other insulin-dependent conditions may qualify for an insulin pump under Medicare Part B. Medicare covers insulin pumps deemed medically necessary as part of the Durable Medical Equipment benefit (DME), which covers certain medical equipment used at home. prescription for an insulin pump entitles the patient to 80 percent coverage of the equipment from a Medicare-approved supplier. The patient pays 20 percent of the Medicare-approved cost as well as the Medicare Part B deductible, if applicable.",2,2,1,##final score: 1
855410,what is theraderm used for,7137616,WebMD experts and contributors provide answers to: what is methylprednisolone 4mg used to treat,0,0,1,##final score: 1
131843,definition of a sigmet,5260758,"When conditions appear favorable for tornado formation, a(n) ________ is issued for areas covering about 65,000 square kilometers.",1,1,0,##final score: 0
1063750,why did the us volunterilay enter ww1,8239877,(Answer #1). The US entered World War I largely because of the German practice of submarine warfare. The entry of the US broke the stalemate that had existed for most of the war and led to the Allied victory. The US did not like the fact that Germany was using submarines to sink ships headed for England.,2,2,3,##final score: 3
156493,do goldfish grow,8803136,First Two Weeks. The hatched goldfish fry should be left alone for two days until their mouths develop and then fed fry food ever four hours for the first two weeks. Fancy goldfish breeds can be fed two or three times a day. Goldfish fry that are fed freshly hatched brine shrimp nauplii tend to grow fast and become more full-bodied.,2,2,3,##final score: 3
148538,difference between rn and bsn,1384447,"The difference between the 2 is many more general education courses, and ,more nursing courses which would include Public Health Nursing, nursing research, nursing leadership / management, and more in-depth learning about different nursing care models and the history of the profession.SN = Bachelor of Science in Nursing, which is just a 4 year RN degree. Both the 2 year and the BSN graduates sit for the exact same licensure exam and earn the same RN license.",2,2,3,##final score: 3
104861,cost of interior concrete flooring,3443176,"Economical. The cost of concrete floors is very low, about $2 to $6 per square foot to polish a plain gray slab, giving it a lustrous sheen. The concrete's tonal differences, subtle cracks and aggregates take on a stonelike, natural feel.",2,2,3,##final score: 3
915593,what types of food can you cook sous vide,7565849,"Beef Filet Tenderloin Steak. The tenderloin is the most tender of beef cuts. It also has little fat marbling which makes it a favorite of those that love steak but yet watch their consumption of fat. Surprising to most, a tenderloin steak has less fat than the equivalent weight of a chicken thigh.",0,0,1,##final score: 1
1113437,what is physical description of spruce,6688846,"The leaves of conifers are of course their needles. On true pine trees, the needles are arranged and attached to the branches in clusters of two (red pine group), three (yellow pine group), or five (white pine group) needles per cluster. Spruce and fir trees have their needles attached individually to the branches.",2,2,3,##final score: 3
168216,does legionella pneumophila cause pneumonia,4938900,"The standard culture technique is the most commonly used method for environmental surveillance of Legionella (2, 25). This method allows the isolation and the quantification of legionellae from environmental water, but it does have limitations.his method, based on double-staining fluorescent labeling using a bacterial viability marker and specific antibodies, allows simultaneous detection of L. pneumophila and other Legionella species in water samples as well as the discrimination between viable and nonviable Legionella cells.",1,1,0,##final score: 0
47923,axon terminals or synaptic knob definition,7891160,"In neuroscience, a biological neural network is a series of interconnected neurons whose activation defines a recognizable linear pathway. The interface through which neurons interact with their neighbors usually consists of several axon terminals connected via synapses to dendrites on other neurons.",1,1,2,##final score: 2
1129237,hydrogen is a liquid below what temperature,2697746,"What is neon's state of matter? Full Answer Hydrogen's state of matter can change when the temperature changes, becoming a liquid at temperatures between minus 423.18 and minus 434.49 degrees Fahrenheit. It becomes a solid at temperatures below minus 434.49 F. Due to its high flammability, hydrogen gas is commonly used in combustion reactions, such as in rocket and automobile fuels.",2,2,1,##final score: 1
156493,do goldfish grow,5009743,"Pom Pom goldfish may or may not have a dorsal fin. Other goldfish types may have pompom noses. As far as colors go: Chocolate and orange are popular colors, but they come in many more. The Pom Pom grows to be about 6 to 8 inches in length. 15. The Twisty-Tailed Tosakin",2,2,1,##final score: 1
207786,how are some sharks warm blooded,8273754,"Sharks' blood gives them turbo speed. Several species of shark and tuna have something special going on inside their bodies. For a long time, scientists have known that some fish species appear warm-blooded. Salmon sharks can elevate their body temperatures by up to 20 degrees compared to the surrounding water, for example.",2,2,3,##final score: 3
148538,difference between rn and bsn,1573498,"Because you need to earn a bachelor’s degree and become an RN in order to apply for graduate nursing training, the BSN-RN offers the quickest route toward qualification as a nurse practitioner. If a BSN program is not immediately feasible for you, there are other routes you can take toward your goal.",1,1,2,##final score: 2
264014,how long is life cycle of flea,5324948,"With optimum conditions such as temperature and humidity a chicken egg takes 21 days to hatch.    From when it was layed, about 20-28 days,depending on the breed. From th … e time when the egg first cracked, about one day.t can take as little as a couple days or as long as a couple weeks for flea eggs to hatch. Upon reaching adulthood, fleas may live a few more weeks, or up to a year or longer … depending on numerous external factors.",2,2,1,##final score: 1
451602,medicare's definition of mechanical ventilation,1487899,"The ICU is also referred to as a critical care unit. The nurse taking care of the patient typically has one or two patients, so the patients here are able to be constantly monitored. In most facilities, a patient who requires a ventilator to breathe will be cared for in an ICU.",1,1,0,##final score: 0
1117099,what is a active margin,697158,"Tectonic plates are composed of oceanic lithosphere and thicker continental lithosphere, each topped by its own kind of crust. Along convergent boundaries, subduction, or one plate moving under another, carries the lower one down into the mantle; the material lost is roughly balanced by the formation of new (oceanic) crust along divergent margins by seafloor spreading.",1,1,0,##final score: 0
1133167,how is the weather in jamaica,5943905,"Averages for Montego Bay in April. Very similar to March's temperature averages, April is warm, with a little more rain possible, as we head towards the start of the wet season. You can expect a pleasant 26°C average during the day, with a high of around 29°C.",2,2,3,##final score: 3
1063750,why did the us volunterilay enter ww1,5423930,"On April 6, 1917, two days after the U.S. Senate votes 82 to 6 to declare war against Germany, the U.S. House of Representatives endorses the decision by a vote of 373 to 50, and the United States formally enters the First World War.",1,1,2,##final score: 2
87181,causes of left ventricular hypertrophy,8151926,Left ventricular hypertrophy that is caused by aortic valve stenosis might require surgery to repair the narrow valve or to replace it with an artificial or tissue valve. Request an Appointment at Mayo Clinic,2,2,1,##final score: 1
855410,what is theraderm used for,8651771,"The main ingredient in this Theraderm cream is lanolin, which is a chemical obtained from sheep’s wool. Lanolin is often used in skin care products because of its ability to boost the natural moisture barrier, as well as the ability to draw moisture to the application site.",2,2,3,##final score: 3
131843,definition of a sigmet,1453832,A Tornado WATCH is issued by the NOAA Storm Prediction Center meteorologists who watch the weather 24/7 across the entire U.S. for weather conditions that are favorable for tornadoes. A watch can cover parts of a state or several states.,1,1,0,##final score: 0
1133167,how is the weather in jamaica,8255705,"Jamaica Weather: Month-by-Month. Here's a month-by-month idea of weather in Jamaica. The weather is perfect most of the year. This month-by-month Jamaica weather forecast will help you in deciding when is the best time to visit Jamaica. December Weather in Jamaica: It's high season, and a cool time of year. January Weather: Middle of the high season.",2,2,3,##final score: 3
264014,how long is life cycle of flea,3577343,"The flea life cycle has four stages: Egg: An adult female flea can lay up to 40 eggs a day. The eggs are laid on the host ​but will dry and fall off that host into the environment (pet bedding, carpet, etc). Eggs typically hatch within about two days.",1,1,2,##final score: 2
87181,causes of left ventricular hypertrophy,7666831,Left ventricular hypertrophy: Related Topics. These medical condition or symptom topics may be relevant to medical information for Left ventricular hypertrophy: 1  Ventricular hypertrophy. 2  Left. 3  Ventricular. 4  Hypertrophy. 5  Enlargement. 6  Ventricle. 7  Heart. 8  Heart symptoms (2927 causes). 9  Heart disease (106 causes). 10  Heart disorder.,1,1,0,##final score: 0
1110199,what is wifi vs bluetooth,3110637,"Generally, Bluetooth streams audio at a lower quality and over less distance than Wi-Fi-based technologies. Wired Connectivity: The Echo has no wired inputs, meaning it can only play audio using the wireless capabilities described above.",2,2,1,##final score: 1
1114819,what is durable medical equipment consist of,8336231,"In June 2007, CGS was awarded the largest of four durable medical equipment contracts to provide claims processing, customer service and administrative services to over 55,000 durable medical equipment, prosthetics, and orthotics suppliers in 17 states and territories.",1,1,0,##final score: 0
451602,medicare's definition of mechanical ventilation,930490,"Spontaneous breathing trial. From Wikipedia, the free encyclopedia. A goal for most patients on mechanical ventilation is to be weaned from the ventilator. The weaning process is highly dependent on the patient's pathology, but the final common pathway to ventilator independence always includes at least one trial of spontaneous breathing.",1,1,0,##final score: 0
130510,definition declaratory judgment,4528808,"For the Act relating to Ireland, see Declaratory Act 2015. The American Colonies Act 1766 (6 Geo 3 c 12), commonly known as the Declaratory Act, was an Act of the Parliament of Great Britain, which accompanied the repeal of the Stamp Act 1765 and the changing and lessening of the Sugar Act.",0,0,1,##final score: 1
1106007,define visceral?,8204462,"At a third, even less rational level is her visceral level, is she intensely sexually attracted to him, does she just feel a passion in her gut for him. Not love, but purely from her body. It is her gut, her inner animal, her non rational, non emotional physical reaction.",2,2,1,##final score: 1
264014,how long is life cycle of flea,58387,"Flea larvae develop more quickly at higher temperatures, preferring areas that are 70° to 90°F. At cool temperatures, fully formed fleas can remain in their cocoons for up to 12 months. Warm temperatures and mechanical pressure caused by walking on or vacuuming carpet stimulate emergence from the cocoon.",2,2,3,##final score: 3
489204,right pelvic pain causes,5895917,"Causes of Pelvic pain. Pelvic pain has numerous causes, may be mild or severe and include: pelvic inflammatory disease, ovarian cysts/polycystic ovarian syndrome, endometriosis, adenomyosis, fibroids, ectopic pregnancy, appendicitis, bladder/kidney infection, irritable bowel syndrome and diverticulitis.1  Pelvic inflammatory disease (PID).elvic pain has numerous causes, may be mild or severe and include: pelvic inflammatory disease, ovarian cysts/polycystic ovarian syndrome, endometriosis, adenomyosis, fibroids, ectopic pregnancy, appendicitis, bladder/kidney infection, irritable bowel syndrome and diverticulitis. 1  Pelvic inflammatory disease (PID).",1,1,2,##final score: 2
1112341,what is the daily life of thai people,6164791,"Rating Newest Oldest. Best Answer: Kingdomwide, the average Thai salary is around $3000USD per year. Construction workers make an average of $4.00 a day and work 6 days a week, 9-10 hours a day.More skilled positions can obviously make more. A Thai Hotel / Apartment General Manager can make the rare wages of between $500 and $750 a month.hailand has a daily minimum wage of about 180 baht per day but laws mean little here and many people work for less than that. People make due by working overtime 6 days a week and living together to share the costs.",2,2,1,##final score: 1
855410,what is theraderm used for,8310088,"What Votrient Is Used For: Votrient is used for the treatment of advanced renal cell carcinoma. Note: If a drug has been approved for one use, physicians may elect to use this same drug for other problems if they believe it may be helpful.",0,0,1,##final score: 1
183378,exons definition biology,7811888,"DNA that is required for production of. functional product ; mRNA , polypeptide , tRNA, rRNA. • The sequence of gene consists of : • Exons :coding sequence ,transcribed and. translated .Coding for the amino acids in the. polypeptide chain .",3,3,2,##final score: 2
1114819,what is durable medical equipment consist of,6027612,"Journal of Health Care Compliance — January – February 2009 27. Durable Medical Equipment (DME) Documentation for Medicare Payment. an appeals court determined the law. “does not state that the certificate of. medical necessity is the sole vehicle for. claims reimbursement, nor does it state. that a completed certificate establishes, by itself, a right to reimbursement.” 11 The.",1,1,0,##final score: 0
1114819,what is durable medical equipment consist of,6900769,Medicare Part B (Medical Insurance) covers medically necessary durable medical equipment (DME) that your doctor prescribes for use in your home. Only your doctor can prescribe medical equipment for you. DME meets these criteria: 1  Durable (long-lasting)  Used for a medical reason.,2,2,3,##final score: 3
1114819,what is durable medical equipment consist of,988370,"Durable Medical Equipment. Most HMSA plans cover durable medical equipment (DME). Examples of covered DME include oxygen equipment, hospital beds, mobility assistive equipment (wheelchairs, walkers, power mobility devices), insulin pumps, and breast pumps. A covered DME item must be prescribed by a provider and must meet all of the following criteria:",2,2,3,##final score: 3
1114819,what is durable medical equipment consist of,8336228,"BULLETIN BOARD: ADOV) , a single source provider of orthopedic durable medical equipment (DME), announced today that the Company will hold a shareholder conference call Wednesday, October 31, 2007 at 3:00 PM Eastern Time.",1,1,0,##final score: 0
1133167,how is the weather in jamaica,3023124,"Aug 20, 2005, 11:14 AM. Rainy season begins technically in May and runs through Dec. If you want to get married on the beeach my recommendation is go in March or April. We usually go to Jamaica then because of that is the dry season and it is cooler. The last time (April 2005) we went to Jamaica it only rained one evening the entire nine nights were were there and it was only an hour or two in the evening.",2,2,3,##final score: 3
833860,what is the most popular food in switzerland,7826521,"the most popular food is arepa it is made of corn and agrdente is Ron it is very popular very body drinks it and something that pretty much is in every kitchen is rice ,beans, … and arepa What is the most popular food in Ohio? A number of foods and food products originated in Northeast Ohio, like Stadium Mustard and Scoffer's Dinners. Others have become so ingrained into the fabric of the city as to … be native, like paczki, those Polish doughnuts that proliferate just before Lent.",0,0,1,##final score: 1
489204,right pelvic pain causes,2645311,"Causes of the Pain in Right Side Under Ribs. The right side of your chest and upper abdomen is the area where your right lung, your liver, gallbladder, right kidney and part of the colon are located. The pain in this part is often related with these organs.",1,1,2,##final score: 2
168216,does legionella pneumophila cause pneumonia,1301473,"Legionnaires' disease is a severe form of pneumonia — lung inflammation usually caused by infection. Legionnaires' disease is caused by a bacterium known as legionella. You can't catch Legionnaires' disease from person-to-person contact. Instead, most people get Legionnaires' disease from inhaling the bacteria.",2,2,3,##final score: 3
855410,what is theraderm used for,6798093,"DermaNova Reviews. DermaNova is an anti-aging cream that’s claimed to moisturize skin without clogging pores, and to reduce inflammation and promote collagen production. About DermaNova. DermaNova is a new anti-aging solution for men and women that’s claimed to help you regain brighter skin and to help you look several years younger in just weeks.",0,0,1,##final score: 1
490595,rsa definition key,4737068,"RSA Security is a United States-based organization that creates encryption, network and computer security products. Ron Rivest Adi Shamir, and Len Adleman founded RSA as an independent company in 1982.SA encryption is based on use of a public and a private key. Typically a key fob (such as an RSA SecurID security token) is used by employees in security-sensitive companies.",2,2,1,##final score: 1
1133167,how is the weather in jamaica,3421906,"N.A. On any given day during May in Jamaica, you can expect early morning temperatures to be around 78.4 degrees. Temperatures in Jamaica typically rise during the day, to an average of 85.4 degrees in the early afternoon. The temperature in Jamaica will typically decline by early evening, to approximately 80.2 degrees.Overall, temperatures in Jamaica during May average around 80.3 degrees.emperatures in Jamaica typically rise during the day, to an average of 85.4 degrees in the early afternoon. The temperature in Jamaica will typically decline by early evening, to approximately 80.2 degrees. Overall, temperatures in Jamaica during May average around 80.3 degrees.",2,2,3,##final score: 3
1103812,who formed the commonwealth of independent states,5581840,"Group 3. Citizens of the countries in this group can stay in the Russian Federation for up to 30 days without a visa. They are not entitled to work while in Russia.roup 1. Citizens of the countries of the CIS (the Commonwealth of Independent States) are permitted to stay in the Russian Federation for up to 90 days without a visa. Countries: Azerbaijan, Armenia, Belarus, Kazakhstan, Kyrgyzstan, Moldova, Tajikistan, Turkmenistan, Uzbekistan, Ukraine.",1,1,0,##final score: 0
1063750,why did the us volunterilay enter ww1,8821735,"The United States entered World War I for numerous reasons. A German victory would have upset the established balance of power.Should England and her fleet fall into the hands of Germany, the United States would have been in extreme peril to further German expansion.he United States entered World War I for numerous reasons. A German victory would have upset the established balance of power.",2,2,3,##final score: 3
1063750,why did the us volunterilay enter ww1,5287968,1 Austria-Hungary declare war on Japan for declaring war on Germany. 2  The U.S. tries to stay out of the war but in 1917 decides to enter due to Germany’s submarines hindering the United States’ commercial shipping because the U.S. was shipping a lot of supplies to the Allies.,2,2,3,##final score: 3
1133167,how is the weather in jamaica,3023125,"Best Times to Visit Jamaica. The best time to visit Jamaica is November to mid-December. That's when the island's already beautiful weather (ranging from mid-70s to the high 80s all year-round) is the most pleasant and the hotel and flight deals are the easiest to find. Rates are also cheap during the summer, but you'll risk the wrath of hurricane season. January to March is the peak travel season to the island — room rates can spike to more than $700 per night at some hotels.",2,2,3,##final score: 3
264014,how long is life cycle of flea,6791757,"They die within four days of losing their host. In just 30 days, ten female fleas under ideal conditions can multiply to more than a quarter of a million new fleas in different life stages. Eggs are loosely laid in the hair coat of your pet. They are wet and sticky when first produced but dry out and usually drop from an animal within a few hours.",2,2,3,##final score: 3
131843,definition of a sigmet,4331032,"From Wikipedia, the free encyclopedia. A Notice to Airmen (NOTAM) is a notice filed with an aviation authority to alert aircraft pilots of potential hazards along a flight route or at a location that could affect the safety of the flight.",1,1,0,##final score: 0
527433,types of dysarthria from cerebral palsy,6186391,"Types of Cerebral Palsy. Generally speaking, there are four types of cerebral palsy, which are classified by location of brain damage, the type of movement impairment, and other symptoms the condition causes. These four main types of cerebral palsy, which are discussed in detail below include:1  Spastic cerebral palsy.2  Athetoid cerebral palsy. 3  Ataxic cerebral palsy.enerally speaking, there are four types of cerebral palsy, which are classified by location of brain damage, the type of movement impairment, and other symptoms the condition causes. These four main types of cerebral palsy, which are discussed in detail below include: 1  Spastic cerebral palsy. 2  Athetoid cerebral palsy. 3  Ataxic cerebral palsy.",1,1,0,##final score: 0
183378,exons definition biology,1127571,"The completed human sequence can now identify their locations. But only about 1.5% of the genome codes for proteins, while the rest consists of non-coding RNA genes, regulatory sequences, introns, and noncoding DNA (once known as junk DNA).",1,1,0,##final score: 0
1112341,what is the daily life of thai people,1707321,"Officially throughout the country only the national currency of Thailand – Thai baht – is accepted. But if you have just arrived and did not have time for the currency exchange then you can pay for taxi in dollars or euros, where in fact it is difficult not to overpay.ead more about the currency exchange rates, Thai baht rates to other currencies and about bank cards and travel checks in a special article. Thai Baht has been the national currency of the Kingdom of Thailand since April 15, 1928.",1,1,0,##final score: 0
264014,how long is life cycle of flea,8608908,"With optimum conditions such as temperature and humidity a chicken egg takes 21 days to hatch.    From when it was layed, about 20-28 days,depending on the breed. From th … e time when the egg first cracked, about one day. This is a very slow process.t can take as little as a couple days or as long as a couple weeks for flea eggs to hatch.",2,2,1,##final score: 1
87181,causes of left ventricular hypertrophy,7586365,A. there are several explanations for the enlargement of the heart that occurs due to Aortic stenosis. the most reasonable is that the mechanical power that the heart uses makes it bigger. this is called Left Ventricular Hypertrophy or LVH in abbreviations. this is a classic LVH E.C.G.,2,2,3,##final score: 3
359349,how to find the midsegment of a trapezoid,4344101,"Area of a Trapezoid A trapezoid is a quadrilateral that has only one pair of sides that are parallel. To calculate the area of trapezoids, take the average of bases and multiply by its height. The area of a trapezoid is given by: A = (a + b) ∙ h /2. a: the length of the top. b: the length of the base.",1,1,0,##final score: 0
1117099,what is a active margin,2153487,"The great majority of earthquakes occur at tectonic plate boundaries. The majority of great earthquakes (magnitude 8.0 or larger) are megathrust earthquakes that occur at convergent plate boundaries, also called destructive margins or subduction zones.",1,1,0,##final score: 0
47923,axon terminals or synaptic knob definition,5417580,"The sequence of events at a synapse is as follows : 1) A nerve impulse reaches the axon terminal of a presynaptic neuron; the membrane is depolarised by an action potential. 2) Depolarisation of the axon terminal during the action potential causes voltage sensitive calcium ion channels to open in the terminal knob.) Synaptic Cleft: This is the narrow gap between the axon terminal of the presynaptic neuron, and the post-synaptic membrane of another excitable cell. It is filled with extracellular fluid. 3) Postsynaptic membrane: The membrane across the synaptic cleft is called the postsynaptic membrane.",1,1,2,##final score: 2
183378,exons definition biology,5098266,"The concept of a gene continues to be refined as new phenomena are discovered. For example, regulatory regions of a gene can be far removed from its coding regions, and coding regions can be split into several exons.",2,2,1,##final score: 1
1037798,who is robert gray,2970896,"Ken Gray (American football) Kenneth Don Gray (born March 10, 1936 in San Saba, Texas) was an offensive guard who played 13 seasons in the National Football League for the Chicago Cardinals/St. Louis Cardinals and the Houston Oilers. Gray attended Howard Payne University.",0,0,1,##final score: 1
1063750,why did the us volunterilay enter ww1,3654234,"For instance, he sent U.S. troops to Mexico to intervene in their civil war (1913-1917). When World War I broke out in Europe in 1914, Wilson tried to keep the U.S. neutral, but Germany repeatedly violated America's neutral status. When America finally entered the war in 1917 it was because, as Wilson stated,",1,1,2,##final score: 2
1103812,who formed the commonwealth of independent states,3708772,"For a short time in the 1990s, at the founding of the Commonwealth of Independent States, the name of the current Republic of Moldova was also spelled Moldavia. After the dissolution of the Soviet Union, the country began to use the Romanian name, Moldova.",1,1,0,##final score: 0
359349,how to find the midsegment of a trapezoid,5806106,"Also this featured trapezium calculator uses the various conversion functions to find its area in SI or metric or US customary units. Trapezoid & its Formula The following mathematical formula is used in this this calculator to find the area of a trapezoid for the given input value of parallel length a & b, & height h.",1,1,0,##final score: 0
1117099,what is a active margin,6069016,"The places where the destruction takes place are called convergent plate boundaries, or subduction zones. Convergent margins are the boundaries formed when two plates collide and there are three possibilities depending on whether continental or oceanic lithosphere is involved in the process.ivergent Plate Boundaries. The mid-ocean ridges are one of the three basic types of plate boundaries. We call them divergent plate boundaries because the plate material on either side of the margin is spreading apart.",1,1,0,##final score: 0
19335,anthropological definition of environment,527695,"The definition of anthropology is the study of various elements of humans, including biology and culture, in order to understand human origin and the evolution of various beliefs and social customs. An example of someone who studies anthropology is Ruth Benedict. anthropology. anthropology.",0,0,1,##final score: 1
359349,how to find the midsegment of a trapezoid,15807,"The Trapezoid Area Calculator will calculate the area of a trapezoid if you enter in the height, the length of the top, and the length of the top of the trapezoid.A trapezoid is a geometric figure with 4 sides that has 2 parallel sides. In British English the trapezoid is called the trapezium.he Trapezoid Area Calculator will calculate the area of a trapezoid if you enter in the height, the length of the top, and the length of the top of the trapezoid.",1,1,0,##final score: 0
1113437,what is physical description of spruce,4367828,"While the majority of these coniferous tree species have a fairly unremarkable average growth rate (between 6 inches and 11 inches per year), the Sitka spruce (Picea sitchensis), Norway spruce (Picea abies) and Colorado blue spruce (Picea pungens glauca) are renowned for their extraordinarily fast rates of growth.",1,1,0,##final score: 0
19335,anthropological definition of environment,3045565,"Medical Definition of ANTHROPOLOGY. : the science of humans; especially: the study of humans in relation to distribution, origin, classification, and relationship of races, physical character, environmental and social relations, and culture. — an·thro·po·log·i·cal \-pə-ˈlaej-ˈläj-i\ kəl. adjective the science of humans; especially: the study of humans in relation to distribution, origin, classification, and relationship of races, physical character, environmental and social relations, and culture. — an·thro·po·log·i·cal \-pə-ˈlaej-ˈläj-i\ kəl. adjective",1,1,2,##final score: 2
156493,do goldfish grow,5555919,A new tank need time to cycle before you add large number of fish or even just one large fish. Goldfish can get to be very large & need a large tank. Most goldfish get to be over 30 years old & grow to about 12 inches long. So you should be keeping them in a tank that is at least 50 gallons for the two of them.If you are not keeping them in that big of a tank I would plan on moving them to larger tank as soon as possible. As for their not moving around much now. That is not that uncommon of a thing when you get new fish.When they are moved to new location they become very stress by the move.f you are not keeping them in that big of a tank I would plan on moving them to larger tank as soon as possible. As for their not moving around much now. That is not that uncommon of a thing when you get new fish. When they are moved to new location they become very stress by the move.,2,2,3,##final score: 3
168216,does legionella pneumophila cause pneumonia,2210774,"Legionnaires disease, also called legionellosis, is caused by the bacteria Legionella pneumophila and related species. These organisms have been found in water delivery systems. The infection can be caught by inhaling mists from water contaminated with the germs.Outbreaks have been traced to contaminated whirlpool spas, humidifiers, and air conditioning cooling towers and have occurred in hospitals, hotels, and cruise ships. The incubation period for legionnaires disease is 2 to 10 days.The disease and the organism that causes legionnaires disease were identified and got their names from the first known outbreak, at an American Legion convention held at a Philadelphia, PA, hotel in 1976.egionnaires disease, also called legionellosis, is caused by the bacteria Legionella pneumophila and related species. These organisms have been found in water delivery systems. The infection can be caught by inhaling mists from water contaminated with the germs.",2,2,3,##final score: 3
489204,right pelvic pain causes,320076,"Any problem, infection, injury, inflammation, twisting, wind retention, cancer or tumors in the above mentioned structures causes lower right abdominal pain. We will look at some of the common causes with symptoms, investigations and treatment for pain in the lower right abdomen.",1,1,2,##final score: 2
182539,example of monotonic function,5567732,"Quite similarly, a function is termed as monotonically decreasing or a decreasing function if Y axis values do decrease as the X axis values are decreasing. The nature of increasing or decreasing function is to either increase or decrease throughout the function.",1,1,2,##final score: 2
168216,does legionella pneumophila cause pneumonia,4324493,WHAT YOU NEED TO KNOW: Legionnaires disease (LD) is a lung infection caused by Legionella bacteria. Legionella bacteria can be found in many water sources. You can get LD by breathing in steam or water droplets that contain Legionella bacteria. LD cannot be passed from one person to another. LD can occur in outbreaks. Outbreaks happen when 2 or more people in the same place develop LD at almost the same time.,2,2,3,##final score: 3
168216,does legionella pneumophila cause pneumonia,1779100,"K. pneumoniae, also called Friedlander's .bacillus, can infect the human respiratory tract and cause pneumonia and, along with some other species, human urinary-tract and wound infections. God causes the bacteria Klebsiella pneumonia.",0,0,1,##final score: 1
1110199,what is wifi vs bluetooth,5857921,"Bluetooth is a wireless technology developed by Ericsson that is designed to be a cable replacement. It operates on the 2.4GHz frequency band, like WiFi, and is officially known as IEEE standard 802.15.1.",1,1,2,##final score: 2
264014,how long is life cycle of flea,3577338,"Before becoming adult fleas, the larvae transform into pupae within a silk-like cocoon. Pupae remain inside the cocoon for 2 to 4 weeks, sometimes longer. The cocoon is resistant to insecticides and this is why some adult fleas are seen for an extended period, even after the home and pet are treated.",2,2,3,##final score: 3
1063750,why did the us volunterilay enter ww1,3192413,"On May 7, 1915, the British ocean liner RMS Lusitania, which primarily ferried people and goods across the Atlantic Ocean between the United States and Great Britain, was torpedoed by a German U-boat and sunk.Of the 1,959 people on board, 1,198 died, including 128 Americans.The sinking of the Lusitania enraged Americans and hastened the United States' entrance into World War I. Dates: Sunk May 7, 1915. Also Known As: Sinking of the RMS Lusitania.he Lusitania sunk within 18 minutes. Though there had been enough lifeboats for all passengers, the severe listing of the ship while it sunk prevented most from being launched properly. Of the 1,959 people on board, 1,198 died.",2,2,1,##final score: 1
264014,how long is life cycle of flea,4539746,"Flea pupae can also stay in their cocoons for up to a year, waiting to sense the body heat and vibrations that signal the presence of nearby hosts. So when you go on vacation, the fleas don't starve to death -- they simply wait for you and your pets to come back. When you walk into your home after being away, hungry adult fleas flock to you and to anything else that has a pulse, regardless of how many legs it has. Pupae break out of their cocoons and search for their first blood meal.",2,2,3,##final score: 3
1112341,what is the daily life of thai people,2173822,"About 75 percent of the inhabitants of Thailand are Thai. The largest minority group consists of the Chinese, who make up about 14 percent of the total population, and most are Thai nationals. Other minority groups include the Malay-speaking Muslims in the south, the hill tribes in the north, and Cambodian (Khmer) and Vietnamese refugees in the east. The population of Thailand is about 75 percent rural. Most Booked Hotels. (Phuket)",1,1,0,##final score: 0
1106007,define visceral?,1601160,"Wiktionary (2.00 / 1 vote) Rate this definition: emotion (Noun). A person's internal state of being and involuntary physiological response to an object or a situation, based on or tied to physical state and sensory data. emotion (Noun). A reaction by an non-human organism with behavioral and physiological elements similar to a person's response.",1,1,0,##final score: 0
443396,lps laws definition,7519448,"Legal Definition of involuntary. : done, made, or initiated contrary to or without one's choice an involuntary confession an involuntary lien an involuntary plaintiff joined in the action.",1,1,0,##final score: 0
1063750,why did the us volunterilay enter ww1,3394536,"The Zimmermann Telegram helped change public opinion in the United States away from isolationism and toward joining World War I with the Allies. The Full Text of the Zimmermann Telegram. (Since the coded Zimmermann Telegram was originally written in German, the text below is a translation of the German message.). We intend to begin on the first of February unrestricted submarine warfare.",2,2,1,##final score: 1
87181,causes of left ventricular hypertrophy,5469038,"Over time, this can cause the heart muscle to thicken. As the heart pumps against elevated pressure in the blood vessels, the left ventricle becomes enlarged and the amount of blood pumped by the heart each minute (cardiac output) goes down, a condition called left ventricular hypertrophy (LVH). Without treatment, this can lead to heart failure.",2,2,3,##final score: 3
915593,what types of food can you cook sous vide,5774013,"Enter sous-vide. By cooking the pork chops to a very precise temperature (I like 'em at 140°F), there's no way you're going to overcook them and end up in dry territory—even if you don't plan on brining them. Score! BBQ-style chops with a spicy rub and sweet sauce lend themselves very well to this type of treatment.",2,2,1,##final score: 1
359349,how to find the midsegment of a trapezoid,3223833,"The midsegment of a trapezoid is the segment that joins the midpoints of the nonparallel sides of a trapezoid. In the trapezoid below, the midpoints of the non-parallel sides are points S and V. The midsegment is the red line segment from S to V. The midsegment below can be found by. 1  calculating the lengths of the bases. 2  35-16 = 9 (length of upper base). 3  45-0 =45 (length of lower base). 4  calculating the sum of the bases. 5  9+45 = 54.",2,2,3,##final score: 3
264014,how long is life cycle of flea,528377,"In a humid environment, over 60% of newly hatched fleas can live without a host for 2 months. In a cool, dry environment, only 10% will live without an immediate host. Humidity is the key to flea survival.",1,1,2,##final score: 2
1133167,how is the weather in jamaica,7793414,"Weather in Jamaica in December. Weather in Jamaica in December. One of the coolest and driest months of the year, December is when the high-season begins for vacationing in Jamaica. However, there's no worry for travelers who want warm weather for their vacation during the winter - temperatures are still tropical throughout December.",2,2,3,##final score: 3
1133167,how is the weather in jamaica,7486599,"September Weather in Jamaica. The tables below give the normal September temperatures and rainfall for cities and popular vacation spots in Jamaica. There's also information here on hurricanes, plus this month's average humidity and sunshine. The measures of climate are averages of data collected at weather stations over several decades.",2,2,3,##final score: 3
1114819,what is durable medical equipment consist of,6820823,"Durable medical equipment. Medicare pays 80 percent of its approved amount for certain pieces of medical equipment, such as a wheelchair or walker. You pay 20 percent coinsurance, and could pay up to 15 percent if your home care provider does not accept Medicare’s approved fees.",2,2,1,##final score: 1
47923,axon terminals or synaptic knob definition,320920,1) Dendrites conduct impulses toward the cell body 2) Axons conduct impulses away from the cell body 3) Axons end in axonal terminants 4) Axonal terminals are separated from the next neuron by a gap.,1,1,2,##final score: 2
1133167,how is the weather in jamaica,7949845,"Bermuda Weather in August. 1  August is usually the hottest month in Bermuda when the temperature varies between an average high of 86 degree Fahrenheit to a low of 78 degree. 2  However, the humidity also rises and can be well over 85% on certain days. 3  August falls in hurricane season of Bermuda. But don't worry. Bermuda is generally well prepared to handle hurricanes compared to many of the Caribbean islands. To know when and how hurricane strikes Bermuda and its impacts, check Bermuda Hurricane. Here is a picture of how a typical day in August looks in Bermuda.",0,0,1,##final score: 1
87181,causes of left ventricular hypertrophy,8565420,"Left ventricular hypertrophy is thought to be the leading cause of sudden cardiac death in the adult population. This is most commonly the result of longstanding high blood pressure which has caused secondary damage to the wall of the main pumping chamber of the heart, the left ventricle.",2,2,3,##final score: 3
1113437,what is physical description of spruce,7377272,"The way that I remember which grows up and which grows down is that I remember the s in spruce means that the cones spray the ground. One of the best and easiest ways to tell the difference between a true spruce and fir tree is to look at the tree's cones. When mature, the cones on a fir tree stand straight up (point towards the sky) while the mature cones on a spruce grow down towards the ground from the bottom side of the branch. The way that I remember which grows up and which grows down is that I remember the s in spruce means that the cones spray the ground.",2,2,1,##final score: 1
915593,what types of food can you cook sous vide,3538161,"Fruit cooked sous vide can be enhanced by the addition of flavour to the bag. Most simply, add stock syrup for added sweetness. You could also add alcohol such as white or red wine or even gin or try adding star anise, fennel seeds, lavender, thyme or rosemary.",2,2,1,##final score: 1
915593,what types of food can you cook sous vide,7885529,"Salmon Cook in Bag Dinner, Fresh, Ready to Cook ... This went into a sous vide pot and was cooked for 48 hours a Photo of Publix - Jacksonville, FL, United States",2,2,1,##final score: 1
1063750,why did the us volunterilay enter ww1,819283,"U.S. Entered World War I. April 6, 1917. On April 6, 1917, the U.S. joined its allies--Britain, France, and Russia--to fight in World War I. Under the command of Major General John J. Pershing, more than 2 million U.S. soldiers fought on battlefields in France. Many Americans were not in favor of the U.S. entering the war and wanted to remain neutral. However, the U.S. eventually did enter the war. Do you know how the war began and why the U.S. became a part of it? page 1 of 3",1,1,2,##final score: 2
833860,what is the most popular food in switzerland,8068230,"In an average year, some 60 million pounds of Swiss cheese are imported by the United States, but only about 11 percent of that cheese comes from Switzerland. Much of our imported Swiss comes from Finland and Denmark, and many other countries produce it, including the United States.",1,1,0,##final score: 0
833860,what is the most popular food in switzerland,45135,"Originating in Switzerland, gruyere gruyère cheese is a, fine mellow cheese made from'cow s. Milk among, chefs'it s considered to be the best type of cheese for baked. Dishes it adds a, rich slightly salty taste to the dish without an overpowering. flavor",1,1,2,##final score: 2
1114819,what is durable medical equipment consist of,7567806,"Home health care, the Medicare option and generally considered for short-term treatment lasting approximately six weeks. The home health agency must continue to prove to Medicare that the patient has a need for skilled care. Home health care gives on average less than 28 hours per week. 1  Applies to Medicare rules and regulations. 2  A patient is homebound. 3  Co-payments apply.  Durable medical equipment like wheelchairs and oxygen concentrators, medications are partially paid for by the home health agency.",2,2,1,##final score: 1
443396,lps laws definition,2671287,The importance of defining “ Assessment ” and “ Examination ” in Mental Illness Civil Detention Legislation The examination of a person by a psychiatrist is a condition precedent to the involuntary detention and treatment of a person considered to have a mental illness.,1,1,0,##final score: 0
264014,how long is life cycle of flea,4259227,"In homes, flea larvae live for 7-11 days before pupating. In ideal environments, they can fully develop in 4-7 days. In poor conditions, it may take 28-45 days for flea larvae to mature. How quickly they develop depends upon ambient temperature, relative humidity, and food availability.",2,2,3,##final score: 3
156493,do goldfish grow,1277721,"The Shubunkin Goldfish can grow very large and an adult Shubunkin Goldfish will need at least 30-40 gallons of water, while a juvenile requires around 15 gallons. The aquarium or pond should be decorated and provide the Shubunkin Goldfish with heavily planted places as well as open areas for swimming.",2,2,3,##final score: 3
168216,does legionella pneumophila cause pneumonia,2735305,"1 Infections (rare causes of acute pancreatitis) - examples of bacterial infections include: Salmonellosis, a type of food poisoning caused by the bacterium Salmonella, or Legionnaires' disease, an infection caused by the bacterium Legionella pneumophila found in plumbing, shower heads and water-storage tanks.ancreatitis means inflammation of the pancreas that can appear in two very different ways. Acute pancreatitis is sudden while chronic pancreatitis is recurring or persistent.",2,2,1,##final score: 1
1063750,why did the us volunterilay enter ww1,4681094,"What did the Zimmerman note promise Mexico from Germany? If Mexico helped Germany, then Germany would help Mexico get back, New Mexico, Arizona and parts of Texas from the US Why did the United States join the war effort on the side of the Allies? Felt close to Britain and France because they were democratic",2,2,1,##final score: 1
1133167,how is the weather in jamaica,6467524,Find the best month to visit Jamaica based on the weather. Jan Feb Mar Apr May Jun Jul Aug Sep Oct Nov Dec Expect 29°C daytime maximum temperatures in the shade with on average 8 hours of sunshine per day in Jamaica in February.,2,2,1,##final score: 1
1103812,who formed the commonwealth of independent states,4292848,"Commonwealth of Independent States; putative successor to the USSR, except that the Baltic Republics of Estonia, Latvia, and Lithuania never joined. Contrary to another definition of CIS at the Urban Dictionary, the CIS does not stand for Communist Independent States.. Moreover, that definition has the CIS existing BEFORE 1991, and includes Kazakhstan as not officially part of the Soviet Union.. Kazakhstan was, in fact, one of the 15 republics of the USSR until 1991.",1,1,0,##final score: 0
489204,right pelvic pain causes,5842850,"Women might experience pain in the lower right quadrant of the abdomen due to stomach problems, appendicitis, ovarian cyst, kidneys stones, etc. This write-up provides some information on these conditions.",1,1,2,##final score: 2
1114819,what is durable medical equipment consist of,2421176,Over-the-counter medical supplies and equipment are considered reimbursable by an FSA account in 2011 and include the following categories: 1  Contact lens solution. 2  Diagnostic devices (i.e. blood pressure and blood glucose monitors). 3  Durable medical equipment and goods. 4  Insulin. 5  Prescription medications.,1,1,2,##final score: 2
833860,what is the most popular food in switzerland,3273428,"fondue. n. 1. (Cookery) a Swiss dish, consisting of cheese melted in white wine or cider, into which small pieces of bread are dipped and then eaten. [C19: from French, feminine of fondu melted, from fondre to melt; see fondant].. fondue-hot cheese or chocolate melted to the consistency of a sauce into which bread or fruits are dipped. fondu. dish-a particular item of prepared food; she prepared a special dish for dinner.",1,1,2,##final score: 2
1133167,how is the weather in jamaica,8621563,"Typical Weather in December. December temperatures in the Virgin Islands range from an average low of 74.0 degrees to an average high of 85.0 degrees. On a typical December day, during the early morning hours you will probably find the temperature will be around 77.0 degrees.",0,0,1,##final score: 1
47923,axon terminals or synaptic knob definition,5053382,"Unformatted text preview: is the space between two neurons where the axon of a sending neuron LO 3 LO 3 Synapse The space between two neurons where the axon of a sending neuron communicates with the dendrites of a receiving neuron by using chemical messages. Figure 3 (A) A synapse is the junction between an axon and a dendrite. The gap between the axon and the dendrite is bridged by chemicals called neurotransmitters (Mader, 2000).",1,1,2,##final score: 2
489204,right pelvic pain causes,8737047,"9 Most Common Causes, Symptoms, Investigations and Treatment for Lower Abdominal Pain Appendicitis: Inflammation of appendix is a painful condition. Symptoms: Appendicitis pain occurs in the lower right abdomen and can radiate to other regions of the abdomen.",1,1,2,##final score: 2
915593,what types of food can you cook sous vide,5931263,"Pick the one that you will use, preferably one of the more hands-off techniques due to the incredibly long time the ribs cook. Set the water temperature for the temperature you want for the sous vide short ribs, we recommend 56C / 133F for perfectly medium rare.",2,2,1,##final score: 1
130510,definition declaratory judgment,4022904,"1 You may sue the government for a declaratory judgment, to protest a wrongful injunction, and for equitable relief. 2  Generally, you may sue to restrain the government in some way, but not force it to act. 3  You may sue if a government employee, official, or agency abuses its authority or acts beyond its authority.here are many situations where suing the government is appropriate: 1  The immunity only applies to lawsuits that try to force the government to act or that demand money damages. 2  You may sue the government for a declaratory judgment, to protest a wrongful injunction, and for equitable relief.",1,1,2,##final score: 2
489204,right pelvic pain causes,1114410,"• Pain and tenderness usually start in the upper part of the stomach or around the belly button and moves to the lower right part of the abdomen. The pain can be sharp, severe, and felt more when the lower right abdomen is touched.",1,1,2,##final score: 2
168216,does legionella pneumophila cause pneumonia,6264730,"Legionella in the Environment. Legionnaires' disease (LEE-juh-nares) is caused by a type of bacteria called Legionella. The Legionella bacteria are found naturally in the environment, usually in water.The bacteria grow best in warm water, like the kind found in.1  Hot tubs.2  Cooling towers.3  Hot water tanks. 4  Large plumbing systems.egionnaires' disease (LEE-juh-nares) is caused by a type of bacteria called Legionella. The Legionella bacteria are found naturally in the environment, usually in water. The bacteria grow best in warm water, like the kind found in. 1  Hot tubs. 2  Cooling towers. 3  Hot water tanks. 4  Large plumbing systems.",1,1,2,##final score: 2
1114819,what is durable medical equipment consist of,785034,"Note: To the extent a particular type of DME is considered not medically necessary or investigational and not medically necessary, it may be addressed in a specific Medical Policy or Clinical UM Guideline.ote: As these criteria may not be the criteria used in the definition of DME within the covered individual's plan document, these criteria are not to be used for benefit determinations for a covered individual.",1,1,0,##final score: 0
451602,medicare's definition of mechanical ventilation,1868905,cpap machine sleep apnea machine breathing machine auto cpap machine portable breathing machine oxygen breathing machine ventilator machine portable bipap machine ultrasonic nebulizer machine hospital breathing machine portable oxygen breathing machine portable ventilator machine price of bipap machine cpap respiratory bipap for respiratory More...,1,1,0,##final score: 0
489204,right pelvic pain causes,8047853,"Constipation can cause pain localized in the lower right abdomen, as well as rebound tenderness. But the constipation starts before the abdominal pain, unlike when you have appendicitis — though constipation is sometimes a symptom of appendicitis, too. A kidney infection can be another cause of lower right abdominal pain — if the right kidney is infected — but this also causes groin pain, back pain, and painful urination.",1,1,2,##final score: 2
156493,do goldfish grow,8273013,"A mother claims she has to keep buying new tanks for her foot-long goldfish who is still growing - and gets 'angry and violent' if he is not fed on time. When Anne Cooper, 56, bought two goldfish from a Scarborough pet store three years ago, they were both only an inch long.",2,2,3,##final score: 3
1114819,what is durable medical equipment consist of,104626,"All other covered SNF services for these beneficiaries can be separately billed to and paid by the Medicare contractor. Physicians, non-physician practitioners, and suppliers should contact their Part B MAC or Durable Medical Equipment (DME) MAC with questions about SNF consolidated billing.",1,1,0,##final score: 0
1133167,how is the weather in jamaica,8403745,"The reduced shear environment there was conducive for. hurricane development, and on October 22 a tropical depression was formed approximately 305. nautical miles south-southwest of Kingston, Jamaica; Tropical Storm Sandy formed 6 hours later. The southwestern Caribbean is a common place for tropical cyclone formation in late October, and Sandy initially followed the typical north and northeast motion at this time of year toward. Jamaica.",1,1,0,##final score: 0
264014,how long is life cycle of flea,6773914,Turkey eggs usually take 21 to 28 days to hatch depending on what they are incubated in like an incubator or by a hen. It also depends on how fertile it is and how it is cared … for. It usually takes closer to 28 days.+ 158 others found this useful.t can take as little as a couple days or as long as a couple weeks for flea eggs to hatch.,2,2,1,##final score: 1
1063750,why did the us volunterilay enter ww1,6127382,"April 6, 1917. The US entered World War One on April 6, 1917. This was a declaration of war by the US Senate. US declaired war against Germany on April 6, 1917 and later the same year against Austria - Hungary, December 7, 1917.",1,1,2,##final score: 2
183378,exons definition biology,5867685,Definitions of dominant gene. 1. “the dominant gene for brown eyes”. (genetics) a segment of DNA that is involved in producing a polypeptide chain; it can include regions preceding and following the coding DNA as well as introns between the exons; it is considered a unit of heredity.,1,1,2,##final score: 2
1115776,what is an aml surveillance analyst,4314169,"Job Classification: Contract An Anti-Money Laundering Analyst job is newly available in Phoenix, AZ. If you have two (2) plus years’ of experience as an AML Analyst then this may be the next perfect position for you. This opportunity will require strong p...",1,1,2,##final score: 2
87181,causes of left ventricular hypertrophy,8032048,A narrow pulse pressure is also caused by aortic valve stenosis and cardiac tamponade. A pulse pressure is considered abnormally low if it is less than 25% of the systolic value.The most common cause of a low (narrow) pulse pressure is a drop in left ventricular stroke volume.In trauma a low or narrow pulse pressure suggests significant blood loss (insufficient preload leading to reduced cardiac output). narrow pulse pressure is also caused by aortic valve stenosis and cardiac tamponade. A pulse pressure is considered abnormally low if it is less than 25% of the systolic value.,0,0,1,##final score: 1
1133167,how is the weather in jamaica,7762240,"Typical Weather in May. Temperatures in Jamaica during May generally vary between an average high during the day of 86.0 degrees and an average low at night of 75.0 degrees. On any given day during May in Jamaica, you can expect early morning temperatures to be around 78.4 degrees.",2,2,3,##final score: 3
168216,does legionella pneumophila cause pneumonia,7492752,Medical Definition of legionella. 1  1 capitalized : a genus of gram-negative rod-shaped bacteria (family Legionellaceae) that includes the causative agent (L. pneumophila) of Legionnaires' disease. 2  2plural legionellae \-ˌē\ also legionellas : a bacterium of the genus Legionella.,2,2,1,##final score: 1
1115776,what is an aml surveillance analyst,8065457,"Posted in Anti-Money Laundering (AML), Bank Secrecy Act (BSA), Financial Crimes Enforcement Network (FinCEN), Geographic Targeting Orders, GTOs This article is Part II of a series in which we address the U.S. government’s attempts to combat money laundering in real estate transactions.",1,1,0,##final score: 0
1121709,what are the three percenters?,8500135,"The vast majority of Americans don't know their credit score -- or even how to find out what it is. A July 2003 survey commissioned by the Consumer Federation of America found that only 2 percent of Americans said they knew their credit score. And only 3 percent could, unprompted, name the three main credit bureaus. July 2003 survey commissioned by the Consumer Federation of America found that only 2 percent of Americans said they knew their credit score. And only 3 percent could, unprompted, name the three main credit bureaus.",0,0,1,##final score: 1
443396,lps laws definition,8079043,"trial, they would be a candidate for long-term LPS public conservatorship. LPS conservatorship was initiated to arrange for the involuntary. hospitalization and mental health treatment of persons who are gravely disabled as. a result of a mental disorder or severe and chronic substance abuse or alcoholism.",2,2,1,##final score: 1
1121709,what are the three percenters?,3145978,"(October 2012). A talent agent, or booking agent, is a person who finds jobs for actors, authors, film directors, musicians, models, film producers, professional athletes, writers, screenwriters, broadcast journalists, and other people in various entertainment or broadcast businesses.n many cases, casting directors, or other businesses go to talent agencies to find the artists for whom they are looking. The agent is paid a percentage of the star's earnings (typically 10%). Therefore agents are sometimes referred to as 10 percenters.. Various regulations govern different types of agents.",0,0,1,##final score: 1
1114646,what is famvir prescribed for,444382,"FAMVIR tablets contain 125 mg, 250 mg, or 500 mg of famciclovir, together with the following inactive ingredients: hydroxypropyl cellulose, hydroxypropyl methylcellulose, lactose, magnesium stearate, polyethylene glycols, sodium starch glycolate and titanium dioxide.",1,1,0,##final score: 0
156493,do goldfish grow,8273011,The best way to get goldfish to grow the fastest is you give them as much room as you can then you give them growth food from the store. You can find it at almost any store that sells fish food. This will ensure that it will grow fast and big. blackheart_21 · 7 years ago.,2,2,3,##final score: 3
1124210,tracheids are part of _____.,2258593,"There are two types of cells that make up the xylem: tracheids and vessel elements. Both of these cell types are dead when they are used in the xylem. Using dead cells, which don’t have organelles filling them up, allows more capacity for transporting water.Tracheids are long, narrow cells whose ends overlap.ylem and phloem make up the vascular tissue. The vascular tissue is arranged in bundles, and is easy to see in a cross-section of a stem: Another important tissue is the dermal tissue, which is the outer protective layer. Plants don’t have skin exactly, but they do have an epidermis.",2,2,3,##final score: 3
104861,cost of interior concrete flooring,2278231,"1 Pouring a concrete slab/flooring can cost $5 to $14 per square foot. 2  If you want to have a professional build the kit for you, labor charges can vary anywhere from $4,000 to $10,000. 3  This will depend on the size and complexity of the barn. This can be an additional $1 to $4 per square foot. 2  Pouring a concrete slab/flooring can cost $5 to $14 per square foot. 3  If you want to have a professional build the kit for you, labor charges can vary anywhere from $4,000 to $10,000. 4  This will depend on the size and complexity of the barn.",2,2,3,##final score: 3
264014,how long is life cycle of flea,3338821,"Flea larvae do not take a blood meal directly from a host, unlike adult fleas. The flea’s larval stage is completed within about 4-18 days. One of the last activities of flea larvae is to spin a silken cocoon and then enter the pupal stage.",2,2,3,##final score: 3
527433,types of dysarthria from cerebral palsy,1317224,"There are four types of brain damage that cause cerebral palsy. The brain damage that causes motor impairment in cerebral palsy results from one of four types of brain injury or brain malformation.ause of Cerebral Palsy. Cerebral palsy is caused by brain injury or brain malformation that occurs before, during, or immediately after birth while the infant’s brain is under development.",0,0,1,##final score: 1
104861,cost of interior concrete flooring,1814642,"Time: 01:56. View all concrete floor videos. The cost of stained concrete can vary greatly. For a basic application of a single stain color with sealer and minimal surface prep, most decorative concrete contractors charge between $2 and $4 per square foot. As the complexity of the job rises, so will the price.",2,2,3,##final score: 3
1121402,what can contour plowing reduce,5576063,"After the dust bowl, the government encouraged farmers to: terrace, use contour farming techniques , use irrigation, use stubble mulching, use crop rotation, and plant shelter belts What was the huge region of farmland that dried up in the high plains called ?",1,1,0,##final score: 0
1110199,what is wifi vs bluetooth,6368891,"Both specifications tout security as one of their main benefits. Bluetooth 4.0 uses AES 128-bit encryption to protect your data as it is transmitted between devices. Wi-Fi Direct, on the other hand, uses WPA2 security, and its AES 256-bit encryption.",2,2,1,##final score: 1
1110199,what is wifi vs bluetooth,2796199,"Home : Technical Terms : Wireless Definition. Wireless. In the computing world, the term wireless can be rather ambiguous, since it may refer to several different wireless technologies. The two most common types of wireless capabilities computers have are Wi-Fi and Bluetooth. Wi-Fi is the technology used for wireless networking.",1,1,2,##final score: 2
104861,cost of interior concrete flooring,5652266,"This price is usually for commercial floors and includes staining or scoring the floors, according to John Buteyn of Colorado Hardscapes. $6-$12/ sq ft. The typical cost for polished concrete in a residential floor because it is more difficult to get a consistent look using a smaller machine, according to Buteyn.osts for polished concrete will range depending upon the area of the country and the contractor. Many offer different price points for various levels and designs for polished concrete.",2,2,3,##final score: 3
168216,does legionella pneumophila cause pneumonia,6061723,back to top causes the bacteria that cause legionnaire disease have been found in water delivery systems they can survive in the warm moist air conditioning systems of large buildings including hospitals most cases are caused by the bacteria legionella pneumophilaack to top causes the bacteria that cause legionnaire disease have been found in water delivery systems they can survive in the warm moist air conditioning systems of large buildings including hospitals most cases are caused by the bacteria legionella pneumophila,2,2,3,##final score: 3
264014,how long is life cycle of flea,5611213,Report Abuse. Adult fleas can live one to two months without a blood meal and seven to eight months with a blood meal ...watch your feet.eport Abuse. Adult fleas can live one to two months without a blood meal and seven to eight months with a blood meal ...,2,2,3,##final score: 3
1133167,how is the weather in jamaica,6090702,"Weather in the Bahamas in June. Hot sun, humidity, and frequent showers characterize the month of June in The Bahamas. June also marks the beginning of an increased chance for seeing severe tropical weather although still unlikely this early in the season.n a typical June day, during the early morning hours you will probably find the temperature will be around 80.0 degrees. Temperatures in The Bahamas typically rise during the day, to an average of 85.2 degrees in the early afternoon.",0,0,1,##final score: 1
1133167,how is the weather in jamaica,6020865,"Typical Weather in February. During February the temperatures in the Caribbean typically vary between a daily high of about 82.4 degrees and a daily low of approximately 72.1 degrees. During the month of February, it rains an average of 8.7 days. Total precipitation during the month averages 1.9 inches.ypical Weather in February. During February the temperatures in the Caribbean typically vary between a daily high of about 82.4 degrees and a daily low of approximately 72.1 degrees. During the month of February, it rains an average of 8.7 days. Total precipitation during the month averages 1.9 inches.",1,1,2,##final score: 2
1063750,why did the us volunterilay enter ww1,7247262,"The triggering cause was the continued sinking of neutral ships, which harmed American commercial interests. Other causes included the Zimmermann note, the Russian Revolution, and an anti-German bias among Americans.",3,3,2,##final score: 2
264014,how long is life cycle of flea,7809272,"Fleas lay about five hundred eggs in their lifetime. At any one time, about 5% of the fleas associated with a pet are adults on the pet. The rest are about evenly divided between eggs, larva and pupa. So you are dealing with a lot more fleas than meet the eye.",1,1,2,##final score: 2
489204,right pelvic pain causes,6581779,Injuries or abnormalities of the right side kidney usually cause pain on the right side of the waist as well. Various infections of the kidneys and kidney stones formed from excess calcium or uric acid are also connected to pain in lower abdomen and the lower back.,1,1,2,##final score: 2
451602,medicare's definition of mechanical ventilation,3090663,"A mechanical ventilation system can be combined with all sorts of heating and cooling systems. Often the heating, cooling and ventilation of a building are combined in the air-conditioning system.In a mechanical ventilation system the supply air and the exhaust air are transported mechanically.y controlling the ventilator it is possible to control the ventilation capacity of the system. Natural air supply with mechanical air exhaust. This is a popular form of ventilation in residential buildings and offices.",0,0,1,##final score: 1
1063750,why did the us volunterilay enter ww1,2496767,"Explain the significance of the following dates: 1914-1918. Did the sinking of the Lusitania cause the United States to enter World War I. Not directly, but it did cause more Americans to be in favor of the entry of the United States into the war. Define the following terms: Militarism, Imperialism, nationalism, and alliances. ...",2,2,1,##final score: 1
148538,difference between rn and bsn,1950977,"The higher level positions have a higher average salary. For that reason, while there is no significant difference in the salary of an ADN RN and a BSN RN working as a staff nurse on a hospital unit, a nurse with a BSN will make more income over the course of their career.Many ADN graduates return to school and complete their BSN after they start working.owever, many facilities also offer a differential for the BSN degree. On a national level an RN with a BSN makes $2500-$3500 more per year in the entry level position due to the differential.",2,2,3,##final score: 3
359349,how to find the midsegment of a trapezoid,8456698,"The midpoint of a line segment is the exact point that's in the middle - exactly halfway between the two points. You don't really need to memorize the formula... Just remember that the midpoint is like the average point... So, you take the average of the x's and the average of the y's.",1,1,0,##final score: 0
1133167,how is the weather in jamaica,8033647,"Climate and Weather in the Jamaica in April. Average temperature in Jamaica in April: 23 to 30°C, 73 to 86°F. Sea temperature in Jamaica in April: 26°C, 79°F. Average rainfall in April: 37mm, 1.5in. Note: April is generally the month of Easter; Jamaicans celebrate this holiday with festivities and parties.",2,2,3,##final score: 3
47923,axon terminals or synaptic knob definition,4416477,"1 A chemical that is released into the synaptic cleft from the axon terminal of a sending neuron, crosses a synapse, and binds to appropriate receptor sites on the dendrites or cell body of a receiving neuron, influencing the cell either to fire or not to fire. 2  Receptors. Glial cells. 2  Cells that help to make the brain more efficient by holding neurons together, removing waste products such as dead neurons, making the myelin coating for the axons, and performing other manufacturing, nourishing, and cleanup tasks.",1,1,2,##final score: 2
359349,how to find the midsegment of a trapezoid,2490389,"Medians. Median: The line segment that joins a vertex and the midpoint of the opposite side (of a triangle). Example 1: Draw the median for below. Solution: From the definition, we need to locate the midpoint of.",0,0,1,##final score: 1
451602,medicare's definition of mechanical ventilation,1078134,"Numerous decisions need to be made once it is determined that a patient requires mechanical ventilation, including the mode of mechanical ventilation. The mode refers to the method of inspiratory support. Its selection is generally based on clinician familiarity and institutional preferences since there is a paucity of evidence indicating that the mode affects clinical outcome. Common modes of mechanical ventilation are described in this topic review (table 1).",1,1,0,##final score: 0
1037798,who is robert gray,8780801,"Michael Gray is a British DJ / producer who is signed to independent dance record label Eye Industries. He is also one half of the popular dance music production/remixing duo Full Intention. In 2004, Gray began issuing records under his own name, the first being The Weekend. , a worldwide hit in late that year.",0,0,1,##final score: 1
527433,types of dysarthria from cerebral palsy,4952135,"See a list of possible causes in order from the most common to the least. 1. Speech impairment includes any symptom that causes a person to have difficulty with vocal communication. Such problems may include slurred, slowed, hoarse, stuttered, or rapid speech. Other symptoms may include stiff facial muscles, drooling, poor... Read more. Adult speech impairment includes any symptom that causes an adult to have difficulty with vocal communication. ",1,1,0,##final score: 0
264014,how long is life cycle of flea,2572557,"If you grasp the stages of flea development, it will make it easier to kill them. The life cycle of a flea is comprised of four important stages, namely: The flea eggs stage. The flea larvae stage. The flea pupa stage. The adult fleas stage.",1,1,2,##final score: 2
1117099,what is a active margin,4458509,"The overall rate may be extremely slow (one to ten centimeters per year), but the long term effect is a continual re-shaping of the surface of our planet. An active continental margin is found on the leading edge of the continent where it is crashing into an oceanic plate. An excellent example is the west coast of South America. Active margins are commonly the sites of tectonic activity: earthquakes, volcanoes, mountain building, and the formation of new igneous rock.",3,3,2,##final score: 2
915593,what types of food can you cook sous vide,1907207,The truly BEST way to cook meat evenly (frozen or not) would be a low-temp cooking process (AKA sous vide). If you can surround the meat with water at exactly the target temperature of the meat (e.g. 60 Celsius for chicken) you don't need to worry about it getting overcooked.,1,1,2,##final score: 2
489204,right pelvic pain causes,2798566,"Some cases of pneumonia will result to inflammation of the right lung, thus causing sharp pain in the right side of the body, specifically on the upper abdomen. This is accompanied by colds and cough. The pain it causes starts as a dull ache on the right back side that progressively increases in intensity.",0,0,1,##final score: 1
1113437,what is physical description of spruce,7385221,"The scales of most spruce cones are papery thin--yet another difference. And spruce bark is scaly--Douglas-fir and the true firs have smooth or ridged bark. There are approximately 40 different species of spruce in the world, but only 3 are native to the Pacific Northwest--and only 2 of those are common. Location is probably the best clue to their identity. : grows only along the Pacific coast, from northern California through southeastern Alaska, and only near sea level.",2,2,3,##final score: 3
148538,difference between rn and bsn,3918787,"Report Abuse. Your best plan is to do the RN first (two years full-time) and then enroll in an RN-to-BSN program, which will apply your RN credits toward a bachelor's degree. You'll finish in another two years (full time), and your pay will increase.ut, you're still an RN either way. The best jobs will require the master's degree and have titles like Family Nurse Practitioner or Nurse Anesthetist with salaries nearing $100K per year. They are still an RN-they just have more training than most RNs.",2,2,1,##final score: 1
1112341,what is the daily life of thai people,8442178,"The population of Thailand is approximately 67.5 million people, with an annual growth rate of about 0.3 percent. In addition to Thai, it includes ethnic Chinese, Malay, Lao,Burma, Cambodia, and Indians, among others.ven though Thailand has one of the best social security systems in Asia, the increasing population of elderly people is a challenge for the country. Life expectancy has risen, a positive reflection of Thailand's efforts in executing effective public health policies.",1,1,0,##final score: 0
1117099,what is a active margin,690634,"1 Convergent Boundaries-A convergent boundary is where two tectonic plates push together. 2  Sometimes one plate will move under the other. 3  This is called subduction. 4  Although the movement is slow, convergent boundaries can be areas of geological activity such as the forming of mountains and volcanoes.he part of the land that is moving is the Earth's surface called the lithosphere. The lithosphere is made up of the Earth's crust and a part of the upper mantle. The lithosphere moves in big chunks of land called tectonic plates. Some of these plates are huge and cover entire continents.",1,1,0,##final score: 0
1114819,what is durable medical equipment consist of,6202317,1 Durable medical equipment (DME) and prosthetics/orthotics (P&O) items dispensed in the provider's office must be billed using the appropriate HCPCS code and modifier (NU and RR: see Accepted modifiers section below).,1,1,0,##final score: 0
148538,difference between rn and bsn,5171603,"In the end, the outcome is the same. The major difference is the path and time commitment required to become an RN. You can go straight to the job market as an RN or you can further your education with a BSN degree.",1,1,2,##final score: 2
1063750,why did the us volunterilay enter ww1,3293219,"Germany invaded Poland in 1939, and the world  almost every country except the U.S.  was at war. Agricultural exports dropped as German submarines, known as U-boats, were sinking U.S. ships to England and Europe.",0,0,1,##final score: 1
168216,does legionella pneumophila cause pneumonia,5370224,"However your water temperature can be too cold. With water sitting at lower temperatures Legionella can grow causing serious health concerns. Above 70 °C : Legionella dies almost instantly. At 60 °C : 90% die in 2 minutes. At 50 °C : 90% die in 80–124 minutes, depending on strain.",1,1,2,##final score: 2
489204,right pelvic pain causes,1430555,"Lumbar Strain. In many cases, lower right back pain is due to a pull or tear of the muscles, tendons or ligaments of the lower right area of the back. Microscopic tears in the tissue can trigger inflammation and even cause muscles to spasm, intensifying lower right back pain.",0,0,1,##final score: 1
1037798,who is robert gray,3310854,"William Thomas Gray. Billy Gray was born on January 13, 1938 in Los Angeles, California, USA as William Thomas Gray. He is an actor, known for Father Knows Best (1954), The Day the Earth Stood Still (1951) and The Seven Little Foys (1955).",0,0,1,##final score: 1
1133167,how is the weather in jamaica,8003301,"Temperatures in Jamaica average between 20 and 35 degrees Celsius (68 to 95 degrees Fahrenheit) throughout year. The summer months of May, June, July, August, September and October are slightly warmer than the winter months.ea temperature in Jamaica in December: 26°C, 79°F. Average rainfall in December: 25mm, 0.9in. Events: The town of Negril and its famous Seven Mile Beach is host to the annual Reggae Marathon, where Usain Bolts and regular holidaymakers jog along the beautiful beaches of Jamaica to the beat of reggae tunes.",2,2,3,##final score: 3
264014,how long is life cycle of flea,1611221,"Of all four stages of the flea (egg, larva, pupa, adult) the eggs and larvae make up about 80% of the total flea population in an infested home. Approximately 2% of the population is made up of adults. The best pest management programs center on the prevention of immature fleas rather than the adults. There are two basic ways to address the problem: try to prevent any stage of the pest from entering the home and keep immature stages from maturing into adults.",1,1,2,##final score: 2
168216,does legionella pneumophila cause pneumonia,2265772,"1 The most common cause of bacterial pneumonia is Streptococcus pneumoniae.Haemophilus influenzae, Chlamydia trachomatis, Mycoplasma pneumoniae, and Legionella pneumophila are some other major bacteria that cause pneumonia.acterial Pneumonia Causes. 1  Most pneumonia is caused by bacteria or a virus. 2  Pneumonia from any cause can occur at any age, but people in certain age groups are at higher risk for certain types of pneumonia.",3,3,2,##final score: 2
1063750,why did the us volunterilay enter ww1,3376183,"There have been four major campaigns of unrestricted submarine warfare: 1  The U-boat campaign of World War I, waged intermittently by Germany between 1915 and 1918 against Britain and her allies. 2  This was ostensibly the reason for the entry of the United States into the war in 1917, together with the Zimmermann Telegram.",2,2,3,##final score: 3
1133167,how is the weather in jamaica,3391433,"1 Sporadic heavy rainfall across the island, except the south coast. 2  Heavy storms, including hurricanes, gear up August to October.  Many of Jamaica’s best festivals happen in midsummer.",2,2,1,##final score: 1
1063750,why did the us volunterilay enter ww1,8821734,"Confidence votes 39. The United States entered World War I for numerous reasons. A German victory would have upset the established balance of power. Should England and her fleet fall into the hands of Germany, the United States would have been in extreme peril to further German expansion.he United States entered World War I for numerous reasons. A German victory would have upset the established balance of power.",2,2,3,##final score: 3
1114819,what is durable medical equipment consist of,3734236,"Re: What does Medicare pay for cpap masks. LOL, it cracks me up what DME's put down as the actual cost for items. Don't worry, Medicare sets the price and you only have to pay 20% of Medicare's price. Or, if the DME doesn't accept assignment the DME can charge you up to 15% above the Medicare allowable.",1,1,0,##final score: 0
1133167,how is the weather in jamaica,6467517,Guide to Jamaica weather in February The average maximum daytime temperature in Jamaica in February is a warm 29°C (84°F) with moderate heat & humidity. The average night-time temperature is usually a comfortable 20°C (68°F).,2,2,3,##final score: 3
1117099,what is a active margin,4458506,"A continental margin that has a broad continental shelf, a gentle continental slope, and a pronounced continental rise is known as a passive continental margin. This type of margin experiences little, if any, volcanic or earthquake activity. The build-up of sediment is the primary activity affecting a passive margin.",1,1,0,##final score: 0
182539,example of monotonic function,57452,Given any sequence we have the following. 1  We call the sequence increasing if for every n. 2  We call the sequence decreasing if for every n. 3  If is an increasing sequence or is a decreasing sequence we call it monotonic.  If there exists a number m such that for every n we say the sequence is bounded below.,1,1,0,##final score: 0
148538,difference between rn and bsn,1985491,"RN stands for registered nurse, the next license after LPN. BSN, bachelor of science nursing, and ADN, associate degree nursing are two of the educational levels that allow one to test for an RN license.Don't mix up the license with the education level required to get the license.SN is a four-year degree, aka Bachelor of Science Nursing. There is little, if any, difference in pay between a registered nurse with his/her ADN vs. BSN. The difference is management opportunity, which is geared toward the BSN.",2,2,3,##final score: 3
168216,does legionella pneumophila cause pneumonia,5935479,Legionnaires' disease is transmitted by inhalation of aerosolized water and/or soil contaminated with the Legionella bacteria. It is not airborne and Legionnaires' disease is not transmitted from person to person.,1,1,2,##final score: 2
443396,lps laws definition,5444257,"First, this booklet provides suggestions for handling mental health emergencies before the commitment process begins. Then, it outlines the steps involved in the Civil Commitment process. Next, it explains what happens if a person with mental illness is committed and discusses alternatives to involuntary commitment.",1,1,0,##final score: 0
915593,what types of food can you cook sous vide,6181638,"Pork jowl--or cheek--is deeply rooted in the South, where it is often salted and cured for the winter. We’ve taken the jowl in a different direction by cooking it sous vide for 72 hours.Tough, abundant collagen is transformed into melty, tender gelatin, and the natural flavor of the jowl is released.ork jowl--or cheek--is deeply rooted in the South, where it is often salted and cured for the winter. We’ve taken the jowl in a different direction by cooking it sous vide for 72 hours.",2,2,1,##final score: 1
182539,example of monotonic function,1638690,The MONOTONIC function is often presented as a means of adding sequence numbers to table rows. Several papers present it as a solution to this programming problem. If the MONOTONIC function is used in an SQL procedure that aggregates data then the function may return non-sequential or missing results.,1,1,0,##final score: 0
1133167,how is the weather in jamaica,3560313,"The weather in Negril, Jamaica, in November is pleasant, with an average temperature of 79 degrees Fahrenheit. The temperature generally does not drop below 73 F in the night, nor does it exceed 84 F during the day.",2,2,3,##final score: 3
87181,causes of left ventricular hypertrophy,753721,"The right and left sides of your heart do different jobs. The right side takes in blood that has travelled round the body and pumps it to the lungs. From here, the blood enters the left side of the heart from where it is pumped all round your body. Because the left side of the heart has to work harder to get blood round your body, it is usually this side that becomes enlarged when your blood pressure is too high. This is sometimes called left ventricular hypertrophy or LVH for short. In other words, it is another name for an enlarged heart.",2,2,3,##final score: 3
1117099,what is a active margin,52519,"In plate tectonics, a convergent boundary, also known as a destructive plate boundary, is a region of active deformation where two or more tectonic plates or fragments of the lithosphere are near the end of their life cycle. This is in contrast to a constructive plate boundary (also known as a mid-ocean ridge or spreading center",1,1,0,##final score: 0
183378,exons definition biology,4493921,"Making the world better, one answer at a time. The difference between exons and introns is that exons are codes of proteins, while introns are not involved with the coding for proteins.aking the world better, one answer at a time. The difference between exons and introns is that exons are codes of proteins, while introns are not involved with the coding for proteins.",3,3,2,##final score: 2
1117099,what is a active margin,1565783,"Divergent Margins. boundaries where plates are moving toward each other, and. sometimes one plate sinks (is subducted) beneath another. The. location where the sinking of a plate occurs is called a subduction. zone. A transform boundary is where plates slide past each other. with no creation or destruction of lithosphere. Plate Margin Examples. There are three general types of plate boundaries: divergent, convergent, and transform. Each general type has multiple. ‘species’: divergent boundaries can be spreading ocean ridges or. continental rift zones; convergent boundaries can occur between. two continental plates.",1,1,0,##final score: 0
47923,axon terminals or synaptic knob definition,2477211,"1 Neurotransmitters. 2  A chemical that is released into the synaptic cleft from the axon terminal of a sending neuron, crosses a synapse, and binds to appropriate receptor sites on the dendrites or cell body of a receiving neuron, influencing the cell either to fire or not to fire. 3  Receptors.",1,1,2,##final score: 2
168216,does legionella pneumophila cause pneumonia,2774860,"Contact with potting mix was believed to be the cause of illness in many of the cases.”. Legionella longbeachae is different from Legionella pneumophila, the more well-known form of Legionnaires’ disease found in poorly maintained cooling towers and spas.To many gardeners, potting mix may seem harmless, but it can actually be very dangerous unless the correct procedures are followed,” Ms Pike said. Legionella longbeachae is a form of Legionnaires’ disease. It is found in minute quantities in the general environment (including soil) and is not a health hazard.",2,2,1,##final score: 1
1133167,how is the weather in jamaica,7218013,"Re: Weather at the end of October - Sandals Whitehouse Jamaica Aug 12, 2013, 12:04 PM We always travel in mid-October and in 8 trips we've only had rain all week one time (Thank You hurricane Wilma).",2,2,1,##final score: 1
47923,axon terminals or synaptic knob definition,8641104,The function of a synaptic knob is to change the action potential that is carried by axons into a chemical message. The chemical message then interacts with the recipient neuron or effector. This process is called synaptic transmission. Continue Reading.,3,3,2,##final score: 2
168216,does legionella pneumophila cause pneumonia,6213324,"Knowledge center. With the current outbreak of Legionnaires' disease in south Wales, here are some facts about the illness. Legionnaires' disease, also called Legionellosis is a lung infection, a form of pneumonia which can be fatal, caused by the legionella bacterium.The name Legionnaires' disease emerged in 1976 - in July there was an outbreak of pneumonia among delegates at a convention of the American Legion in Philadelphia.s Legionnaires' disease signs and symptoms are often mild, it is likely that the real number of infections is considerably higher than the reported ones. Legionnaires' disease may be hard to diagnose at first because its signs and symptoms may be very similar to other forms of pneumonia.",2,2,3,##final score: 3
87452,causes of military suicide,8438483,"Over the course of a year, nearly 130,000 veterans experience homelessness. An estimated 11-20% of Iraq and Afghanistan veterans will develop Post Traumatic Stress Disorder. Fortunately, there are over 27,000 organizations supporting soldiers, veterans, and military families across the country. You can support our troops and veterans by packing care packages, volunteering at a local VA hospital, or working with a local veteran or military nonprofit. ×",1,1,0,##final score: 0
359349,how to find the midsegment of a trapezoid,5773714,"How to Calculate the Area of a Trapezoid. A trapezoid is a quadrilateral with two parallel sides of different lengths. This means that both of these sides can be called a base, and that the trapezoid is unique in having two bases. If want to know how to calculate the area of a trapezoid, just follow these steps.Ad.ivide 147 cm 2 by 2 to get the final answer. 147 cm 2 /2 = 73.5 cm 2. The area of the trapezoid is 73.5. You have just followed the formula for finding the area of a trapezoid, which is [(b1 + b2) x h]/2.",1,1,0,##final score: 0
1133167,how is the weather in jamaica,1824483,"Rainy season gets underway in May on the island of Jamaica, but that doesn't mean vacationers should stay away. Most days are sunny until early afternoon. The sun is also getting warmer this time of year, and vacationers who like their weather more than just a little warm may find May to be an appealing option. Typical Weather in May. Temperatures in Jamaica during May generally vary between an average high during the day of 86.0 degrees and an average low at night of 75.0 degrees",2,2,3,##final score: 3
1133167,how is the weather in jamaica,6299572,"Typical Weather in November. During November the temperatures in Jamaica typically vary between a daily high of about 85.0 degrees and a daily low of approximately 75.0 degrees. On a typical November day, during the early morning hours you will probably find the temperature will be around 76.8 degrees.",2,2,3,##final score: 3
833860,what is the most popular food in switzerland,7038170,"Swiss-made:souvenirs and luxury goods [edit]. Switzerland is famous for a few key goods: watches, chocolate, cheese, and Swiss Army knives. 1  Watches-Switzerland is the watch-making capital of the world, and Swiss Made on a watch face has long been a mark of quality.",1,1,2,##final score: 2
915593,what types of food can you cook sous vide,82107,"What kind of foods can you cook sous vide? Sous vide is traditionally seen as an alternative method for cooking meats. However, the technique is extremely versatile, meaning all manner of ingredients can be cooked such as: Pork, Lamb, Beef, Chicken, Duck, Turkey, Quail.",3,3,2,##final score: 2
1063750,why did the us volunterilay enter ww1,5452779,"Woodrow Wilson. Woodrow Wilson, a leader of the Progressive Movement, was the 28th President of the United States (1913-1921). Like Roosevelt before him, Woodrow Wilson regarded himself as the personal representative of the people. He developed a program of progressive reform and asserted international leadership in building a new world order.",1,1,0,##final score: 0
1063750,why did the us volunterilay enter ww1,4834969,"The United States entered World War I because of a boat and a note. The boat was the Lusitania, which was sunk by German U-boats. This angered the Americans, but that was not what led them into the war.he United States declared war on Germany for many reasons. One of them was the sinking on neutral ships and the lusitania which killed about 148 Americans. This was not the immediate cause, another is propaganda which persuaded public opinion.",2,2,3,##final score: 3
47923,axon terminals or synaptic knob definition,4081982,"Synaptic signals from other neurons are received by the soma and dendrites; signals to other neurons are transmitted by the axon. A typical synapse, then, is a contact between the axon of one neuron and a dendrite or soma of another.Synaptic signals may be excitatory or inhibitory.he conduction of nerve impulses is an example of an all-or-none response. In other words, if a neuron responds at all, then it must respond completely. Greater intensity of stimulation does not produce a stronger signal but can produce a higher frequency of firing.",1,1,2,##final score: 2
443396,lps laws definition,5447938,"Conservatorship is a legal term referring to the legal responsibilities of a conservator over the affairs of a person who has been deemed gravely disabled by the court and unable to meet his or her basic needs of food, clothing, and shelter.",1,1,0,##final score: 0
87452,causes of military suicide,5549020,"1 They may use drugs or alcohol. 2  Some people with PTSD use drugs or alcohol to help them cope with their symptoms. 3  In fact, using too much alcohol can get in the way of restful sleep. 4  Alcohol changes the quality of your sleep and makes it less refreshing. 5  This is true of many drugs as well.",1,1,0,##final score: 0
168216,does legionella pneumophila cause pneumonia,2069995,"Recommend on Facebook Tweet ShareCompartir. Pneumonia is an infection of the lungs that can be caused by viruses, bacteria, and fungi. A common cause of bacterial pneumonia is Streptococcus pneumoniae.Other bacteria can cause pneumonia, including Mycoplasma pneumoniae, Chlamydophila (Chlamydia) pneumoniae, Chlamydophila (Chlamydia) psittaci, and Legionella pneumophila. Mycoplasma pneumoniae Infection. 2  This generally mild illness is a common cause of “walking pneumonia”…. 3  Psittacosis. 4  People get this sometimes serious illness, caused by Chlamydophila (or Chlamydia) psittaci, from infected pet birds (parrots, parakeets) and poultry (turkeys, ducks)….",3,3,2,##final score: 2
1114819,what is durable medical equipment consist of,1074899,"Home health care gives on average less than 28 hours per week. 1  Applies to Medicare rules and regulations. 2  A patient is homebound. 3  Co-payments apply.  Durable medical equipment like wheelchairs and oxygen concentrators, medications are partially paid for by the home health agency.",2,2,1,##final score: 1
1133167,how is the weather in jamaica,3074598,"Jamaica weather in August is just as hot as in July... ...but usually with much more showers. The high humidity and the heat combine to produce frequent afternoon thunderstorms. If you're visiting Jamaica in August prepare to sweat a lot! Be sure to bring a hat, your sunglasses and lots of sunscreen! Jamaica Weather in August. Average High in August: 91°F / 32°F. Average Low in August: 75°F / 24°F. Average Rain in August: 5.2 / 132mm. We're almost in the middle of the Atlantic hurricane season. If you're travelling to the Caribbean at this time of the year, you'll want to keep a close eye on the weather.",2,2,3,##final score: 3
490595,rsa definition key,1929910,"Definition - What does RSA Encryption mean? RSA encryption is a public-key encryption technology developed by RSA Data Security. The RSA algorithm is based on the difficulty in factoring very large numbers. Based on this principle, the RSA encryption algorithm uses prime factorization as the trap door for encryption. Deducing an RSA key, therefore, takes a huge amount of time and processing power. RSA is the standard encryption method for important data, especially data that's transmitted over the Internet.",2,2,3,##final score: 3
527433,types of dysarthria from cerebral palsy,288675,"Coordination disorders can cause other abnormalities, such as the following: 1  Dysmetria: People cannot control the range of body movements. 2  Dysarthria: Speech is slurred, and fluctuations in volume cannot be controlled because speech muscles are uncoordinated.",1,1,2,##final score: 2
104861,cost of interior concrete flooring,146172,"Basic cost for a polished concrete floor that requires only a few levels of grinding, according to Greg Demmert of Demmert & Assoc. in Los Angeles.$3-$8/ sq ft. For concrete floors requiring more in-depth grinding or including coloring with stains and dyes, according to Demmert. In the Denver area.asic cost for a polished concrete floor that requires only a few levels of grinding, according to Greg Demmert of Demmert & Assoc. in Los Angeles.",2,2,3,##final score: 3
1114819,what is durable medical equipment consist of,7588045,"Sometimes, when you’re recovering from an operation or an illness, your doctor may order special. equipment, such as a wheelchair or oxygen tank, to maintain your quality of life. These types of. items are called durable medical equipment .",2,2,3,##final score: 3
264014,how long is life cycle of flea,3601328,"The lifecycle of a flea. 5% of fleas live in the environment as an adult, 95 % of fleas live as eggs, larvae or pupae. For effective flea control it is essential to break the lifecycle in the environment. 1  Adult Fleas-jump onto your dog or cat, feed on its blood and then start laying eggs. Flea shampoo-kills fleas on your pet at the time of the bath, but once rinsed off have no lasting effect on fleas. 2  Rinses and sprays-vary in effectiveness, many need to be used weekly, some more often if severe flea problems are present.",1,1,2,##final score: 2
47923,axon terminals or synaptic knob definition,6696631,"1 Each nerve cell has one and only one axon. Typical axons have relatively few branches, except near the terminal end. 2  The diameter of an axon is uniform along its entire length.  The terminal branches of an axon make synaptic contacts onto other nerve cells (or with peripheral effectors, i.e. muscles and glands).",1,1,2,##final score: 2
148538,difference between rn and bsn,1828170,"Benefits of an RN to BSN Degree Completion Program. In a competitive job market, a BSN degree provides nurses with the confidence and credentials they need to compete for the best positions. In addition, it provides greater job security, as more healthcare providers are requiring registered nurses to have BSN degrees to keep their current positions.",1,1,0,##final score: 0
264014,how long is life cycle of flea,528375,"The Pet Shed Petcyclopedia explains that a flea can live for a little over 130 days when it has access to a host. When a flea loses its host, it must find a new one as quickly as possible. According to 1-800-PetMeds, a little over half of newborn fleas may be able to survive for two months without a host if their environment is humid enough.",2,2,3,##final score: 3
1114819,what is durable medical equipment consist of,1316000,"Medline leads the market in durable medical equipment. We offer the industry’s widest range of wheelchairs, walking aids, transfer equipment and bath safety to serve patients in a home or care setting. Many times customers can expect next day delivery as a result of our vast distribution network.",2,2,1,##final score: 1
1124210,tracheids are part of _____.,8355478,"A tissue in vascular plants that carries water and dissolved minerals from the roots and provides support for softer tissues. Xylem consists of several different types of cells: fibers for support, parenchyma for storage, and tracheary elements for the transport of water. The tracheary elements are arranged as long tubes through which columns of water are raised.",3,3,2,##final score: 2
183378,exons definition biology,749544,"The exome of the human genome consists of roughly 180,000 exons constituting about 1% of the total genome, or about 30 megabases of DNA. Though comprising a very small fraction of the genome, mutations in the exome are thought to harbor 85% of mutations that have a large effect on disease.he exome of the human genome consists of roughly 180,000 exons constituting about 1% of the total genome, or about 30 megabases of DNA. Though comprising a very small fraction of the genome, mutations in the exome are thought to harbor 85% of mutations that have a large effect on disease.",1,1,2,##final score: 2
489204,right pelvic pain causes,216492,"By Mayo Clinic Staff. Several types of diseases and conditions can cause pelvic pain. Chronic pelvic pain can result from more than one condition. Pelvic pain can arise from your digestive, reproductive or urinary system. Recently, doctors have recognized that some pelvic pain, particularly chronic pelvic pain, can also arise from muscles and connective tissue (ligaments) in the structures of the pelvic floor. Occasionally, pelvic pain might be caused by irritation of nerves in the pelvis.",1,1,2,##final score: 2
1133167,how is the weather in jamaica,3253597,"Sandy moved slowly northward toward the Greater Antilles and gradually intensified. On October 24, Sandy became a hurricane, made landfall near Kingston, Jamaica, re-emerged a few hours later into the Caribbean Sea and strengthened into a Category 2 hurricane. On October 25, Sandy hit Cuba as a Category 3 hurricane, then weakened to a Category 1 hurricane. Early on October 26, Sandy moved through the Bahamas. On October 27, Sandy briefly weakened to a tropical storm and then restrengthened to a Category 1 hurricane.",2,2,1,##final score: 1
489204,right pelvic pain causes,7134737,"Other common causes of pain in the lower right abdomen These causes are the most common reasons you may experience pain on either side of the lower abdomen. Although you may feel discomfort on the right side, this pain can also occur on your left.",1,1,2,##final score: 2
1114819,what is durable medical equipment consist of,5363583,"home. A hospital or nursing home that’s providing you with Medicare-covered care can’t qualify as your “home” in this situation. However, a long-term care facility can qualify as your home. Note: If you’re in a skilled nursing facility (SNF) and the facility provides you with DME, the facility is responsible for this equipment.",1,1,0,##final score: 0
87181,causes of left ventricular hypertrophy,2556151,Left ventricular hypertrophy that is caused by aortic valve stenosis might require surgery to repair the narrow valve or to replace it with an artificial or tissue valve. 1  Tests and diagnosis. 2  Lifestyle and home remedies.,2,2,1,##final score: 1
1114819,what is durable medical equipment consist of,3256329,"1 Medical and other services. 2  Medicare Part B pays 80% of most doctor's services, outpatient treatments, and durable medical equipment (like oxygen or wheelchairs). 3  You pay the other 20%. 4  Medicare also pays for mental health care costs.ou’ll pay a lifetime 10% penalty for every 12 months you delay your enrollment. 1  Medical and other services. 2  Medicare Part B pays 80% of most doctor's services, outpatient treatments, and durable medical equipment (like oxygen or wheelchairs). 3  You pay the other 20%.",2,2,1,##final score: 1
87452,causes of military suicide,4634899,"Alan Zarembo Contact Reporter. Suicide rate among recent veterans 50% higher than non-military civilians. Recent veterans have committed suicide at a much higher rate than people who never served in the military, according to a new analysis that provides the most thorough accounting so far of the problem.",1,1,2,##final score: 2
915593,what types of food can you cook sous vide,1972028,"Sous vide can be used or just knowing and monitoring the temp and you can get very sweet potatoes without adding sugar. Conversely, you can cook fast and keep them more on the savory side. Whatever you do, they need to be cooked, eventually, over 180F, which is the temperature pectin breaks down in order to be tender.",2,2,1,##final score: 1
87452,causes of military suicide,6018163,"The United States military veteran suicide epidemic is an ongoing phenomenon regarding a reported high rate of suicide among U.S. military veterans, in comparison to the general public.n 2012, 177 active-duty soldiers committed suicide, conversely 176 soldiers were killed in combat. In other words, more soldiers committed suicide compared to being killed in action. In 2012, the study concluded that Army had the highest number of suicides compared to any other service branch.",1,1,2,##final score: 2
19335,anthropological definition of environment,8412681,"From Wikipedia, the free encyclopedia. Ecological anthropology is a sub-field of anthropology and is defined as the “study of cultural adaptations to environments”. The sub-field is also defined as, the study of relationships between a population of humans and their biophysical environment .he first ecological anthropologists explored the idea that humans as ecological populations should be the unit of analysis, and culture became the means by which that population alters and adapts to the environment.",2,2,3,##final score: 3
264014,how long is life cycle of flea,3338826,"PUPA (plural = pupae): The pupa is the last stage before adult. The adult flea can emerge from the cocoon as early as 3 to 5 days, or it can stay in the cocoon for a year or more, waiting for the right time to emerge.",2,2,3,##final score: 3
146187,difference between a mcdouble and a double cheeseburger,6430259,"Serving: 6.1 oz - 173 g. Nutritional summary of Double Cheeseburger: This food is a good source of protein. On the other hand, it is high in saturated fat and sodium. This food contains a high amount of trans fat.",1,1,0,##final score: 0
183378,exons definition biology,8006512,"For the first estimate, the average protein contains a few hundred amino acids and each amino acid requires three nucleotides of code, so the average gene would take up about 1,000 nucleotides of exon space (an exon is the protein-coding part of a gene).",3,3,2,##final score: 2
1121402,what can contour plowing reduce,188214,Freebase(0.00 / 0 votes)Rate this definition: Contour plowing. Contour ploughing or contour farming is the farming practice of ploughing and/or planting across a slope following its elevation contour lines.,1,1,0,##final score: 0
168216,does legionella pneumophila cause pneumonia,5004346,"The bacterium legionella causes Legionnaires' disease, a lung infection which is a severe form of pneumonia. The disease spreads by inhaling the bacteria or through contact with a person suffering from the disease. Legionella also cause a flu-like illness called Pontiac fever.Yaws disease is a relatively lesser known disease caused by the bacteria Treponema pertenue. It affects the skin, bones, and cartilage, and spreads through skin contact.ubonic Plague. Bubonic plague is another life-threatening disease caused by bacteria. The bacteria that cause the plague are the yersinia pestis variety. The different kinds of bubonic plague include the common form that spreads through certain rats and fleas.",2,2,3,##final score: 3
148538,difference between rn and bsn,8835172,"As you consider a nursing career, you may be wondering whether to become a Registered Nurse (RN) or a Licensed Vocational Nurse (LVN) . While both play a vital role in patient care, there are some major differences between the two professions.hey must pass the exam to get a license and work as an LVN in all states. 2. Registered Nurses usually take one of three education paths: a Bachelor of Science in nursing (BSN), an Associate of Applied Science in Registered Nursing (ASN), or a diploma from an approved nursing program.",1,1,2,##final score: 2
1106007,define visceral?,8199524,"‘Alternatively cerebral and visceral, it's not easy listening, but is posesssed of a restless, elemental energy.’ ‘The film illustrates this shift in consciousness with a visceral ferocity.’ ‘Were you ever tempted to beef things up to create a visceral, rather than emotional reaction?’",1,1,2,##final score: 2
1114819,what is durable medical equipment consist of,8579833,"HCPCS Procedure, Supply & DME (Durable Medical Equipment) Codes Grouped by the first two characters of the code: 1  HCPCS Medical Procedure, Supply, & DME Codes - A0 Codes. 2  HCPCS Medical Procedure, Supply, & DME Codes - A4 Codes.  HCPCS Medical Procedure, Supply, & DME Codes - A5 Codes.",1,1,0,##final score: 0
1106007,define visceral?,2866630,"Internal human organs are also called viscera. Viscera refers to the internal organs in the chest, abdomen, and pelvis. Cooked offal, which is called viscera when inside the body.The term visceral reaction refers to something that is felt emotionally.View slideshow of images above.nternal human organs are also called viscera. Viscera refers to the internal organs in the chest, abdomen, and pelvis. Cooked offal, which is called viscera when inside the body.",2,2,3,##final score: 3
1063750,why did the us volunterilay enter ww1,2399257,"Mexico never considered going to war with the US, and America declared war because Germany was so desperate to buy time in Europe that they were willing to violate the borders of the United States. Economics had little to do with the reasons the US joined the allies.",2,2,1,##final score: 1
87181,causes of left ventricular hypertrophy,2530227,"Chronic hypertension is the most common cause of diastolic dysfunction and failure. It leads to left ventricular hypertrophy and increased connective tissue content, both of which decrease cardiac compliance.",2,2,3,##final score: 3
1133167,how is the weather in jamaica,5990516,"February brings some of the year's best weather to the Caribbean. This is an ideal time to escape northern winters for a warm beach vacation on the tropical islands. Temperature. The days during February usually get pleasantly hot at all the Caribbean's cities and beaches. At the coolest cities Havana, Cuba and Nassau, Bahamas, the temperature stays only a few degrees lower than at places farther south. The ocean averages 79 degrees Fahrenheit around most islands in February. In the Bahamas, the water's a degree or two cooler. Rainfall. Caribbean weather in February is typically dry. This is usually the month of lowest rainfall for islands in the eastern Caribbean.",1,1,2,##final score: 2
1124210,tracheids are part of _____.,347571,"It depends on the type of tree. maple sap has too much water, but as it is boiled into maple syrup it can burn. Pine trees however, produce a pitch that is quite flammable. Evergreens are the ones that end to be more flammable. Sap is the fluid transported in xylem cells (tracheids or vessel elements) or phloem sieve tube elements of a plant.",2,2,3,##final score: 3
527433,types of dysarthria from cerebral palsy,7932171,"Slow speech (symptom description): Slow speech is listed as a type of or related-symptom for symptom Speech symptoms. Slow speech (symptom description): For a medical symptom description of 'Slow speech', the following symptom information may be relevant to the symptoms: Speech symptoms (type of symptom). However, note that other causes of the symptom 'Slow speech' may be possible. Broader Symptom Types for Slow speech: Slow speech: Related Medical Topics.",0,0,1,##final score: 1
359349,how to find the midsegment of a trapezoid,8811558,"are base angles of isosceles trapezoid JKLM . If and a. 1 b. 151 c. 29 d. 75.5 ____ 34. and Find The diagram is not to scale. U R S T a. 10 b. 110 c. 20 d. 60 35. One side of a kite is 7 cm less than four times the length of another side. The perimeter of the kite is 65 cm. Find the lengths of the sides of the kite. a. 19.75 cm c. 7.9 cm and 24.6 cm b. 19.75 cm and 72 cm d. 7.9 cm 36. In quadrilateral MNOP , Which of a parallelogram, trapezoid, or rhombus could quadrilateral MNOP be? a. parallelogram or rhombus c. trapezoid only b. parallelogram only d. any of the three Short Answer 37.",1,1,0,##final score: 0
359349,how to find the midsegment of a trapezoid,2826513,"All trapezoids have two main parts: bases and legs. The opposite sides of a trapezoid that are parallel to each other are called bases. The remaining sides of the trapezoid, which intersect at some point if extended, are called the legs of the trapezoid. The top and bottom sides of the trapezoid run parallel to each other, so they are the trapezoid's bases. The other sides of the trapezoid will intersect if extended, so they are the trapezoid's legs.",1,1,0,##final score: 0
1129237,hydrogen is a liquid below what temperature,2697752,"Hydrogen's state of matter is gas at standard conditions of temperature and pressure. Hydrogen condenses into a liquid or freezes solid at extremely cold... Hydrogen's state of matter is gas at standard conditions of temperature and pressure. Hydrogen condenses into a liquid or freezes solid at extremely cold temperatures. Hydrogen's state of matter can change when the temperature changes, becoming a liquid at temperatures between minus 423.18 and minus 434.49 degrees Fahrenheit. It becomes a solid at temperatures below minus 434.49 F.Due to its high flammability, hydrogen gas is commonly used in combustion reactions, such as in rocket and automobile fuels.",2,2,3,##final score: 3
1124210,tracheids are part of _____.,6891517,"Liverworts may be the closest living relatives to these first vascular land plants, liverworts and the Charophytes being separate branches from green algal ancestors.Green Charophytic algae, as exemplified by Chara at right, show some features of land plants.lants like Cooksonia (as well as Zosterophyllum) had true tracheids in their sporophytes and so are probably more closely related to the ancestors of the vascular land plants. For further details see Gerrienne & Gonez (2011) .",2,2,3,##final score: 3
1114819,what is durable medical equipment consist of,1917091,"1 Durable medical equipment not directly related to the home infusion (billed by HDME provider)  Drugs not reference in the Fee Schedule or that are not related, as determined by BCBSNC, to Home Infusion Therapy (billed by pharmacy)",1,1,0,##final score: 0
168216,does legionella pneumophila cause pneumonia,8639627,"Bacteria are the most common cause of pneumonia in adults. Many types of bacteria can cause bacterial pneumonia. Streptococcus pneumoniae or pneumococcus bacteria are the most common cause of bacterial pneumonia in the United States. If your pneumonia is caused by one of the following types of bacteria, it is called atypical pneumonia. 1  Legionella pneumophila. 2  Mycoplasma pneumoniae. 3  Chlamydia pneumoniae.",3,3,2,##final score: 2
359349,how to find the midsegment of a trapezoid,2293818,"All trapezoids have two main parts: bases and legs. The opposite sides of a trapezoid that are parallel to each other are called bases. The remaining sides of the trapezoid, which intersect at some point if extended, are called the legs of the trapezoid.",1,1,0,##final score: 0
264014,how long is life cycle of flea,6105567,"Fleas are holometabolous insects, going through the four lifecycle stages of egg, larva, pupa, and imago (adult). Adult fleas must feed on blood before they can become capable of reproduction. Flea populations are distributed with about 50% eggs, 35% larvae, 10% pupae, and 5% adults.",1,1,2,##final score: 2
359349,how to find the midsegment of a trapezoid,6031049,"The midpoint of a line segment is the point that divides the segment into two segments that. have the same length. A line, ray, or other figure that passes through the midpoint of a segment. is a segment bisector.",1,1,0,##final score: 0
833860,what is the most popular food in switzerland,8833502,"There are many types of bread in Switzerland but one of the most popular and delicious is a soft white loaf called zopf. You'll be able to recognise it easily because it's a plaited loaf (the word zopf means ‘braid'), with a golden crust, very much like the Jewish bread called challah.",2,2,3,##final score: 3
1114819,what is durable medical equipment consist of,1738243,"The durable medical equipment, like power chairs, wheel chairs and oxygen, must be prescribed to be used in your home. You generally aren’t “required” to have the equipment if it is only to be used when you leave your home.",2,2,1,##final score: 1
182539,example of monotonic function,6957819,"Longest Increasing Subsequence. I have provided detailed explanation of an O(N log N) approach in the following links, Longest Monotonically Increasing Subsequence Size (N log N) - GeeksforGeeks. Construction of Longest Monotonically Increasing Subsequence (N log N) - GeeksforGeeks.",1,1,0,##final score: 0
1063750,why did the us volunterilay enter ww1,2569813,"The United States later declared war on German ally Austria-Hungary on December 7, 1917. Germany’s resumption of submarine attacks on passenger and merchant ships in 1917 became the primary motivation behind Wilson’s decision to lead the United States into World War I. Following the sinking of an unarmed French boat, the Sussex, in the English Channel in March 1916, Wilson threatened to sever diplomatic relations with Germany unless the German Government refrained from attacking all passenger ships and allowed the crews of enemy merchant vessels to abandon their ships prior ...",2,2,3,##final score: 3
264014,how long is life cycle of flea,5849711,"Fleas can live up to 2 weeks without a food supply, however flea larvae can stay in their cocoon for up to a year or until they sense food outside the cocoon. Login or Sign Up to answer this question. data-config-site-section=chacha>.",2,2,3,##final score: 3
1114819,what is durable medical equipment consist of,3288112,"As such, if the wheelchair ramp is used for a medical purpose, then the ramp is reimbursable. A ramp will have to be medically necessary as declared by a licensed physician. Therefore, it is extremely rare that Medicare will pay for the cost of a wheelchair ramp. Under certain supplemental Medicare insurance plans, such as Medicare Advantage, there are specific safety provisions that may be used to support a client’s case to cover the cost of a ramp.",1,1,0,##final score: 0
1063750,why did the us volunterilay enter ww1,7837938,"Confidence votes 39. The United States entered World War I for numerous reasons. A German victory would have upset the established balance of power. Should England and her fleet fall into the hands of Germany, the United States would have been in extreme peril to further German expansion.",2,2,3,##final score: 3
1133167,how is the weather in jamaica,7091940,"Montego Bay: Live Weather. Live weather in Montego Bay. The latest and today's weather in Montego Bay, Jamaica updated regularly.",1,1,2,##final score: 2
156493,do goldfish grow,8273015,"A good filter, with no heater, is recommended because these fish can get larger than 12 inches (300 mm). Tank recommendations range up to 75 US gallons (280 l; 62 imp gal). It is possible to keep small goldfish in smaller tanks, but such an arrangement will be very difficult to maintain once the fish grows older.",2,2,3,##final score: 3
146187,difference between a mcdouble and a double cheeseburger,6430260,"No, The McDonald's McDouble Is Not The 'Greatest Food In Human History'. McDonald's. 800. I may be a little late to this, but it is never too late to point out how stupid it is to argue that the McDonald's McDouble cheeseburger is the greatest food in human history..",1,1,0,##final score: 0
264014,how long is life cycle of flea,331934,"1 Undisturbed and without a blood meal, a flea can live more than 100 days. On average, they live two to three months.  Female fleas cannot lay eggs until after their first blood meal and begin to lay eggs within 36-48 hours after that meal.",2,2,3,##final score: 3
527433,types of dysarthria from cerebral palsy,6038411,"Cerebral palsy (CP) refers to a group of chronic, nonprogressive disorders of movement, posture, and tone due to central nervous system damage before cerebral development is complete. The prevalence of CP is approximately 2 per 1,000 live births. The different types of CP vary from series to series, with the spastic type being the most frequent, while periventricular leukomalacia and/or cortical/cerebral atrophy represents the main neuropathological correlates [1].",1,1,0,##final score: 0
168216,does legionella pneumophila cause pneumonia,661750,"A. Legionnaires' disease most often is caused by inhaling water contaminated with rod-shaped bacteria called Legionella pneumophila. There are over 30 different species of Legionella, many of which can cause disease. Legionella pneumophila is the most common species that causes disease.",2,2,3,##final score: 3
148538,difference between rn and bsn,2455776,"BSN programs typically last 3-4 years. With a BSN you can work in private medical and surgical hospital, a physician's office, public medical and surgical hospitals, home health care services, and nursing facilities. Having a BSN can result in more opportunities and better salary than just an associate degree. The bachelor's degree prepares nurses for a wide variety of professional roles and graduate study. Course work includes nursing science, research, leadership, and",1,1,0,##final score: 0
1133167,how is the weather in jamaica,823279,"July Weather in Jamaica. The tables below give the normal July temperatures and rainfall for cities and popular vacation spots in Jamaica. There's also information here on hurricanes, plus this month's average humidity and sunshine. The measures of climate are averages of data collected at weather stations over several decades.",2,2,3,##final score: 3
156493,do goldfish grow,5346660,"Goldfish ponds need to provide clean, well oxygenated water for its inhabitants to grow up happy and healthy. A goldfish can grow up to 12 inches(30cm) plus. The minimum size pond is 8 feet X 6 feet and 3 feet deep(2.5m X 2m X 1m).The larger the pond the better for your goldfish. Being tempted to economise, some people end up building 2 or 3 ponds to get to the desired size.tep #3: If your pond is 8 feet X 6 feet X 4 feed deep, the liner would have to be 17 feet long and 15 feet wide. Double of the width and length + add 1 foot as excess on the side.",2,2,3,##final score: 3
527433,types of dysarthria from cerebral palsy,6065675,"definition: speech disorder due to the dysfunctional motor execution resulting in incoordinated,weak, and slow articulatory movements.-impaired movement of the muscles used for speech production-lips, tongue, vocal folds, and/or diaphragm -type and severity of dysarthria depends on which area of the nervous system is affected",1,1,2,##final score: 2
87452,causes of military suicide,5746167,"One of the main causes of suicide in the socio-cultural category is the feeling of being isolated or not being accepted by others. Feelings of isolation can be caused by sexual orientation, religious beliefs, and gender identity. Other possible suicide catalysts from this category include: 1  difficulty seeking help.",1,1,0,##final score: 0
1117099,what is a active margin,6993942,"1 A Continental Margin is a boundary between continental crust and oceanic crust. 2  Active continental margins occur along plate boundaries, while passive continental margins occur at the boundary that marks a continent and the oceanic crust. 3  Mountain building takes place along active continental margins only.",3,3,2,##final score: 2
183378,exons definition biology,6548233,-an exon does not actually code of any meaningful information-an exon may be used by many different genes-there really is no difference between one protein and another,1,1,0,##final score: 0
1133167,how is the weather in jamaica,434124,"Jamaica stays pleasant year round. Related Articles. Thanks to its position in the warm Caribbean Sea, Jamaica enjoys generally pleasant weather year round. While October may not be the peak time to visit this tiny yet world-renowned tourist destination, any month is a fine month to travel to Jamaica.",2,2,3,##final score: 3
1063750,why did the us volunterilay enter ww1,5412858,The movement of tes of thousands of Southern blacks north during WWI resuled in. racial violence in the North. President Woodrow Wilson persuaded the American people to enter World War I by. pledging to make the war a war to end all wars and to make the world safe for democracy. Senate opponents of the Legaue of Nations as proposed in the Treaty of Versailles argued that it. robbed Congress of its war-declaring powers.,2,2,1,##final score: 1
1133167,how is the weather in jamaica,4361441,"Among the most popular are Aruba, Jamaica, the Bahamas, Cayman Islands, Barbados and the U.S. Virgin Islands.he weather in the Caribbean is warm with little rainfall, but the islands are less busy than in winter months. You can expect temperatures with average lows in the mid-70s to average highs in the mid-80s.",1,1,2,##final score: 2
1113437,what is physical description of spruce,5546286,"One of the best and easiest ways to tell the difference between a true spruce and fir tree is to look at the tree's cones. When mature, the cones on a fir tree stand straight up (point towards the sky) while the mature cones on a spruce grow down towards the ground from the bottom side of the branch. The way that I remember which grows up and which grows down is that I remember the s in spruce means that the cones spray the ground.",2,2,3,##final score: 3
47923,axon terminals or synaptic knob definition,4684893,"1 A chemical that is released into the synaptic cleft from the axon terminal of a sending neuron, crosses a synapse, and binds to appropriate receptor sites on the dendrites or cell body of a receiving neuron, influencing the cell either to fire or not to fire. 2  Receptors. Neurotransmitters. 2  A chemical that is released into the synaptic cleft from the axon terminal of a sending neuron, crosses a synapse, and binds to appropriate receptor sites on the dendrites or cell body of a receiving neuron, influencing the cell either to fire or not to fire. 3  Receptors.",2,2,3,##final score: 3
1114819,what is durable medical equipment consist of,1119234,"2017 Fee Schedule Amounts for CMS Ruling 1682-R. CMS issued a ruling on January 12, 2017 concluding that certain continuous glucose monitors (CGMs), referred to as therapeutic CGMs, that are approved by the Food and Drug Administration for use in making diabetes treatment decisions are considered durable medical equipment.",2,2,1,##final score: 1
146187,difference between a mcdouble and a double cheeseburger,1841197,There are 380 calories in 1 burger of McDonald's McDouble Burger. You'd need to walk 99 minutes to burn 380 calories. Visit CalorieKing to see calorie count and nutrient data for all portion sizes.,1,1,0,##final score: 0
490595,rsa definition key,5460466,"Authentication code: a cryptographic checksum based on an Approved security function (also known as a. Message Authentication Code). Automated key transport: the transport of cryptographic keys, usually in encrypted form, using electronic. means such as a computer network (e.g., key transport/agreement protocols).",0,0,1,##final score: 1
359349,how to find the midsegment of a trapezoid,3176546,"Area of a trapezoid without the height. Let $ABCD$ the trapezoid. The area can be partitioned in a triangle and a rectangle: Then the area of the triangle can be calculated by Heron's Formula, because the sides are $14, 16$ and $40-30=10$. $$[A_1D_1B_2]=\sqrt{s(s-a)(s-b)(s-c)}=\sqrt{20\cdot 6 \cdot 4 \cdot 10}=40\sqrt{3}$$",1,1,0,##final score: 0
1063750,why did the us volunterilay enter ww1,5006973,"From Wikipedia, the free encyclopedia. President Woodrow Wilson asking Congress to declare war on Germany on April 2, 1917. On April 6, 1917, the United States Congress declared war upon the German Empire; on April 2, President Woodrow Wilson had asked a special joint session of Congress for this declaration.",1,1,0,##final score: 0
915593,what types of food can you cook sous vide,7861755,"1 Cook from thawed or frozen in the SousVide Supreme at the ideal (desired) cooking temperature, adding extra minutes (about10 to 15 minutes for fish and about 30 minutes for steaks, chops, or pieces of poultry) to the cooking time to allow for thawing in the water bath, if cooking from frozen.acuum/seal individual servings of steaks, chicken breasts, chicken leg quarters, filets of fish. Cook immediately or label with the contents and date and store in refrigerator for up to 48 hours or in the freezer for up to 6 weeks. Let the sous vide process make tough, inexpensive cuts of meat meltingly tender.",3,3,2,##final score: 2
1121709,what are the three percenters?,7499157,"Opinions differ over what constitutes a safe number of executives on the same flight. 40 percent of companies limit the number to three or four. 33 percent allow more than 10 employees to travel together. 13 percent limit the number to five or six. 8 percent limit the number to one or two, and an equal percentage say seven or eight is acceptable.",0,0,1,##final score: 1
1133167,how is the weather in jamaica,4443374,"Bookmark this location to check the time and temperature with forecast and current weather conditions in Kingston, Jamaica before making travel plans for a hotel or flight to Kingston, Jamaica Whether is it rainy or sunny, chilly or warm, you'll know before you pick up your phone.",1,1,2,##final score: 2
1114819,what is durable medical equipment consist of,3556105,"To obtain an asthma nebulizer, you need a prescription from your physician. Home nebulizers vary in cost (approximately $200-250) and are usually covered under the durable medical equipment portion of health insurance policies.",2,2,1,##final score: 1
1103812,who formed the commonwealth of independent states,1315739,"Following the dissolution of the Soviet Union in 1991, fifteen independent republics emerged from the USSR: Russia, Ukraine, Belarus, Kazakhstan, Uzbekistan, Armenia, Azerbaijan, Estonia, Georgia, Kyrgyzstan, Latvia, Lithuania, Moldova, Tajikistan, Turkmenistan; the Russian SFSR reconstituted itself as the Russian Federation and is recognized as the ...",1,1,0,##final score: 0
168216,does legionella pneumophila cause pneumonia,5935477,"Legionnaires' disease: Related Medical Conditions. To research the causes of Legionnaires' disease, consider researching the causes of these these diseases that may be similar, or associated with Legionnaires' disease: 1  Legionella pneumophila. 2  L pneumophila. 3  Atypical pneumonia. 4  Pulmonary infection. 5  Pontiac fever.",2,2,1,##final score: 1
168216,does legionella pneumophila cause pneumonia,3399716,"Knowledge center. With the current outbreak of Legionnaires' disease in south Wales, here are some facts about the illness. Legionnaires' disease, also called Legionellosis is a lung infection, a form of pneumonia which can be fatal, caused by the legionella bacterium.The name Legionnaires' disease emerged in 1976 - in July there was an outbreak of pneumonia among delegates at a convention of the American Legion in Philadelphia.nowledge center. With the current outbreak of Legionnaires' disease in south Wales, here are some facts about the illness. Legionnaires' disease, also called Legionellosis is a lung infection, a form of pneumonia which can be fatal, caused by the legionella bacterium.",2,2,3,##final score: 3
131843,definition of a sigmet,985993,"Define AIRMET: a notice of potentially hazardous weather conditions (such as turbulence, icing, or low visibility) along a planned flight route that … a notice of potentially hazardous weather conditions (such as turbulence, icing, or low visibility) along a planned flight route that is provided…",1,1,0,##final score: 0
1112341,what is the daily life of thai people,6664183,"Home > Conditions & Treatments > Massage. People of all ages are turning to massage therapy for relief from the stress of daily life, injuries and chronic and acute conditions, as well as to help maintain health and wellness. It is one of the oldest healing arts, dating back 3,000 years, according to Chinese records.",0,0,1,##final score: 1
168216,does legionella pneumophila cause pneumonia,4498419,"The answer. The pathogens causing atypical pneumonia include: Mycoplasma pneumonia. Chlamydia psittaci. Chlamydia pneumonia. Coxiella burnetii. Francisella tularensis. Legionella pneumophila. Viruses including influenza A and B, parainfluenza, adenovirus and respiratory syncytial virus.",3,3,2,##final score: 2
1063750,why did the us volunterilay enter ww1,8384973,"The Sussex Pledge was a promise made in 1916 during World War I by Germany to the United States, Germany had instituted a policy of unrestricted submarine warfare, allowing armed merchant ships, but not passenger ships.",1,1,0,##final score: 0
1103812,who formed the commonwealth of independent states,3843263,"On the 6th of July 1992 the Agreement on the status of the Economic Court of the Commonwealth of Independent States was signed, and its inherent part was the Provision on the Economic Court of the Commonwealth of Independent States. This Provision is a legal basis of the Court’s activity.",1,1,0,##final score: 0
47923,axon terminals or synaptic knob definition,7786719,"Dendrites receive nervous system signals through synapses, which form the connections between neurons where the axon terminal of one nerve cell ends near the dendrites of another nerve cell. Nerve cells do not physically touch each other.",1,1,2,##final score: 2
264014,how long is life cycle of flea,5583426,"The flea life cycle is such that the fleas that are seen on your pet are only a small proportion of the total flea population. 95% of the problem exists in the pet's environment as flea eggs, larvae and pupae (cocoons).",1,1,2,##final score: 2
168216,does legionella pneumophila cause pneumonia,8252759,"According to the 2007 book Legionella and the prevention of legionellosis from the World Health Organization, temperature affects the survival of Legionella as follows: 1  Above 70 °C (158 °F) – Legionella dies almost instantly. 2  At 60 °C (140 °F) – 90% die in 2 minutes (Decimal reduction time (D) = 2 minutes)",1,1,0,##final score: 0
1121709,what are the three percenters?,7754666,"In California, blacks make up seven percent of the population, 28 percent of the prison population and 45 percent of the three-strikers. L ike wars, forest fires and bad marriages, really stupid laws are much easier to begin than they are to end.",0,0,1,##final score: 1
168216,does legionella pneumophila cause pneumonia,4191388,"Pontiac fever: Introduction. A mild from of legionellosis-the severe form is called Legionnaires disease. The condition is caused by a bacteria, usually only last for 2 to 5 days and treatment is generally unnecessary. Symptoms include fever, headache and muscle ache. mild from of legionellosis-the severe form is called Legionnaires disease. The condition is caused by a bacteria, usually only last for 2 to 5 days and treatment is generally unnecessary. Symptoms include fever, headache and muscle ache.",1,1,2,##final score: 2
1129237,hydrogen is a liquid below what temperature,7050921,"At the temperature and pressure of Jupiter's interior hydrogen is a liquid, not a gas. It is an electrical conductor and the source of Jupiter's magnetic field. This layer probably also contains some helium and traces of various  ices .",1,1,0,##final score: 0
1112341,what is the daily life of thai people,2468293,"The Songkran festival (Thai: สงกรานต์, [sǒŋ.krāːn] , listen; from the Sanskrit word saṃkrānti, or literally astrological passage) is celebrated in Thailand as the traditional New Year's Day from 13 to 15 April.It coincides with the New Year of many calendars of South and Southeast Asia.ongkran elsewhere [edit]. Songkran is celebrated as Sangken in northeastern areas of India, as the traditional New Year's Day by the Buddhist Community. The Sangken festival is celebrated by the people of the Khampti tribe.",1,1,0,##final score: 0
264014,how long is life cycle of flea,4367667,"A flea is a A blood-sucking insect, which feeds on animals. Fleas can bite humans and is capable of jumping from 14 to 16 inches. Female fleas begin laying eggs within 48 hours of their first blood meal and can lay as many as 200 eggs in a matter of days. Adult fleas can survive for a few months without feeding.",2,2,1,##final score: 1
1117099,what is a active margin,3951178,"Unique landforms are created at plates margins. There are four types of landforms created at plate margins: fold mountains, ocean trenches, composite volcanoes and shield volcanoes. Fold mountains are created at two types of plate boundary.1  At destructive boundaries: where an oceanic and a continental plate moving together.2  At collision boundaries: where two continental plates moving togther.hield volcanoes are found at constructive plate boundaries. As the two plates move apart magma rises up from the mantle. It then rises up through a vent forming a volcano. 1  Shield volcanoes have a wide base and gently sloping sides.",1,1,0,##final score: 0
87181,causes of left ventricular hypertrophy,742425,Aortic insufficiency causes both volume overload (elevated preload) and pressure overload (elevated afterload due to increased stroke volume) of the heart. The volume overload (due to elevated pulse pressure and the systemic effects of neuroendocrine hormones) causes left ventricular hypertrophy (LVH).,2,2,3,##final score: 3
451602,medicare's definition of mechanical ventilation,5915191,Cuffed and Cuffless Tracheostomy Tubes. Patients who need ventilation (assisted breathing with a respirator or breathing machine) require tracheostomy tubes that are blocked and sealed by what is called a cuff (also called a balloon) located on the lower outer cannula.,1,1,2,##final score: 2
168216,does legionella pneumophila cause pneumonia,6061717,introduction legionnaires disease is a serious lung infection caused by legionella bacteria initial symptoms usually include flu like symptoms such as mild headaches muscle pain high temperature fever usually 38c 100 4f or abovechills tiredness changes to your mental state such as confusionegionnaires disease is a serious lung infection caused by legionella bacteria initial symptoms usually include flu like symptoms such as mild headaches muscle pain high temperature fever usually 38c 100 4f or above chills,2,2,3,##final score: 3
264014,how long is life cycle of flea,331929,"1 On average, they live two to three months. 2  Female fleas cannot lay eggs until after their first blood meal and begin to lay eggs within 36-48 hours after that meal. 3  The female flea can lay 2,000 eggs in her lifetime.  The female flea consumes 15 times her own body weight in blood daily.",2,2,3,##final score: 3
264014,how long is life cycle of flea,5672391,"The easiest way to kill fleas is when they are at their most vulnerable—in the egg and larval stages of their development. An adult flea will live only about a week without blood from its host, while a flea larva can live several months, so it's important to attack the larvae first.",2,2,3,##final score: 3
1114819,what is durable medical equipment consist of,3906952,Durable Medical Equipment. AliMed® manufactures and distributes a wide range of top quality Durable Medical Equipment. This is the one spot you can find all of your Medical Supplies and durable medical equipment ranging from Wheelchairs; Wheelchair Accessories and Walkers to Cushions and Bed Safety Products.,2,2,1,##final score: 1
489204,right pelvic pain causes,759509,"Appendicitis is undoubtedly one of the most common causes of lower right side stomach pain. It can occur in anyone and at any age, but: It is more common between ages 7 to 39. It may start as a pain in the upper abdomen or around the belly button and then the pain moves to the right lower abdomen.",1,1,2,##final score: 2
1115776,what is an aml surveillance analyst,8106324,Be the first to see new Aml Surveillance Analyst jobs My email: Also get an email with jobs recommended just for me Anti Money Laundering Analyst salaries in United States,1,1,0,##final score: 0
1114819,what is durable medical equipment consist of,8579832,"Refer to the Durable Medical Equipment (DME): An Overview section in the appropriate Part 2 manual for general policy information. Note: Per Title 22, California Code of Regulations, Section 51321(g): Authorization for durable medical. equipment shall be limited to the lowest cost item that meets the patient’s medical needs.",1,1,2,##final score: 2
1133167,how is the weather in jamaica,8255703,"Best Times to Visit Jamaica. The best time to visit Jamaica is November to mid-December. That's when the island's already beautiful weather (ranging from mid-70s to the high 80s all year-round) is the most pleasant and the hotel and flight deals are the easiest to find. Rates are also cheap during the summer, but you'll risk the wrath of hurricane season.",2,2,3,##final score: 3
489204,right pelvic pain causes,5541646,"1 It is the most common cause of right side abdominal pain requiring operation. 2  The pain typically starts up in the abdomen, or around the belly button called umbilicus. It then spreads or moves to the lower right abdomen within a day or two.  In some individuals, the pain starts straight in the lower right abdomen.",1,1,2,##final score: 2
47923,axon terminals or synaptic knob definition,2772864,"Synaptic signals from other neurons are received by the soma and dendrites; signals to other neurons are transmitted by the axon. A typical synapse, then, is a contact between the axon of one neuron and a dendrite or soma of another.Synaptic signals may be excitatory or inhibitory. typical neuron consists of a cell body (soma), dendrites, and an axon.",1,1,2,##final score: 2
855410,what is theraderm used for,6707516,Treat: Age Perfect Eye Renewal Cream. Age Perfect Cell Renewal Golden Serum or Age Perfect Cell Renewal Facial Oil. Step 3. Moisturize: Age Perfect Cell Renewal Day Cream or Age Perfect Cell Renewal Night Cream.,0,0,1,##final score: 1
156493,do goldfish grow,6357270,"Taller running types, like Phyllostachys, usually grow 3-5 feet in height per year. Older, more established plants, usually at least 3 years in the ground, will grow faster than newly planted ones. Placement and care will influence how fast and tall a bamboo will grow.n general, bamboo will get as big as it can depending on how much space it has to grow, kind of like a goldfish in a goldfish bowl. If you want the bamboo to reach its full height, you need to be prepared to donate the space, an area at least 30 feet in circumference.",1,1,0,##final score: 0
87181,causes of left ventricular hypertrophy,8683178,The treatment for left ventricular hypertrophy depends on the cause of the condition. Doctors will aim to eliminate the cause of the heart’s enlargement in order to normalize the heart’s efforts and prevent incapacitation of the heart muscles.,1,1,2,##final score: 2
168216,does legionella pneumophila cause pneumonia,5298483,"In essence, Health and Safety law doesn't require landlords to produce a ‘Legionnaires testing certificate'. Legionella testing is required only in exceptional circumstances, and generally not in domestic hot and cold water systems.",1,1,0,##final score: 0
1063750,why did the us volunterilay enter ww1,7494554,"*sigh* Regards the above answer. Germany did not lose WW1 because of Hitler. He was in the Ger…man Army at the time, but was in power during the second world war. Way to generalize all of Germany by shouting 'Hitler' at us. The German people were tired of the stalemate,the massive loss of life and the hardships from the cutbacks at home to supply the army..",0,0,1,##final score: 1
1133167,how is the weather in jamaica,6467521,"Get a great hotel deal here. For more information, see the weather forecast and our average climate infomation (by month in graphs) below. * Data from nearest weather station: Montego Bay, Jamaica (0.0 KM). Average water temperature over the year",1,1,2,##final score: 2
1121709,what are the three percenters?,8049585,The part that is often missed on people (and probably the most important part) is who Three Percenters are supposed to be modeled after. It’s one thing to say you will stand up and fight or wave a certain flag (when everyone else does).,1,1,2,##final score: 2
1133167,how is the weather in jamaica,3421902,"86. The heat and humidity continue to increase in Ocho Rios, Jamaica in June, just like in the neighbouring resort of Runaway Bay. During your stay you can expect temperatures up to a sizzling 31 C, so be cautious and stay out of the sunshine around midday to avoid sunburn and heatstroke.verages for Ocho Rios in June. The heat and humidity continue to increase in Ocho Rios, Jamaica in June, just like in the neighbouring resort of Runaway Bay.",2,2,3,##final score: 3
168216,does legionella pneumophila cause pneumonia,3174840,"A common cause of bacterial pneumonia is Streptococcus pneumoniae. Other bacteria can cause pneumonia, including Mycoplasma pneumoniae, Chlamydophila (Chlamydia) pneumoniae, Chlamydophila (Chlamydia) psittaci, and Legionella pneumophila. common cause of bacterial pneumonia is Streptococcus pneumoniae. Other bacteria can cause pneumonia, including Mycoplasma pneumoniae, Chlamydophila (Chlamydia) pneumoniae, Chlamydophila (Chlamydia) psittaci, and Legionella pneumophila.",3,3,2,##final score: 2
527433,types of dysarthria from cerebral palsy,3425604,"Research the causes of these symptoms that are similar to, or related to, the symptom Slurred speech: 1  Speech symptoms (1393 causes) 2  Speech impairment. 3  Inability to speak (67 causes) 4  Stuttering (28 causes) 5  Alcoholism. 6  Upper motor neuron disease. 7  Lower motor neuron disease. 8  Bell's palsy (9 causes) 9  Glosspaharhngeal nerve palsy.",1,1,0,##final score: 0
1117099,what is a active margin,6122724,"passive continental margins currently exist in the middle of plates, not at plate boundaries. active continental margins form primarily along the boundaries of plates that are actively converging and where one plate is sinking beneath the other. Elizabeth H · 6 years ago. Thumbs up.",3,3,2,##final score: 2
1133167,how is the weather in jamaica,823276,"Temperatures in Jamaica Even the luxurious amenities at a top Jamaican resort can't rival the beauty of a day spent in the cool air of the Blue Mountains, or relaxing on a sunny beach. Making yourself aware of Jamaica's weather patterns will help you decide what clothing to pack, and the best time to visit the island, to fully experience all it has to offer. The following chart helps you to do this by detailing the average daily high and low temperatures of each month. This data is for coastal areas -- naturally, it's a lot cooler in the mountains. Also note that while the hottest temperatures occur between the months of May and October, even during the summer most days are still very mild and pleasant.",2,2,3,##final score: 3
182539,example of monotonic function,738025,Spearman’s rank correlation coefficient is a non parametric variable that gives a relation between two variables . It basically gives the measure of monotonicity of the relation between two variables i.e. how well the relation between two variables could be represented using a monotonic function .,1,1,2,##final score: 2
443396,lps laws definition,7054522,This is done under Section 3 of the Mental Health Act. a) voluntary admission A person with learning disabilities aged 16+ may agree to be admitted to a hospital unit as a ‘voluntary’ or ‘informal’ patient if they have the mental capacity to consent and a psychiatrist agrees it is in their interests.his is done under Section 3 of the Mental Health Act. a) voluntary admission A person with learning disabilities aged 16+ may agree to be admitted to a hospital unit as a ‘voluntary’ or ‘informal’ patient if they have the mental capacity to consent and a psychiatrist agrees it is in their interests.,1,1,0,##final score: 0
148538,difference between rn and bsn,231452,"The three top nursing degrees include an Associate in Nursing (ADN), Bachelor’s in Nursing (BSN) & Master’s in Nursing (MSN). Different types of nursing jobs will require different levels of education. What exactly is the difference between an LPN license, an RN license and a BSN degree? If you're looking into a possible career in nursing, you've probably realized that there are several different types of nurses, each of which have their own set of common responsibilities and educational requirements.",1,1,2,##final score: 2
87181,causes of left ventricular hypertrophy,8534134,"Left ventricular hypertrophy (LVH) occurs when the muscle tissue in the heart’s main pumping chamber becomes enlarged. LVH is often caused by high blood pressure or other heart problems and can lead to serious complications, such as heart disease, heart attack and heart failure.",2,2,3,##final score: 3
489204,right pelvic pain causes,855963,"This type of pain may be a warning that something is wrong. Some causes of acute pelvic pain include: An infection of your uterus, fallopian tubes, or ovaries; this condition is called pelvic inflammatory disease (PID). An infection of the urethra, bladder, or kidneys.",1,1,2,##final score: 2
1121709,what are the three percenters?,3709755,This wisdom can be best summarized as that people remember: 1  10 percent of what they READ. 2  20 percent of what they HEAR. 3  30 percent of what they SEE. 4  50 percent of what they SEE and HEAR. 5  70 percent of what they SAY and WRITE.  90 percent of what they DO.,0,0,1,##final score: 1
131843,definition of a sigmet,1398253,"1 Security: Delays or cancellations caused by evacuation of a terminal or concourse, re-boarding of aircraft because of security breach, inoperative screening equipment and/or long lines in excess of 29 minutes at screening areas. Extreme Weather: Significant meteorological conditions (actual or forecasted) that, in the judgment of the carrier, delays or prevents the operation of a flight such as tornado, blizzard or hurricane.",1,1,0,##final score: 0
1063750,why did the us volunterilay enter ww1,1048074,"Woodrow Wilson also embarked on reorganising the federal banking system. From 1914 to 1917, he observed a strict neutrality in the Great War but the activities of German U-boats forced his hand especially with the sinking of the ‘Lusitania’ in 1915 which killed 128 American citizens.",2,2,1,##final score: 1
489204,right pelvic pain causes,518994,"1 Pain and tenderness that usually start in the upper part of the stomach or around the belly button and move to the lower right part of the abdomen. 2  The pain can be sharp, severe, and felt more when the lower right abdomen is touched.",1,1,2,##final score: 2
1133167,how is the weather in jamaica,220332,"When to go and weather. Sunny, clear days in the highlands; less rain in the Oriente. December to April is high season on the coast: expect warm temperatures and periodic showers. January to May is high season in the Galápagos. Cooler temperatures, more showers (usually sun in the morning and rain in the afternoon) in the highlands.",0,0,1,##final score: 1
1117099,what is a active margin,1798620,"2 types of Continental Margins: Active continental margin and Passive continental margin •Active Continental Margin –occur along plate boundaries (where plates are actively moving) –This is where mountain building takes place!! –Ex.) Nazca Plate (oceanic crust) subducting beneath South American Plate (causing mountains to form, earthquake and volcanic activity. (Andes Mountains) •Passive Continental Margin –do not occur along plate boundaries –These are stable margins and accumulate large amounts",3,3,2,##final score: 2
183378,exons definition biology,327909,"Interspersed within the exons are introns, regions of non-coding DNA. Introns must be removed from the initial transcript of mRNA before the final mature transcript is sent to the ribosome for translation into protein. This removal is done in a coimplex protein structure called the spliceosome.The spliceosome splices out the non-coding introns from the primary mRNA transcript, and stiches the exons back together into the mature mRNA transcript.he spliceosome is a complex of small nuclear RNA (snRNA) and small nuclear protein (snRNP) molecules, snRNAs and snRNPs.",2,2,3,##final score: 3
1063750,why did the us volunterilay enter ww1,4895432,"When they did join the war, they were in higher ranks than most of the commoners; they were Captins and Majors. This encouraged many rich men to join whn the war first started. When the rationing of food started, the rich didn't suffer as they had more money to pay the higher prices for food such as meat.The Poor People Most of the soldiors in WW1 were poor because many poor men had either no job or a job that payed very little.hen the rationing of food started, the rich didn't suffer as they had more money to pay the higher prices for food such as meat. The Poor People Most of the soldiors in WW1 were poor because many poor men had either no job or a job that payed very little.",0,0,1,##final score: 1
1063750,why did the us volunterilay enter ww1,5956106,"The first primary cause leading to the entry of the United States  into World War I was the loss of American lives and goods through  the sinking of American ships by German … submarines.he war was originally started as a result of a few events: Originally the war was between Serbia and Austria-Hungry. Germany (Ally of Austria-Hungry) and Russia (Ally of Serbia) later joined, bringing their allies into the war. This was sparked by the assassination of Franz Ferdinand.",2,2,1,##final score: 1
833860,what is the most popular food in switzerland,6230225,"Fondue. Fondue in Switzerland may seem cliched, clichéd but it is indelibly woven into the’country s. Fabric for, Centuries swiss living in the mountains relied on fondue as a way to use bread and cheese during colder. monthsosti, Valaisanne-style. Thinly grated potatoes, pan-fried until crisp and golden, rosti is one of Switzerland’s iconic national dishes. Though no one knows when the first rosti was cooked-up, farmers in the canton of Bern would traditionally eat it for breakfast.",3,3,2,##final score: 2
1113437,what is physical description of spruce,7385217,"Spruce Tree Scientific Name, Picea. Spruce trees are cone bearing trees and can therefore be classified as coniferous. Other coniferous trees include pine trees, Douglas Fir trees, redwood trees and cedar trees. Spruce Tree Types: List of Different Type of Spruce. Bird's Nest Spruce, dwarf variety of Norway Spruce.",1,1,0,##final score: 0
146187,difference between a mcdouble and a double cheeseburger,4777148,"The “Dollar” menu at McDonalds is kind of a misnomer. Out here in California, most of the items on the so-called Dollar Menu cost more than $1. For example, the McDouble costs, on average, $1.29.",1,1,0,##final score: 0
833860,what is the most popular food in switzerland,3421947,"Switzerland is one of the most prosperous countries in the world. The key sectors of the economy are financial services, engineering and tourism. Other well known sectors include the production of chocolate and cheese.",1,1,2,##final score: 2
1124210,tracheids are part of _____.,6891518,The Conquest of the Land. The first plants were algae and these still thrive in a range of aquatic habitats today. (Do not fall into the trap of thinking because algae have been around for so long they are primitive.lants like Cooksonia (as well as Zosterophyllum) had true tracheids in their sporophytes and so are probably more closely related to the ancestors of the vascular land plants. For further details see Gerrienne & Gonez (2011) .,2,2,1,##final score: 1
443396,lps laws definition,7708939,"The Baker Act is legislation enacted in Florida, but, I'm pretty sure every state and the District of Columbia have some some kind of involuntary mental health commitment statute. In 1975, the Supreme Court ruling on O'Connor v. Donaldson pretty much made those statutes universal.",1,1,0,##final score: 0
1133167,how is the weather in jamaica,190805,"Typical Weather in May. Temperatures in Jamaica during May generally vary between an average high during the day of 86.0 degrees and an average low at night of 75.0 degrees. On any given day during May in Jamaica, you can expect early morning temperatures to be around 78.4 degrees. Temperatures in Jamaica typically rise during the day, to an average of 85.4 degrees in the early afternoon. The temperature in Jamaica will typically decline by early evening, to approximately 80.2 degrees. Overall, temperatures in Jamaica during May average around 80.3 degrees.",2,2,3,##final score: 3
1124210,tracheids are part of _____.,2258595,Summary: Vessels have perforations at the end plates while tracheids do not have end plates. Tracheids are derived from single individual cells while vessels are derived from a pile of cells. Tracheids are present in all vascular plants whereas vessels are confined to angiosperms.Tracheids are thin whereas vessel elements are wide. Tracheids have a much higher surface-to-volume ratio as compared to vessel elements.Vessels are broader than tracheids with which they are associated.Morphology of the perforation plate is different from that in tracheids.racheids are thin whereas vessel elements are wide. Tracheids have a much higher surface-to-volume ratio as compared to vessel elements. Vessels are broader than tracheids with which they are associated. Morphology of the perforation plate is different from that in tracheids.,2,2,3,##final score: 3
156493,do goldfish grow,1347266,Only 2 or 3 DOAs (turtle food) on top. Most feeder goldfish (alias comet goldfish) come into this world with one purpose in life -- to be eaten. (Which pretty much tells the story of all fish life in the wild.) Feeders that don t get eaten grow into the comet goldfishes that you see in ponds. LA Comet fins grow longer indoors. Colors diminish. Comets.,2,2,1,##final score: 1
527433,types of dysarthria from cerebral palsy,542050,"As a child with Cerebral Palsy grows, other symptoms may include drooling, speech impairment, difficulty maintaining bladder and/or bowel control, convulsive seizures, hand tremors, and the inability to identify objects by touch.s a child with Cerebral Palsy grows, other symptoms may include drooling, speech impairment, difficulty maintaining bladder and/or bowel control, convulsive seizures, hand tremors, and the inability to identify objects by touch.",1,1,0,##final score: 0
573724,what are the social determinants of health,7199667,"The WHO later developed a Commission on Social Determinants of Health, which in 2008 published a report entitled Closing the Gap in a Generation. This report identified two broad areas of social determinants of health that needed to be addressed.",1,1,2,##final score: 2
1113437,what is physical description of spruce,2641642,"Larch trees are large deciduous trees with short needles and cones. The needles are only an inch or so long, and sprout in little clusters along the length of the stems. Each cluster has 30 to 40 needles. Tucked in among the needles you can find pink flowers that eventually become cones.",0,0,1,##final score: 1
1063750,why did the us volunterilay enter ww1,7146777,How did the zimmerman note affect American public opinion about the war? The Zimmermann note helped turn U.S. public opinion against Germany during WWI & strengthened advocates of U.S. entry into war.,2,2,1,##final score: 1
1106007,define visceral?,1905166,"When your partner says something you're not sure is truthful, pay attention to your IMMEDIATE, visceral (rather than conscious) reaction. 1. Know this is total BS. If so, your girlfriend is lying to you. Really.",1,1,2,##final score: 2
1117099,what is a active margin,8714087,"A continental margin that has a broad continental shelf, a gentle continental slope, and a pronounced continental rise is known as a passive continental margin. This type of margin experiences little, if any, volcanic or earthquake activity. The build-up of sediment is the primary activity affecting a passive margin.he continental shelf is the region that extends seaward from the shoreline to a sharp drop-off that marks the beginning of the continental slope. That drop-off is known as the continental shelf break. Continental shelves vary in width from 3 to 930 miles (5 to 1,500 kilometers).",1,1,0,##final score: 0
148538,difference between rn and bsn,5601322,"As of 2011, magnet hospitals are required to maintain a 75% quota of nurse managers trained at the BSN level or higher. If you are working in an executive position with an ADN or diploma, and you want to make a lateral move, the BSN degree will likely be required. There is no similar mandate for bedside nurses.",1,1,0,##final score: 0
1114819,what is durable medical equipment consist of,988375,"The feeling within the industry is that time is being given for durable medical equipment providers to determine if their joint venture agreement is legal and correct. The purchase provides us with a growing presence in the durable medical equipment marketplace, Elliott said.",1,1,0,##final score: 0
1114819,what is durable medical equipment consist of,8027210,"Purchasing Durable, Long-Lasting Medical Equipment. The TRICARE Standard program can help cover some costs for medical equipment. Under the program, there are cost-shares for the monetary amount spent on purchasing necessary medical equipment and items such as hospital beds, wheelchairs, oxygen tanks, etc.",2,2,1,##final score: 1
915593,what types of food can you cook sous vide,275732,"You can cook it by thickness, using a sous vide thickness ruler, just long enough to bring it up to temperature. You can also cook it for up to 8 hours because of the amount of fat in the steak. One of my favorite ways is to sous vide it for several hours then chill it in a 1/2 ice - 1/2 water bath.",2,2,1,##final score: 1
87452,causes of military suicide,8436579,"The number of suicide deaths in the U.S. military surged to a record 349 last year — more than the 295 Americans who died fighting in Afghanistan in 2012. The numbers were first reported by the AP; NPR has confirmed them. The new figures show that the number of military suicides rose from 2011, when 301 such deaths were reported.",1,1,2,##final score: 2
264014,how long is life cycle of flea,1702972,"Fleas use their hosts' blood as food. They generally prefer the blood of four-legged animals to human blood, so before you went on vacation, the fleas fed on your pets, not on you. Although newly emerged fleas need to find food within a few days, adults can go for a couple of months without a meal.",1,1,0,##final score: 0
1114819,what is durable medical equipment consist of,327926,"For Medicare Part B, you pay: 1  A monthly fee. 2  A deductible, which is a set amount you pay each year before Part B starts paying for any of your care.  Twenty percent of the Medicare-approved amount for some types of care. These are doctor's appointments, physical therapy, diabetes supplies, durable medical equipment like commode chairs, wheelchairs, and others. You have to meet your deductible before you start paying 20%.",2,2,1,##final score: 1
1063750,why did the us volunterilay enter ww1,7857767,"When RMS Lusitania left New York for Britain on 1 May 1915, German submarine warfare was intensifying in the Atlantic. Germany had declared the seas around the United Kingdom a war zone, and the German embassy in the United States had placed a newspaper advertisement warning people of the dangers of sailing on Lusitania.",1,1,0,##final score: 0
489204,right pelvic pain causes,8737051,"Causes of Pelvic Pain. Acute pelvic pain is pain that starts over a short period of time anywhere from a few minutes to a few days. This type of pain is often a warning sign that something is wrong and should be evaluated promptly. Pelvic pain can be caused by an infection or inflammation. An infection doesn't have to affect the reproductive organs to cause pelvic pain. Pain caused by the bladder, bowel, or appendix can produce pain in the pelvic region; diverticulitis, irritable bowel syndrome, kidney or bladder stones, as well as muscle spasms or strains are some examples of non-reproductive causes of pelvic or lower abdominal pain.",1,1,2,##final score: 2
47923,axon terminals or synaptic knob definition,611271,"This signal is then propagated along the axon (and not, say, back to its dendrites) until it reaches its axon terminals. An action potential travels along the axon quickly, moving at rates up to 150 meters (or roughly 500 feet) per second. Conduction ends at the axon terminals. Axon terminals are where neurotransmission begins. Hence, it is at axon terminals where the neuron sends its OUTPUT to other neurons.",2,2,3,##final score: 3
1037798,who is robert gray,5438881,The province of British Columbia is one of the ten provinces and three territories that make up Canada. British Columbia is on the west coast of Canada.Origin of the Name British Columbia: The name for the province of British Columbia was chosen by Queen Victoria and proclaimed in 1858.Columbia refers to the Columbia River named by American Captain Robert Gray for his ship Columbia. See Also: 1  British Columbia Facts.ritish Columbia is on the west coast of Canada. Origin of the Name British Columbia: The name for the province of British Columbia was chosen by Queen Victoria and proclaimed in 1858. Columbia refers to the Columbia River named by American Captain Robert Gray for his ship Columbia. See Also:,2,2,1,##final score: 1
443396,lps laws definition,1055834,"The Court will not let you establish an LPS conservatorship unless it finds beyond a reasonable doubt, that the mentally ill person, is gravely disabled. Gravely disabled means that, because of a mental disorder, the person cannot take care of his/her basic, personal needs for food, clothing, or shelter.",2,2,3,##final score: 3
104861,cost of interior concrete flooring,146171,"This price is usually for commercial floors and includes staining or scoring the floors, according to John Buteyn of Colorado Hardscapes. $6-$12/ sq ft. The typical cost for polished concrete in a residential floor because it is more difficult to get a consistent look using a smaller machine, according to Buteyn.asic cost for a polished concrete floor that requires only a few levels of grinding, according to Greg Demmert of Demmert & Assoc. in Los Angeles.",2,2,3,##final score: 3
156493,do goldfish grow,7976153,You should cycle your fish tank with a small number of fish. They should be hearty fish and a variety of fish that you want to have in your fish tank in the long run. Do not cycle your tank with lots of feeder goldfish. Do not cycle your tank with any goldfish unless you intend to keep goldfish.,0,0,1,##final score: 1
1133167,how is the weather in jamaica,4494100,"Ocho Rios Jamaica Weather - Autumn (Sept, Oct And Nov) Truth be told, autumn is the best time to get cheap flights to Jamaica and save big on hotels, but autumn is not the best time to visit Ocho Rios as it relates to the weather.",1,1,2,##final score: 2
1106007,define visceral?,1020463,"The vagus nerve is either one of two cranial nerves which are extremely long, extending from the brain stem all the way to the viscera. The vagus nerves carry a wide assortment of signals to and from the brain, and they are responsible for a number of instinctive responses in the body.",1,1,0,##final score: 0
207786,how are some sharks warm blooded,8273756,"A question came across SHARK-L concerning makos being considered warm-blooded and various replies touch upon aspects of the topic. There are currently two species of mako recognized, the Longfin (Isurus paucus) and the Shortfin (I. oxyrinchus).",1,1,0,##final score: 0
19335,anthropological definition of environment,1720389,"Definition of Environment. Environment: The sum of the total of the elements, factors and conditions in the surroundings which may have an impact on the development, action or survival of an organism or group of organisms. Last Editorial Review: 6/9/2016.",1,1,0,##final score: 0
1133167,how is the weather in jamaica,6157109,"What's the Weather Like in Montego Bay in April. Temperature. Very similar to March's temperature averages, April is warm, with a little more rain possible, as we head towards the start of the wet season. You can expect a pleasant 26°C average during the day, with a high of around 29°C. Rain",2,2,1,##final score: 1
1063750,why did the us volunterilay enter ww1,7146781,"How much influence did the Zimmerman Telegram have? [duplicate] I think conventional wisdom holds that the U.S. entered World War I specifically because German submarines had sunk seven of its merchant ships. In his address to Congress on April 2, 1917 President Wilson referred to those incidents, but not to the Zimmermann telegram.",2,2,1,##final score: 1
1063750,why did the us volunterilay enter ww1,6987647,"The events of the first few months of 1917, from the resumption of unrestricted submarine attacks to the Zimmerman telegram, broke the back of the antiwar movement and substantially increased enthusiasm for American intervention.",2,2,1,##final score: 1
489204,right pelvic pain causes,7113153,"Several types of diseases and conditions can cause pelvic pain. Chronic pelvic pain can result from more than one condition. Pelvic pain can arise from your digestive, reproductive or urinary system. Recently, doctors have recognized that some pelvic pain, particularly chronic pelvic pain, can also arise from muscles and connective tissue (ligaments) in the structures of the pelvic floor. Occasionally, pelvic pain might be caused by irritation of nerves in the pelvis.",1,1,2,##final score: 2
87181,causes of left ventricular hypertrophy,8522403,"In this condition, the walls of both the left and right side of the heart (ventricles) become thin and stretched. The result is an enlarged heart. In the other types of cardiomegaly, the heart's large muscular left ventricle becomes abnormally thick. Hypertrophy is usually what causes left ventricular enlargement.",1,1,2,##final score: 2
489204,right pelvic pain causes,4222521,"Liver pain may be confused with a more general abdominal pain, unless it occurs specifically in the upper right abdomen. Even then, right upper quadrant pain can be due to gallstones, intestinal pain, pancreatitis, or other abdominal disorders.Because pain in the liver area can be caused by many different conditions, some of which are serious, it is important for you to contact your health care provider to determine the underlying cause.ven then, right upper quadrant pain can be due to gallstones, intestinal pain, pancreatitis, or other abdominal disorders. Because pain in the liver area can be caused by many different conditions, some of which are serious, it is important for you to contact your health care provider to determine the underlying cause.",1,1,0,##final score: 0
1121402,what can contour plowing reduce,8052619,"Contour Plowing & Terraces The Soil Erosion Service was one of the federal programs started in the 1930s to save the land that had been destroyed by years of wind erosion, over plowing, and over grazing. The commission taught farmers how to use terracing and contour plowing techniques to preserve the soil.",2,2,3,##final score: 3
833860,what is the most popular food in switzerland,2626241,"Swiss cheese the generic name for several varieties of cheese originally made in Switzerland. In the United States swiss cheese is an imitation of the Swiss Emmental or Emmentaler. Swiss cheese is a mild cheese made from cow's milk and has a firmer texture than baby Swiss. The flavor is mild, sweet and nut-like.",1,1,2,##final score: 2
1133167,how is the weather in jamaica,4131477,"Official Hurricane Season Dates. The full hurricane season is June 1st to November 30th for the Atlantic and the Caribbean each year, and the Eastern Pacific hurricane season starts in mid-May. The peak months for hurricanes in the Atlantic, Caribbean, and Pacific are August through early October.",1,1,0,##final score: 0
1063750,why did the us volunterilay enter ww1,7791761,"The American press published news of the telegram on March 1. On April 6, 1917, the United States Congress formally declared war on Germany and its allies. Click here to read a 1921 commentary upon the consequences of the Zimmermann Telegram.",2,2,1,##final score: 1
1114819,what is durable medical equipment consist of,8653330,Most insurance plans provide coverage for insulin pump therapy and diabetes testing supplies under a Durable Medical Equipment (DME) clause. Pump manufacturers’ insurance departments have the expertise to negotiate approval for payment with your insurance provider.,2,2,1,##final score: 1
1133167,how is the weather in jamaica,190811,"Typical Weather in September. Temperatures in Jamaica during September generally vary between an average high during the day of 88.0 degrees and an average low at night of 76.0 degrees. During the early morning hours of an average September day in Jamaica, you can expect the temperature will be in the vicinity of 79.0 degrees.",2,2,3,##final score: 3
490595,rsa definition key,4842896,"RSA (cryptosystem), the Rivest-Shamir-Adleman cryptosystem, a cryptosystem for public-key encryption RSA Conference, an annual cryptography convention. RSA Factoring Challenge, a computational number theory challenge aimed at factorizing a given set of semi-prime numbers. RSA numbers, a set of numbers that have as factors two prime numbers (semi-prime keys) RSA Security, a U.S. network security provider, a subsidiary of Dell Technologies.",3,3,2,##final score: 2
1063750,why did the us volunterilay enter ww1,7247264,"So, what did all this have to do with America and why did we enter World War One? Most Americans favored staying out of the conflict and President Wilson publicly and formally stated that the United States would follow a policy of neutrality. In three short years, however, the United States would find itself in the middle of what later became known as the first World War. As the war in Europe raged on America sympathies were clearly on the side of the allies. American propaganda posters urged citizens to buy war bonds and support the allies.",1,1,2,##final score: 2
1114819,what is durable medical equipment consist of,710523,"Detailed education is available from the Durable Medical Equipment Medicare Administrative Contractors (DME MACs) serving Jurisdictions A, B, C, and D. DME MACs provide education in a variety of formats including: self-paced online tutorials, podcasts, video education, and webinars.",1,1,0,##final score: 0
183378,exons definition biology,5280054,"RNA strands are created using DNA strands as a template in a process called transcription. Under the genetic code, these RNA strands are translated to specify the sequence of amino acids within proteins in a process called translation. Within eukaryotic cells DNA is organized into long structures called chromosomes.",0,0,1,##final score: 1
451602,medicare's definition of mechanical ventilation,5655693,"R11.0, T46.2x5A, I48.91. The patient arrived to the hospital in acute respiratory failure and hypoxia. The patient was intubated, and the physician documents that the patient is being admitted to the hospital for treatment of the acute respiratory failure with hypoxia. The patient also has congestive heart failure. Mechanical ventilation was provided for 48 consecutive hours. Code the procedure for the mechanical ventilation.",1,1,0,##final score: 0
451602,medicare's definition of mechanical ventilation,2231589,"A metal or plastic tube, called a tracheotomy tube, is inserted through the opening. This tube acts like a windpipe and allows the person to breathe. Oxygen or a mechanical ventilator may be hooked up to the tube to bring oxygen to the lungs. A dressing is placed around the opening.",1,1,2,##final score: 2
833860,what is the most popular food in switzerland,2386362,"The origins of carrot cake are disputed. Recipes for carrot cake occur as early as 1827, in a French cookbook published in England. Another 19th century recipe comes from the housekeeping school of Kaiseraugst (Canton of Aargau, Switzerland).",1,1,0,##final score: 0
1133167,how is the weather in jamaica,18346,"On October 24, Sandy became a hurricane, made landfall near Kingston, Jamaica, re-emerged a few hours later into the Caribbean Sea and strengthened into a Category 2 hurricane. On October 25, Sandy hit Cuba as a Category 3 hurricane, then weakened to a Category 1 hurricane. Early on October 26, Sandy moved through the Bahamas. On October 27, Sandy briefly weakened to a tropical storm and then restrengthened to a Category 1 hurricane.",2,2,1,##final score: 1
87452,causes of military suicide,2052496,"Posttraumatic Stress Disorder (PTSD) is a trauma-related mental illness affecting 8% of Americans. PTSD is closely related to Dissociative Disorders. In fact, most people with a Dissociative Disorder also have PTSD. The cost of trauma disorders is extremely high to individuals, families, and society. Recent research suggests that people with trauma disorders may attempt suicide more often than people who have major depression.",1,1,2,##final score: 2
87181,causes of left ventricular hypertrophy,3445699,"In patients with hypertension and especially in those with left ventricular hypertrophy (LVH), there is an upward shift of the coronary perfusion pressure to 70 mm Hg for hypertensive patients and 80–90 mm Hg for those with hypertension and LVH, compared with normotensive controls of 60 mm Hg.",1,1,0,##final score: 0
1063750,why did the us volunterilay enter ww1,3676185,"The sinking of the Lusitania was not the single largest factor contributing to the entrance of the United States into the war two years later, but it certainly solidified the public's opinions towards Germany.",2,2,1,##final score: 1
1110199,what is wifi vs bluetooth,8160527,"Bluetooth 4.0 vs. Wi-Fi Direct: Speed Wi-Fi Direct promises device-to-device transfer speeds of up to 250Mbps, while Bluetooth 4.0 promises speeds similar to Bluetooth 3.0 of up to 25Mbps. Both Bluetooth 4.0 and Wi-Fi Direct use the 802.11 networking standard to reach their maximum speeds.",2,2,3,##final score: 3
87452,causes of military suicide,7561798,"Vietnam Syndrome. Vietnam Syndrome, like other post-war syndromes, was first used in early 1970s to describe the physical and psychological symptoms of veterans coming back from the Vietnam War, later best known as Post-Traumatic Stress Disorder (PTSD).",1,1,0,##final score: 0
1063750,why did the us volunterilay enter ww1,4712113,"Best Answer: America fought Germany twice, first WWI and again in WWII. In World War One, the incident that finally made the US declare war on Germany was the Zimmerman Telegram, in which the Germans offered to Mexico: Texas, New Mexico, Arizona, and California.But this was only the final straw in a series of aggressive actions taken by Germany that the US didn't like.ermany and Italy both declared war on the US earlier that same day.. Germany had what they called an Iron Pact with Japan. As soon as Japan attacked the US Germany was treaty bound to declare war on us. As soon as they did..",2,2,1,##final score: 1
1113437,what is physical description of spruce,7377278,"Firs are often distinguished from their spruce cousins through the characteristics of their needles. Those of spruce trees are rather firm and rectangular when cut in cross section, while fir-tree needles are softer, flatter, and two-sided. The cones of fir trees are erect and have scales that fall off in autumn.",2,2,1,##final score: 1
1117099,what is a active margin,8294083,"The San Andreas Fault in California is one example. 2. Divergent boundaries occur where two plates slide apart from each other. Mid-ocean ridges (e.g., Mid-Atlantic Ridge) and active zones of rifting (such as Africa's Great Rift Valley) are both examples of divergent boundaries.. Convergent boundaries (or active margins) occur where two plates slide towards each other commonly forming either a subduction zone (if one plate moves underneath the other) or a continental collision (if the two plates contain continental crust). Deep marine trenches are typically associated with subduction zones.",3,3,2,##final score: 2
1117099,what is a active margin,7879730,"The margin is simply the edge of a continental plate Deep ocean basins are areas of oceanic crust on the ocean floor. They are usually not on a plate margin, part of a deep ocean basin may be near a continental margin, but they are not margins themselves. Deep Ocean Basin.",1,1,0,##final score: 0
168216,does legionella pneumophila cause pneumonia,1735358,"Other bacteria types that can cause pneumonia include the bacteria that cause so-called atypical pneumonia, Legionella pneumophila, Mycoplasma pneumoniae, and Chlamydophila pneumonia. The most common cause of viral pneumonia in adults is the influenza virus. A number of different respiratory viruses cause pneumonia in children, such as respiratory syncytial virus (RSV). While viral pneumonia tends to be less severe than bacterial pneumonia, there is a risk of developing secondary bacterial pneumonia when viral pneumonia is present.",3,3,2,##final score: 2
264014,how long is life cycle of flea,3841908,"The entire cycle can last as short as a few weeks or as long as months, depending on the environmental conditions. PetMD states the ideal conditions for flea propagation are temperatures ranging between 70 and 85 degrees Fahrenheit and 70 percent humidity. An adult flea can live up to two weeks without a host.",2,2,3,##final score: 3
87452,causes of military suicide,8152222,"Alan ZaremboContact Reporter. Suicide rate among recent veterans 50% higher than non-military civilians. Recent veterans have committed suicide at a much higher rate than people who never served in the military, according to a new analysis that provides the most thorough accounting so far of the problem.",1,1,2,##final score: 2
264014,how long is life cycle of flea,7323463,"· just now. 1  Hello, 2  best way to get rid of fleas is to vacuum every day! 3  This problem can and will go on for a long time to come, the fleas hide in your carpets and furniture. 4  This Site Might Help You. 5  Without a host, a flea will live for anything from a few days, up to as long as two weeks. It sounds as though you're very knowledgable regarding the subject and have taken all the precautions possible, but just in case you could learn something new, the site below is very good.",2,2,3,##final score: 3
264014,how long is life cycle of flea,5780490,"How long can a dog go without water? The Pet Shed Petcyclopedia explains that a flea can live for a little over 130 days when it has access to a host. When a flea loses its host, it must find a new one as quickly as possible. According to 1-800-PetMeds, a little over half of newborn fleas may be able to survive for two months without a host if their environment is humid enough.",2,2,3,##final score: 3
490595,rsa definition key,5612095,"To find this site type the following search terms: RSA Online, RSA Online Training, RSA Online NSW, RSA Online QLD, RSA Online WA, RSA Online NT, RSA Online ACT, RSA Online SA, RSA Online TAS, RSA Online RSA Certificate (Responsible Service of Alcohol) save time do RSA training when you want. RSA On line Certificate SITHFAB002, SITHFAB009, online rsa, rsa certificate, rsa certificate online, rsa, responsible service of alcohol, online rsa training, Australia, SITHFAB201, rto, registered ...",0,0,1,##final score: 1
1133167,how is the weather in jamaica,4489251,"Typical Weather in March. During March the temperatures in the Caribbean typically vary between a daily high of about 83.5 degrees and a daily low of approximately 73.2 degrees. On average, it rains in the Caribbean a total of 8.4 days during the month. Total precipitation during the month averages 1.8 inches.",1,1,2,##final score: 2
1117099,what is a active margin,859540,"Convergent boundary. In plate tectonics, a convergent boundary, also known as a destructive plate boundary (because of subduction), is an actively deforming region where two (or more) tectonic plates or fragments of the lithosphere move toward one another and collide.",2,2,1,##final score: 1
264014,how long is life cycle of flea,6641241,"After hatching, flea eggs develop into tiny, worm-like larvae. Larvae remain hidden deep in carpet fibers, beneath furniture cushions and in other protected areas. The larvae feed mainly on adult flea feces (dried blood) which accumulates, along with the eggs, in pet resting and activity areas. Before becoming adult fleas, the larvae transform into pupae within a silk-like cocoon. Pupae remain inside the cocoon for 2 to 4 weeks, sometimes longer.",2,2,3,##final score: 3
182539,example of monotonic function,7371255,"Figure 1. A monotonically increasing function (it is strictly increasing on the left and right while just non-decreasing in the middle.). Figure 2. A monotonically decreasing function. In calculus, a function f defined on a subset of the real numbers with real values is called monotonic (also monotonically increasing, increasing or non-decreasing), if for all x and y such that x ≤ y one has f (x) ≤ f (y), so f preserves the order (see Figure 1).",2,2,3,##final score: 3
1121709,what are the three percenters?,1964424,"That said, here are what I see as the three ideas that the Court uses to justify taking the power for themselves (remember that this power is not given to them by the Constitution): 1  The people established the Constitution to limit what government can do.",0,0,1,##final score: 1
264014,how long is life cycle of flea,2689662,"It can take as little as a couple days or as long as a couple weeks for flea eggs to hatch. Upon reaching adulthood, fleas may live a few more weeks, or up to a year or longer … depending on numerous external factors.",2,2,3,##final score: 3
264014,how long is life cycle of flea,5611216,"If humans had the jumping power of a flea, a 1.8-m (6-ft) person could make a jump 90 m (295 ft) long and 49 m (160 ft) high. Researchers with the University of Cambridge in England found that fleas take off from their tibiae and tarsi (the insect equivalent of feet) and not their trochantera, or knees.enerally speaking, an adult flea only lives for 2 or 3 months. Without a host for food a flea's life might be as short as a few days. With ample food supply, the adult flea will often live up to 100 days.",2,2,3,##final score: 3
1133167,how is the weather in jamaica,4494097,"Weather In Ocho Rios Jamaica - Spring (March, April And May) Spring is a good time to visit Ochi. Overall, the weather in Ocho Rios Jamaica is pretty nice; especially the first part of spring. In March, you should experience the best weather in spring. The months of April and May will experience an average of nine (9) sunny days per month. The month of May is when you can anticipate many rainy days.",2,2,3,##final score: 3
1037798,who is robert gray,473202,Someone's name who is active on Facebook has their name a light gray with what appears to be a symbol in front of the name (a NO symbol?) ---gray circle w... Help Community Log In,0,0,1,##final score: 1
451602,medicare's definition of mechanical ventilation,23565,"Invasive ventilation (IV) and noninvasive ventilation (NIV). Invasive ventilation is the process by which air is delivered to you via specially designed medical equipment. For example: 1  Intubation, in which a tube is inserted into your throat to provide air.",1,1,2,##final score: 2
1133167,how is the weather in jamaica,4742235,"Typical Weather in November. November temperatures in Barbados range from an average low of 77.0 degrees to an average high of 84.0 degrees. On any given day during November in Barbados, you can expect early morning temperatures to be around 81.0 degrees. In November, temperatures typically rise to around 83.3 degrees by early afternoon. The temperature in Barbados will typically decline by early evening, to approximately 79.3 degrees.",0,0,1,##final score: 1
264014,how long is life cycle of flea,1702969,"Flea pupae can also stay in their cocoons for up to a year, waiting to sense the body heat and vibrations that signal the presence of nearby hosts. So when you go on vacation, the fleas don't starve to death -- they simply wait for you and your pets to come back.",2,2,3,##final score: 3
1114819,what is durable medical equipment consist of,1245295,"Information about the Medicare Durable Medical Equipment, Prosthetics, Orthotics, and Supplies (DMEPOS) Competitive Bidding Program. In January 2011, Medicare started a new competitive bidding program for certain. DMEPOS in nine areas of the country. In July 2013, Medicare expanded the.",1,1,0,##final score: 0
1063750,why did the us volunterilay enter ww1,4854132,"After the attack on Pearl Harbor on December 7, 1941, the United States entered World War II. On December 8, Congress declared war on Japan, and on December 11, the United States entered into war with Germany.",0,0,1,##final score: 1
104861,cost of interior concrete flooring,4230213,Typically the costs of a concrete resurfacing overlay suitable for flooring or driveway application will start at around $400 to $700 for a job under 100 square feet. On a job of 1000 square feet typical prices can start around $2000.00.,2,2,1,##final score: 1
1133167,how is the weather in jamaica,8003293,"Typical Weather in December. December temperatures in the Caribbean range from an average low of 73.3 degrees to an average high of 82.9 degrees. Rain occurs in the Caribbean a total of 11.4 days during an average December.Total precipitation during the month averages 3.7 inches.emperature. During the early morning hours of an average December day in the Caribbean, you can expect the temperature will be in the vicinity of 73.9 degrees. The temperature will rise over the course of the typical December day, reaching somewhere around 81.9 degrees by early afternoon.",1,1,2,##final score: 2
451602,medicare's definition of mechanical ventilation,4176454,"pressure trigger a trigger for initiating assisted ventilation, consisting of a mechanism for measuring pressure and starting assisted ventilation when pressure reaches a given level. time trigger a trigger for initiating assisted ventilation, consisting of a mechanism that measures frequency of respirations and starts assisted ventilation when the respiratory frequency is at a given point.",1,1,0,##final score: 0
1133167,how is the weather in jamaica,8804478,"The one big disadvantage of visiting the Bahamas during off-seasons is the possibility of having your vacation rained out by a tropical storm or hurricane. Hurricane season in the Caribbean runs from June 1 to November 30 and the islands get a direct hit every 11.58 years, according to hurricanecity.com.",1,1,0,##final score: 0
264014,how long is life cycle of flea,3601337,"Cold weather doesn't kill fleas that are sheltered from cold. Fleas in the formative part of the flea cycle as in eggs, larvae and cocoon stages can survive winter, but tend to lie dormant. Yes, humans are all too frequently the target of fleas that have been brought into the family home by unprotected pets.lea cocoons throughout your home can remain dormant for months, and they are also pretty resilient to most commercial insecticides. If you have pets and you allow them to go outside then you must use flea protection for every day of the year. We recommend Flea Discs because they last for up to 4 years.",2,2,1,##final score: 1
1106007,define visceral?,8685446,"Yet these contrasting uses of the same word had something in common: the expression of intense emotion. That’s one reason profanity is used — and will continue to be. For those who use them, swear words are linked to emotion in a visceral way.People need special words to convey emotion, which is, by nature, ineffable.For those who use them, swear words are linked to emotion in a visceral way.People who speak more than one language report that they always curse in their native tongue; they can say swear words in a second language but they don’t feel them — the gut link to emotions just isn’t there. Read more….or those who use them, swear words are linked to emotion in a visceral way. People who speak more than one language report that they always curse in their native tongue; they can say swear words in a second language but they don’t feel them — the gut link to emotions just isn’t there. Read more….",2,2,1,##final score: 1
168216,does legionella pneumophila cause pneumonia,8723467,"Several types of bacteria, including Legionella pneumophila, Mycoplasma pneumoniae, and Chlamydophila pneumoniae, cause atypical pneumonia. It is sometimes called walking pneumonia and is referred to as atypical because its symptoms differ from those of other types of bacterial pneumonia.",3,3,2,##final score: 2
47923,axon terminals or synaptic knob definition,84017,Synapse = point of impulse transmission between neurons; impulses are transmitted from pre-synaptic neurons to post-synaptic neurons Synapses usually occur between the axon of a pre-synaptic neuron & a dendrite or cell body of a post-synaptic neuron.,1,1,2,##final score: 2
359349,how to find the midsegment of a trapezoid,5615181,"In the trapezoid below, the midpoints of the non-parallel sides are points S and V. The midsegment is the red line segment from S to V. The midsegment below can be found by. 1  calculating the lengths of the bases.  35-16 = 9 (length of upper base)",2,2,3,##final score: 3
489204,right pelvic pain causes,5005611,"Causes of Pain in Right Side of Chest. The causes of pain in the right side of the chest are diverse, ranging from the effects of excess physical activity to infections and underlying medical conditions. Here will list some of the best explained causes.",0,0,1,##final score: 1
130510,definition declaratory judgment,1110766,"In most U.S. states and Canada, the insurer generally has four main options at this point, to: 1  defend the insured unconditionally; 2  defend the insured under a reservation of rights; 3  seek a declaratory judgment that it has no duty to defend the claim; or. 4  decline to defend or to seek a declaratory judgment.",1,1,2,##final score: 2
1133167,how is the weather in jamaica,823275,"Jamaica Weather in July: Hot, Hot, Hot! Jamaica weather in July is hot! Temperatures in July are higher than in June... ...and the possibility of afternoon thunderstorms is a part of daily life. Schools are out and spending time at the beach is a favourite activity (especially on weekends).",2,2,3,##final score: 3
1114819,what is durable medical equipment consist of,1845189,"documentation to ensure you are qualified and eligible to enroll in the Medicare program. Suppliers, other than. suppliers of Durable Medical Equipment, Prothetics, Orthotics, and Supplies (DMEPOS), use three different. enrollment application forms to enroll or change their Medicare enrollment information.",1,1,0,##final score: 0
87452,causes of military suicide,8081937,"Military and civilian fatalities. According to WHO World health report 2004, deaths from intentional injuries (including war, violence, and suicide) were estimated to be 2.8% of all deaths. In the same report, unintentional injury was estimated to be responsible for 6.2% of all deaths. See also. List of causes of death by rate",1,1,0,##final score: 0
451602,medicare's definition of mechanical ventilation,2142558,"What To Expect While on a Ventilator. Ventilators normally don't cause pain. The breathing tube in your airway may cause some discomfort. It also affects your ability to talk and eat. If your breathing tube is a trach tube, you may be able to talk. (A trach tube is put directly into your windpipe through a hole in the front of your neck.) Instead of food, your health care team may give you nutrients through a tube inserted into a vein.",1,1,0,##final score: 0
1121402,what can contour plowing reduce,182373,Definition of Contour plowing in the Definitions.net dictionary. Meaning of Contour plowing. What does Contour plowing mean? Information and translations of Contour plowing in the most comprehensive dictionary definitions resource on the web.,1,1,0,##final score: 0
87452,causes of military suicide,434339,"Rates of suicide have increased by 60% from the 1960s to 2012, with these increases seen primarily in the developing world. Globally, as of 2008/2009, suicide is the tenth leading cause of death. For every suicide that results in death there are between 10 and 40 attempted suicides.",0,0,1,##final score: 1
168216,does legionella pneumophila cause pneumonia,3908781,"Two distinct illnesses, Legionnaires' disease and Pontiac fever, have been associated with the Legionella species. Legionnaires' disease is a severe pneumonia.Pontiac fever is a mild, non-pneumonia influenza-like illness. In this document, we refer only to Legionnaires' disease.wo distinct illnesses, Legionnaires' disease and Pontiac fever, have been associated with the Legionella species. Legionnaires' disease is a severe pneumonia.",2,2,3,##final score: 3
1133167,how is the weather in jamaica,4498477,"While it does not snow during the winter months in Jamaica, the climate is cooler due to the winter activity in the mountains. March and April are Jamaica's windy months, and the high winds often prevent travelers from participating in water sports such as scuba diving and para-sailing.",2,2,1,##final score: 1
168216,does legionella pneumophila cause pneumonia,3790896,"This means that if your water is not Legionella tested, you run the risk of spreading the disease. In order to prevent all Legionella related illnesses it is important that you regularly monitor your water systems. This is especially important in industrial environments where Legionella can be found in abundance.",1,1,2,##final score: 2
87181,causes of left ventricular hypertrophy,2763490,"Dilated cardiomyopathy (DCM) is a condition in which the heart becomes enlarged and cannot pump blood efficiently. The decreased heart function can affect the lungs, liver, and other body systems. DCM is one of the cardiomyopathies, a group of diseases that affect primarily the heart muscle. Different cardiomyopathies have different causes and affect the heart in different ways. In DCM a portion of the myocardium is dilated, often without any obvious cause. Left or right ventricular systolic pump function of the heart is impaired, leading to progressive heart enlargement via ventricular hypertrophy and ventricular dilation, a process called ventricular remodeling. Dilated cardiomyopathy is the most common form of non-ischemic cardiomyopathy.",1,1,2,##final score: 2
264014,how long is life cycle of flea,58385,"Adult Fleas. Temperatures below freezing are lethal to adult fleas . They’ll die within five days at 30.2°F (-1°C) Fig 2. At 24 hours, there’s mortality in 20% of emerged adults and 72% of pre-emerged adults. Fleas can live up to ten days at 37.4°F (3°C).",1,1,2,##final score: 2
1117099,what is a active margin,3906412,"This type of passive margin develops where rifting is oblique to the coastline, as is now occurring in the Gulf of California. Nature of transitional crust Transitional crust, separating true oceanic and continental crusts, is the foundation of any passive margin.",1,1,0,##final score: 0
264014,how long is life cycle of flea,7323471,Best Answer: maybe 18 months ... They can live for up to 2 years and that is not counting the baby fleas that hatch in the mean time. Those little f*er's a pain to ...,2,2,3,##final score: 3
1106007,define visceral?,2827493,"These words are power words because they evoke an immediate, emotional and visceral response. That is their power! One of the most powerful words I know is not itself a power word; it does not itself have the power of the words in your blog, it is instead a word that describes them. The word is NUANCE. Why say ‘red’ when you can evoke a more emotional, visceral response by saying ‘scarlet’?",1,1,0,##final score: 0
490595,rsa definition key,5149754,"Asymmetric Encryption. Asymmetric encryption (or public-key cryptography) uses a separate key for encryption and decryption. Anyone can use the encryption key (public key) to encrypt a message. However, decryption keys (private keys) are secret. This way only the intended receiver can decrypt the message.",1,1,2,##final score: 2
405717,is cdg airport in main paris,4489666,"Paris Charles de Gaulle Airport Flight Terminals. There are nine terminals at Paris Charles de Gaulle (CDG) airport – 1, 2A, 2B, 2C, 2D, 2E, 2F, 2G and 3. The CDGVAL service and the free airport shuttle service connects them all and each has shops, restaurants and services.",1,1,2,##final score: 2
1063750,why did the us volunterilay enter ww1,2951510,"President Woodrow Wilson gave a speech to Congress on April 2, 1917 giving reasons why the United States should declare war on Germany. The speech outlined the military actions that the German government was doing that constituted an act of war. As such, President Wilson urged Congress to declare war on Germany.",2,2,3,##final score: 3
183378,exons definition biology,2574033,"Whole genome sequencing is different than gene sequencing. It is also different from whole exome sequencing which only looks at a person’s exons, the parts of DNA that code for proteins in the body. Researchers like this method because it is faster and cheaper.",3,3,2,##final score: 2
183378,exons definition biology,327914,"The right junction is cut, the lariat becomes single-stranded and is degraded, and the exons are spliced. Splicing appears to involve a complex called the spliceosome. This complex consists of RNA and protein, and appears to be composed of a group of small nuclear ribonucleoprotein particles or snRNPs.ntrons, Exons and Splicing hn RNA. 1  The sequence order is the same as in the mRNA. 2  The structure of an interrupted gene is identical in all tissues. 3  Introns of nuclear genes have termination codons in all three reading frames.",1,1,2,##final score: 2
443396,lps laws definition,3440854,"Although the number of involuntary hospitalizations relative. to total psychiatric admissions has decreased considerably in. the United States from 90% in 1949 to 55% in 1980, civil. commitment of the mentally ill remains a frequent route for. inpatient treatment. A majority of persons suffering from.",1,1,0,##final score: 0
156493,do goldfish grow,2612490,"So to really answer the question, “How Fast Do Goldfish Grow” really has too many factors to really answer. Also genetics plays a part in this as well. If you look at some people today some are skinny, some are large, medium, petite, tall and short. Everyone grows differently and the same goes for goldfish.",2,2,1,##final score: 1
1117099,what is a active margin,6505419,"1 A single plate may be part oceanic and part continental. 2  In that case, the boundary between ocean crust and continental crust is not a plate boundary. 3  The mobile part of the mantle under the lithosphere is called the asthenosphere. An oceanic trench forms offshore, and a chain of volcanic mountains forms just inland of the coast. 2  This type of boundary between oceanic crust and continental crust is called an active continental margin since it is a plate boundary. 3  At other convergent boundaries, oceanic plate meets other oceanic plate.",3,3,2,##final score: 2
168216,does legionella pneumophila cause pneumonia,5293614,"1 The most common cause of bacterial pneumonia is a type of bacteria known as Streptococcus pneumoniae. 2  Haemophilus influenzae, Chlamydia pneumoniae, Mycoplasma pneumoniae, and Legionella pneumophila are some other major bacteria that cause pneumonia. The body's immune system usually keeps bacteria from infecting the lungs. 2  In bacterial pneumonia, bacteria reproduce in the lungs, while the body tries to fight off the infection. 3  This response to bacterial invaders is called inflammation.",3,3,2,##final score: 2
168216,does legionella pneumophila cause pneumonia,6061724,the species of legionella that have been associated with cases of legionnaires disease are called legionnaires disease bacteria ldb additional information app i a on serogroups and subtypes is also availableegionnaires disease is a common name for one of the several illnesses caused by legionnaires disease bacteria ldb legionnaires disease is an infection of the lungs and is a form of pneumonia more than 43 species of legionella have been identified and more than 20 linked with human diseases,2,2,3,##final score: 3
1063750,why did the us volunterilay enter ww1,3516677,Answer   Germany didn't declare war on the US in world war 1. It was the US that declared war on Germany on April 6th 1917 as a result of the unrestricted submarin … e war introduced by Germany in January that year.,2,2,1,##final score: 1
1121402,what can contour plowing reduce,182365,"‘Educators need the equivalent of the tractor, contour plowing, and hybridization.’ ‘Crop rotation, contour plowing, and the careful use of fertilizers and pest controls increased productivity, but the same techniques made it easier for bigger farms to become even more productive.’",1,1,0,##final score: 0
1133167,how is the weather in jamaica,8160241,"Jamaica Weather: Month-by-Month. Here's a month-by-month idea of weather in Jamaica. The weather is perfect most of the year. This month-by-month Jamaica weather forecast will help you in deciding when is the best time to visit Jamaica. December Weather in Jamaica: It's high season, and a cool time of year. January Weather: Middle of the high season. February Weather: Still middle of the high season. We're getting warmer. March Weather: The high season is over. April Weather: The beginning of",2,2,3,##final score: 3
87452,causes of military suicide,6018166,"The new arithmetic shows that from 2006 forward — during the fighting in Iraq and Afghanistan — the true suicide rate across the U.S. military was actually several tenths of a percent to 1% or more higher than what was being reported.Photo: Charles Dharapak, AP). Rates of suicide in the military were slightly worse during the war years than what the Pentagon previously reported, according to new calculations released by Defense Department officials Friday.",1,1,2,##final score: 2
1114819,what is durable medical equipment consist of,1396258,Medicare Part B (Medical Insurance) covers knee CPM machines as durable medical equipment (DME) that your doctor prescribes for use in your home.,2,2,1,##final score: 1
1114646,what is famvir prescribed for,857788,Famciclovir is used in herpes virus infections and hepatitis B drug development research. It may be used as a reference compound. Famciclovir may be used to study the factors that control its conversion into penciclovir and other metabolites.,2,2,1,##final score: 1
87181,causes of left ventricular hypertrophy,7057928,"In this condition, the walls of the left and/or right ventricles of the heart become thin and stretched. The result is an enlarged heart. In the other types of cardiomegaly, the heart's large muscular left ventricle becomes abnormally thick. Hypertrophy is usually what causes left ventricular enlargement.",1,1,2,##final score: 2
148538,difference between rn and bsn,5843047,"Average New Grad Bsn RN salaries for job postings in New York, NY are 36% higher than average New Grad Bsn RN salaries for job postings nationwide.verage New Grad Bsn RN salaries for job postings in New York, NY are 36% higher than average New Grad Bsn RN salaries for job postings nationwide.",1,1,0,##final score: 0
1129237,hydrogen is a liquid below what temperature,6343521,Interesting Facts about Hydrogen. 1  Scientists estimate that Hydrogen makes up over 90 percent of all the atoms in the universe. 2  It is the only element that can exist without neutrons. 3  Hydrogen becomes a liquid at very low temperature and high pressure. Under extremely high pressure it can become a liquid metal.,1,1,2,##final score: 2
915593,what types of food can you cook sous vide,2923496,"We cook a egg (extra large) at a high temperature (167 °F / 75 °C) for a short amount of time (13 minutes), rather than at equilibrium temp for longer, to create a firm egg white that's very similar to a traditionally poached egg.ut the beauty is this: With sous vide, you can play with different times and temperatures to produce nearly any desired outcome. Whether you like your eggs runny, firm, thick, or hard-boiled, sous vide gets the job done.",2,2,1,##final score: 1
1113437,what is physical description of spruce,7377274,"exists and is an alternate of . Making the world better, one answer at a time. One of the best and easiest ways to tell the difference between a true spruce and fir tree is to look at the tree's cones. When mature, the cones on a fir tree stand straight up (point towards the sky) while the mature cones on a spruce grow down towards the ground from the bottom side of the branch.",2,2,1,##final score: 1
87452,causes of military suicide,7561801,"Typically, those who suffer from Vietnam Syndrome (or any post-war syndrome), suffer from acute and chronic psychological problems such as: 1  PTSD. 2  Substance Abuse. 3  Depression. 4  Anxiety. 5  A feeling of being “burned out”. 6  Hopelessness. 7  Suicidal ideation. 8  Suicide attempts.",3,3,2,##final score: 2
87181,causes of left ventricular hypertrophy,7666828,"Left ventricular hypertrophy usually develops gradually. You may experience no signs or symptoms, especially during the early stages of the condition. As left ventricular hypertrophy progresses, you may experience: 1  Shortness of breath. 2  Fatigue. 3  Chest pain, often after exercising. 4  Sensation of rapid, fluttering or pounding heartbeats (palpitations). 5  Dizziness or fainting.",1,1,0,##final score: 0
1133167,how is the weather in jamaica,2278260,"Best Times to Visit Bahamas. There is no bad time to visit the Bahamas — the weather is great year-round and remains relatively consistent, with temperatures rarely dipping below 60 degrees even in winter. To avoid crowds, visit the Bahamas between May and October, the country's offseason. Average high temperatures from December to May range from the high 70s to low 80s. The rainy season occurs between May and November, with the hurricane season starting in June. But despite all the rain predictions, the Bahamas see more than 300 days of sunshine every year.",0,0,1,##final score: 1
1114819,what is durable medical equipment consist of,7655522,"Note: According to RemainActive, Medicare will occasionally reimburse part of the cost of a walk-in tub, if the invoice is submitted with a doctor's prescription (see Related Links). As the author above mentioned, this equipment is not currently considered DME, so reimbursement is not guaranteed.99.99% of the time, Medicare will NOT pay for a walk-in tub. If you get it covered, pigs are flying and he!! is freezing over.ote: According to RemainActive, Medicare will occasionally reimburse part of the cost of a walk-in tub, if the invoice is submitted with a doctor's prescription (see Related Links). As the author above mentioned, this equipment is not currently considered DME, so reimbursement is not guaranteed.",1,1,0,##final score: 0
1133167,how is the weather in jamaica,1824487,"Typical Weather in May. Temperatures in Jamaica during May generally vary between an average high during the day of 86.0 degrees and an average low at night of 75.0 degrees. On any given day during May in Jamaica, you can expect early morning temperatures to be around 78.4 degrees. Temperatures in Jamaica typically rise during the day, to an average of 85.4 degrees in the early afternoon. The temperature in Jamaica will typically decline by early evening, to approximately 80.2 degrees.",2,2,3,##final score: 3
451602,medicare's definition of mechanical ventilation,7558643,"The provider will measure and monitor the person's vital signs, including temperature, pulse, breathing rate, and blood pressure. Symptoms will be treated as appropriate. The person may receive: Breathing support, including a tube through the mouth into the lungs, and a breathing machine (ventilator).",1,1,2,##final score: 2
1063750,why did the us volunterilay enter ww1,2391460,"Isolationist foreign policy was encouraged by Congress's apprehensions about giving other countries a political door into US policies and the cultural melting pot of the United States' population. In spite of these factors, the United States did enter World War I, as a result of several events.In an attempt by both the allied and the central powers to involve the Americans, the US was heavily saturated with propaganda.n spite of these factors, the United States did enter World War I, as a result of several events. In an attempt by both the allied and the central powers to involve the Americans, the US was heavily saturated with propaganda.",1,1,2,##final score: 2
264014,how long is life cycle of flea,6791755,"Egg output peaks after three to nine days. After a blood meal, the female flea lays an average of 20 to 30 eggs per day. In just 30 days, ten female fleas under ideal conditions can multiply to more than a quarter of a million new fleas in different life stages..",1,1,2,##final score: 2
1114819,what is durable medical equipment consist of,7873197,"How to Get Medicare to Pay for Wheelchairs. February 4, 2009. If you're 65 and older, or under 65 and permanently disabled and receiving Social Security Disability Insurance benefits, you qualify for Medicare coverage. Medicare Part B covers durable medical equipment, which includes wheelchairs.",2,2,1,##final score: 1
182539,example of monotonic function,1638689,"The MONOTONIC function is often presented as a means of adding sequence numbers to table rows. Several papers present it as a solution to this programming problem. However, the function is undocumented and has some limitations, including:",1,1,0,##final score: 0
855410,what is theraderm used for,5210914,"Lanolin Lanolin is the smelly pale-yellow natural oil found on sheep's wool. As a waste product in wool processing, it's also known as wool oil, wool wax, wool fat, or wool grease. It's a natural water repellant  the function of which, as it's not too hard to guess, is to waterproof the sheep.Lanolin also has anti-fungal and antibacterial properties that protect the sheep's skin from infection. Derived from the animal's oil glands, lanolin is a mixture of wool fat and 25-30% water.t's a natural water repellant  the function of which, as it's not too hard to guess, is to waterproof the sheep. Lanolin also has anti-fungal and antibacterial properties that protect the sheep's skin from infection. Derived from the animal's oil glands, lanolin is a mixture of wool fat and 25-30% water.",0,0,1,##final score: 1
207786,how are some sharks warm blooded,5436924,"Sharks like the great white can smell blood up to 3 miles away. According to National Geographic, sharks can smell one drop of blood in 25 gallons of water, 3 miles away.",0,0,1,##final score: 1
1133167,how is the weather in jamaica,4699661,"Ocho Rios Tourism: Best of Ocho Rios. Ocho Rios, Jamaica. You're on island time the moment you set foot in Jamaica. Ocho Rios, a port of call for many cruise lines, also boasts some of the most luxe resorts and spas in the Caribbean. And once you've had your stresses melted away in the island sun, you can head out for a night of dancing and reggae music.",0,0,1,##final score: 1
47923,axon terminals or synaptic knob definition,2157582,"Transmission of a nerve impulse: Resting potential and action potential. Like the gaps between the Schwann cells on an insulated axon, a gap called a synapse or synaptic cleft separates the axon of one neuron and the dendrites of the next neuron.",1,1,2,##final score: 2
1114819,what is durable medical equipment consist of,3353671,Words near durable in the dictionary. 1  dura mater. 2  dura-mater. 3  durabilities. 4  durability. 5  durable. 6  durable-good. 7  durable goods. 8  durable-goods. 9  durable-medical-equipment. 10  durable power of attorney.,1,1,0,##final score: 0
47923,axon terminals or synaptic knob definition,1354790,Synapse = point of impulse transmission between neurons; impulses are transmitted from pre-synaptic neurons to post-synaptic neurons. Synapses usually occur between the axon of a pre-synaptic neuron & a dendrite or cell body of a post-synaptic neuron.,1,1,2,##final score: 2
451602,medicare's definition of mechanical ventilation,7232293,Adaptive Support Ventilation ® (ASV ®) Intelligent ventilation mode for passive and spontaneously breathing adult and pediatric patients Automatically adjusts ventilation to lung mechanics and applies lung-protective strategies,1,1,0,##final score: 0
104861,cost of interior concrete flooring,3560540,"Tile Flooring Costs. 1  Unglazed ceramic tiles cost $1 to $3 per square foot, while glazed ceramic might cost anywhere from $4 to $20 per square foot. 2  Porcelain tile starts at $3 to $5 per square foot and can cost up to $30 per square foot. 3  Terracotta tile is one of the cheapest tile flooring options at $1 to $3 per square foot.",0,0,1,##final score: 1
451602,medicare's definition of mechanical ventilation,8595356,"Patient trigger ventilation can be used to avoid asynchronous breaths. The device-delivered breath is initiated in response to a signal derived from the infant’s own respiratory effort - a pressure level is preset and each time the infant’s breath exceeds this level, the machine delivers a breath.",1,1,0,##final score: 0
489204,right pelvic pain causes,759508,"If you have kidney stones in the right kidney, a sudden and intense pain may be experienced in the right side of abdomen. It starts on the upper right of abdomen and moves towards either the genitals or the navel. See here for more information on Symptoms of kidney pain.",1,1,2,##final score: 2
1117099,what is a active margin,8202914,"Britannica does not currently have an article on this topic. Volcanic activity and the Earth's tectonic plates Stratovolcanoes tend to form at subduction zones, or convergent plate margins, where an oceanic plate slides beneath a continental plate and contributes to the rise of magma to the surface. At rift zones, or divergent margins, shield volcanoes tend to form as two oceanic plates pull slowly apart and magma effuses upward through the gap.",1,1,0,##final score: 0
451602,medicare's definition of mechanical ventilation,2383971,your ventilations (breaths are delivered through a valve in the mask so that you do not have direct contact with the patient's mouth. most pocket masks have one-way valves that allow your ventilations to enter but prevent the patient's exhaled air from coming back through the valve and in contact with you.,1,1,0,##final score: 0
489204,right pelvic pain causes,8773552,What Causes Sharp Lower Right Abdominal Pain On Your Side? The causes of sharp lower right abdominal pain in women and men are very serious and a common reason for emergency room visits. The right lower quadrant (RLQ) area is situated below an unreal horizontal line that is drawn under your lower right ribs.,1,1,2,##final score: 2
264014,how long is life cycle of flea,1240266,"Best Answer: You're right, fleas will bite us but don't normally live on us. You mission now is to get rid of the fleas, flea eggs and larvae that remain in your apartment. Fleas can hatch in just a few seconds it they sense heat or vibration. You don't have a cat anymore so your own body or even a vacuum cleaner can cause them to hatch.",1,1,0,##final score: 0
855410,what is theraderm used for,3893478,"NaturaCel is a new anti-aging cream developed to reduce fine lines, wrinkles and crows feet while boosting your skin’s radiance.",0,0,1,##final score: 1
833860,what is the most popular food in switzerland,2037474,"Swiss Chard is Our Food of the Week. This week we celebrate Swiss chard as our Food of the Week. Swiss chard has long been a very popular and healthy addition to the Mediterranean Diet, which has been recognized as a great way to promote health and longevity.wiss Chard is Our Food of the Week. This week we celebrate Swiss chard as our Food of the Week. Swiss chard has long been a very popular and healthy addition to the Mediterranean Diet, which has been recognized as a great way to promote health and longevity.",1,1,0,##final score: 0
1121402,what can contour plowing reduce,4449258,a) Plow fields along contour lines. b) Leave plowed fields barren every second year. c) Use irrigation water throughout the year. d) Cut down any forested areas near the farm. 6) Freshwater is usually considered a renewable resource.,1,1,0,##final score: 0
168216,does legionella pneumophila cause pneumonia,6426633,legionnaires disease is a serious type of lung infection or pneumonia it is caused by bacteria called legionella the bacteria and the disease were named following an outbreak of the infection at a philadelphia convention of the american legion in 1976the bacteria usually grow best in warm wateregionnaires disease is a serious type of lung infection or pneumonia it is caused by bacteria called legionella the bacteria and the disease were named following an outbreak of the infection at a philadelphia convention of the american legion in 1976,2,2,3,##final score: 3
1133167,how is the weather in jamaica,6112587,"Jamaica’s winter months are November, December, January, February, March and April. Temperatures range from 20 to 31 degrees Celsius (68 to 89 degrees Fahrenheit) and the island nation experiences less rainfall. The winter months are the perfect time to visit Jamaica and enjoy the island’s tropical maritime climate.he leeward side of Jamaica experiences less rain and less humidity. The Blue Mountains tend to be much cooler than Jamaica's beach towns. Temperatures in Jamaica average between 20 and 35 degrees Celsius (68 to 95 degrees Fahrenheit) throughout year.",3,3,2,##final score: 2
1114819,what is durable medical equipment consist of,2831393,"COVERAGE RATIONALE. Indications for Coverage.  Durable Medical Equipment (DME) is a Covered Health Service when the member has a Durable Medical. Equipment benefit, the equipment is ordered by a physician to treat an injury or sickness (illness) and the. equipment is not otherwise excluded in the benefit document.",1,1,2,##final score: 2
1114819,what is durable medical equipment consist of,7070942,"DME Providers supplying clinical respiratory equipment (oxygen, ventilators) are expected to have a licensed respiratory therapist on staff to provide patient education, clinical assessments and equipment recommendations, as appropriate, as part of their respiratory management program.",2,2,1,##final score: 1
1114819,what is durable medical equipment consist of,3906951,"Refer to the state-specific DME Medicare Administrative. * Medical Supplies are covered only when they are incident to a physician's professional services and are furnished as an integral, although incidental, part of those services in. the course of diagnosis or treatment of an injury or illness. Page 2 of 87.",1,1,0,##final score: 0
19335,anthropological definition of environment,7267243,"Anthropological research suggests that understanding men's reproductive health needs and problems requires investigation of both local biological and cultural variation. Gender, masculinity, and reproduction: anthropological perspectives",0,0,1,##final score: 1
915593,what types of food can you cook sous vide,275726,"The sous vide method yields results that are nearly impossible to achieve by traditional means. In the photo above, both of the tenderloins started at the same weight. The steak on the left was cooked in a pan to a core temperature of 52 °C / 126 °F, but more than 40% of the meat was overcooked. The other steak was cooked sous vide to the same temperature and then seared with a blowtorch to yield a juicier steak that is done to perfection from edge to edge. Similarly, beef short ribs braised at 58 °C / 136 °F for 72 hours are melt-in-your-mouth tender, yet pink and juicy.",2,2,1,##final score: 1
87452,causes of military suicide,2624886,"We suggest that moral injury is likely one of the most important factors in military suicide rates. Moral injury is not PTSD. The latter is a dysfunction of brain areas that suppress fear and integrate feeling with coherent memory; symptoms include flashbacks, nightmares, dissociative episodes and hyper-vigilance. PTSD is an immediate injury of trauma.",3,3,2,##final score: 2
19335,anthropological definition of environment,2004186,"Paleoanthropology is the scientific study of human evolution. Paleoanthropology is a subfield of anthropology, the study of human culture, society, and biology. The field involves an understanding of the similarities and differences between humans and other species in their genes, body form, physiology, and behavior.",0,0,1,##final score: 1
168216,does legionella pneumophila cause pneumonia,8252758,"Disadvantages are that the urine antigen test only detects antigen of Legionella pneumophila serogroup 1 (LP1); only a culture will detect infection by non-LP1 strains or other Legionella species and that isolates of Legionella are not obtained, which impairs public health investigations of outbreaks of LD.",1,1,0,##final score: 0
1063750,why did the us volunterilay enter ww1,7837936,"The United States entered World War I for numerous reasons. A German victory would have upset the established balance of power. Should England and her fleet fall into the hands of Germany, the United States would have been in extreme peril to further German expansion.",2,2,3,##final score: 3
168216,does legionella pneumophila cause pneumonia,1301468,"Causes. The bacterium Legionella pneumophila is responsible for most cases of Legionnaires' disease. Outdoors, legionella bacteria survive in soil and water, but rarely cause infections.",2,2,3,##final score: 3
1133167,how is the weather in jamaica,7218015,"Guide to Jamaica weather in October The average maximum daytime temperature in Jamaica in October is a hot 31°C (88°F) with high heat & humidity. The average night-time temperature is usually a warm 23°C (73°F). There are usually 6 hours of bright sunshine each day, which represents 54% of the 12 hours of daylight.",2,2,3,##final score: 3
264014,how long is life cycle of flea,4825863,"Larvae make up about 35 percent of the flea population. If conditions are favorable, the larvae will spin cocoons in about 5-20 days after hatching from their eggs. The cocoons are the flea’s pupal stage and account for about 10 percent of the flea population.",2,2,3,##final score: 3
168216,does legionella pneumophila cause pneumonia,4493882,"Legionnaires' Disease. Legionnaires' disease is a serious lung infection (pneumonia) with chills, high temperature (fever) and muscle pains. You get the infection by breathing in droplets of water which contain legionella germs (bacteria) from contaminated water systems.",2,2,3,##final score: 3
1113437,what is physical description of spruce,5546284,"On true pine trees and larches, needles are arranged and attached to the branches in bundles or clusters with two, three or five needles per bunch. You can eliminate other conifers including spruce and fir trees if the needles are bundled. Spruce and fir have their needles attached individually to the branches using different attachments variously called pegs, suction cups, and stalks and are never bundled.",2,2,3,##final score: 3
1114819,what is durable medical equipment consist of,327923,"1 A deductible, which is a set amount you pay each year before Part B starts paying for any of your care.  Twenty percent of the Medicare-approved amount for some types of care. These are doctor's appointments, physical therapy, diabetes supplies, durable medical equipment like commode chairs, wheelchairs, and others.",2,2,1,##final score: 1
168216,does legionella pneumophila cause pneumonia,3908775,"Legionnaires' disease, also called Legionellosis is a lung infection, a form of pneumonia which can be fatal, caused by the legionella bacterium. The name Legionnaires' disease emerged in 1976 - in July there was an outbreak of pneumonia among delegates at a convention of the American Legion in Philadelphia.s Legionnaires' disease signs and symptoms are often mild, it is likely that the real number of infections is considerably higher than the reported ones. Legionnaires' disease may be hard to diagnose at first because its signs and symptoms may be very similar to other forms of pneumonia.",2,2,3,##final score: 3
264014,how long is life cycle of flea,3577341,"How Long Do Fleas Live? Fleas can live as an adult for more than a year, and they can lay eggs within 30 days, as well. Find out how fleas can survive through the winter in pupae cases with help from a pest control operator in this free video on flea control and extermination. Part of the Video Series: Flea Control.",2,2,3,##final score: 3
148538,difference between rn and bsn,2643562,"Transitioning from an RN to a BSN. A BSN is a four-year degree program that allows graduates access to a broader range of career opportunities. BSN graduates can work in administration, research, consulting, teaching, and leadership roles while commanding a higher salary than most diploma nurses.",2,2,1,##final score: 1
1106007,define visceral?,8685453,"People who speak more than one language report that they always curse in their native tongue; they can say swear words in a second language but they don’t feel them — the gut link to emotions just isn’t there.or those who use them, swear words are linked to emotion in a visceral way. People who speak more than one language report that they always curse in their native tongue; they can say swear words in a second language but they don’t feel them — the gut link to emotions just isn’t there. Read more….",1,1,0,##final score: 0
47923,axon terminals or synaptic knob definition,1507610,"Electrical events propagate a signal within a neuron, and chemical processes transmit the signal from one neuron to another or to a muscle cell. The chemical process of interaction between neurons and between neurons and effector cells occur at the end of the axon, in a structure called synapse.",1,1,2,##final score: 2
1063750,why did the us volunterilay enter ww1,3802479,U.S. President Woodrow Wilson outlined the case for declaring war upon Germany in a speech to the joint houses of Congress on 2 April 1917.,1,1,2,##final score: 2
1063750,why did the us volunterilay enter ww1,6093907,"Confidence votes 150. Britain entered WW1 in the defense of Belguim and in reaction to Germany's violation of The Treaty of London(1839), in which Belguim's neutrality was to be respected by all nations.onfidence votes 150. Britain entered WW1 in the defense of Belguim and in reaction to Germany's violation of The Treaty of London(1839), in which Belguim's neutrality was to be respected by all nations.",0,0,1,##final score: 1
1063750,why did the us volunterilay enter ww1,3327052,"Why did the United States enter World War One. The industrial era had many effects, not the least of which was plunging the world into world war. One must consider the relationship between eras and events as a student of history.n June 28th 1914, Franz Ferdinand, the Austrian archduke, and his wife were murdered by a Bosnian revolutionary named Gavrilo Princip. This assassination triggered declarations of war. Firstly, this gave Austria a reason to attack Serbia.",1,1,0,##final score: 0
168216,does legionella pneumophila cause pneumonia,5880511,"Who We Work With. H2O Legionella Control Services from Glasgow in Scotland provides professional, comprehensive legionella control services to clients around the UK.",1,1,0,##final score: 0
1112341,what is the daily life of thai people,8139252,"Something important from a foreigner point of view can be seen minor from a Thai point of view. Thai people use MAI PEN RAI to avoid making other people feel bad. Most of the time, MAI PEN RAI is a response to a problem. For example, a staff member forgets to bring a report to his manager.",2,2,1,##final score: 1
264014,how long is life cycle of flea,3577345,"The pupal stage (cocoon) - The cocoon is the crux of flea infestation persistence in the house-hold. It generally hatches in 1-2 weeks, but can last up to a year. The adult flea - Adult fleas can live for some weeks (maximum of about 2 months if no host is present) in ideal, cool, moist conditions.",2,2,3,##final score: 3
1133167,how is the weather in jamaica,6999442,"From all the above it would seem as if the best time to visit Jamaica is during the months of December to early April (also known as the dry season). As a matter of fact, the winter tourist season (high season) in Jamaica lasts from December 15 to April 14. Christmas and Easter are the busiest weeks.",2,2,1,##final score: 1
1129237,hydrogen is a liquid below what temperature,4233383,"Atmosphere. The composition of Jupiter's atmosphere is similar to that of the sun—mostly hydrogen and helium. Deep in the atmosphere, the pressure and temperature increase, compressing the hydrogen gas into a liquid. At depths about a third of the way down, the hydrogen becomes metallic and electrically conducting.he composition of Jupiter's atmosphere is similar to that of the sun—mostly hydrogen and helium. Deep in the atmosphere, the pressure and temperature increase, compressing the hydrogen gas into a liquid. At depths about a third of the way down, the hydrogen becomes metallic and electrically conducting.",1,1,0,##final score: 0
855410,what is theraderm used for,4406031,What Vagisil is and what it is used for Before you use Vagisil How to use Vagisil Possible side effects How to store Vagisil Further information 1. What Vagisil is and what it is used for Vagisil is an emulsion cream. The active ingredient is Lidocaine. Vagisil is formulated to provide prompt effective relief from the discomfort of minor,0,0,1,##final score: 1
1133167,how is the weather in jamaica,3225169,Atlantis Weather: 1  The climate in the Bahamas is sub-tropical. 2  In the islands there are basically two seasons: Wet and Dry. 3  Average temperatures range between 70 to 90 degrees Fahrenheit. 4  The Wet Season is from June through November which is also the hurricane season.,0,0,1,##final score: 1
915593,what types of food can you cook sous vide,6226401,"Since it may be difficult to peel extremely fresh eggs, boiled eggs are best with eggs that have already spent a few days in the refrigerator. See below for a comparison of boiled egg to 'sous vide egg'.ince it may be difficult to peel extremely fresh eggs, boiled eggs are best with eggs that have already spent a few days in the refrigerator. See below for a comparison of boiled egg to 'sous vide egg'.",1,1,0,##final score: 0
148538,difference between rn and bsn,1299824,"You might be interested to know that both the ASN graducate and the BSN graduate both get the RN and have the same duties as an RN when they graduate. The advantage of the BSN is that more job opportunities in the future are available, just as in reasearch, teaching, management, public health, etc.",2,2,1,##final score: 1
1133167,how is the weather in jamaica,2613290,"The following statistical weather data is from a weather station in Montego Bay, Jamaica. Keep in mind that on an island the size of Jamaica, the climate will vary slightly across the island.",1,1,2,##final score: 2
19335,anthropological definition of environment,819168,"In anthropology and geography, a cultural region, cultural sphere, cultural area or culture area refers to a geographical area with one relatively homogeneous human activity or complex of activities (culture). culture area is a concept in cultural anthropology, in which a geographic region and time sequence (age area) is characterized by substantially uniform environment and culture.",1,1,2,##final score: 2
451602,medicare's definition of mechanical ventilation,7232295,Adaptive Support Ventilation® (ASV®) 1  Intelligent ventilation mode for passive and spontaneously breathing adult and pediatric patients. 2  Automatically adjusts ventilation to lung mechanics and applies lung-protective strategies. 3  Shortens ventilation time.,1,1,0,##final score: 0
489204,right pelvic pain causes,7113309,The right lower abdominal area refers to the region to the right of the invisible line drawn from the navel to the groin. Pain here and in your lower back can have a number of causes. About Pain that occurs in the lower right abdominal is caused by either one of the organs which are housed there or due to a more generalized pain from other areas. The same holds true for the lower back where pain often generalizes from abdominal distress.,1,1,2,##final score: 2
451602,medicare's definition of mechanical ventilation,2796545,"For longer term settings a tracheostomy tube is used instead. In the chronic (long term) setting, indications for tracheotomy include the need for long-term mechanical ventilation and tracheal toilet (e.g. comatose patients, or extensive surgery involving the head and neck).",1,1,2,##final score: 2
359349,how to find the midsegment of a trapezoid,3176544,"The trapezoid has an interior height of 9 meters. on one base it measures 5 meters and on the last one measures 77 ... Given a trapezoid where the small base is 6 greater than the height and the larger base is 4 greater then three times the height, find all three dimensions (small base, large ...",1,1,0,##final score: 0
1114819,what is durable medical equipment consist of,694738,"Your costs in Original Medicare. If your supplier accepts assignment, you pay 20% of the Medicare-approved amount, and the Part B deductible applies. Medicare pays for different kinds of DME in different ways.",1,1,0,##final score: 0
264014,how long is life cycle of flea,4043723,"The flea's host is a warm-blooded animal such as a dog or cat (or even humans!) However, the various flea stages are quite resistant to freezing temperatures. The adult female flea typically lives for several weeks on the pet.",2,2,1,##final score: 1
148538,difference between rn and bsn,3989976,"1 Currently licensed registered nurses who have a master’s degree in nursing, or higher, in addition to at least two years of experience in an executive nursing role. 2  RNs with a bachelor of science in nursing (BSN) in addition to four years of experience in an executive nursing role. Currently licensed registered nurses who have a master’s degree in nursing, or higher, in addition to at least two years of experience in an executive nursing role. 2  RNs with a bachelor of science in nursing (BSN) in addition to four years of experience in an executive nursing role.",1,1,0,##final score: 0
168216,does legionella pneumophila cause pneumonia,3198685,"Introduction. Legionellosis is a collective term for diseases caused by legionella bacteria including the most serious Legionnaires’ disease, as well as the similar but less serious conditions of Pontiac fever and Lochgoilhead fever.ntroduction. Legionellosis is a collective term for diseases caused by legionella bacteria including the most serious Legionnaires’ disease, as well as the similar but less serious conditions of Pontiac fever and Lochgoilhead fever.",1,1,2,##final score: 2
443396,lps laws definition,7305588,Facilities that are recognized by the Department of Mental Health to provide civil involuntary detention services have mental health professionals who are designated and approved to initiate on-site civil involuntary detention for individuals in need of emergency evaluation and treatment.,1,1,0,##final score: 0
47923,axon terminals or synaptic knob definition,284591,"This is the action potential. How it is generated is illustrated in the following animation. This signal is then propagated along the axon (and not, say, back to its dendrites) until it reaches its axon terminals. An action potential travels along the axon quickly, moving at rates up to 150 meters (or roughly 500 feet) per second. Conduction ends at the axon terminals. Axon terminals are where neurotransmission begins. Hence, it is at axon terminals where the neuron sends its OUTPUT to other neurons.",2,2,3,##final score: 3
1063750,why did the us volunterilay enter ww1,3323557,in 1914 italy declared that germany s war against france was an aggressive one and so entitled italy to claim neutrality a year later in 1915 italy did enter the first world war as an ally of britain france and russian 1914 italy declared that germany s war against france was an aggressive one and so entitled italy to claim neutrality a year later in 1915 italy did enter the first world war as an ally of britain france and russia,0,0,1,##final score: 1
104861,cost of interior concrete flooring,7589886,"The cost to Remove Flooring starts at $1.12 - $2.34 per square foot, but varies significantly with common options. Get real costs for your SPECIFIC project requirements here. See the time to remove flooring, along with per unit costs and material requirements. See what trusted professionals include in job-winning estimates for flooring removal work.",0,0,1,##final score: 1
855410,what is theraderm used for,4354935,Applications: 1  Used in diagnostic laboratories for blood and urine tests. 2  Used in dairies and home to separate butter from cream. 3  Used in washing machines to squeeze water from wet clothes.,0,0,1,##final score: 1
264014,how long is life cycle of flea,5611219,"The lifecycle of a flea. 5% of fleas live in the environment as an adult, 95 % of fleas live as eggs, larvae or pupae. For effective flea control it is essential to break the lifecycle in the environment. 1  Adult Fleas-jump onto your dog or cat, feed on its blood and then start laying eggs. One flea broke a record with a four-foot vertical jump. 2  Undisturbed and without a blood meal, a flea can live more than 100 days. 3  On average, they live two to three months. 4  Female fleas cannot lay eggs until after their first blood meal and begin to lay eggs within 36-48 hours after that meal.",2,2,3,##final score: 3
490595,rsa definition key,3948082,"There are types of encryption that are used for specific uses and work in different ways. One is public key encryption. It uses mathematical asymmetrical algorithms with a computer program to create two keys. One key is public and used to encrypt a message. The second key is private, and used by the recipient to decrypt the message.",1,1,2,##final score: 2
19335,anthropological definition of environment,4692187,Noun. 1. physical anthropology-the branch of anthropology dealing with the genesis and variation of human beings. anthropology-the social science that studies the origins and social relationships of human beings.,0,0,1,##final score: 1
359349,how to find the midsegment of a trapezoid,15799,"How to Calculate the Area of a Trapezoid. A trapezoid is a quadrilateral with two parallel sides of different lengths. This means that both of these sides can be called a base, and that the trapezoid is unique in having two bases.If want to know how to calculate the area of a trapezoid, just follow these steps.Ad.ivide 147 cm 2 by 2 to get the final answer. 147 cm 2 /2 = 73.5 cm 2. The area of the trapezoid is 73.5. You have just followed the formula for finding the area of a trapezoid, which is [(b1 + b2) x h]/2.",1,1,0,##final score: 0
527433,types of dysarthria from cerebral palsy,6215001,"Dysarthria is a term used for a group of speech disorders caused by weakness, paralysis, rigidity, spasticity, sensory loss, or incoordination of muscle groups responsible for speech. All of the following Speech Disorders are caused by a pathology affecting the nervous system. Most neurogenic speech disorders fit into one of the dysarthria types.",1,1,2,##final score: 2
156493,do goldfish grow,349638,"The bigger the fishtank, the bigger the fish will grow.Not only does it matter how big your tank/pond is but it also depends greatly on what the fish is fed, the variety of the fish, and the fishes genetics. Many goldfish can grow over a foot long-here is a list of standard sizes to expect a goldfish to grow:",2,2,3,##final score: 3
182539,example of monotonic function,5701365,"Unformatted text preview: 3 3. (a) Provide a resonable definition of lim a n = ∞ . [4] Solution: The standard definition is to say that lim a n = ∞ if for any positive number M , there is a positive integer N so that a n > M for all n > N . (b) Suppose that ( x n ) is monotone increasing and divergent. Prove that [6] lim x n = ∞ .",1,1,0,##final score: 0
168216,does legionella pneumophila cause pneumonia,8319214,"The Bellevue-Stratford Hotel, site of the first known outbreak of Legionnaires' disease. The hotel closed in November, 1976, four months after the outbreak. The 1976 Legionnaires Disease outbreak also known as Legion Fever, refers to the first known cases of infection by Legionella pneumophila in the United States.",2,2,1,##final score: 1
451602,medicare's definition of mechanical ventilation,1078132,"There are two main modes of mechanical ventilation within the two divisions: positive pressure ventilation, where air (or another gas mix) is pushed into the trachea, and negative pressure ventilation, where air is, in essence, sucked into the lungs. 1 Uses.",1,1,2,##final score: 2
451602,medicare's definition of mechanical ventilation,2922142,"In patients with ARDS, noncompliant lungs tend to collapse, and once collapsed, high inflation pressures are necessary to reopen the lungs. Knowledge of how the lungs in patients with ARDS inflate during mechanical ventilation is essential to our understanding of recruitment.nowledge and understanding of mechanical ventilation are central to ensuring patients’ safe passage from the acute stage to weaning. The author discusses the science related to mechanical ventilation in patients with ARDS.",1,1,0,##final score: 0
359349,how to find the midsegment of a trapezoid,2826511,"A trapezoid has two bases, each of which is one of the parallel sides. The other two sides that aren't parallel to each other are called the trapezoid's legs. Since only the bases are parallel and the legs are not, we can think of this scenario as two nonparallel transversals cutting across a pair of parallel lines.",1,1,0,##final score: 0
168216,does legionella pneumophila cause pneumonia,3033359,"1 Several types of bacteria, including Legionella pneumophila, Mycoplasma pneumoniae, and Chlamydophila pneumoniae, cause atypical pneumonia. 2  It is sometimes called  walking pneumonia and is referred to as atypical because its symptoms differ from those of other types of bacterial pneumonia.",3,3,2,##final score: 2
1133167,how is the weather in jamaica,823277,"Typical Weather in July. July temperatures in Jamaica range from an average low of 77.0 degrees to an average high of 88.0 degrees. On any given day during July in Jamaica, you can expect early morning temperatures to be around 79.4 degrees. Temperatures in Jamaica typically rise during the day, to an average of 87.7 degrees in the early afternoon. The temperature in Jamaica will typically decline by early evening, to approximately 82.0 degrees. Temperatures in Jamaica average around 82.0 degrees during July.",2,2,3,##final score: 3
915593,what types of food can you cook sous vide,7327683,"1 If you like your eggs medium-boiled, remove them from the water in 5-7 minutes. The yolks should be semi-soft in the very center and the whites should be very firm.  If you like your eggs hard-boiled, leave the eggs in the hot water for up to 10-15 minutes.",0,0,1,##final score: 1
168216,does legionella pneumophila cause pneumonia,8743646,"Timely laboratory diagnosis of M. pneumoniae and other causes of atypical pneumonia (Chlamydia pneumoniae, Legionella pneumoniae, Chlamydia psittaci) usually is not available.",2,2,1,##final score: 1
1114819,what is durable medical equipment consist of,2008577,"Durable Medical Equipment and Home Modifications. Home Health Care Plus is the leading provider of quality medical care equipment, supplies and environmental modification. The professionals at Home Health Care Plus can evaluate patient needs and perform home evaluations for adaptive equipment, including: Stair Glides.",2,2,1,##final score: 1
1117099,what is a active margin,5299235,"From Continental Drift to Plate Tectonics 27 crust then moves laterally across the ocean basins. Ultimately, it collideswith continents along their margins (edges), where the ocean crust sinksunderneath, back into Earth's mantle.",1,1,0,##final score: 0
1113437,what is physical description of spruce,7377270,One of the easiest ways to tell the difference between a spruce tree and a pine tree is by looking closely at their needles. While spruce needles tend to be shorter than those of pines -- roughly 1-inch long -- it's their notable stiffness that really gives them away.,2,2,1,##final score: 1
131843,definition of a sigmet,2080441,"SPC Activity Chart. Showing a 1 hour radar loop, the current Day 1 convective outlook, and all active watches. SPC Mesoanalysis Chart. Click on the image for a detailed look at severe weather parameters for various sectors across the county.",1,1,0,##final score: 0
87181,causes of left ventricular hypertrophy,1700168,"As enlargement progresses, though, the heart's pumping ability declines. Dilated cardiomyopathy is the main type of cardiomegaly. In dilated cardiomyopathy, the walls of both the left and right side of the heart (ventricles) become thin and stretched. The result is an enlarged heart. In the other types of enlarged heart, the heart's muscular left ventricle becomes abnormally thick. High blood pressure usually causes left ventricular enlargement (hypertrophy), while hypertrophic cardiomyopathy is an inherited condition.",2,2,3,##final score: 3
148538,difference between rn and bsn,1384441,"I have always wanted to become a Nurse and I have been doing some research and came across the different Nursing 'titles' such as RN (Registered Nurse), BSN(Bachlor's in Science of Nursing) NA?(Nurse Assistant), CRNA (Certified Registered Nurse Anesthetist), LPN and LVN.SN = Bachelor of Science in Nursing, which is just a 4 year RN degree. Both the 2 year and the BSN graduates sit for the exact same licensure exam and earn the same RN license.",2,2,1,##final score: 1
1117099,what is a active margin,1389420,Convergent boundaries (Destructive) (or active margins) occur where two plates slide toward each other to form either a subduction zone (one plate moving underneath the other) or a continental collision.,3,3,2,##final score: 2
104861,cost of interior concrete flooring,5073457,"1 For those that want to get acid stained concrete work done outside, a simple stained concrete job can vary anywhere from $2 to $5 per square foot. 2  Interior jobs are slightly more since more work will be required in order to lay concrete in the home.",1,1,2,##final score: 2
1112341,what is the daily life of thai people,1369480,"Discover Songkran 2017 in Chiang Mai. April, the month of Songkran Festival, is considered to be one of the hottest months in the Thai calendar year (differed from New Year) and Chiang Mai is. Festivals. Together with Bangkok, Chiang Mai and Pattaya, the island of Phuket is one of most popular destinations for celebrating 2016 Songkran in Thailand.",1,1,0,##final score: 0
489204,right pelvic pain causes,1431271,"The organs and structures contained in each quadrant can cause regional or generalized abdominal pain and give the first clues about the origin of abdominal illnesses. The right side of your abdomen contains your liver, gallbladder and parts of your intestines, including the appendix. The triad of right-sided abdominal pain, elevated liver enzymes and fatigue, narrows the list of possible causes to those organs in the right-upper quadrant of the abdomen.",1,1,2,##final score: 2
1133167,how is the weather in jamaica,4443372,"Related Articles. Thanks to its position in the warm Caribbean Sea, Jamaica enjoys generally pleasant weather year round. While October may not be the peak time to visit this tiny yet world-renowned tourist destination, any month is a fine month to travel to Jamaica.",2,2,3,##final score: 3
915593,what types of food can you cook sous vide,2923497,"(2) Sous vide “hard boiled” eggs: For a hard boiled egg cooked sous vide style, I love 160 degrees Fahrenheit (71 degrees Celsius), cooked for 60 minutes.At this temperature, eggs are a bit softer and creamier than the traditional hard boiled egg, making them more moist, but still capable of being cut into slices.2) Sous vide “hard boiled” eggs: For a hard boiled egg cooked sous vide style, I love 160 degrees Fahrenheit (71 degrees Celsius), cooked for 60 minutes.",2,2,1,##final score: 1
1114819,what is durable medical equipment consist of,2490838,"Medicare Part B (Medical Insurance) covers canes as durable medical equipment (DME). Medicare doesn't cover white canes for the blind. All people with Part B are covered. If your supplier accepts assignment, you pay 20% of the Medicare-approved amount, and the Part B deductible applies. Medicare pays for different kinds of DME in different ways. You may need to rent the equipment. You may need to buy the equipment.",2,2,1,##final score: 1
1114819,what is durable medical equipment consist of,1315998,Last Review: Description of Procedure or Service. Durable Medical Equipment (DME) is any equipment that provides therapeutic benefits to a patient in. need because of certain medical conditions and/or illnesses. Durable Medical Equipment (DME) consists of items which:,2,2,3,##final score: 3
264014,how long is life cycle of flea,5635522,"It can take as little as a couple days or as long as a couple weeks for flea eggs to hatch.Upon reaching adulthood, fleas may live a few more weeks, or up to a year or longer depending on numerous external factors.t can take as little as a couple days or as long as a couple weeks for flea eggs to hatch.",2,2,3,##final score: 3
264014,how long is life cycle of flea,3601334,"Population Dynamics. When pet owners find a flea on their dog or cat, they’re only seeing the ‘tip of the iceberg’. For every adult flea there are around 100 unseen immature stages. Flea infestations are broken down into 50-57% eggs, 34-35% larvae, 8-10% pupae, and 1-5% adults.[36] [37] [38].opulation Dynamics. When pet owners find a flea on their dog or cat, they’re only seeing the ‘tip of the iceberg’. For every adult flea there are around 100 unseen immature stages. Flea infestations are broken down into 50-57% eggs, 34-35% larvae, 8-10% pupae, and 1-5% adults. [36] [37] [38].",1,1,2,##final score: 2
104861,cost of interior concrete flooring,8546160,"This price is usually for commercial floors and includes staining or scoring the floors, according to John Buteyn of Colorado Hardscapes. $6-$12/ sq ft. The typical cost for polished concrete in a residential floor because it is more difficult to get a consistent look using a smaller machine, according to Buteyn.his price is usually for commercial floors and includes staining or scoring the floors, according to John Buteyn of Colorado Hardscapes. $6-$12/ sq ft. The typical cost for polished concrete in a residential floor because it is more difficult to get a consistent look using a smaller machine, according to Buteyn.",2,2,3,##final score: 3
1114819,what is durable medical equipment consist of,126883,The following NYS Medicaid durable medical equipment (DME) fee schedule columns will not be applicable in the WC DME fee schedule: MAX UNITS: Maximum units allowed per month. PA: Prior approval. CHANGE: The CHANGE column indicating a change in the code since the last fee schedule was posted.,1,1,0,##final score: 0
443396,lps laws definition,2871447,Family Therapists must be licensed under their respective Florida laws. The only. exceptions are for physicians and psychologists who are employed at a veteran’s. hospital that qualifies as a receiving or treatment facility under the Baker Act; this does. not include veteran’s outpatient clinics.,1,1,0,##final score: 0
168216,does legionella pneumophila cause pneumonia,8141128,"Atypical pneumonia is a type of pneumonia that is not caused by the traditional pathogens of “typical” pneumonia. The pathogens responsible for atypical pneumonia are Chlamydophila pneumoniae, Mycoplasma pneumonia, Legionella pneumophila, Moraxella catarrhalis, syncytial virus, and influenza A virus.",3,3,2,##final score: 2
359349,how to find the midsegment of a trapezoid,2826510,"The midsegment of a trapezoid is the segment that joins the midpoints of the nonparallel sides of a trapezoid. In the trapezoid below, the midpoints of the non-parallel sides are points S and V. The midsegment is the red line segment from S to V. The midsegment below can be found by. 1  calculating the lengths of the bases. 2  35-16 = 9 (length of upper base). 3  45-0 =45 (length of lower base). 4  calculating the sum of the bases.",2,2,3,##final score: 3
1117099,what is a active margin,8838111,1 Divergent boundaries occur where two plates slide apart from each other.  Convergent boundaries (or active margins) occur where two plates slide towards each other commonly forming either a subduction zone (if one plate moves underneath the other) or an orogenic belt (if the two simply collide and compress).,3,3,2,##final score: 2
264014,how long is life cycle of flea,5583424,"The fleas you see on your cat are adult fleas, which are only about 5 percent of the flea population in an environment. The other fleas are scattered about as eggs, larvae or pupae. Adult fleas generally live two to four weeks, although in a hospitable environment they may live up to four months.",2,2,3,##final score: 3
1112341,what is the daily life of thai people,3795887,"Land and People. Thailand has a tropical, monsoonal climate. The heart of the country, the fertile and thickly populated central plain, is dotted with numerous rice paddies, entirely flat and rarely more than a few feet above sea level.hile 75% of the people are ethnically Thai, the country has a large Chinese minority, accounting for almost 15% of the population. Local trade is chiefly in the hands of the Chinese, and as a consequence there has been substantial tension between Thais and Chinese.",1,1,0,##final score: 0
855410,what is theraderm used for,6934651,"Uses for Lotrisone. Lotrisone is a combination of the drugs clotrimazole and betamethasone, and is used for the treatment of local fungal infections such as: Tinea pedis (athlete's foot) Tinea cruris (jock itch) Tinea corporis (fungal infections elsewhere on the body).",0,0,1,##final score: 1
1103812,who formed the commonwealth of independent states,2750960,"With the dissolution of Soviet Union, the main goal of the Bush administration was economic and political stability and security for Russia, the Baltics, and the states of the former Soviet Union. Bush recognized all 12 independent republics and established diplomatic relations with Russia, Ukraine, Belarus, Kazakhstan, Armenia and Kyrgyzstan.",1,1,0,##final score: 0
1133167,how is the weather in jamaica,4494101,"The weather in Ocho Rios Jamaica is always welcoming. After all, the weather here is the number-one reason why so many persons choose this north coast destination for their home while on the island. One of the best things about this region is that for the majority of the day, you can expect sunshine that will make your days warm and nice, which will be perfect for any outdoor activity.",2,2,3,##final score: 3
104861,cost of interior concrete flooring,4017855,"Discounted concrete tiles can cost anywhere from $420 up to $530 for a 500-square-foot area. Premium grade can run from $930 up to $1,180, while luxury or designer grade concrete tile can cost anywhere from $1,030 up to $1,310.",2,2,1,##final score: 1
156493,do goldfish grow,6983817,"Goldfish are cold water fish and do best at temperatures between 18°-22° C (65°-72° F). Several of these durable goldfish types, like the Black Moors, Shubunkins, Comets, and Common goldfish can actually tolerate temperatures a few degrees above freezing as long as the cooling drops only a few degrees a day.",0,0,1,##final score: 1
148538,difference between rn and bsn,6889357,A title looking for a job. Every clinical nurse leader I know of is working as a staff RN equal in responsibility and pay to the ADN and BSN co-workers.,1,1,0,##final score: 0
915593,what types of food can you cook sous vide,7861748,"Yet sous vide–style precision cooking often takes place well below the 140°F mark, in excess of four hours, and my own recommendation for cooking chicken falls in the 145–150°F range, well below the 165°F target we've all learned.ust like any overcooked chicken, once you get to around the 155°F mark, sous-vide chicken starts to take on an unpleasant chalky, tacky texture (though, again, far less than with conventional cooking methods).",2,2,1,##final score: 1
443396,lps laws definition,7748070,"Oral Lichen Planus (LP), a disease defined as reticular, erosive, atrophic, or bullous in nature, is an immune. mediated condition that typically develops in women. in their fifth and sixth decade. Reticular LP, absent ery-. thema, is asymptomatic and does not usually need inter-. vention.",0,0,1,##final score: 1
915593,what types of food can you cook sous vide,8103066,"Here are a few of the most immediate: 1  It takes longer. For instance, a traditionally cooked steak goes from fridge to plate in 15 to 20 minutes (a bit longer if you have to preheat your oven); a sous vide steak will take an hour or more. 2  You will not achieve the exact same sear.",2,2,1,##final score: 1
264014,how long is life cycle of flea,5635517,"Flea eggs can lay dormant for up to two years. Just ask your vet or someone at the pet store, online store, etc. about your flea problem and they will be happy to assist you. I already answered this on your earlier post.t can take anywhere between 2 days and 2 weeks. Frontline is a good quality effective flea treatment, available from your vets. Generally, shop bought flea treatments are next to useless and should be avoided.",2,2,3,##final score: 3
1114819,what is durable medical equipment consist of,3256328,"1 Medicare Part B pays 80% of most doctor's services, outpatient treatments, and durable medical equipment (like oxygen or wheelchairs). 2  You pay the other 20%. 3  Medicare also pays for mental health care costs. 4  Laboratory and radiology services. 5  This includes blood tests, X-rays, and other tests.ou’ll pay a lifetime 10% penalty for every 12 months you delay your enrollment. 1  Medical and other services. 2  Medicare Part B pays 80% of most doctor's services, outpatient treatments, and durable medical equipment (like oxygen or wheelchairs). 3  You pay the other 20%.",2,2,1,##final score: 1
1133167,how is the weather in jamaica,7218012,"Thanks to its position in the warm Caribbean Sea, Jamaica enjoys generally pleasant weather year round. While October may not be the peak time to visit this tiny yet world-renowned tourist destination, any month is a fine month to travel to Jamaica. While you'll see some rain showers, you'll still enjoy plenty of warm and beach-friendly weather.",2,2,3,##final score: 3
1114819,what is durable medical equipment consist of,8096824,"Durable medical equipment billing and reimbursement . Definitions • Durable medical equipment (DME) is any equipment that provides therapeutic benefits to a member because of certain medical conditions and/or illnesses that can withstand repeated use, is primarily and customarily used to",2,2,3,##final score: 3
443396,lps laws definition,4792652,"When can I establish an LPS conservatorship? The Court will not let you establish an LPS conservatorship unless it finds beyond a reasonable doubt, that the mentally ill person, is gravely disabled. Gravely disabled means that, because of a mental disorder, the person cannot take care of his/her basic, personal needs for food, clothing, or shelter.",2,2,1,##final score: 1
156493,do goldfish grow,2259180,"Get a large enough tank. The minimum tank size for one goldfish is 10-15 US gallons (56.7 liters)(Remember, they grow to about 10-12 inches (25.5-30.5 centimeters), and sometimes over!) and you will need to add 10 U.S. gallons (37.8 liters) onto that for each additional goldfish. Do your research about all different kinds of goldfish.",2,2,3,##final score: 3
156493,do goldfish grow,4369922,"1 If you have a cat make sure the tank is NOT open top. 2  Common, comet, shunbunkin, and some fancy goldfish can grow to be over 12 inches (30.5 cm) long if put in tanks or ponds that are large enough! 3  However, contrary to popular belief, fish do not stay the size of their tank.",2,2,3,##final score: 3
148538,difference between rn and bsn,245019,BSN stands for Bachelors of Science in nursing. People who are interested in earning a BSN are required to attend a four year university or college. It typically takes four or five years to earn a bachelor’s degree. Students typically spend the first two years taking the prerequisite courses.,1,1,0,##final score: 0
156493,do goldfish grow,2317808,"Comet goldfish also have a much more streamline body as adults and a deeply forked tail. These fish can easily reach 14 inches in body length, though larger has been reported. Comet goldfish come in the same beautiful colorations as commons, though the Sarasa pattern is a trademark of this species.",2,2,1,##final score: 1
451602,medicare's definition of mechanical ventilation,5538938,"Mechanical ventilation. Assisted ventilation could be defined as the movement of gas into and out of lungs by an external source connected directly to the patient. The external source could be the resuscitation bag, continuous distending pressure device or a mechanical ventilator.",1,1,2,##final score: 2
1063750,why did the us volunterilay enter ww1,7778348,"Report Abuse. Because the Isolationists were dead set against the US entering WW2 is the short answer. And the US did enter the war, unofficially, by supplying convoy escorts and materials to Britain.Check out the American Neutrality Act amendments of 1939 for some references.eport Abuse. Because the Isolationists were dead set against the US entering WW2 is the short answer. And the US did enter the war, unofficially, by supplying convoy escorts and materials to Britain.",0,0,1,##final score: 1
131843,definition of a sigmet,2008201,NOAA Forecasts. Forecasts from the National Oceanic and Atmospheric Administration (NOAA),1,1,0,##final score: 0
1063750,why did the us volunterilay enter ww1,5766337,"On May 7, 1915, the British ocean liner RMS Lusitania, which primarily ferried people and goods across the Atlantic Ocean between the United States and Great Britain, was torpedoed by a German U-boat and sunk.Of the 1,959 people on board, 1,198 died, including 128 Americans.The sinking of the Lusitania enraged Americans and hastened the United States' entrance into World War I. Dates: Sunk May 7, 1915.Also Known As: Sinking of the RMS Lusitania.f the 1,959 people on board, 1,198 died, including 128 Americans. The sinking of the Lusitania enraged Americans and hastened the United States' entrance into World War I. Dates: Sunk May 7, 1915. Also Known As: Sinking of the RMS Lusitania.",2,2,3,##final score: 3
443396,lps laws definition,4864260,"Oil and gas law in the United States is the branch of law that pertains to the acquisition and ownership rights in oil and gas both under the soil before discovery and after its capture, and adjudication regarding those rights.",0,0,1,##final score: 1
156493,do goldfish grow,349645,"A 75 gallon tank would only be good for so long, comet goldfish can grow up to 1 foot in length (often more because of their long flowing tails), they are pond fish and belong in ponds. I would not recommend buying them for tanks.",2,2,3,##final score: 3
156493,do goldfish grow,3603922,"Even at the same age, they vary a lot in length. They grow rapidly during the first year, but the growth rate varies a lot even for fish from the same spawn, so the size of year old goldfish varies widely. Almost all of the goldfish you see in the big box pet stores are well under a year in age.",2,2,3,##final score: 3
168216,does legionella pneumophila cause pneumonia,8731620,"More specifically, this genus includes the species Legionella pneumophila, which are non-encapsulated, aerobic bacilli. In addition to L. pneumophila, there are 41 other species in the genus and together these species divide into 64 serogroups.",1,1,0,##final score: 0
443396,lps laws definition,8693530,"New Hampshire Hospital (NHH) provides inpatient psychiatric treatment to patients admitted on an involuntary basis through an emergency admissions process, a non-emergency court order, or on a limited voluntary basis, depending on the availability of facilities.",1,1,0,##final score: 0
489204,right pelvic pain causes,1231674,Also note that pain in the right side of the abdomen can be referred from an injury or disease originating from a nearby organ which may not necessarily be within the abdomen. An example of this is a right sided abdominal pain arising from a lower right lung infection.,1,1,2,##final score: 2
1117099,what is a active margin,514310,1 : written or printed in the margin of a page or sheet marginal notes.,0,0,1,##final score: 1
1114819,what is durable medical equipment consist of,2258946,"If a patient qualifies for Medicare coverage of home care, Medicare pays the full amount of the home care agency's charges, except for the rental cost of durable medical equipment such as a wheelchair or hospital bed, for which Medicare pays 80 percent.",2,2,1,##final score: 1
359349,how to find the midsegment of a trapezoid,7062669,A Trapezoid is a 4-sided polygon (Quadrilateral) which has at least one pair of parallel sides. The sides of a Trapezoid that are parallel are called the bases of the trapezoid and the other two sides are called the legs or the lateral sides. The perpendicular distance from one base to the other is called the altitude of a trapezoid.,1,1,0,##final score: 0
1112341,what is the daily life of thai people,6947370,Learn Thai with our Free Thai Phrasebook. 1  History of the Thai language. 2  Regional variation in spoken Thai. 3  The Thai alphabet and Thai tones.  Written Thai: Joined Up 1  Thinking. General Thai phrases useful for a holiday in Thailand.,1,1,0,##final score: 0
1112341,what is the daily life of thai people,6726344,"Thais must be the cleanest people in the world. For anyone who hasn’t spent much time in Thailand or isn’t familiar with the culture, here’s what you need to know. Every Thai will shower at least once a day and the vast majority shower two, three or even four times a day. Every day.",2,2,1,##final score: 1
168216,does legionella pneumophila cause pneumonia,4600608,"Two distinct illnesses, Legionnaires' disease and Pontiac fever, have been associated with the Legionella species. Legionnaires' disease is a severe pneumonia. Pontiac fever is a mild, non-pneumonia influenza-like illness. In this document, we refer only to Legionnaires' disease.",2,2,3,##final score: 3
19335,anthropological definition of environment,527690,"Medical Definition of anthropology. plural. anthropologies. : the science of humans; especially : the study of humans in relation to distribution, origin, classification, and relationship of races, physical character, environmental and social relations, and culture.",1,1,2,##final score: 2
1114819,what is durable medical equipment consist of,8027205,"Co-insurance under Part B, including the 20 percent on doctor visits, emergency room visits, and durable medical equipment that Part B doesn’t cover. The result is that TRICARE For Life beneficiaries pay nothing out of pocket for most hospitalizations lasting less than 150 days, and for many routine medical costs and services. The general rule is that if Medicare covers most of it, TRICARE For Life covers the rest of it. Prescription Drug Coverage",1,1,0,##final score: 0
1114819,what is durable medical equipment consist of,6631099,Medicare Part B covers blood sugar test strips as durable medical equipment. All people with Medicare who have diabetes are covered. Your Costs. You pay 20% of the Medicare-approved amount.,2,2,1,##final score: 1
1133167,how is the weather in jamaica,6020866,"Temperatures in the Caribbean typically rise during the day, to an average of 81.2 degrees in the early afternoon. By the early evening hours in February the temperature will generally fall to somewhere in the vicinity of 75.9 degrees.Overall, temperatures in the Caribbean during February average around 76.9 degrees.ypical Weather in February. During February the temperatures in the Caribbean typically vary between a daily high of about 82.4 degrees and a daily low of approximately 72.1 degrees. During the month of February, it rains an average of 8.7 days. Total precipitation during the month averages 1.9 inches.",1,1,2,##final score: 2
1133167,how is the weather in jamaica,4712277,"1. Re: Best Time of Year to Visit Jamaica. Mar 17, 2009, 4:23 PM. I am wondering the same thing. From what I've read, September seems to be hurricane season, but things should be calmed down by mid-October. The high tourist season seems to be from December through April.",2,2,1,##final score: 1
1037798,who is robert gray,3922535,"ROBERTS Surname Meaning & Origin: A patronymic surname meaning son of Robert, from the Welsh given name Robert, meaning bright fame..",0,0,1,##final score: 1
1133167,how is the weather in jamaica,4443370,"Weather in Jamaica in November. Cooler weather - for Jamaica - begins to swing in during November, when the weather begins to dry up. November is an important month as it is the end of the off-season and severe tropical weather should clear by the end of the month. Travel to the Caribbean becomes much more popular during the winter and holiday season in the north.",2,2,3,##final score: 3
359349,how to find the midsegment of a trapezoid,5547389,Then you're looking for the midpoint! The midpoint of a line segment is the point located midway between the endpoints of the line segment. This tutorial tells you about the midpoint of a line segment.,1,1,0,##final score: 0
1117099,what is a active margin,6122721,Passive plate margins endure very little constructive or destructive movement. Active plate margins describe subduction zones and other boundaries where movement is regular and common. Cause of earthquakes.,3,3,2,##final score: 2
168216,does legionella pneumophila cause pneumonia,3399720,"Pontiac fever and Legionnaires' disease may also be called legionellosis (LEE-juh-nuh-low-sis) separately or together. Legionellosis is a term for any disease caused by Legionella bacteria.1  Causes & Transmission Explains the spread of the disease, environment, exposure...ontiac fever and Legionnaires' disease may also be called legionellosis (LEE-juh-nuh-low-sis) separately or together. Legionellosis is a term for any disease caused by Legionella bacteria.",1,1,2,##final score: 2
1121709,what are the three percenters?,8049586,"Rhodes has written supportively of the Three Percenters, while at least two participants carried the Three Percenter flag at an Oath Keepers event at the Vietnam War Memorial in Washington, D.C., on September 12, 2009.",1,1,2,##final score: 2
1063750,why did the us volunterilay enter ww1,7146775,"Did the sinking of the Lusitania cause the United States to enter World War I Not directly, but it did cause more Americans to be in favor of the entry of the United States into the war. Define the following terms: Militarism, Imperialism, nationalism, and alliances.",2,2,1,##final score: 1
104861,cost of interior concrete flooring,7506027,Polished concrete pricing and cost per square metre for concrete polishing can range from as little as £20 to as much as £150 per metre square.dditionally polished concrete overlays with exotic aggregates could add further costs of £10 to £50 per metre. When choosing a polished concrete floor price should be the last question you ask. Firstly define the expectations you want from your concrete floor and have your budget figure in mind.,2,2,3,##final score: 3
451602,medicare's definition of mechanical ventilation,2922147,"Of key importance is the use of evidence that may improve patients’ outcomes. To that end, in this article, I discuss the science related to mechanical ventilation in patients with acute respiratory distress syndrome (ARDS) and in patients who require weaning.nowledge and understanding of mechanical ventilation are central to ensuring patients’ safe passage from the acute stage to weaning. The author discusses the science related to mechanical ventilation in patients with ARDS.",1,1,0,##final score: 0
443396,lps laws definition,8536123,"(Redirected from Lanterman-Petris-Short Act) The Lanterman–Petris–Short (LPS) Act (Cal. Welf & Inst. Code, sec. 5000 et seq.) concerns the involuntary civil commitment to a mental health institution in the State of California. The act set the precedent for modern mental health commitment procedures in the United States.",3,3,2,##final score: 2
1063750,why did the us volunterilay enter ww1,6666451,"US attitude towards WW1     The US didn't want to join the war on anyone's side and followed a policy of isolationism so that they wouldn't be dragged into WW1. … They still sold weapons, ammunition and supplies to whoever was buying them before.",1,1,2,##final score: 2
1112341,what is the daily life of thai people,8139251,"Thai people often translate the Thai time into English language but without any English background. So when a Thai person says four o'clock, it is better to check if it is four o'clock in the morning, in the afternoon, in the evening or the night.",1,1,0,##final score: 0
489204,right pelvic pain causes,152948,Possible causes of pelvic pain in women only may include: 1  Ectopic pregnancy. 2  Miscarriage. 3  Pelvic inflammatory disease. 4  Ovulation. 5  Menstrual cramps. 6  Ovarian cysts or other ovarian disorders. 7  Fibroids. 8  Endometriosis.,1,1,2,##final score: 2
156493,do goldfish grow,2928706,Hardly anything breeds true.. People who groom goldfish for shows take such extreme measures as daily 100% water changes and feeding every hour during daylight hours to produce big fish fast. Some of them also say that show fish aren't good breeders and don't live as long as fish that grow at a normal rate.,2,2,1,##final score: 1
156493,do goldfish grow,1277727,"Common Goldfish can grow over 90 centimeters and take more than 2 years to max out. I've been told that they don't stop growing, but I don't know how true that is. Fancy Goldfish can grow to about 20 centimeters ant take about 2 years to max out I hope the Goldfish aren't Fancy, Koi can get very nasty.",2,2,3,##final score: 3
156493,do goldfish grow,8273019,"The bigger the fishtank, the bigger the fish will grow.Not only does it matter how big your tank/pond is but it also depends greatly on what the fish is fed, the variety of the fish, and the fishes genetics. Many goldfish can grow over a foot long- here is a list of standard sizes to expect a goldfish to grow:",2,2,3,##final score: 3
168216,does legionella pneumophila cause pneumonia,8319215,"However, the number of infections is probably higher because many infections aren’t diagnosed or reported. Some cases are so mild that affected individuals never seek treatment. The symptoms of Legionnaires’ disease are similar to those of other types pneumonia. These symptoms may include fever, chills, and a cough. Many people who are exposed to Legionella don’t become sick. When illness does occur, however, it’s important to see a doctor right away.",2,2,3,##final score: 3
1112341,what is the daily life of thai people,8134796,"The concept of an Oriental Thai spa is one of Thailand’s most famous cultural export. Professional and warm Thai staff and relaxing concoctions and massages make this an once-in-a-lifetime experience. These spas have caught the eye of the world, so much that most major cities around the world have Thai spas, mostly set up by Thais themselves!",1,1,0,##final score: 0
183378,exons definition biology,8794306,"What is the difference between exons and introns? Quick Answer. An intron is a nucleotide sequence found within the genes and is removed via RNA splicing when a mature RNA molecule is being generated; on the other hand, an exon is a nucleic acid sequence present in a mature messenger RNA molecule.",3,3,2,##final score: 2
87181,causes of left ventricular hypertrophy,8332546,By Mayo Clinic Staff. Left ventricular hypertrophy can occur when some factor makes your heart work harder than normal to pump blood to your body. Factors that can cause your heart to work harder include: High blood pressure (hypertension). This is the most common cause of left ventricular hypertrophy. More than one-third of people show evidence of left ventricular hypertrophy at the time of their diagnosis with hypertension.,2,2,3,##final score: 3
168216,does legionella pneumophila cause pneumonia,8048973,Other temperature sensitivity. 1  60 to 70 °C (140 to 158 °F) to 80 °C (176 °F) – Disinfection range. 2  66 °C (151 °F) – Legionella dies within 2 minutes. 3  60 °C (140 °F) – Legionella dies within 32 minutes. 4  55 °C (131 °F) – Legionella dies within 5 to 6 hours.,1,1,0,##final score: 0
146187,difference between a mcdouble and a double cheeseburger,8434618,"The Double Cheesburger is now $1.19 instead of a buck. Seriously, $.19/slice of cheese and a removal from the Dollar Menu. Do I order the Double Cheeseburger at its new full price or do I stick to the Dollar Menu and go with the McDouble. Of course, I go with the McDouble. One piece of McCheese might be better than two pieces of McCheese. I guess McDonalds thinks people like me who bought the Double Cheeseburger for a buck will pony up and pay the extra pennies. Sooner or later they will be charging for extra napkins and ketchup.",2,2,1,##final score: 1
207786,how are some sharks warm blooded,7413617,"There are many species of sharks in the ocean. Sharks are one of the better known predators in the sea. Many sharks have sharp teeth that are used to catch their food. The most dangerous shark is the great white shark, which can grow to over 20 feet long.",0,0,1,##final score: 1
130510,definition declaratory judgment,996732,"The same court observed that even if the basic requirements for A Declaratory Judgment Action are met, it is still within the discretion of the district court to decline a Declaratory Judgment Action.. This is in accordance with appellate decisions as well: Declaratory relief is a matter of district court discretion.",1,1,2,##final score: 2
1114819,what is durable medical equipment consist of,7070941,"Durable medical equipment (DME) auths. 1  Complete a DME Prior Authorization form (474KB PDF). 2  Complete online and save it for your records, then print and fax it to Priority Health. 3  Fax the form to the number listed on the form.",1,1,0,##final score: 0
183378,exons definition biology,3854211,"In humans, the gene CYP19, located on chromosome 15q21.1, encodes the aromatase enzyme. The gene has nine coding exons and a number of alternative non-coding first exons that regulate tissue specific expression.",1,1,2,##final score: 2
1063750,why did the us volunterilay enter ww1,7882525,"With the Germans it was probably more of an anti-War sentiment than a pro-German bias. Public opinion gradually shifted toward the Allies as a result of British propaganda, German policies in occupied Belgium, and incidents such as the xsinking of the RMS Lusitania. Even so the vast majority of Americans, especially the progressives, opposed American entry into the War.",2,2,1,##final score: 1
1114819,what is durable medical equipment consist of,3693260,"CMS is responsible for the operation of the Medicare program and for selecting Medicare administrative contractors (MACs) to process Medicare fee-for-service Part A, Part B, and durable medicine equipment (DME) claims.",1,1,0,##final score: 0
1114819,what is durable medical equipment consist of,6912304,"Socks: Socks used in conjunction with ankle orthoses, AFOs, or KAFOs are not covered because socks do not meet the contractual definition of durability for covered DME. Spare orthotics: Identical spare orthotics purchased for the member's convenience is not considered medically necessary.",1,1,0,##final score: 0
855410,what is theraderm used for,4929361,"For dry skin: Dry skin can benefit from moisturizing sunscreens. Numerous moisturizers are used in sunscreens; popular ones include lanolin, oils, and silicones such as dimethicone. Moisturizing sunscreens are often formulated as creams, lotions, or ointments, so look for these terms on the label.",0,0,1,##final score: 1
207786,how are some sharks warm blooded,13253,"From the blue shark to the whale shark, what are the 20 largest sharks? Check out this list of the 20 largest sharks from Shark Week.",0,0,1,##final score: 1
833860,what is the most popular food in switzerland,5167518,"Fondue and Cheese. Cheese and fondue go hand in hand, but Swiss cuisine has several fondue variations. Swiss cheese, made up of raw milk, is perhaps the most famous cheese to come out of the country. Other famous cheeses are still produced by hand and include Gruyere, Gruyère, Emmentaler tete Tête, De moine Sbrinz. and vacherinondue and Cheese. Cheese and fondue go hand in hand, but Swiss cuisine has several fondue variations. Swiss cheese, made up of raw milk, is perhaps the most famous cheese to come out of the country. Other famous cheeses are still produced by hand and include Gruyere, Gruyère, Emmentaler tete Tête, De moine Sbrinz. and vacherin",2,2,1,##final score: 1
264014,how long is life cycle of flea,5635519,"After about 2 days (range 2-21 days), depending on environmental conditions, the flea egg hatches torelease a first stage flea larva. This flea larva lives in the host's environment(it is part of the environmental stage of the fleas life cycle), where it feeds on fleadroppings (flea dirt) and dander.fter about 2 days (range 2-21 days), depending on environmental conditions, the flea egg hatches torelease a first stage flea larva. This flea larva lives in the host's environment(it is part of the environmental stage of the fleas life cycle), where it feeds on fleadroppings (flea dirt) and dander.",2,2,3,##final score: 3
359349,how to find the midsegment of a trapezoid,205472,"Endpoints mark the beginning or end of a line segment or ray. Line segments have two endpoints, giving them defined lengths, whereas rays only have one endpoint, so the length of a ray cannot be measured. The midpoint of a line segment marks the point at which the segment is divided into two equal segments. In other words, the lengths of the segments from either endpoint to the midpoint are equal. For instance, if M is the midpoint of the segment , then .",1,1,2,##final score: 2
1114819,what is durable medical equipment consist of,2590450,"DME that Medicare covers includes, but isn't limited to: 1  Air-fluidized beds and other support surfaces (these supplies are only rented) 2  Blood sugar monitors. 3  Blood sugar (glucose) test strips.  Canes (however, white canes for the blind aren't 1  covered) Commode chairs.  Continuous passive motion (CPM) 1  machine. Crutches.  Hospital beds.",2,2,3,##final score: 3
87452,causes of military suicide,8436578,U.S. Military's Suicide Rate Surpassed Combat Deaths In 2012 : The Two-Way The number of deaths by suicide in the U.S. military surged to a record 349 last year — more than the 295 Americans who died fighting in Afghanistan in 2012. The numbers were first reported by the AP; NPR has confirmed them.,1,1,2,##final score: 2
1114819,what is durable medical equipment consist of,7425394,"Medicare Part B covers the cost of insulin pumps and the insulin used in the. Medicare Part B does not cover the cost of the insulin, but the Medicare. Coverage for diabetes-related durable medical equipment (DME) is provided as a. Medicare Part B benefit.n the Original Medicare Plan, the beneficiary pays 20% of the Medicare-approved amount after the yearly Part B deductible. Medicare will pay 80% of the cost of the insulin pump. Medicare will also pay for the insulin that is used with the insulin pump.",2,2,1,##final score: 1
19335,anthropological definition of environment,2382766,"Molecular anthropology. Molecular anthropology is a field of anthropology in which molecular analysis is used to determine evolutionary links between ancient and modern human populations, as well as between contemporary species. Generally, comparisons are made between sequence, either DNA or protein sequence, however early studies used comparative serology.",0,0,1,##final score: 1
87452,causes of military suicide,1770630,"Veterans disability compensation is available to veterans who suffer from post-traumatic stress disorder (PTSD) as a result of military service. The VA has special rules that apply to PTSD disability compensation claims.irect Service Connection for PTSD. In 2010, the VA eased up the requirements for getting disability compensation for post-traumatic stress disorder. Veterans no longer have to have proof that the event that caused the PTSD occurred.",1,1,0,##final score: 0
264014,how long is life cycle of flea,96854,"2) The fleas life cycle discussed - the flea life cycle diagram explained in full. 2a) Fleas life cycle 1 - The adult flea lays her eggs on the host animal. 2b) Fleas life cycle 2 - The egg falls off the animal's skin and into the local environment of the host animal. 2c) Fleas life cycle 3 - The flea egg hatches, releasing a first stage (stage 1) flea larva.",1,1,2,##final score: 2
1133167,how is the weather in jamaica,7762241,"Rainy season gets underway in May on the island of Jamaica, but that doesn't mean vacationers should stay away. Most days are sunny until early afternoon. The sun is also getting warmer this time of year, and vacationers who like their weather more than just a little warm may find May to be an appealing option.",2,2,3,##final score: 3
87181,causes of left ventricular hypertrophy,6685092,High blood pressure forces your heart to work harder than necessary in order to pump blood to the rest of your body. This causes the left ventricle to thicken or stiffen (left ventricular hypertrophy). These changes limit the ventricle's ability to pump blood to your body.,2,2,3,##final score: 3
1114819,what is durable medical equipment consist of,7851748,"Medical supplies and equipments near you. Find location, contact and NPI details for durable medical equipment stores in your area.",1,1,0,##final score: 0
359349,how to find the midsegment of a trapezoid,6834175,(Jump to Area of a Trapezoid or Perimeter of a Trapezoid). A trapezoid is a 4-sided flat shape with straight sides that has a pair of opposite sides parallel.,1,1,0,##final score: 0
264014,how long is life cycle of flea,8555145,"Getting Rid of Fleas in Your Home. 1  1. Clean your pet's bedding. Fleas can live for days or even weeks in carpeting and pet bedding. 2  2. Eradicate fleas in your home. Just like your pet's bedding, fleas and ticks can live in carpet for a long time. 3  3. Make a natural spray.",1,1,0,##final score: 0
855410,what is theraderm used for,2718880,"Some examples are anti-aging, brightening and anti-acne serums. Moisturizers, on the other hand, are meant to hydrate the skin. However, because of the larger molecules of the product, they do not penetrate the skin as deeply as a serum will.",0,0,1,##final score: 1
1121709,what are the three percenters?,6058024,1 4 days before period: 65 percent accurate. 2  3 days before period: 90.6 percent accurate. 3  2 days before period: 97.9 percent accurate. 4  1 day before period: 98.8 percent accurate.  0 days before period: 99 percent accurate.,0,0,1,##final score: 1
1124210,tracheids are part of _____.,2399822,"Same goes with the seedless vascular plants (spike mosses, club mosses, horsetails, whisk ferns, true ferns). The main difference between these groups is that the SVP's have tracheids (a basic vascular system) whereas the bryophytes do not. The seed plants are the gymnosperms and the angiosperms.",2,2,3,##final score: 3
47923,axon terminals or synaptic knob definition,5949690,"Most axons carry signals in the form of action potentials, which are discrete electrochemical impulses that travel rapidly along an axon, starting at the cell body and terminating at points where the axon makes synaptic contact with target cells.",1,1,2,##final score: 2
1114819,what is durable medical equipment consist of,344357,"Opening a DME business allows you to sell and distribute these durable items to those who need them, receiving payment either directly or through an insurance plan that covers DME purchases. 1  1. Choose how you wish to operate your durable medical equipment business. You can choose to open a physical store, an e-commerce website that sells medical equipment online or a combination of the two. 2. Select a location to serve as the physical presence of your DME business. If opening your business as an online only store then you can use your home as the base of operation.",1,1,0,##final score: 0
1124210,tracheids are part of _____.,2258596,"Woody angiosperms have also vessels. The mature tracheids form a column of superposed, cylindrical dead cells whose end walls have been perforated, resulting in a continuous tube called vessel (trachea) . Tracheids are found in all vascular plants and are the only conducting elements in gymnosperms and ferns.Tracheids have Pits on their end walls. Pits are not nearly as efficient for water translocation as Perforation Plates found in vessel elements.oody angiosperms have also vessels. The mature tracheids form a column of superposed, cylindrical dead cells whose end walls have been perforated, resulting in a continuous tube called vessel (trachea) . Tracheids are found in all vascular plants and are the only conducting elements in gymnosperms and ferns.",2,2,3,##final score: 3
1113437,what is physical description of spruce,4751839,"For other uses, see Spruce (disambiguation). A spruce is a tree of the genus Picea /paɪˈsiːə/, a genus of about 35 species of coniferous evergreen trees in the family Pinaceae, found in the northern temperate and boreal (taiga) regions of the earth.",1,1,2,##final score: 2
146187,difference between a mcdouble and a double cheeseburger,744165,"Review: Triple Cheeseburger from McDonald’s. When it comes to the various sizes of classic McDonald’s cheeseburgers, the prices might have you scratching your head. The price differences between a McDonald’s Cheeseburger, the beefier McDouble and the cheesier Double Cheeseburger now all fall within 50-cents of one another.",1,1,2,##final score: 2
915593,what types of food can you cook sous vide,2923501,"TAKE 1. Method: Eggs cooked sous vide at 62.5 C for 60 minutes. Result: Delicious yolks the consistency of runny honey but unattractively semi-set, semi-opaque white with an alarming tendency to separate from the yolk and disappear under the spinach leaves.HE VERDICT. 1. Cooking an egg sous vide is not a substitute for soft-boiling or poaching. You will get delicious results (with a little perseverance!); you will get intriguing results – but you will not replicate the effects of conventional cooking. 2.",2,2,1,##final score: 1
359349,how to find the midsegment of a trapezoid,2434861,"So, if you already have the midpoint sum and the trapezoid sum for some number of rectangles or trapezoids, you can obtain the Simpson’s rule approximation with the following simple average: Thus, the above formula always involves the same number of rectangles, trapezoids, and Simpson rule “trapezoids.”.",1,1,0,##final score: 0
1103812,who formed the commonwealth of independent states,8293805,"Commonwealth of Independent States; putative successor to the USSR, except that the Baltic Republics of Estonia, Latvia, and Lithuania never joined. Contrary to another definition of CIS at the Urban Dictionary, the CIS does not stand for Communist Independent States..",1,1,0,##final score: 0
87452,causes of military suicide,8289253,It is important for anyone with PTSD to be treated by a mental health care professional who is experienced with PTSD. Some people will need to try different treatments to find what works for their symptoms. Exposure therapy.,1,1,0,##final score: 0
168216,does legionella pneumophila cause pneumonia,8731624,"From Wikipedia, the free encyclopedia. Legionella pneumophila is a thin, aerobic, pleomorphic, flagellated, nonspore-forming, Gram-negative bacterium of the genus Legionella. L. pneumophila is the primary human pathogenic bacterium in this group and is the causative agent of Legionnaires' disease, also known as legionellosis. 1 Characterization.",2,2,3,##final score: 3
1063750,why did the us volunterilay enter ww1,5360356,"Confidence votes 109. The Zimmerman Telegram was also called the Zimmerman Note. The Zimmerman Telegram aka 'note', was sent from a German official in Germany to a German official in Mexico asking him to join an aliance with Germans, the Germans told them that they would help get the US back to for the Mexicans. it was NOT Germany asking Mexico to attack us. The English government intercepted this telegram and, instead of showing it to the U.S. government, they gave it to the media, forcing the U.S. into the war.",2,2,1,##final score: 1
47923,axon terminals or synaptic knob definition,3246976,"The Action Potential [back to top] The resting potential tells us about what happens when a neurone is at rest. An action potential occurs when a neurone sends information down an axon. This involves an explosion of electrical activity, where the nerve and muscle cells resting membrane potential changes.",1,1,0,##final score: 0
87452,causes of military suicide,8819112,"Then, as the two stood just steps apart, Michael saluted, raised a gun to his head and pulled the trigger. Suicide Is Now the Leading Cause of Death Amongst Active-Duty Soldiers. In 2010, for the second year in a row, more American soldiers killed themselves than died in combat. Military officials knew they had an epidemic on their hands, but they didn't know how to mitigate the hyper-complex problem.",1,1,2,##final score: 2
1114819,what is durable medical equipment consist of,7132893,Looking for the definition of DME? Find out what is the full meaning of DME on Abbreviations.com! 'Durable Medical Equipment' is one option -- get in to view more @ The Web's largest and most authoritative acronyms and abbreviations resource.,1,1,2,##final score: 2
915593,what types of food can you cook sous vide,2923494,"There are few things lovelier than a perfectly poached egg. The way a thick, flavorful yolk, and tender egg white coat a dish in a naturally savory sauce is a beautiful thing.Creating a well-made poached egg—a fundamental technique that often eludes even the finest cooks—became infinitely easier, and perhaps even foolproof, with the rise of sous vide cooking.ut the beauty is this: With sous vide, you can play with different times and temperatures to produce nearly any desired outcome. Whether you like your eggs runny, firm, thick, or hard-boiled, sous vide gets the job done.",2,2,1,##final score: 1
443396,lps laws definition,457791,involuntary - not subject to the control of the will; involuntary manslaughter; involuntary servitude; an involuntary shudder; It (becoming a hero) was involuntary.,1,1,0,##final score: 0
1117099,what is a active margin,2153481,"Notable Features. 1  The great majority of earthquakes occur at tectonic plate boundaries. 2  The majority of great earthquakes (magnitude 8.0 or larger) are megathrust earthquakes that occur at convergent plate boundaries, also called destructive margins or subduction zones.",1,1,0,##final score: 0
1110199,what is wifi vs bluetooth,8160521,"Bluetooth 4.0 is using AES 128-bit encryption, while Wi-Fi Direct relies on WPA2 security, which uses AES 256-bit encryption. Both forms use key-based encryption and authentication methods, and both offer enough security for the average consumer.",2,2,1,##final score: 1
1114819,what is durable medical equipment consist of,6094261,"Medicare Part B (Medical Insurance) covers traction equipment as durable medical equipment (DME) that your doctor prescribes for use in your home. All people with Part B are covered. If your supplier accepts assignment, you pay 20% of the Medicare-approved amount, and the Part B deductible applies. Medicare pays for different kinds of DME in different ways. Depending on the type of equipment: You may need to rent the equipment.",2,2,1,##final score: 1
1106007,define visceral?,2002045,"Visceral feelings and gut instincts are literally emotional intuitions transferred up to your brain via the vagus nerve. In previous studies, signals from the vagus nerve traveling from the gut to the brain have been linked to modulating mood and distinctive types of fear and anxiety.",2,2,3,##final score: 3
148538,difference between rn and bsn,4282153,"Bachelor of Science in Nursing (BSN) Salary. Bachelor of Science in Nursing (BSN) salary is estimated around $77,000 per year. Around 10 percent higher end professionals earn around more than $130,000 per year. On the other hand, around 10 percent employees earn below $55,925 per year. If you are employed in a hospital, you can earn around $66,092 per year.",1,1,0,##final score: 0
915593,what types of food can you cook sous vide,8002855,"When I took out the cooked roast, I dried it with paper towels…. …and blasted it with my kitchen torch. I sliced up the roast and every piece was moist and cooked perfectly all the way through. I can’t imagine cooking pork any other way. 1  sous vide.  sous vide pork loin roast.",2,2,1,##final score: 1
264014,how long is life cycle of flea,3389744,"Flea pupae can also stay in their cocoons for up to a year, waiting to sense the body heat and vibrations that signal the presence of nearby hosts. So when you go on vacation, the fleas don't starve to death -- they simply wait for you and your pets to come back.lea pupae can also stay in their cocoons for up to a year, waiting to sense the body heat and vibrations that signal the presence of nearby hosts. So when you go on vacation, the fleas don't starve to death -- they simply wait for you and your pets to come back.",2,2,3,##final score: 3
1133167,how is the weather in jamaica,7793408,"Typical Weather in January. January temperatures in Jamaica range from an average low of 72.0 degrees to an average high of 82.0 degrees. On any given day during January in Jamaica, you can expect early morning temperatures to be around 73.3 degrees. In January, temperatures typically rise to around 81.6 degrees by early afternoon. By early evening, temperatures in Jamaica generally decline to around 76.8 degrees.",2,2,3,##final score: 3
1110199,what is wifi vs bluetooth,4511144,"WiFi has a greater range than Bluetooth – perhaps as much as 120 feet indoors, but the actual range may be less. With some planning, WiFi can cover an entire house. One way to assure maximum coverage is to locate the WiFi router in the center of a house, or where its coverage is most useful.",2,2,1,##final score: 1
168216,does legionella pneumophila cause pneumonia,3198683,"Knowledge center. With the current outbreak of Legionnaires' disease in south Wales, here are some facts about the illness. Legionnaires' disease, also called Legionellosis is a lung infection, a form of pneumonia which can be fatal, caused by the legionella bacterium.s Legionnaires' disease signs and symptoms are often mild, it is likely that the real number of infections is considerably higher than the reported ones. Legionnaires' disease may be hard to diagnose at first because its signs and symptoms may be very similar to other forms of pneumonia.",2,2,3,##final score: 3
855410,what is theraderm used for,5329993,"Patchouli has long been used in skin care for its ability to help alleviate such issues as acne-prone conditions, eczema, inflammation, and cracked, chapped, irritated skin. It is often found in anti-aging skin care for its cell-rejuvenating properties and its ability to lessen the look of scars.",0,0,1,##final score: 1
359349,how to find the midsegment of a trapezoid,7579883,"A trapezoid with equal lateral sides ( AB = CD ) is called an isosceles trapezoid. In an isosceles trapezoid angles by each base, are equal ( A = D, B = C ). A parallelogram can be considered as a particular case of trapezoid. Midline of a triangle is a segment, joining midpoints of lateral sides of a triangle.",1,1,0,##final score: 0
451602,medicare's definition of mechanical ventilation,1094139,ventilation is the tidal volume of gas entering or leaving the lungs in a given amount of time and determines if the gas exchange is sufficient for mechanical ventilator to work it must produce the right tidal volume and breathing rate for the body,1,1,0,##final score: 0
1117099,what is a active margin,7879723,"Best Answer: The margin is simply the edge of a continental plate. Deep ocean basins are areas of oceanic crust on the ocean floor. They are usually not on a plate margin, part of a deep ocean basin may be near a continental margin, but they are not margins themselves. Source(s): Punk Rock and Minerals · 9 years ago",1,1,0,##final score: 0
1133167,how is the weather in jamaica,1379378,"Weather in Ocho Rios in December. The average maximum daytime temperature in Ocho Rios in December is a warm 27°C (81°F) with low heat & humidity. There are usually 7 hours of bright sunshine each day, which represents 59% of the 11 hours of daylight. The average sea temperature in and around Ocho Rios in December is 28°C (82°F). Expect 206mm (8.1 inches) of rainfall across the whole of December with 8 days with some rain falling.",2,2,3,##final score: 3
1063750,why did the us volunterilay enter ww1,8658915,"In September 1915, Germany, hoping to avoid U.S. entry into the war, ended unrestricted submarine warfare, forbidding its U-boats from attacking neutral ships.",1,1,0,##final score: 0
1133167,how is the weather in jamaica,4625145,"The Jamaica climate guide is perfect for planning your holiday. Monthly weather averages give the best indication of what the weather is usually like for every month of the year including figures for temperature, rainfall and sunshine. The Jamaica climate guide shown below is for Montego Bay.",1,1,2,##final score: 2
1133167,how is the weather in jamaica,405188,"Average High Temperatures. The average high temperature drops a total of around 10 degrees Fahrenheit between the beginning of October and the end, according to Weather.com. The average high is between 65 and 67 degrees during the first week of October.Temperatures drop by a few degrees each week, with averages highs around 57 or 58 degrees by the end of the month. It’s not unheard of to experience some unusually warm days in October.verage High Temperatures. The average high temperature drops a total of around 10 degrees Fahrenheit between the beginning of October and the end, according to Weather.com. The average high is between 65 and 67 degrees during the first week of October.",0,0,1,##final score: 1
183378,exons definition biology,3752862,"The DNA in a person is a combination of the DNA from each of their parents. Part of an organism's DNA is  non-coding DNA  sequences. They do not code for protein sequences. Some noncoding DNA is transcribed into non-coding RNA molecules, such as transfer RNA, ribosomal RNA, and regulatory RNAs).art of an organism's DNA is  non-coding DNA  sequences. They do not code for protein sequences. Some noncoding DNA is transcribed into non-coding RNA molecules, such as transfer RNA, ribosomal RNA, and regulatory RNAs).",0,0,1,##final score: 1
1114819,what is durable medical equipment consist of,5521373,Description of Procedure or Service. Durable Medical Equipment (DME) is any equipment that provides therapeutic benefits to a patient in. need because of certain medical conditions and/or illnesses. Durable Medical Equipment (DME) consists of items which:,2,2,3,##final score: 3
87452,causes of military suicide,4654326,"Suicide is a leading cause of death among people who abuse alcohol, drugs, and other. substances. Alcohol and drug use disorders elevate risk for suicide ideation and attempts. Depression has many negative consequences in regard to suicide risk in those with COD.",1,1,0,##final score: 0
1121402,what can contour plowing reduce,7125978,Contour plowing and terracing are both types of farming techniques. Contour plowing follows the natural shape of the land form without changing it whereas terracing changes the shape of the slope to develop flat areas for crop growth. Contour plowing and terracing are both types of farming techniques.,1,1,0,##final score: 0
1113437,what is physical description of spruce,7890531,An example of needle rust is beginning to show up on spruce trees near water. Spruce needle rust overwinters on Labrador tea and leather leaf and spores from these alternate hosts have moved to the spruce trees via wind and rain events and are now infecting spruce trees.,1,1,0,##final score: 0
1114646,what is famvir prescribed for,2911450,"Cold sores are caused by 2 types of herpes simplex viruses. Cold sores are common. In most cases, people contract the virus as young children. You may get the virus from: Contact with the fluid from a cold sore of another person, or genital herpes sores.",1,1,0,##final score: 0
156493,do goldfish grow,7371078,"Goldfish bowls really shouldn't exist, to be honest. Goldfish can grow very large and some have lived up to 30 years! The recommendation is that you give a goldfish 10 gallons for every inch it is. So if your goldfish is 2 inches long, ideally it would have 20 gallons. While that seems a little excessive for most people, a ten gallon tank with a filter would be a great place to start. As other people have mentioned, goldfish are considered dirty fish.",2,2,3,##final score: 3
1114819,what is durable medical equipment consist of,5196819,"Part B: (covers Medicare eligible physician services, outpatient hospital services, certain home health services, durable medical equipment). 1  $147.00 per year. ( 2 Note: You pay 20% of the Medicare-approved amount for services after you meet the $147.00 deductible.).",1,1,0,##final score: 0
104861,cost of interior concrete flooring,3229912,"The average price for ceramic tile flooring is in the $2.50-$3.00 per square foot range.For natural stone flooring, expect to pay an average of $7.50/sq foot. 1  Ceramic tile can be found for less than $1 per square foot to about $5.50 per square foot.",0,0,1,##final score: 1
156493,do goldfish grow,5122743,"If your goldfish tank is kept in a place that does not have enough light then you may notice your fish’s color start to fade. Goldfish have even been known to turn an unhealthy white color when not getting the light they need!Changes in light levels also let your goldfish know whether it’s currently day or night.oldfish definitely do need light! Like most animals, goldfish would not be healthy if permanently kept in dull or dark conditions. Unlike some fish that live deep in the sea, wild goldfish live in lakes and rivers that are often illuminated by relatively bright daylight.",0,0,1,##final score: 1
148538,difference between rn and bsn,1828165,"Officially it is BSN, RN. Because the BSN can't be taken from you or expire. Having said that you don't have to sign with your bsn or adn unless you want to. Quote from caliotter3 I've always seen level of education subordinated to license and certifications going with the license.",2,2,1,##final score: 1
130510,definition declaratory judgment,996740,One factor which supports the dismissal of a declaratory judgment action is the conduct of the insurer in filing such a declaratory judgment action to pre-empt the insured from having a choice of forum in a first party claim.,1,1,2,##final score: 2
131843,definition of a sigmet,7707868,"Information available includes icing, turbulence, convection, PIREP, METAR, TAF, AIRMET, SIGMET, satellite, radar, surface, winds aloft, temperature, NEXRAD, precipitation, rain, snow, sleet, thunderstorm, enroute, and prognostic charts.",1,1,0,##final score: 0
264014,how long is life cycle of flea,3338827,"The total flea life cycle can range from a couple weeks to several months, depending on environmental conditions. ADULT: The adult flea is very flat side to side. There are hair-like bristles on the flea body and legs to aid in their navigation through pet hair.",2,2,3,##final score: 3
19335,anthropological definition of environment,8199361,"Anthropological perspective of culture diversity. When it comes to understanding diversity in cultures, the anthropological view can help humanity understand and appreciate the complexity of diverse cultures. This discipline involves the study of biological and cultural origins of the humans.",0,0,1,##final score: 1
1133167,how is the weather in jamaica,7217701,You are here: Water Temperature > Caribbean > Jamaica Water Temperature Jamaica Water Temperature Jamaica is the third largest island in a group called the Greater Antilles after Cuba and Hispaniola which is home to Cuba and the Dominican Republic. It is the 5th biggest of all the Caribbean islands and one of the most popular destinations in the world.,1,1,0,##final score: 0
1133167,how is the weather in jamaica,7217702,There is a High Pressure Ridge across Jamaica and the central Caribbean and a strong Low-Level Jet across the region. Expect windy conditions to continue across sections of the island for the next few,2,2,3,##final score: 3
1037798,who is robert gray,5896698,"It would be the first time that the 825,000-acre ranch, the largest in the United States, was run by someone other than a descendant by blood or marriage of Robert King, the steamboat captain who founded the dynasty in 1853, and his son-in-law, Robert Justus Kleberg.",0,0,1,##final score: 1
156493,do goldfish grow,2928700,"Giant Goldfish: Popular Housepet Can Grow Monstrously Large, As Tahoe Catch Shows. By On 02/25/13 AT 5:04 PM. Last week, scientists netted a 4-pound, 1.5-foot-long goldfish in Lake Tahoe. The scientists also found 15 other goldfish, indicating they’re probably reproducing in the lake high in the Sierra Nevada.",2,2,3,##final score: 3
1133167,how is the weather in jamaica,6140,"Ocho Rios Jamaica Weather - Winter ( December, January And February) The winters in this town are usually colder when compared to other parts of the island. The average temperature for December, January and February are 81 °F and 79 °F respectively. All three months usually have a high temperature of 84 °F.",2,2,3,##final score: 3
1110199,what is wifi vs bluetooth,1901881,"Bluetooth 4.0 vs. Wi-Fi Direct: Speed. Wi-Fi Direct promises device-to-device transfer speeds of up to 250Mbps, while Bluetooth 4.0 promises speeds similar to Bluetooth 3.0 of up to 25Mbps. Both Bluetooth 4.0 and Wi-Fi Direct use the 802.11 networking standard to reach their maximum speeds.",2,2,3,##final score: 3
1133167,how is the weather in jamaica,6999439,Best Times to Visit Jamaica. The best time to visit Jamaica is November to mid-December. That's when the island's already beautiful weather (ranging from mid-70s to the high 80s all year-round) is the most pleasant and the hotel and flight deals are the easiest to find.,2,2,3,##final score: 3
156493,do goldfish grow,1277722,"The Shubunkin Goldfish can grow very large and an adult Shubunkin Goldfish will need at least 30-40 gallons of water, while a juvenile requires around 15 gallons.",2,2,3,##final score: 3
87452,causes of military suicide,7353355,"It is very common for other conditions to occur along with PTSD, such as depression, anxiety, or substance abuse. More than half of men with PTSD also have problems with alcohol. The next most common co-occurring problems in men are depression, followed by conduct disorder, and then problems with drugs.",1,1,0,##final score: 0
1129237,hydrogen is a liquid below what temperature,4254813,"Liquid hydrogen is non-corrosive. Special materials of construction are not required to prevent corrosion. However, because of its extremely cold temperature, equipment must be designed and manufactured of material, which is suitable for extremely low temperature operation.",1,1,2,##final score: 2
264014,how long is life cycle of flea,8012103,"Flea pupae are fairly resistant to chemical treatments. And they can remain dormant for up to 5 months, waiting to detect heat and pressure before they emerge. Vacuuming will help stimulate their emergence. Generally, it will take 8 weeks, maybe longer, for fleas in your home to be completely eradicated.",2,2,3,##final score: 3
915593,what types of food can you cook sous vide,8029533,"In Episode 2 of the Sous Vide Cooking Series, MasterChef's Sharone Hakman demonstrates how to sous vide a perfect sirloin steak in your home kitchen using simple ingredients like garlic and fresh herbs.",2,2,1,##final score: 1
1133167,how is the weather in jamaica,8607547,The Weather in September. The weather in this month in Punta Cana is similar to August. September is also the month of more serious hurricane activity. When a hurricane passes or with a tropical storm you can have two - three days overcast weather with some rain.,0,0,1,##final score: 1
264014,how long is life cycle of flea,552765,"In order to develop, flea eggs need a warm, moist environment: a temperature of about 70 degrees Fahrenheit (21 degrees Celsius) and 70 to 85 percent humidity. In these conditions, the eggs hatch in about 12 days. This 12-day window is one of the reasons why it can be hard to get rid of fleas. Some insecticides kill adult fleas but not eggs, which means a whole new set of fleas can emerge after the adults have died.",2,2,3,##final score: 3
1133167,how is the weather in jamaica,7093510,"A: The average temperature in Jamaica during June has highs of around 88 degrees Fahrenheit and lows of around 77 degrees Fahrenheit. June also experiences a lot of rainfall, with an average of 13 days of the month seeing some rain.",2,2,3,##final score: 3
359349,how to find the midsegment of a trapezoid,8058868,"The formula for the area of a trapezoid is A = (1/2)(h)(a + b), where: 1  h = height (This is the perpendicular height, not the length of the legs.) 2  a = the short base. 3  b = the long base.",1,1,0,##final score: 0
451602,medicare's definition of mechanical ventilation,8214451,"Mechanical ventilation is often a life-saving intervention, but carries many potential complications including pneumothorax, airway injury, alveolar damage, and ventilator-associated pneumonia.. In many healthcare systems prolonged ventilation as part of intensive care is a limited resource (in that there are only",1,1,0,##final score: 0
359349,how to find the midsegment of a trapezoid,7062671,"and parallel to them: EF || AD and EF || BC. A trapezoid with equal lateral sides ( AB = CD ) is called an isosceles trapezoid. In an isosceles trapezoid angles by each base, are equal ( A = D, B = C ). A parallelogram can be considered as a particular case of trapezoid. Midline of a triangle is a segment, joining midpoints of lateral sides of a triangle.",1,1,0,##final score: 0
87452,causes of military suicide,7499676,"Teen Suicide Statistics. When it comes to teen suicide, the statistics make it clear that attempted suicide is a big deal as it relates to the youth. Additionally, suicide is one of the leading causes of death for teenagers - its the third leading cause. Keep reading for more on teen suicide statistics.",0,0,1,##final score: 1
1133167,how is the weather in jamaica,6112584,"1.8. N.A. During the early morning hours of an average February day in Jamaica, you can expect the temperature will be in the vicinity of 72.9 degrees. Temperatures in Jamaica typically rise during the day, to an average of 81.6 degrees in the early afternoon.The temperature in Jamaica will typically decline by early evening, to approximately 76.9 degrees.Overall, temperatures in Jamaica during February average around 76.7 degrees.uring the early morning hours of an average February day in Jamaica, you can expect the temperature will be in the vicinity of 72.9 degrees.",2,2,3,##final score: 3
168216,does legionella pneumophila cause pneumonia,4324491,"Legionellosis is an infection that is caused by the bacterium Legionella pneumophila. The disease has two distinct forms: Legionnaires' disease is the more severe form of the infection, which may involve pneumonia.",2,2,3,##final score: 3
87452,causes of military suicide,8055174,"People are most driven to suicide when they view their current situation as being completely hopeless and feel as if they have no way to change things for the better. Common causes of suicide include: depression, drug abuse, financial problems, as well as difficulties with relationships. Although there are crisis hotlines that have been developed to help people feeling suicidal, the jury is out as to whether they even help.",1,1,2,##final score: 2
264014,how long is life cycle of flea,528378,Quick Answer. The amount of time fleas can survive without feeding varies from several days to two months depending on the humidity of the environment. Fleas thrive in humid environments.,1,1,2,##final score: 2
1124210,tracheids are part of _____.,3466959,"The bark of a tree is a mixture of old, nonfunctional phloem and the young functional phloem (periderm). Xylem: There are two types of conducting cells in xylem, tracheids and vessel elements. Both have thick lignified secondary walls and are dead at maturity.round tissue has a wide variety of functions, even though it is composed of fairly simple tissue types. Parenchyma Tissue: The most abundant, diverse, and versatile cells in a plant are found in the parenchyma tissue.",2,2,3,##final score: 3
1124210,tracheids are part of _____.,181177,"In most plants, pitted tracheids function as the primary transport cells. The other type of tracheary element, besides the tracheid, is the vessel element. Vessel elements are joined by perforations into vessels. In vessels, water travels by bulk flow, as in a pipe, rather than by diffusion through cell membranes.",2,2,3,##final score: 3
833860,what is the most popular food in switzerland,115142,"The little European jewel of Switzerland is known for its watches, chocolates, impossibly steep ski slopes and castles. What makes castles the most visited tourist destinations in Switzerland is what makes this country unique--a zeal for precision, preservation and an artist's keen eye for beauty. Chillon is not only Switzerland's most popular castle, but it is the most popular historical monument in the country. The setting, between the shores of Lake Geneva and the Alps, is powerful.",1,1,0,##final score: 0
1112341,what is the daily life of thai people,2596431,"Thai, also known precisely as Siamese or Central Thai, is the national and official language of Thailand and the native language of the Thai people and the vast majority of Thai Chinese. Thai is a member of the Tai group of the Tai–Kadai language family.",1,1,0,##final score: 0
1037798,who is robert gray,720665,"Oregon. A state of the northwest United States in the Pacific Northwest. It was admitted as the 33rd state in 1859. Claimed by the United States after Capt. Robert Gray explored the mouth of the Columbia River in 1792, the area was further explored by Lewis and Clark in 1805 and was soon the site of fur-trading posts.",2,2,1,##final score: 1
833860,what is the most popular food in switzerland,2188108,There are many great Exuma hotels located in Switzerland. It is one of the most popular and reputable brands in hotels in Switzerland. They are known for their haute cuisine a…nd incredible service.,1,1,0,##final score: 0
104861,cost of interior concrete flooring,8546158,"Basic cost for a polished concrete floor that requires only a few levels of grinding, according to Greg Demmert of Demmert & Assoc. in Los Angeles.$3-$8/ sq ft. For concrete floors requiring more in-depth grinding or including coloring with stains and dyes, according to Demmert. In the Denver area.his price is usually for commercial floors and includes staining or scoring the floors, according to John Buteyn of Colorado Hardscapes. $6-$12/ sq ft. The typical cost for polished concrete in a residential floor because it is more difficult to get a consistent look using a smaller machine, according to Buteyn.",2,2,3,##final score: 3
1114819,what is durable medical equipment consist of,7355554,"They are small enough to fit in a car and most of the major concentrators are now FAA approved. Whether you need a ventilator, CPAP machine, oxygen concentrator, or other type of respiratory aid, you can find it from local durable healthcare equipment suppliers and national medical equipment distribution companies.",2,2,1,##final score: 1
1114819,what is durable medical equipment consist of,710524,DME MAC Jurisdictions and Map. Each Durable Medical Equipment Administrative Contractor (DME MAC) is responsible for processing claims for specific states and territories. Claims must be submitted to the DME MAC that serves the state or territory where the Medicare beneficiary permanently resides.,1,1,0,##final score: 0
264014,how long is life cycle of flea,96855,"There are four stages in the life cycle of a flea: egg, larva, pupa, and adult. Depending on the environmental temperature and humidity levels, the total life cycle will take anywhere from a couple weeks to many months. Optimal conditions for fleas are between 70-85°F and 70 percent humidity.",2,2,3,##final score: 3
1117099,what is a active margin,4789127,"Fold mountains are created by uplift and folding of tectonic plates as they move towards each other and collide. This is known as a compressional plate margin. An example is the Andes Mountain range in South America().The plates may be either 'continental and continental' or 'continental and oceanic'. The plates move towards each other, but there isn't a free space for them to move into because they are already touching each other.t a destructive plate margin where oceanic and continental plates collide, the oceanic plate is subducted, pulled under the continental plate-whilst the continental plate is crumpled upwards to form a mountain range. The Andes are an example of fold mountains formed at a destructive plate margin.",1,1,0,##final score: 0
264014,how long is life cycle of flea,5635518,"In order to develop, flea eggs need a warm, moist environment: a temperature of about 70 degrees Fahrenheit (21 degrees Celsius) and 70 to 85 percent humidity. In these conditions, the eggs hatch in about 12 days.emales lay eggs, which hatch into worm-like larvae. The larvae spin cocoons and become pupae. An adult flea emerges from the cocoon. In a population of fleas, about half are eggs, and about five percent are adults. Female fleas can lay eggs only if they've had a meal.",2,2,3,##final score: 3
168216,does legionella pneumophila cause pneumonia,3198686,Origins of Legionnaires' Disease. Infection by Legionella bacteria causes Legionnaires’ Disease which is a potentially fatal form of pneumonia and typically affects men more than women.rigins of Legionnaires' Disease. Infection by Legionella bacteria causes Legionnaires’ Disease which is a potentially fatal form of pneumonia and typically affects men more than women.,2,2,3,##final score: 3
1114819,what is durable medical equipment consist of,8579828,"HCPCS Procedure, Supply & DME (Durable Medical Equipment) Codes Grouped by the first two characters of the code: 1  HCPCS Medical Procedure, Supply, & DME Codes - A0 Codes.  HCPCS Medical Procedure, Supply, & DME Codes - A4 Codes.",1,1,0,##final score: 0
1133167,how is the weather in jamaica,1883280,"Weather in Jamaica in October. October is the first full month of fall, but Jamaica still experiences warm weather. Though cooler than the summer months, high temperatures are still in the mid-80s. Vacationers should keep an eye out as severe tropical weather is particularly common during this month, but that doesn't mean that Jamaica will experience any weather troubles during the month of October.",2,2,1,##final score: 1
1063750,why did the us volunterilay enter ww1,3132972,"The US declared war on Germany On December 11, 1941.... Germany and Italy both declared war on the US earlier that same day.. Germany had what they called an Iron Pact with Japan. As soon as Japan attacked the US Germany was treaty bound to declare war on us.As soon as they did..we responded with our own declaration..est Answer: America fought Germany twice, first WWI and again in WWII. In World War One, the incident that finally made the US declare war on Germany was the Zimmerman Telegram, in which the Germans offered to Mexico: Texas, New Mexico, Arizona, and California.",2,2,1,##final score: 1
1106007,define visceral?,7500587,"In my opinion the best way to distinguish between these terms is to recognize that visceral reactions IS a type of deep emotional reaction, the other variant being a deep cerebral emotional reaction. I do not agree with the notion that emotional responses are always non-intellectual. This is a misleading notion.p vote 2 down vote. I think that visceral sometimes doesn't relate to what we normally describe as feelings. It seems that a visceral reaction to something may often also connect with a strong emotional response to the same moment or stimulus.",2,2,1,##final score: 1
359349,how to find the midsegment of a trapezoid,68648,"A trapezoid midsegment connects the midpoints of the two congruent sides of the trapezoid, and is parallel to the pair of parallel sides. The length of the midsegment is the sum of the two bases divided by 2. Remember that the bases of a trapezoid are the two parallel sides. To find angles within a trapezoid, remember that since there are two sides are parallel, the other sides can be seen as transversals, forming corresponding angles and same side interior angles.",3,3,2,##final score: 2
855410,what is theraderm used for,6734489,"Lanolin is a natural and organic chemical that is mainly known for its moisturizing effects on the skin. However, before anyone uses a lanolin cream as a part of their skin care regimen, it is important to be aware of any possible side effects that can occur.ecause lanolin oil is derived from sheep’s wool, people who have allergies to wool should not use any cream that contains lanolin. Before anyone uses a lanolin cream, they should test a small patch of skin first to see if they suffer any adverse reactions, especially if they have never used it before.",0,0,1,##final score: 1
148538,difference between rn and bsn,985494,"The BSN trains nurses for a professional role, along with the coursework in nursing science, leadership, research and nursing informatics. Summary: RN is a Registered Nurse, while BSN is a graduate program in nursing.",2,2,3,##final score: 3
264014,how long is life cycle of flea,6333839,"Report Abuse. The pupae (chrysalis) stage of the flea cycle can live in your home for up to 2 years, and can actually choose when to hatch into a flea. Making sure your dog has a good quality flea treatment all year round is the only way you can effectively control them.eport Abuse. The pupae (chrysalis) stage of the flea cycle can live in your home for up to 2 years, and can actually choose when to hatch into a flea. Making sure your dog has a good quality flea treatment all year round is the only way you can effectively control them.",2,2,3,##final score: 3
1117099,what is a active margin,4393951,"Convergent boundary. In plate tectonics, a convergent boundary, also known as a destructive plate boundary, is a region of active deformation where two or more tectonic plates or fragments of the lithosphere near the end of their life cycle. This is in contrast to a constructive plate boundary (also known as a mid-ocean ridge or spreading center).",1,1,0,##final score: 0
168216,does legionella pneumophila cause pneumonia,6817965,RTX toxins can be identified by the presence of a specific tandemly repeated nine-amino acid residue sequence in the protein. The prototype member of the RTX toxin family is haemolysin A (HlyA) of E. coli. RTX is also found in Legionella pneumophila.,1,1,0,##final score: 0
1133167,how is the weather in jamaica,8033646,"Jamaica Weather. Is an established web site that targets internet audience both locally and abroad who are seeking weather related information. Here you’ll find the latest general forecast, storm watch updates, marine forecast, satellite pictures, radar images or just about everything weather-related that you can think of. Jamaica Weather is an online guide which gives people accurate weather forecast. The website shows the temperature, rainfall, pressure, wind speed, wind direction and even the weather for a specific day, which can be helpful to people just like you especially if you are planning a couple of activities for the entire day.",1,1,2,##final score: 2
182539,example of monotonic function,6957823,Let LIS(˙) denote the length of the longest increasing sequence in ˙. A sequence ˙is monotone if ˙(1) ˙(2) ˙(n). We consider edit operations on a sequence. where a single edit operation involves deleting a single element of the sequence and inserting it in. a new place.,1,1,0,##final score: 0
573724,what are the social determinants of health,394139,"Social determinants of health - Commonly accepted determinants. 1  There is no single definition of the social determinants of health, but there are commonalities, and many governmental and non-governmental organizations recognize that there are social factors which impact the health of individuals.",1,1,2,##final score: 2
19335,anthropological definition of environment,527692,"Definition of anthropology. 1 : the science of human beings; especially : the study of human beings and their ancestors through time and space and in relation to physical character, environmental and social relations, and culture.",1,1,2,##final score: 2
168216,does legionella pneumophila cause pneumonia,8731625,"Legionnaires disease (LD) was recognized in 1976 after an outbreak of pneumonia at an American Legion convention in Philadelphia. Soon after, the etiologic agent was identified as a fastidious gram-negative bacillus and named Legionella pneumophila.",3,3,2,##final score: 2
527433,types of dysarthria from cerebral palsy,1664523,"Slurred speech is the result of weakened or uncoordinated muscles within the throat or mouth. All of the aforementioned ailments can cause these types of speech impairment and muscular issues, states Mayo Clinic. Neuromuscular diseases, which affect the nervous system and the muscles, are often causes of dysarthria. Multiple sclerosis, cerebral palsy, muscular dystrophy and myasthenia gravis are all known to cause dysarthria. Additionally, face or neck trauma or surgery affecting the tongue or voice box may also cause slurred speech, according to MedlinePlus.",1,1,2,##final score: 2
264014,how long is life cycle of flea,5780498,The amount of time fleas can survive without feeding varies from several days to two months depending on the humidity of the environment. Fleas thrive in humid environments.,1,1,2,##final score: 2
156493,do goldfish grow,4583221,"This completely depends on the species of fish. Goldfish will live 20-30 years and grow to be a foot long, if you let them. Most die within a few years because people don't look after them well. Fish need bigger tanks as they grow; it is a common misconception that fish only grow to the size of their container.",2,2,3,##final score: 3
87452,causes of military suicide,3809017,"Teen Suicide Statistics. When it comes to teen suicide, the statistics make it clear that attempted suicide is a big deal as it relates to the youth. Additionally, suicide is one of the leading causes of death for teenagers-its the third leading cause.",0,0,1,##final score: 1
47923,axon terminals or synaptic knob definition,766025,"the point of communication between two neurons-includes axon terminal of the sending neuron, the synaptic space (gap), and dendrites/cell body of the receiving neuron",2,2,3,##final score: 3
443396,lps laws definition,5142387,Lp(a) is an independent risk factor for coronary artery disease and cerebral infarction (in white populations) equal to high LDL cholesterol. Serum concentrations are genetically determined. Fifteen percent to 20% of the white population have Lp(a) levels ≥75 nmol/L and are presumed to be at risk.,0,0,1,##final score: 1
168216,does legionella pneumophila cause pneumonia,25528,"Psittacosis is an infectious disease caused by Chlamydia psittaci, a type of bacteria that most often infects birds. Psittacosis causes a wide range of symptoms in people, including fever, headache, and a dry cough. This illness can also cause pneumonia (a lung infection) that may require treatment or care in a hospital. Rarely, psittacosis can be deadly.",0,0,1,##final score: 1
1112341,what is the daily life of thai people,2468300,"It is now celebrated all over Thailand, although the celebration in the northern city of Chiang Mai is generally recognized as the most authentic example, and also the most intense. The official dates for the Songkran festival in Chiang Mai are Monday, 13 April 2015 to Wednesday, 15 April 2015.The fact that Songkran is falling on a weekend this year means that Thursday 16 April, 2015 will also be a bank/government holiday.he official dates for the Songkran festival in Chiang Mai are Monday, 13 April 2015 to Wednesday, 15 April 2015. The fact that Songkran is falling on a weekend this year means that Thursday 16 April, 2015 will also be a bank/government holiday.",1,1,0,##final score: 0
527433,types of dysarthria from cerebral palsy,1101462,"Causes of Cerebral Palsy Cerebral palsy is caused by damage to the developing brain before, during or after birth. There are multiple types of brain damage that can lead to different types of cerebral palsy.",0,0,1,##final score: 1
1115776,what is an aml surveillance analyst,5264931,"Financial Crimes Compliance Analyst –Due Diligence, reporting to the Due Diligence Manager, will be responsible for conducting Due Diligence as it pertains to Anti-Money Laundering (AML), Fraud, and the Office of Foreign Assets Control (OFAC) compliance.",1,1,2,##final score: 2
104861,cost of interior concrete flooring,6009067,The average cost of commercial grade vinyl plank flooring ranges from $2.50-$4.50 per square foot. This price depends a lot on the brand and the level of grade. Installation costs about $1-$2 per sq. ft. depending on the condition of the existing floor.,0,0,1,##final score: 1
1114819,what is durable medical equipment consist of,6631098,Medicare Part B (Medical Insurance) covers blood sugar monitors as durable medical equipment (DME) that your doctor prescribes for use in your home.,2,2,1,##final score: 1
359349,how to find the midsegment of a trapezoid,5615187,Calculate the length of the oblique side of the following right trapezoid: Find the height of the following isosceles trapezoid: The perimeter of an isosceles trapezoid is 110 m and the bases are 40 and 30 m. Calculate the area of the trapezoid and the length of the non-parallel sides.,1,1,0,##final score: 0
1063750,why did the us volunterilay enter ww1,4594376,"Primary Documents - U.S. Declaration of War with Germany, 2 April 1917. U.S. President Woodrow Wilson outlined the case for declaring war upon Germany in a speech to the joint houses of Congress on 2 April 1917. A formal declaration of war followed four days later, on 6 April 1917. Click here to read German Chancellor Theobald von Bethmann-Hollweg's reaction to news that Wilson was to address Congress on 2 April.",1,1,2,##final score: 2
1114819,what is durable medical equipment consist of,3256326,"1 Preventive services. 2  Medicare Part B helps pay for a number of tests, screenings, vaccinations, and a one-time physical exam to help you stay healthy. 3  Many of these services are available at no cost at the time of the visit.ou’ll pay a lifetime 10% penalty for every 12 months you delay your enrollment. 1  Medical and other services. 2  Medicare Part B pays 80% of most doctor's services, outpatient treatments, and durable medical equipment (like oxygen or wheelchairs). 3  You pay the other 20%.",2,2,1,##final score: 1
489204,right pelvic pain causes,6879782,"They are painful but they do not usually cause permanent harm. The symptoms of kidney stones include; severe pain below the ribs, on the side and the back. This pain usually spreads to the lower right abdomen side and to the groin in some cases. The pain is usually intermittent and it varies in severity.",1,1,2,##final score: 2
1133167,how is the weather in jamaica,8558118,The Weather in September. The weather in this month in Punta Cana is similar to August. September is also the month of more serious hurricane activity. When a hurricane passes or with a tropical storm you can have two-three days overcast weather with some rain.,0,0,1,##final score: 1
1106007,define visceral?,5204538,"Internal human organs are also called viscera. Viscera refers to the internal organs in the chest, abdomen, and pelvis. Cooked offal, which is called viscera when inside the body.The term visceral reaction refers to something that is felt emotionally.View slideshow of images above.iscera refers to the internal organs in the chest, abdomen, and pelvis. Cooked offal, which is called viscera when inside the body. The term visceral reaction refers to something that is felt emotionally. View slideshow of images above.",2,2,3,##final score: 3
182539,example of monotonic function,8757183,"There are sequences which are convergent without being monotonic. For example, the sequences (-1 , 1/2 , -1/3 , 1/4 , ... ) and (1/2 , 1/22 , 1/3 , 1/32 , ... ) both converge to 0. For sequences given by recurrence relations it is sometimes easy to see what their limits are.",1,1,0,##final score: 0
1114819,what is durable medical equipment consist of,6941479,"1 Medicare is finalizing the methodology for adjusting Durable Medical Equipment, Prosthetics, Orthotics, and Supplies (DMEPOS) fee schedule payment amounts using information from the Medicare DMEPOS Competitive Bidding Program (CBP). 2  The rule finalizes special payment rules for DME under the Medicare DMEPOS CBP.",1,1,0,##final score: 0
168216,does legionella pneumophila cause pneumonia,1301466,"The bacterium Legionella pneumophila is responsible for most cases of Legionnaires' disease. Outdoors, legionella bacteria survive in soil and water, but rarely cause infections.",2,2,3,##final score: 3
168216,does legionella pneumophila cause pneumonia,3198684,"Legionnaires' death toll rises, NYC cracks down. Legionella also can cause a milder disease, called Pontiac fever, whose symptoms are similar to the flu. Together, Legionnaires' disease and Pontiac fever are called legionellosis, according to the Mayo Clinic.t's caused by the bacteria legionella, which gets its name from an outbreak that killed 29 people attending an American Legion at a Philadelphia hotel in 1976. Legionella bacteria are found naturally in the environment, usually in water, according to the Centers for Disease Control and Prevention.",1,1,2,##final score: 2
183378,exons definition biology,229739,Medical Definition of SPLICEOSOME. : a ribonucleoprotein complex that is the site in the cell nucleus where introns are excised from precursor messenger RNA and exons are joined together to form functional messenger RNA. — spli·ce·o·som·al \ˌsplī-sē-ə-ˈsō-məl\ adjective.weet. : a ribonucleoprotein complex that is the site in the cell nucleus where introns are excised from precursor messenger RNA and exons are joined together to form functional messenger RNA.,1,1,2,##final score: 2
264014,how long is life cycle of flea,2474342,"The entire cycle can last as short as a few weeks or as long as months, depending on the environmental conditions. PetMD states the ideal conditions for flea propagation are temperatures ranging between 70 and 85 degrees Fahrenheit and 70 percent humidity. An adult flea can live up to two weeks without a host. credit: Dixi_/iStock/Getty Images.",2,2,3,##final score: 3
264014,how long is life cycle of flea,4239608,"Cat Fleas and Humans. Fleas do not live on human skin but will occasionally feed from humans. This can occur when people handle flea-infested animals or when fleas living in soft furnishings or pet beds need a meal and there is no cat or dog nearby.emale fleas lay eggs in the fur of their host which fall onto the ground, floors and wherever the cat spends time. These hatch into larva that feed on adult flea excrement, dead skin and other organic matter. They pupate and hatch as adult fleas, which jump onto a passing animal to use as a host.",1,1,2,##final score: 2
264014,how long is life cycle of flea,331931,"1 Undisturbed and without a blood meal, a flea can live more than 100 days. On average, they live two to three months. 2  Female fleas cannot lay eggs until after their first blood meal and begin to lay eggs within 36-48 hours after that meal.  The female flea can lay 2,000 eggs in her lifetime.",2,2,3,##final score: 3
1037798,who is robert gray,2970895,"Kenneth Gray (I) Kenneth Gray is an actor, known for Love, Lies and Murder (1991), Retribution (1987) and Remington Steele (1982).",0,0,1,##final score: 1
1133167,how is the weather in jamaica,8415747,"84. The temperatures and humidity begin to rise in Ocho Rios, Jamaica in May, with the hot and wet summer season just around the corner. During this month you can expect temperatures to reach a sizzling 30 C, so make sure you come prepared and pack plenty of light clothing to avoid sunburn.",2,2,3,##final score: 3
1114819,what is durable medical equipment consist of,694740,"DME that Medicare covers includes, but isn't limited to: 1  Air-fluidized beds and other support surfaces. 2  Blood sugar monitors. 3  Blood sugar (glucose) test strips. 4  Canes (however, white canes for the blind aren't covered).",2,2,3,##final score: 3
47923,axon terminals or synaptic knob definition,5051722,"Synaptic signals from other neurons are received by the soma and dendrites; signals to other neurons are transmitted by the axon. A typical synapse, then, is a contact between the axon of one neuron and a dendrite or soma of another.",1,1,2,##final score: 2
1133167,how is the weather in jamaica,1883272,"Here's some information regarding Jamaica weather. Rainy season' begins in May or June and extends through November or December, with the heaviest rains in September and October, Rain can fall at any time of the year, however, and normally comes in short heavy showers, often followed by sun.",2,2,3,##final score: 3
915593,what types of food can you cook sous vide,6761347,"The other steak was cooked sous vide to the same temperature and then seared with a blowtorch to yield a juicier steak that is done to perfection from edge to edge. Similarly, beef short ribs braised at 58 °C / 136 °F for 72 hours are melt-in-your-mouth tender, yet pink and juicy.",2,2,1,##final score: 1
443396,lps laws definition,6717682,"Involuntary civil commitment. Involuntary civil commitment is the admission of individuals against their will into a mental health unit. Generally speaking, there are three reasons why an individual would be subject to involuntary civil commitment under modern statutes: mental illness, developmental disability, and substance addiction.",1,1,0,##final score: 0
264014,how long is life cycle of flea,3835935,"How Long Do Fleas Live Without a Host? Share Print this article How Long Do Fleas Live Without a Host? Fleas generally don't survive past 100 days, even if they live on a host (the animal on which they feed). However, without a host, they have no food source and may die in two to 14 days. The same can't be said for flea eggs and larvae, which do not require a host and can reach high populations.",2,2,3,##final score: 3
156493,do goldfish grow,3288595,"A Goldfish will grow quicker if you increase its metabolism slightly. This can be done by keeping the water at summer temperatures of around 65F to 70F. Goldfish kept at this higher temp will also need added space (2 gals per inch of fish), air bubbles and a really good filtration system.",2,2,3,##final score: 3
573724,what are the social determinants of health,8833199,The Social Determinants of Health topic area within Healthy People 2020 is designed to identify ways to create social and physical environments that promote good health for all. All Americans deserve an equal opportunity to make the choices that lead to good health.,1,1,2,##final score: 2
104861,cost of interior concrete flooring,4017856,"Discounted concrete tiles can cost anywhere from $420 up to $530 for a 500-square-foot area. Premium grade can run from $930 up to $1,180, while luxury or designer grade concrete tile can cost anywhere from $1,030 up to $1,310. There are several different options when it comes to concrete flooring.",2,2,3,##final score: 3
1133167,how is the weather in jamaica,7776428,"October is the midst of the Caribbean's rainy season. This is the rainiest month of the year for many places, including Jamaica, Cayman Islands and the US Virgin Islands. Bad weather during October most often occurs around eastern Cuba and the Cayman Islands. There's an 18 percent likelihood this month that a named tropical storm will show up in the area. And there's a six percent chance the storm is a hurricane that comes within 100 miles of land.",2,2,3,##final score: 3
1133167,how is the weather in jamaica,190810,"By early evening, temperatures in Jamaica generally decline to around 80.5 degrees. Temperatures in Jamaica average around 81.3 degrees during September. Rain. Rain is most likely to occur around 4:00 PM during the month of September, and it is least likely to occur around 7:00 AM.",2,2,3,##final score: 3
489204,right pelvic pain causes,1383251,"Conditions like inflammation of the gallbladder (cholecystitis) or gall stones (cholelithtiasis) can cause severe pain in the right upper part of the abdomen, under the right rib cage and may even radiate to the right shoulder.",1,1,2,##final score: 2
1106007,define visceral?,788333,"Before you start you should consider what your gut reaction to the answer is and then brainstorm the reasons for and against this answer, if you realise that there are more good reasons against your gut reaction than for it then you can always change your mind.",1,1,0,##final score: 0
