query_id,corpus_id,query_text,document_text,human_score,score_model_a,score_model_b,thought_model_a,thought_model_b,error_category,explanation
1121709,3423061,1121709,Three Percent/Four Percent – The missing percent is lost in a mathematical conundrum and entirely irrelevant. The point is that it represents the people who are willing to stand up in defense of the Constitution against any enemy and when everyone else is afraid to do it or simply will not.,0,0,1,N/A,N/A,Hallucinated Relevance,"The query consists solely of an arbitrary number ('1121709') with no semantic or lexical connection to the document regarding the 'Three Percent' constitutional movement. Model B hallucinated a topical link or applied an overly lenient threshold, incorrectly assigning relevance to a completely unrelated document."
156493,7580418,156493,"Koi grow FAST. They can reach 12 inches in just over 2 years, and 24 inches inches in 5 years! But they will only be able to grow the right pace under the right circumstances. A large pond is a MUST.",0,0,2,N/A,N/A,Hallucinated Relevance,"Model B assigned a moderate relevance score to a document about Koi fish growth for a purely numeric query ('156493'), failing to recognize that the document has zero topical overlap or connection to the query."
1117099,5633587,1117099,Subduction boundaries occur where oceanic lithosphere is pushed beneath continental or oceanic lithospheres. Where two plates converge at an oceanic trench a subduction boundary is formed as cold oceanic lithospheres are pushed back down into the mantle.,0,0,1,N/A,N/A,Hallucinated Relevance,"The query consists entirely of an ungrounded numeric string ('1117099') with zero semantic connection to subduction boundaries. Model B erroneously assigned a positive relevance score to a completely unrelated document, whereas Model A correctly recognized the total absence of relevance."
168216,3174841,168216,"Chlamydia pneumoniae usually causes a type of relatively mild walking pneumonia. Patients experience fever and cough. This type of pneumonia is called a community-acquired pneumonia because it is easily passed from one member of the community to another.hlamydial pneumonia refers to one of several types of pneumonia that can be caused by various types of the bacteria known as Chlamydia. Pneumonia is an infection of the lungs. The air sacs (alveoli) and/or the tissues of the lungs become swollen, and the alveoli may fill with pus or fluid.",0,0,1,"**Evaluating Relevance: No Match**

Okay, so I'm presented with a question: what specific *L. pneumophila* virulence factors are implicated in pneumonia pathogenesis? My task is to judge whether the provided context allows for a reasonable answer. Right off the bat, I recognize the importance of context. It's *Chlamydia pneumoniae* and chlamydial pneumonia. The focus is completely off base; it doesn't even touch on *L. pneumophila*!

Therefore, based on the provided material, I can't answer the original question. The data is entirely irrelevant; there's no mention of the specific organism in question. The original question is about *L. pneumophila*, and this context is all about a different pathogen.

The prompt, of course, asks, ""Can the question be answered based on the available context? choose one."" The context is absolutely useless. So, the score is a clear zero. No information is available to contribute to an answer.


","Here's my assessment of the situation:

**Analysis of the Question and Context**

Okay, so I'm presented with a question that's very specific – it wants me to identify the virulence factors of *Legionella pneumophila* that are involved in the development of pneumonia. Fine, that's a straightforward query in the world of microbial pathogenesis. However, the accompanying context is, frankly, completely useless. It's talking entirely about *Chlamydia pneumoniae* and chlamydial pneumonia. There's zero mention of *Legionella* or any of its associated virulence mechanisms. It's like asking about apples and getting a paragraph about oranges.

Therefore, given the blatant disconnect between the question and the provided information, any attempt to derive an answer from this context would be intellectually dishonest. The correct assessment is a big fat zero. The context is irrelevant and offers no insight.


",Score-Reasoning Inconsistency,"Model B's reasoning correctly determined that the document was completely irrelevant and explicitly concluded that the assessment should be a 'big fat zero', but it erroneously output a final score of 1 instead of 0."
168216,5298480,168216,Legionella Risk Assessment legal requirements explained – There is a legal obligation to carry out a legionella risk assessment of the water services in any work place or business connected premise! Down load our legionella legal obligations information document for more information.,0,0,1,"**Evaluating the Question's Relevance**

Okay, let's break this down. The core question is: ""What specific virulence factors of *L. pneumophila* are implicated in pneumonia pathogenesis?"" I need to determine if the given context allows for a reasonable answer to this question.

The provided context is: ""Legionella Risk Assessment legal requirements explained – There is a legal obligation to carry out a legionella risk assessment of the water services in any work place or business connected premise! Down load our legionella legal obligations information document for more information.""

My initial assessment is that this context is *completely* irrelevant to the question. It's solely about legal obligations and risk assessments related to *Legionella* in a broader sense. It doesn't delve into the specifics of virulence factors, nor does it touch upon the mechanisms of *L. pneumophila* induced pneumonia. I'm not seeing *any* information here that would contribute to a discussion of *pathogenesis*.

Therefore, based on this limited and focused context, there's no useful information to be found for answering the original question. It's a clear miss. A grade of 0 is appropriate.


","**Assessing the Relevance of Context**

Okay, so the user's question is pretty straightforward: they want to know *specifically* which virulence factors of *Legionella pneumophila* are involved in causing pneumonia. My initial assessment is: Does this context, which seems focused on legal aspects and risk assessment of *Legionella* in water systems, actually *provide* that answer? Scanning the provided text quickly confirms my suspicion. It's all about legal requirements, risk assessment protocols, and water services - which has nothing to do with molecular mechanisms of pathogenesis. Therefore, the context is completely irrelevant to the question at hand. I can confidently assign a grade of 0 here.


",Score-Reasoning Inconsistency,"Model B's reasoning was completely sound and explicitly concluded that the document was irrelevant and should receive a grade of 0, but it erroneously output a final score of 1."
156493,8376847,156493,"Keep your goldfish in a fish tank no smaller than a 10 gallon (about 38 liter), and make sure that a minimum of 6 gallons (23 liters) of the space in that fish tank is dedicated to each goldfish (each goldfish should have 6-8 gallons or more (roughly 23-30 liters or more) space in the goldfish aquarium). 10 gallon fish tank is really only suitable for one goldfish. This will provide sufficient space for your goldfish, so he can remain healthy, and this will allow the aquarium to help you keep healthy goldfish. Goldfish should never be kept in a fish bowl.",0,0,1,"**Evaluating the Context for Relevance**

Okay, here's what I'm thinking. I've been given a question: ""Does this context quantify age-dependent growth rate changes?"" I need to see if the provided information can actually answer that. Let's dig in. The context seems to be about goldfish care, specifically tank size. I'm seeing minimum 10 gallons, and then allowances per fish – 6 to 8 gallons. No fish bowls allowed, which is basic. But, *absolutely nothing* here even touches on how goldfish growth rates might change with age, or any quantification of that. There's no data, no models, no mention of any parameters related to growth over time. Therefore, based purely on this provided information, the answer to that question is a resounding no. The context is completely irrelevant to the question's core. I'd give this a straight zero.


","Here's my assessment of the situation:

**Analysis of the Goldfish Tank Question**

Okay, so I'm presented with a question about whether this goldfish tank information quantifies age-dependent growth rate changes. Immediately, my expertise kicks in, and I know I need to quickly analyze the context provided. I'm looking for specific data or discussion related to how a goldfish's growth rate alters as it ages. The tank size requirements themselves, while informative about *ultimate* size or space needs, are clearly not directly addressing the *rate* of growth at different life stages.

So, I meticulously check the context, but I find no mention of anything pertaining to age-dependent growth rates. No graphs, no formulas, no narrative describing developmental changes – nothing. Therefore, the question is entirely unanswerable based on the information provided. The answer is a resounding zero.


",Score-Reasoning Inconsistency,"Model B correctly deduced in its reasoning that the document was completely irrelevant and concluded with 'a resounding zero', but it contradicted its own reasoning by assigning a final score of 1."
1121402,770456,1121402,"Excessive erosion leads to loss of soil, ecosystem damage, and a buildup of sediments in water sources. Building terraces and planting trees can help reduce erosion. Erosion through wind, water, and mass wasting is a very destructive force. Subduction zones are destructive, as those convergent boundaries are where crust is directly taken into the mantle and destroyed. Erosion strips away the topsoil of an area, leaving only clay, rock, and debris in it's path.",0,0,1,N/A,N/A,Hallucinated Relevance,"The query consists solely of an arbitrary numerical ID ('1121402') with no semantic connection to the passage about erosion. Model A correctly assigned a score of 0, while Model B incorrectly gave a score of 1, likely misinterpreting an uninformative query or assuming baseline relevance where none exists."
264014,4239616,264014,"The cat flea's primary host is the domestic cat, but it is also the primary flea infesting dogs in most of the world. The cat flea can also maintain its life cycle on other carnivores and on omnivores. Humans can be bitten, though a long-term population of cat fleas cannot be sustained and infest people.However, if the female flea is allowed to feed for 12 consecutive hours on a human, it can lay viable eggs.he cat flea's primary host is the domestic cat, but it is also the primary flea infesting dogs in most of the world. The cat flea can also maintain its life cycle on other carnivores and on omnivores. Humans can be bitten, though a long-term population of cat fleas cannot be sustained and infest people.",0,0,1,N/A,N/A,Hallucinated Relevance,"The query consists solely of an arbitrary number ('264014') that has no semantic or lexical overlap with the document about cat fleas. Model B incorrectly assigned positive relevance where there is none, whereas Model A correctly recognized that the document is completely irrelevant."
156493,6471884,156493,1 Growth spurts: You may grow 2 to 8 inches or more during puberty. 2  Girls usually stop growing about 2 years after they start their period (menstruation). 3  Your feet and hands will grow longer and wider. 4  Your feet may grow faster or finish growing before you see other puberty changes.,0,0,1,N/A,N/A,Hallucinated Relevance,"The query is an arbitrary number with no semantic or lexical overlap with the document about puberty. Model A correctly identified complete irrelevance (0), while Model B hallucinated a connection or applied an overly lenient threshold, inappropriately awarding partial relevance (1)."
1113437,520325,1113437,"Description: Douglas-fir trees, which are also called red firs, Oregon pines, and Douglas spruce, are neither true fir trees nor pines nor spruces! The scientific genus name Pseudotsuga means “false hemlock,” alluding to another kind of tree that Douglas-firs are similar too.Douglas-firs are evergreen trees, meaning that they keep their needle-like leaves year round.There are two varieties of this species, coast Douglas-fir and Rocky Mountain Douglas-fir, which are differentiated by their habitats, growth rates, and physical characteristics.he scientific genus name Pseudotsuga means “false hemlock,” alluding to another kind of tree that Douglas-firs are similar too. Douglas-firs are evergreen trees, meaning that they keep their needle-like leaves year round.",0,0,1,"**Analyzing the Context for Relevant Information**

Okay, so the question is: ""Are persistent sterigmata explicitly described on the twigs?"" My initial thought is to quickly scan the provided text and determine if it offers any information directly addressing that question. Let's see... the context describes Douglas-fir trees, mentioning alternate names, their evergreen nature, and two varieties. It touches on their scientific name, *Pseudotsuga*, meaning ""false hemlock,"" and alludes to a similarity with another tree.

Hmm... does this text even *mention* ""persistent sterigmata"" or ""twigs""? No, absolutely not. It doesn't even come close. Therefore, based purely on what's available here, I can't answer the question at all. It's completely irrelevant. In fact, if I were assigning a grade, it would be a zero – the context provides no relevant information.

The prompt, however, focuses on if the question *can be* answered based on the context. Since no pertinent information is present, the answer to the prompt must, therefore, be that the question *cannot* be answered using the provided text. Therefore, the question is unanswerable with the given context.


","**Analyzing the Inquiry: Sterigmata on Twigs**

Okay, so the user's asking a pretty specific question: ""Are persistent sterigmata explicitly described on the twigs?"" My initial reaction is to assess whether the provided context even *allows* for an answer, even a negative one, to this. Let's see... the context details Douglas-fir trees, names, their evergreen nature, and so on... but the crucial terms – ""sterigmata"" and ""twigs"" – aren't even present. 

So, based on this information alone, I can determine there's no explicit description of anything related to those terms, within this context. I'm leaning toward the understanding that in these types of inquiries, a simple ""no"" isn't a sufficient answer because it's usually outside the scope. I must assume the context isn't able to address this question at all. Therefore, I need to flag this as a definite ""grade 0"" in terms of relevancy.


",Score-Reasoning Inconsistency,"Model B correctly deduced in its reasoning that the document contained no relevant information and explicitly concluded it should be assigned a 'grade 0', but it erroneously emitted a final score of 1."
156493,5346658,156493,"Typically, Koi should be in ponds that are at least 1,000 gallons. Avoid Overstocking the Pond To maintain healthy fish and clear water, do not overload the ecosystem with too many fish. For a new pond, a good rule of thumb is one inch of fish per square foot of surface area.urchase fish that are at least two to three inches long; some can grow up to 10 to 12 inches long. There are many varieties of “goldfish” to choose from: Comets, one of the most popular types of goldfish, have long slender bodies and are typically solid orange and metallic in appearance.",0,0,1,N/A,N/A,Hallucinated Relevance,"The query consists solely of an arbitrary numerical string ('156493') with zero topical or lexical relation to the document about pond stocking and fish care. Model A correctly identified the complete lack of relevance (0), while Model B assigned a score of 1, failing to recognize that the document is entirely irrelevant to the query."
527433,7182504,527433,"Home » Speech Therapy for Parkinson’s Disease Parkinson’s disease affects not only movement but also muscles in the face, mouth and throat that are used to speak. This may cause a person’s voice to change, as well as dysarthria, or difficulty in speaking, and dysphagia, or difficulty in swallowing.",0,0,1,"**Evaluation of Dysarthria Information**

Okay, let me break this down. The question posed is whether the provided text addresses the correlation between specific dysarthria types and the CP subtypes: spastic, dyskinetic, or ataxic. Right off the bat, I can see the context focuses on speech therapy for Parkinson's Disease. It's explicitly discussing the impact of Parkinson's on speech, highlighting dysarthria as a symptom.

However, and this is crucial, the text makes *no* mention of Cerebral Palsy, or any of its subtypes – spastic, dyskinetic, or ataxic. Furthermore, it doesn't get into the nuanced relationships between specific dysarthria presentations and these distinct CP subtypes, which is what the question demands. Therefore, the information provided is entirely irrelevant to answering the core question. Based on this very limited context, I'd have to grade this as a resounding zero. The connection simply isn't there.


","Okay, here's my assessment of this.

**Navigating the CP Dysarthria Inquiry**

Alright, I'm looking at this question and immediately see the core issue. They're asking for a direct correlation between specific dysarthria types and the motor subtypes – spastic, dyskinetic, ataxic – of cerebral palsy. The problem? The provided context is entirely about Speech Therapy for Parkinson's Disease. It discusses dysarthria, yes, but *within the context of Parkinson's,* not CP subtypes. It's a fundamental mismatch. This information is completely irrelevant to the question's core. Therefore, based on the material, I would have to give this a resounding zero. There is no information to be found here to answer the question.


",Score-Reasoning Inconsistency,"Model B correctly deduced that the document was completely irrelevant and explicitly concluded in its text that it deserved a 'resounding zero', but it erroneously output a final score of 1, resulting in a direct contradiction between its reasoning and its final rating."
87181,5876723,87181,"The bicuspid aortic valve may not be completely effective at stopping blood from leaking back into the heart. This is called aortic regurgitation. The aortic valve may also become stiff and not open up as well, causing the heart to have to pump harder than usual to get blood past the valve (aortic stenosis).",0,0,1,N/A,N/A,Hallucinated Relevance,"The query '87181' is an arbitrary number/ZIP code with absolutely no topical overlap with the medical text on bicuspid aortic valve conditions. Model B erroneously assigned marginal relevance instead of correctly identifying complete irrelevance, likely due to an overly lenient scoring threshold or spurious correlation."
1113437,5938418,1113437,"For other uses, see Spruce (disambiguation) . A spruce is a tree of the genus Picea /paɪˈsiːə/ , a genus of about 35 species of coniferous evergreen trees in the Family Pinaceae, found in the northern temperate and boreal (taiga) regions of the earth.hey are also used by the larvae of gall adelgids (Adelges species). In the mountains of western Sweden scientists have found a Norway spruce tree, nicknamed Old Tjikko, which by reproducing through layering has reached an age of 9,550 years and is claimed to be the world's oldest known living tree.",0,0,1,"**Analyzing the Context for Relevant Information**

Okay, so the user wants to know if the presence of ""persistent sterigmata"" on twigs is mentioned anywhere in this text about spruce trees. I need to figure out if I can answer that question based on the provided information. Let's see... the text describes spruce trees (genus *Picea*), their family (*Pinaceae*), and their typical habitat in northern temperate and boreal regions. It mentions gall adelgids and Old Tjikko, the ancient Norway spruce. But, hmm, I don't see anything at all about ""sterigmata"" or ""twigs."" Not a single mention.

Therefore, since the context is completely silent on those terms, the question is unanswerable with the provided text. The question can't be answered. So, the grade would be a resounding zero. The prompt asks me to choose one.


","**Analysis of the Query Regarding Sterigmata**

Okay, so I've been given a question, and my immediate assessment is that it's a non-starter. The core issue is the complete absence of any relevant information within the provided context. I'm looking, of course, for mentions of ""sterigmata"" or anything related to twigs, and neither is present. This is a fundamental problem; I can't derive an answer without the necessary data. It's like asking me to solve a complex equation without the variables. Therefore, based purely on this absence of information, I have no choice but to conclude that the question is unanswerable with the given materials. My assessment is, essentially, a flat zero; there is nothing I can use here.


",Reasoning-Output Discrepancy,"Model B correctly determined in its reasoning that the text lacked relevant information and explicitly concluded the score should be 'a flat zero', but inexplicably output a final score of 1 instead of 0."
156493,6669867,156493,"1. Silver Dollars do grow large and fast so you will probably need a big tank to accommodate them. Because they grow to the size of a dinner plate (8 inches in diameter), a VERY large tank will be needed to house a shoal of 4-6 adult fish. A 300 gallon (1,135.6 L) or larger tank would be appropriate for these fish.",0,0,1,N/A,N/A,Hallucinated Relevance,"The query is an opaque numeric string ('156493') with zero topical or contextual relation to the document discussing Silver Dollar fish and tank sizes. Model A correctly identified this complete irrelevance (score 0), whereas Model B hallucinated relevance or adopted an overly permissive default scoring threshold for an uninterpretable query."
1121402,7922810,1121402,"1 Tillage erosion moves soil down slope to areas where water erosion is most intense, so tillage erosion is linked to water contamination. 2  Maximum tolerable loss: 5 tons/acre/year (10 tonnes/hectare/year) = 0.03 inches (0.75 millimetres) thickness of topsoil on a well-developed soil.",0,0,1,N/A,N/A,Spurious Match,"The query is an arbitrary numeric ID ('1121402') with no semantic relation to the document on soil and tillage erosion. Model B likely matched arbitrary numbers or failed to recognize the complete absence of topical relevance, incorrectly awarding a relevance score instead of 0."
168216,6282559,168216,"Atypical pneumonia, also known as walking pneumonia, is the type of pneumonia not caused by one of the more traditional pathogens.Its clinical presentation contrasts to that of typical pneumonia. A variety of microorganisms can cause it.typical pneumonia is atypical in that it is caused by atypical organisms (other than Streptococcus pneumoniae, Haemophilus influenzae, and Moraxella catarrhalis).",0,0,1,"**Assessing the Relevancy of the Information**

Okay, so the user's question is pretty specific – they're drilling down into the virulence factors of *Legionella pneumophila* implicated in pneumonia. That's a deep dive. I need to figure out if I can actually answer that based on what's available. Hmm, let's see... the context mentions atypical pneumonia and atypical organisms. That *could* be relevant, but it's very broad. It's not a direct hit. The real kicker is that *L. pneumophila* isn't even named, and therefore the virulence factors are not discussed at all. So, realistically, this is a non-starter. This context provides absolutely zero information that could be used to formulate an answer to the question. It’s a definite zero. There’s simply nothing here to work with.


","Here's my assessment of the information provided, from my expert perspective:

**Analysis of Virulence Factor Inquiry**

Okay, so the user's question is pretty straightforward: they're asking about the specific *virulence factors* of *Legionella pneumophila* that are directly involved in causing pneumonia. A very relevant and important line of investigation. My initial thought is to scrutinize the context for any relevant data. However, the context is only broadly describing atypical pneumonia, defining it in terms of ""atypical organisms"" generally. Unfortunately, this isn't getting us anywhere. There's zero mention of *L. pneumophila* itself, let alone the nitty-gritty of its virulence factors, the mechanisms of action, and their role in pathogenesis. It's essentially a non-starter. This context is simply not helpful in addressing the question posed. I'm assigning this a solid 0. It's like asking for a recipe and getting a grocery list for a completely different meal.


",Score-Reasoning Inconsistency,"Model B's reasoning completely aligns with Model A, correctly determining that the document provides zero relevant information and explicitly concluding with 'I'm assigning this a solid 0'. However, it fails in execution by outputting a final score of 1 instead of 0."
1113437,1218865,1113437,"Needles primarily in bundles or clusters of 2, or sometimes 2 and 3 on the same tree ………………… 32. Needles 5 to 9 inches long; cones 3 to 6 inches long and prickly to the touch ………… (A) loblolly pine2.",0,0,2,"**Grading the Question: Persistent Sterigmata on Twigs**

Okay, so I need to assess whether the question ""Are persistent sterigmata explicitly described on the twigs?"" can be answered based solely on the provided context. I've read the context – it describes needle arrangement, needle length, cone size, and texture characteristics of a loblolly pine. However, I'm not seeing *any* mention of ""persistent sterigmata"" or ""twigs"" within that text. It's a fundamental lack of relevant information.

Given the complete absence of these terms, the question is simply unanswerable based on the context given. Therefore, the most accurate grade here would be a 0. That's the appropriate score to indicate that the information needed to address the question is completely missing or irrelevant. We aren't able to confirm or deny anything about persistent sterigmata on the twigs from the data. Let's assign that grade.


","**Analyzing the Query: Sterigmata on Twigs**

Okay, so the question is whether the provided text explicitly describes persistent sterigmata on the twigs. Hmm, let me break this down. The context mentions needle arrangements (bundles, clusters of 2 or 2-3), needle length, and cone characteristics. It’s clearly distinguishing between types of pines. However, it's not even getting close to the level of detail regarding sterigmata or twigs. It is describing loblolly pine, though.

Right, so the question is whether the question can be answered based on *this* available context. It doesn't. The context provided is entirely about the physical characteristics of needles and cones, and the needles are described in a cluster. This information does not give me any answer related to sterigmata on twigs. Therefore, ""No, it cannot."" The context is completely irrelevant to the question of sterigmata on twigs, so it's a definite zero.


",Score-Reasoning Contradiction,"Model B correctly deduced that the document was completely irrelevant and explicitly concluded that 'it's a definite zero', but contradicted its own reasoning by outputting a score of 2."
359349,1830512,359349,Median: The median of a trapezoid is a line joining the midpoints of the two legs. See Trapezoid median: Area: The usual way to calculate the area is the average base length times altitude. See Area of a Trapezoid: Perimeter: The distance a round the trapezoid. The sum of its side lengths. See Perimeter of a Trapezoid,2,2,1,N/A,N/A,Mishandled Identifier Query,"The query appears to be a dataset identifier or document ID (such as from MS MARCO) rather than natural language. Model B failed to recognize it as a direct ID match or penalised the score due to the apparent semantic mismatch between the number and text, whereas Model A properly treated it as an exact reference match with full relevance."
962179,8785370,962179,"Francis S. Smith, who was for some time a Salvation Army commissioner in the United States, and William Thomas Stead, one of the most distinguished Victorian journalists and a dedicated supporter of the Salvation Army (later a Titanic victim), contributed to the rise of the Social Wing of the Salvation Army.",0,0,1,"**Analyzing the Context for a Specific Name Change**

Okay, so I'm looking at this text and trying to determine if it answers the specific question about when ""The Christian Mission"" officially became ""The Salvation Army."" My expert eye immediately scans for those keywords, and, frankly, I don't see them. The text mentions figures like Francis S. Smith and William Thomas Stead, and the Social Wing's rise, all connected to the Salvation Army. But, it makes no direct reference to ""The Christian Mission"" or the point in time of the name change, which is the crux of the query.

Therefore, from my perspective as a specialist, based on the provided data, I have to conclude that this context is completely irrelevant to the central question. No relevant information is present in the text to answer the question, as far as I can see. So, a grade of 0 is appropriate here – this information doesn't allow any relevant conclusion regarding the initial question.


","**Analyzing the Inquiry: Salvation Army Name Adoption**

Okay, so the prompt is essentially asking if the provided text gives us a definitive answer to when ""The Christian Mission"" officially became ""The Salvation Army"". I need to be precise here. The crux of the evaluation is whether the *context* offers that specific piece of information.

Scanning the text, I see no mention of ""The Christian Mission"" or a timeline for its name change. So, directly, the answer is no; the context doesn't *specify* that information. My initial gut feeling on these is to grade the answer relative to the question: is there any explicit information contained in the response to the question.

The prompt is a yes/no question, and based purely on what's available, it's a clear ""no."" The context is silent on this particular detail, therefore, it cannot provide the necessary information. I must assess the context only, so, the conclusion is a grade of 0.


",Score-Reasoning Inconsistency,"Model B's reasoning is completely sound and explicitly concludes that the context is irrelevant with 'a grade of 0', but it mistakenly outputs a final score of 1, resulting in a contradiction between its written evaluation and its assigned score."
962179,8785375,962179,"Inevitably, the military spirit of the movement meant that The Salvation Army soon spread abroad. By the time Booth was 'promoted to Glory' in 1912 the Army was at work in 58 countries.",0,0,1,"**Analyzing the Context to Answer the Question**

Okay, so the user wants to know if this text specifies when The Christian Mission became The Salvation Army. I need to figure out if the context answers that specific question. Reading through the text, it focuses on the spread of the Salvation Army and the timeline of Booth's life, not the specific name change. Nope, I don't see anything here that mentions the official adoption date. The question cannot be answered by this context.

Now, let's think about the grading. It seems like the scale is designed to evaluate an ""answer."" However, I'm not providing an answer; I'm evaluating *the text itself*. Right, the prompt is asking if the question can be answered from the context. If it can't, it's a zero. Since the text doesn't provide the answer, that's what I'll score it as.


","**Analyzing the Question's Clarity and Contextual Relevance**

Okay, the question is a straightforward ""yes/no"": ""Does the information specify when The Christian Mission officially adopted the name 'The Salvation Army'?"" My initial reaction is to assess whether the provided text contains that specific date. The context mentions the Salvation Army's global spread and Booth's death, but there's no mention of the name adoption date. So, my initial, knee-jerk answer is ""No.""

However, I need to be precise. The question's wording, ""Does the *information* specify,"" is crucial. It's not asking if I *can infer* it, it's asking if the text *directly states* it. Given that focus, ""No, the information does not specify when..."" seems a technically correct answer, and it is.

Now I am considering the implicit meta-question - is the overall topic, the name change, addressable using this text? But the task seems to evaluate whether the context contains the specific answer to the stated question.

I need to look at this more like a benchmark task (RAG evaluation). They often phrase the evaluation as: ""Can the question be answered based on the available context?"" My answer is ""Yes,"" because the direct question can be accurately answered. This is essentially, can the question be answered with precision. The answer is ""No, the information does not specify...""

The prompt itself helps frame the evaluation: ""The answer is..."" It's about evaluating an *answer*, not constructing one. Since ""No"" is accurate, complete, and highly relevant, it aligns with a high grade. The question is answerable! My assessment is Grade: 5.


",Task Misinterpretation,"Model B fell into a meta-reasoning fallacy: it interpreted the prompt's phrasing ('Does the information specify...?') literally, reasoning that answering 'No, it does not' counts as successfully answering the question based on the text, rather than judging whether the document actually contained the target information."
1133167,6467521,1133167,"Get a great hotel deal here. For more information, see the weather forecast and our average climate infomation (by month in graphs) below. * Data from nearest weather station: Montego Bay, Jamaica (0.0 KM). Average water temperature over the year",1,1,0,N/A,N/A,Over-reliance on Lexical Matching,"The query consists solely of a numeric identifier (likely a hotel or location ID). Model B likely failed to recognize the entity correspondence and scored it 0 due to the lack of explicit keyword overlap in the text, whereas Model A accepted the document as relevant."
962179,2329694,962179,"Gradually opinion on William Booth's activities changed. He was made a freeman of London, granted a honorary degree from Oxford University and in 1902 was invited to attend the coronation of Edward VII. When William Booth died in 1912, his eldest son, William Bramwell Booth, became the leader of the Salvation Army.The narrative text on this website is copyright. This means that any school which copies the site for local use onto a school cache is in breach of copyright.n 1852 Booth met Catherine Mumford. Catherine shared William's commitment to social reform but disagreed with his views on women. On one occasion she objected to William describing women as the weaker sex. William was also opposed to the idea of women preachers.",0,0,2,"**Evaluating the Question's Answerability**

Okay, here's the deal. I need to assess whether the provided context allows us to answer the question: ""Does the information specify when The Salvation Army officially adopted the name 'The Salvation Army'?"" And I'm doing this on a 0-5 scale.

The context mentions William Booth, London, Oxford, the coronation, his death in 1912, and the succession of William Bramwell Booth. It touches on Catherine Mumford, etc. It's got some good biographical info, but there's no mention, absolutely zero, of when ""The Christian Mission"" rebranded itself as ""The Salvation Army"".

So, the immediate answer to the specific question *itself* – ""Does the information specify when...?"" – is ""No."" It *doesn't* specify it. But here's the rub, and where I get a bit tripped up: the prompt says ""Can the question be answered based on the available context?"". It's asking about answerability based on the *content*.

If I answer ""Does the information specify when?"", with a ""No"", is that a complete answer based on the context? Yes, it is a complete answer to the question ""Does the information specify when..."". So, in that way, it *can* be answered.

But my experience tells me that these evaluations usually hinge on whether the *core information requested in the question* – the *date of the name change* – is present in the text. And it's not. It's missing entirely. In these cases, it's typically a zero, meaning ""not relevant"" or ""completely unanswerable"".

Let's stick with that. We're looking for whether the *content* is in the text. Since the content is not there, I'll go with a **0**.


","**Analyzing the Question's Specificity**

Okay, the question is: ""Does the information specify when The Christian Mission officially adopted the name 'The Salvation Army'?"" My initial thought is that the context mentions the Salvation Army in passing but doesn't explicitly state when the name change occurred. It's a pretty straightforward yes/no question about the *presence* of specific information.

Wait, is that the right way to approach this? The question is about the text's ability to answer a *meta-question* about itself. It's asking if the text contains the answer, not if *I* know the answer independently.

If I'm evaluating whether the text itself contains the answer, then the answer is definitively ""No, it does not specify."" The context doesn't provide the date of the name adoption. I can answer the question directly by saying ""No, the information does not specify when..."".

Now, I need to consider how to rate my answer. The phrasing is ""Can the question be answered based on the available context? choose one: 0-5"". Ah, the context contains enough to answer a binary question. It is a simple matter of reading the context and answering 'Yes' or 'No', and in this case, the answer would be 'No'.

So, if the question is ""Does the information specify when...?"", a reader *can* answer that question definitively based on the provided context. I mean, the context allows one to confidently say ""No, it does not."" It's like a typical RAG or BoolQ-style benchmark setup. The correct answer would be 5, as the context is *sufficient* for providing a definitive 'no' answer to the specific question. It's a trick question but a standard format!


",Pedantic Misinterpretation,"Model B overthinks the meta-phrasing of the question ('Does the information specify when...'), arguing that the document's omission of the date allows a user to answer 'No' definitively. In contrast, Model A correctly recognizes standard relevance evaluation intent—that absence of the core target information warrants a score of 0."
87181,8183982,87181,"To determine the frequency of right ventricular hypertrophy and its relation to increased left ventricular wall thickness in patients with left ventricular pressure overload, right ventricular wall thickness was measured using M-mode echocardiography with two-dimensional echocardiographic guidance in 65 patients with left ventricular pressure overload; 49 patients had essential hypertension and 16 had aortic valve stenosis.",1,1,2,"**Assessing the Relevance of the Context**

Okay, so the question is whether this context actually *details* the mechanisms behind chronic afterload elevation. Right, the crux of it. I'm seeing it mentions right ventricular hypertrophy in connection with left ventricular pressure overload, things like essential hypertension and aortic valve stenosis. But does it explain *how* that afterload gets chronically elevated in the first place? No, it doesn't. It just assumes the left ventricular pressure overload is present. It doesn't give me the specific mechanistic details I'd need. Therefore, based on the question, the answer isn't in this snippet. I have to give this a low rating – a zero or a one, really, because it's not relevant. Since it doesn't even address the question, I'll go with a zero; it's just not on point.


","**Analyzing the Question Regarding Chronic Afterload Elevation Mechanisms**

Okay, so the user poses the question: ""Are chronic afterload elevation mechanisms detailed?"" I need to determine if I can answer this question definitively based on the provided text. Let's see...

The text itself describes a study on right ventricular wall thickness in patients experiencing left ventricular pressure overload, related to conditions like essential hypertension and aortic valve stenosis. Critically, it focuses on measurement and correlation, not on *mechanisms*. It doesn't get into the nitty-gritty of the processes that lead to afterload elevation.

The question is, can I answer the question about the level of detail provided regarding mechanisms, based on this short paragraph?

Yes. The context doesn't even touch upon those mechanisms. They are entirely absent from the description of the study and its methods. Therefore, the answer is a clear ""No, they are not detailed."" In this case, I'd say the score is a definitive 0; the information is simply not present.


",Score-Reasoning Contradiction,"Model B's internal chain of thought concluded that the document was completely non-relevant and stated that 'the score is a definitive 0', but it erroneously emitted a final score of 2, directly contradicting its own reasoning."
1113437,1280565,1113437,"any evergreen, coniferous tree of the genus Picea, of the pine family, having short, angular, needle-shaped leaves attached singly around twigs and bearing hanging cones with persistent scales. 2. any of various allied trees, as the Douglas fir and the hemlock spruce.",1,1,2,"**Evaluating the Context and Answerability**

Okay, let's break this down. The core question is whether the provided text allows us to explicitly answer, with certainty, if ""persistent sterigmata"" are described on twigs. The context defines *Picea* trees and related species, mentioning needle-shaped leaves attached to twigs. Now, the question hinges on the presence of ""sterigmata"" or ""persistent sterigmata"" within that description.

My initial assessment is that these terms are absent. The text describes leaves attached to the twigs, not sterigmata. So, a direct ""yes"" answer is impossible. The question however, is ""Can the question be answered based on the available context?"". My initial though was no, the information is not present, therefore, it cannot be answered.

However, a more nuanced perspective emerges. The question itself is a binary one: ""Are they described?"". Since the text doesn't explicitly *describe* them, ""No, they are not"" constitutes a valid, complete, and accurate answer. It directly addresses the question based on what *is* and *isn't* present. This ""No"" is definitive and defensible within the given context. It's a question about the content of the text itself, not an inferential problem.

Now, considering the evaluation criteria, does this qualify as a ""highly relevant, complete, and accurate"" response? Absolutely. I can confidently answer the question with ""No"". The answer is completely supported by the text and precisely answers the stated query.

So, while the information isn't *present* to confirm the presence of sterigmata, the text *allows* us to definitively answer ""No"" to the question: ""Are persistent sterigmata explicitly described on the twigs?"". We are judging the ability of the text to give us an answer, and in this case, it can, perfectly. Therefore, the grading should reflect the ability to precisely answer the question, and the answer is indeed complete and accurate. A 5 is the correct grade.


","**Analyzing the Sterigmata Question**

Okay, so the question is: ""Are persistent sterigmata explicitly described on the twigs?"" My first thought is to dissect this. The context provided is a definition of something – it *mentions* features like needle-shaped leaves and hanging cones with *persistent scales*. Crucially, it *doesn't* mention sterigmata at all. The question is very specific: ""explicitly described.""

Therefore, my initial reaction is, based purely on the given context, the answer is a resounding ""No."" The definition doesn't contain the information to answer a factual question. The absence of information *is* information in this case, particularly when the question centers around whether something is explicitly mentioned.

I have to consider the nuances of these rubrics. If the question were more general, such as ""Does this description mention sterigmata?"", the answer would still be ""No."" Because it is very literal and explicit, the answer is No because it isn't ""explicitly"" described in the provided context. If it asked, ""Can the question be answered based on the context?"", the answer is also No, because the context does not discuss sterigmata. If it is asked whether the context provides the answer to whether they exist, grade is a 0 because the context does not discuss sterigmata. Therefore, I can confidently conclude that the context does not allow me to determine if persistent sterigmata are explicitly described. The context is irrelevant in determining the answer.


",Score Inconsistency with Reasoning,"Model B explicitly concluded that the text does not contain the necessary information and that 'the context is irrelevant in determining the answer' (even suggesting a grade of 0), yet it contradicted its own reasoning by assigning an inflated score of 2 instead of the lowest relevance score (1)."
1133167,6157114,1133167,"Access hourly, 10 day and 15 day forecasts along with up to the minute reports and videos for Montego Bay, Jamaica from AccuWeather.com Get the Montego Bay weather forecast. Access hourly, 10 day and 15 day forecasts along with up to the minute reports and videos for Montego Bay, Jamaica from AccuWeather.com Get the Montego Bay weather forecast.",1,1,0,"**Analyzing the Context for Severe Weather Advisories**

Okay, so the user is asking a straightforward question: ""Can we tell if there are any active severe weather advisories based on this information?"" I'm looking at the context provided, which is essentially just a pointer to AccuWeather data for Montego Bay, Jamaica. It talks about hourly forecasts, reports, and videos. But does it *actually* state whether there are any current severe weather advisories? No, it doesn't. It only tells me *where* I might find that information.

Therefore, the question, as it stands, cannot be answered. My initial assessment is a firm zero. I'm going to double-check my reasoning against the scoring rubric just to be sure. Yep, a zero means the answer is completely irrelevant or incomplete, and in this case, the context doesn't *answer* the question at all – it's just a starting point to *search* for the answer. So, 0 it is.


","**Analyzing the Inquiry: Severe Weather Advisories in Montego Bay**

Alright, let's break this down. The core question is whether we can determine the presence of active severe weather advisories from the provided context. I'm focusing specifically on the Montego Bay weather scenario. The information references forecasts: hourly, 10-day, and 15-day. However, I'm not seeing *any* mention of severe weather advisories. That's the crux of it.

Given this complete lack of relevant data, I must conclude that the original question, ""Are any active severe weather advisories issued?"" *cannot* be answered based on the information I've been given. It's a straight-up ""no data available"" situation. Therefore, the assessment is a grade of 0. It's pretty clear-cut.


",Hallucinated Task/Query,"Both models hallucinated an unprompted task regarding whether the passage mentions active severe weather advisories. However, Model B strictly followed this hallucinated requirement to downgrade the document to a score of 0, completely failing to evaluate the document against the actual query ('1133167', an AccuWeather location key for Montego Bay)."
182539,8757179,182539,"The term monotonic may also be used to describe set functions which map subsets of the domain to non-decreasing values of the codomain. In particular, if is a set function from a collection of sets to an ordered set , then is said to be monotone if whenever as elements of , .",1,1,0,N/A,N/A,Over-reliance on Lexical Matching,"Model B likely penalized the document due to the complete lack of lexical overlap with the numeric ID query '182539', failing to recognize that numeric queries in IR datasets often represent document or topic identifiers for which the target passage is relevant."
182539,57449,182539,The textbook says it's a way of transforming a set of numbers into another set that preserves the order. But I don't understand what that means. Here are a few examples. The question was: do these functions represent a monotonic transformation. u = 2v - 13 (yes) u = -1/v2 (no) u = ln(v) (yes) u = v2 (no),2,2,0,"**Grading the Question's Answerability**

Okay, so I need to assess whether the provided context allows for an answer to the question: ""Does the function exhibit a consistent sign for its first derivative across its domain?"" The user hasn't specified *which* function, which is the immediate sticking point. The provided context describes monotonic transformations in terms of preserving order. My mind immediately links this to the concept of a consistent sign in the first derivative for differentiable functions. In my field, that's almost axiomatic.

However, does the context *explicitly* establish that relationship? No, it doesn't. It just presents examples: `u = 2v - 13 (yes) u = -1/v2 (no) u = ln(v) (yes) u = v2 (no)`. The textbook definition of monotonic transformations preserving order and then examples do not explicitly detail the connection to the sign of the first derivative.

The vagueness of ""the function"" is the primary issue. If the question implicitly asks about *monotonic* functions, the answer would, yes, exhibit that consistent sign. But this connection requires inferring an unstated link. And if the user has a specific function in mind, the question is unanswerable.

Therefore, since the context doesn't define a specific function, nor does it explicitly state the link between monotonic transformations and derivative signs, the answer to ""Does the function exhibit a consistent sign for its first derivative across its domain?"" is not directly derivable from the given text. It is not relevant or complete at all. I will score it a zero.


","**My Assessment of the Context**

Okay, so the user poses a specific question: ""Does the function exhibit a consistent sign for its first derivative across its domain?"" Sounds straightforward enough, a fundamental question in calculus. My immediate concern is that the context is ambiguous. It uses the phrase ""the function"" but presents multiple example functions: `u = 2v - 13`, `u = -1/v2`, `u = ln(v)`, and `u = v2`.  The text hasn't clearly stated *which* of these functions, if any, is the subject of the question.

The context alludes to concepts like ""monotonic transformation"" and order preservation, which are related to the sign of the first derivative and monotonicity. However, there's no explicit derivation or explanation of these relationships – no direct application of derivative tests.  It just gives examples and yes/no answers.

Therefore, because there's no specific function identified as the target, and insufficient information to extrapolate a definitive answer from the provided examples, I have to conclude that the question, as it stands, is unanswerable based solely on this context. Hence, I'm assigning a grade of 0.


",Hallucinated Query,"Model B evaluated the document against a completely hallucinated query ('Does the function exhibit a consistent sign for its first derivative across its domain?') rather than properly interpreting the input query, leading it to penalize the document for ambiguity and assign a score of 0."
1133167,8250501,1133167,"The monthly mean water temperature over the year in Montego Bay, Jamaica. Show the average water temperatures in Montego Bay in Celcius ». Data from nearest weather station: Montego Bay, Jamaica (0.0 Miles). Weather and Climate offers all the information you need to know about the climate in Montego Bay.",1,1,0,"**Evaluating the Question's Relevance**

Okay, let's break this down. My objective here is to determine if I can answer the question ""Are any active severe weather advisories issued?"" given the provided context. As a subject matter expert, I can quickly see the core issue: the context describes monthly water temperatures for Montego Bay, Jamaica. My initial assessment is the context doesn't contain any weather-related information, let alone specific advisories. It's strictly about sea temperature, which, while potentially influencing weather patterns in broader terms, offers no direct answer.

My expert judgment concludes that, based purely on the given information about water temperatures, there's absolutely no way to determine if severe weather advisories are active or not. The question is entirely unanswerable in this situation. Therefore, the response needs a grade of 0. The data is entirely irrelevant to answering the given question.


","**Assessing the Relevance of Information**

Okay, so the user's question is ""Are any active severe weather advisories issued?"" My task is to determine if the provided context actually answers that. I see the context describes monthly mean water temperatures in Montego Bay, Jamaica. Hmm. Not even remotely relevant. Water temperature has nothing to do with active severe weather advisories, not directly anyway. I'm not seeing any connection here. No, this context doesn't provide an answer. Zero out of ten. Let's move on.


",Hallucinated Query,"Model B hallucinated the query as 'Are any active severe weather advisories issued?' instead of assessing the provided query ('1133167'), causing it to evaluate the document against an irrelevant topic and incorrectly assign a score of 0."
168216,2090435,168216,"If the ornamental feature is indoors and the only makeup used is distilled or sterile water, the potential for legionella growth is reduced significantly. If the system used a water. source that may have contained legionella, switching to sterile water will not eradicate. legionella already in the system.",0,0,1,N/A,N/A,Hallucinated Relevance,"The query '168216' is an arbitrary numeric code with no topical or textual overlap with the document about legionella in ornamental water features. Model B erroneously assigned a non-zero relevance score to a completely unrelated document, whereas Model A correctly identified it as entirely irrelevant."
156493,1820469,156493,"Plus, …though the common goldfish lives for about 2 days in a bowl, but if you get a 10 gallon tank for it and feed it every morning and night until it's mature, then once a day when it's mature, it can live for a long time; I had a goldfish that I cared for ( the pet goldfish not pond goldfish), and it lived for 9 years!",0,0,1,N/A,N/A,Hallucinated Relevance,"The query consists solely of an arbitrary numeric string ('156493') with no semantic connection to the goldfish care passage. Model B inappropriately assigned partial relevance to a completely unrelated document, whereas Model A correctly recognized the absence of any match and assigned a score of 0."
1115776,4049233,1115776,"(e) management of the BSA/AML program by a qualified compliance officer, who is supported by adequate staffing levels and resources, and who is responsible for. overseeing and monitoring compliance by the New York Branch with all applicable BSA/AML. requirements and the institution’s internal policies and procedures.",0,0,1,N/A,N/A,Hallucinated Relevance,The query is an isolated numeric identifier ('1115776') that does not appear anywhere in the document and shares no semantic connection with the BSA/AML text. Model B hallucinated relevance or adopted an overly permissive matching criterion where Model A correctly identified the complete lack of topical overlap.
156493,911791,156493,"Goldfish Development. Baby goldfish are born much darker than they will be as adults. This may be because dark colors helps these small, vulnerable fish escape the attention of predators. With proper husbandry, the fish gradually change color and develop orange or gold scales. Fancy goldfish may develop color patterns including white patches.",0,0,1,N/A,N/A,Hallucinated Relevance,"The query consists solely of an arbitrary number ('156493') with zero topical connection to goldfish development. While Model A correctly identified the complete lack of relevance and assigned a score of 0, Model B exhibited overly lenient scoring or hallucinated a connection, improperly assigning a non-zero relevance score."
962179,6904859,962179,"The Salvation Army Northern Division has been serving people in need in Minnesota and North Dakota for more than 125 years. We provide basic needs assistance, housing, youth services, rehabilitation, disaster relief, counseling and more. Read More. The Northern Division is part of The Salvation Army International organization, which is dedicated to serving in Christ's name without discrimination. Whether you need help or want to make a difference for others, let us be your starting point.",0,0,1,"**Evaluating the Context's Relevance**

Okay, let me break this down. The question is whether the provided text specifies *when* The Christian Mission officially became The Salvation Army. I need to see if the context actually *answers* that question. The context discusses The Salvation Army Northern Division's longevity in Minnesota and North Dakota, which is interesting, but it doesn't mention *anything* about The Christian Mission, or the name change, at all. So, based purely on this information, the answer is definitively *no*. The context is completely silent on the specific detail asked for in the query. Therefore, the rating has to be a 0; it's entirely irrelevant to the question posed. The context is useless in providing an answer.


","**Analyzing the Question's Answerability**

Okay, so the user's question is: ""Does the information specify when The Christian Mission officially adopted the name 'The Salvation Army'?"" My initial thought is to assess if the provided context actually answers *that* question. And honestly, it doesn't even mention ""The Christian Mission"" at all!

Now, the question is phrased in a way that *could* be interpreted as a meta-question – is the *context* the thing that specifies the answer? But really, in this type of assessment, what we're looking for is: Does the information within the context allow us to answer the *core subject* of the question: when did the mission adopt the name? And the answer is clearly no. It's a straight up 'no'. The context is completely silent on this.

It's tempting to get caught up in the phrasing, but let's be pragmatic. The question essentially boils down to ""Does this document tell us X?"" and the answer is ""no, it doesn't.""

Therefore, given the usual expectations in these benchmarks, like RAG or context relevance tests, I'd score this as a zero. The context is irrelevant to the core question, so it doesn't provide the answer. Even if it *were* a meta-question, the answer is still no, because the context provides no relevant information.


",Score-Reasoning Contradiction,"Model B's internal chain of thought correctly deduced that the document is completely irrelevant and explicitly stated it should receive a score of zero, but it suffered from an output generation failure by assigning a final score of 1."
156493,1939302,156493,Steps. 1  1. Get the largest possible tank. Do not use a fish bowl; At least 75 liters (20 gallons) is necessary to make quality life for a single fish. 2  2. Set up the tank prior to the purchase of a goldfish. Getting it ready may take four or more weeks. 3  3. Provide mental and physical stimulation for the fish.,0,0,1,N/A,N/A,Hallucinated Relevance,"The query consists solely of an arbitrary number ('156493') with zero topical connection to caring for goldfish. Model A correctly assigned a score of 0, while Model B exhibited an overly lenient baseline or hallucinated a connection, incorrectly scoring a completely irrelevant document as 1."
1103812,2750965,1103812,"In August 1991 Soviet hardliners staged a coup against President Gorbachev and President Yeltsin emerged as a national hero as he rallied the people from the top of a tank to keep the peace. In early December, the leaders of Russia, Ukraine and Belarus precipitated the end of the Soviet Union with the formation of the CIS or Commonwealth of Independent States. Mr Gorbachev stepped down as Soviet leader on 25 December 1991 and Mr Yeltsin became president of independent Russia.",0,0,1,N/A,N/A,Hallucinated Relevance,"The query is an arbitrary numeric string ('1103812') with no semantic relation to the document about the dissolution of the Soviet Union in 1991. Model B erroneously assigned a non-zero relevance score despite the complete absence of topical connection, whereas Model A correctly identified it as irrelevant."
130510,8612908,130510,A binding judgment from a court defining the legal relationship between parties and their rights in the matter before the court.,0,0,1,N/A,N/A,Hallucinated Relevance,"Model B found a non-existent connection between the numeric string query '130510' and a general definition of a binding court judgment, awarding partial relevance instead of recognizing the total lack of topical overlap."
146187,5590508,146187,Hamburger 101g 240 8 12 3 0.2 16 25 510 21 32 11 2 8 7 12 2 2 10 20. McDouble® sandwich 149g 370 17 26 8 0.5 43 60 860 36 34 11 2 8 7 21 6 2 15 25. Mighty Angus 296g 790 43 66 16 1.5 88 120 1310 55 56 19 3 12 15 42 10 15 15 30.,0,0,2,"**Evaluating the Question's Answerability**

Okay, here's the deal. I need to figure out if the prompt, ""Does it specify the number of cheese slices per item?"" can be answered based on what I'm given. The context just lists nutritional information and weights for three menu items: Hamburger, McDouble, and Mighty Angus. No mention of cheese, let alone the *number* of cheese slices.

The question is a straight yes/no, thankfully. So, I can definitively say ""No, it doesn't mention the number of cheese slices."" But, the real test is, can the *question* itself be answered from what is given. The question is ""Does it specify..."", so a ""No"" answer is, in this case, completely valid, correct, and based on the context.

I initially thought I needed to somehow extract the number of cheese slices, but that's not the test. The test is if I can *answer* the question with the information at hand. It seems I can: ""No, it does not specify the number of cheese slices"".

Ah, I need to remind myself to interpret these problems properly. If the question is ""Does it specify the number of cheese slices?"", and the context clearly enables me to reply ""No"", the question is fully answerable.

I am confident the question can be answered from the provided text, and I can give a grade of 5.
I can answer the question ""No, the context does not specify the number of cheese slices,"" and this is highly relevant, complete, and accurate. 5/5.


","**Analyzing the Context to Answer the Question**

Okay, so the prompt is asking if the provided context lets me figure out the number of cheese slices per item. Let me see... I've got items like ""Hamburger,"" ""McDouble sandwich,"" and ""Mighty Angus,"" followed by nutritional values. Hmm, no mention of cheese slices at all in this section.

The core question is, ""Can I answer the question 'Does it specify the number of cheese slices per item?'""  And the answer, based on what I see, is a clear ""No, the context does not specify it.""

Wait, am I understanding the question correctly? It's *not* asking me to actually *find* the number of cheese slices, but rather whether the text *explicitly* provides that information. Right, it's a meta-question about the text itself – a question about the presence or absence of a piece of information, not the information itself.

And since the context is silent on cheese slices, the answer is definitively ""No"". The prompt is framed to be easily verifiable. So, yes, I can answer the question completely and accurately. Done.


",Conflating Verifiability with Document Relevance,"Model B regressed by awarding partial relevance (score 2) on the flawed premise that being able to answer 'No' to whether the document contains specific information makes the document useful or answerable, failing to recognize that total absence of relevant content warrants a score of 0."
1063750,7122843,1063750,Each group must prepare a cartoon that comments on the difficult position of the United States and President Wilson now that Germany has declared unlimited submarine warfare in the Atlantic Ocean and has attempted to ally with Mexico (as the intercepted Zimmermann telegram revealed).,0,0,1,N/A,N/A,Spurious Relevance,"The query consists solely of an arbitrary numeric identifier ('1063750') with no semantic or textual connection to the document about World War I history. Model B erroneously assigned relevance where there is none, whereas Model A correctly recognized the complete lack of topical overlap."
1124210,4553374,1124210,"The parts of a tree are the roots, trunk(s), branches, twigs and leaves. Tree stems are mainly made of support and transport tissues (xylem and phloem). Wood consists of xylem cells, and bark is made of phloem and other tissues external to the vascular cambium.",0,0,1,N/A,N/A,Hallucinated Relevance,"The query consists solely of an arbitrary number ('1124210') with zero semantic connection to the botanical document about tree anatomy. Model A correctly recognized it as completely irrelevant (0), whereas Model B awarded an unearned point (1), likely defaulting to a non-zero relevance score when faced with an uninterpretable or noisy query."
1117099,894295,1117099,"1 Convergent Boundaries-A convergent boundary is where two tectonic plates push together. 2  Sometimes one plate will move under the other. 3  This is called subduction. 4  Although the movement is slow, convergent boundaries can be areas of geological activity such as the forming of mountains and volcanoes.",0,0,1,N/A,N/A,Spurious Token Matching,"The query consists solely of an arbitrary numerical ID ('1117099') with no semantic relation to the geological text. Model B likely matched on superficial numerical characters or applied an overly permissive baseline threshold, incorrectly assigning relevance to a completely unrelated document."
168216,8703263,168216,"ﬂushing water lines and ﬁ ttingsperiodically will not necessarily ensure disinfection. Even at temperatures of 180°F or more, it takes time to pasteurize water within the pipes, and lower temperatures require even more time. A t 151°F,Legionella bacteria d ie w ithin two minutes; at 140°F, Legionella die within 32 minutes; and at 131°F it takes ﬁ ve to six hours. Some facilities distribute hot water at temperatures as low as 120°F, and some",0,0,1,N/A,N/A,Hallucinated Relevance,"The query is an arbitrary numeric code ('168216') with zero lexical or topical connection to the document, which discusses water pasteurization and Legionella bacteria. Model B failed to recognize the complete lack of relevance and incorrectly assigned a positive score, likely confused by the presence of other numbers (temperatures) in the text."
168216,5332126,168216,"1 Very broad antibiotics so easier to remember common bugs that it does NOT cover: MRSA, most strains of VRE, many Coag negative staph strains, Atypicals (Chlamydia, Mycoplasma, Legionella), ESBLs.  Note Zosyn’s higher dosing for PNA/Pseudomonas coverage: 4.5 g q6 hrs (vs.",0,0,1,"**Assessing the Relevance of the Provided Context**

Okay, so the user is asking a very specific and insightful question: they want to know the *Legionella pneumophila* virulence factors directly implicated in pneumonia pathogenesis. Excellent, a great question to delve into!

Let me quickly assess the provided context. Hmm, it appears the text is primarily focused on a mnemonic for antibiotic coverage – the “broad antibiotics” it mentions and lists bugs not covered. It's a useful clinical tool for remembering antibiotic spectrum, particularly regarding atypical pathogens, however, the text *completely* misses the mark on providing information about *L. pneumophila* virulence factors. There is no discussion of any factors at all!

Therefore, based on my understanding, this given context is completely irrelevant to the user's question. This means the answer is not at all relevant. In my expert opinion, this source provides no information and is not useful in this situation, so it gets a solid zero.


","Here's my assessment:

**Analysis of Virulence Factor Inquiry**

Okay, so the user's question is pretty specific – they're drilling down into *L. pneumophila* and pneumonia pathogenesis, looking for implicated virulence factors. My initial reaction is to check if the context provides that level of detail. I scanned it quickly, looking for any mention of *L. pneumophila*'s mechanisms of attack.

Unfortunately, it looks like this context is pretty superficial regarding *Legionella*. It just flags it as an atypical organism that certain antibiotics don't effectively treat. That's a very broad statement and doesn't begin to scratch the surface of the question about virulence factors. It's like asking for the blueprints of a building, and the context only mentions the name of the architect.

Therefore, this context is useless to the user, for this query. The score is definitely a zero.


",Score-Reasoning Contradiction,"Model B correctly deduced through its reasoning that the document was useless and explicitly concluded that 'The score is definitely a zero', but contradicted itself by outputting a final score of 1."
1117099,8799096,1117099,"Convergent plate boundaries are locations where lithospheric plates are moving towards one another. The plate collisions that occur in these areas can produce earthquakes, volcanic activity and crustal deformation.",0,0,1,N/A,N/A,Hallucinated Relevance,"The query is an ungrounded numeric string with zero semantic or keyword relation to the document about convergent plate boundaries. Model B erroneously assigned a non-zero relevance score, likely due to an overly permissive threshold on noise/uninformative queries, whereas Model A correctly identified that there is no topical match."
183378,4803854,183378,"Likewise, the alpha-collagen has 50 exons that range from 45-249 bases and the gene is about 40,000 bases. Clearly two genes of the same size can have different number of introns, and introns that vary in size. Some species will have an intron in a gene, but another species may not have an intron in the same gene.ntrons, Exons and Splicing hn RNA. 1  The sequence order is the same as in the mRNA. 2  The structure of an interrupted gene is identical in all tissues. 3  Introns of nuclear genes have termination codons in all three reading frames.",0,0,1,N/A,N/A,Hallucinated Relevance,"The query consists solely of an ambiguous numeric identifier ('183378') that does not appear in the document. While Model A correctly assigned a score of 0 due to the complete lack of matching content or verifiable connection, Model B improperly inferred or hallucinated relevance to the biological text."
156493,293050,156493,"#2 - Age. If you want to grow a large fish, you have to start the process from birth. It is critical to put the framework and size on in place in the first 2-3 years and trying to grow a 15 inch 5 year old to 28 inches is a lost cause. I did sell an older Hariwake that I had for 1 year without any growth.",0,0,1,N/A,N/A,Spurious Match / Partial Matching,"The query is an arbitrary numeric identifier ('156493') that does not appear in the document. Model B likely matched isolated digits or numbers (such as '15' or '1') in the text and gave a false-positive relevance score of 1, failing to recognize that the document is completely irrelevant."
359349,457673,359349,"The opposite sides of a trapezoid that are parallel to each other are called bases. The remaining sides of the trapezoid, which intersect at some point if extended, are called the legs of the trapezoid. The top and bottom sides of the trapezoid run parallel to each other, so they are the trapezoid's bases. The other sides of the trapezoid will intersect if extended, so they are the trapezoid's legs. The segment that connects the midpoints of the legs of a trapezoid is called the midsegment.",2,2,1,N/A,N/A,Strict Lexical Over-reliance,"Model B likely downgraded the document due to the absence of exact lexical overlap with the opaque numeric query string '359349' (a dataset query ID), failing to align with the ground truth relevance score that Model A correctly matched."
489204,7112941,489204,"For example, the following potentially serious conditions may include lower right back pain as one of the symptoms: Appendicitis. This condition occurs when the appendix, located in the lower right hand side of the abdomen, becomes inflammation and/or ruptures. It may cause sharp, intense lower right back pain and/or pain on the lower right side of the abdomen. Symptoms vary and may include nausea, vomiting, or fever. Symptoms may occur suddenly or develop gradually.",1,1,0,N/A,N/A,Over-reliance on Literal Match,"Model B likely assigned a score of 0 due to the total absence of lexical overlap with the numerical query '489204' (a benchmark ID or encoded query), whereas Model A aligned with the human relevance label despite the missing surface-level keywords."
1124210,284020,1124210,"conduit. n. 1. (Building) a pipe or channel for carrying a fluid. 2. (Building) a rigid tube or duct for carrying and protecting electrical wires or cables. 3. an agency or means of access, communication, etc. 4. (Botany) botany a water-transporting element in a plant; a xylem vessel or a tracheid.",1,1,0,"**Grading the Answer: Xylem**

Okay, I'm looking at this question: ""Which primary vascular tissue type contains these cells?"" and the given context. The context defines ""conduit"" and, importantly for this, includes a botany definition that mentions ""xylem vessel or a tracheid"" as water-transporting elements. The question is clearly hinting at xylem vessels or tracheids, given the ""these cells"" reference.

Now, my task is to determine if the context allows for a definitive, accurate answer to the question. The definition explicitly refers to ""a xylem vessel"". Since xylem vessels and tracheids are *part of* xylem, the answer seems readily obtainable. The provided definition implicitly and explicitly mentions xylem.

The question asks for the primary vascular tissue type. Xylem is that primary vascular tissue. Is the answer: *highly* relevant? Yes, it's a direct connection. Is it complete and accurate? Absolutely. We get ""xylem"" directly from the text. The term Xylem is embedded within the provided context.

The answer is Xylem. Based on this, I'm leaning towards awarding a score of either a 5 or a 4. Since ""xylem"" is pretty much right there in the text, I'm going to give it a 5.


","**Analyzing the Primary Vascular Tissue Question**

Okay, so the question is asking me to identify the primary vascular tissue that contains ""these cells."" Immediately, I recognize the need to understand what ""these cells"" refers to. Based on the context provided, it's clear that ""these cells"" relates to either a conduit, a xylem vessel, or a tracheid—all water-transporting elements within a plant.

The definition itself directly mentions ""xylem vessel,"" which strongly suggests that the answer is xylem. But, the vagueness of ""these cells"" is what's holding me back from giving a definitive ""5"" score. Is the reference to the cells clear enough, or is it partially unresolved?

I need to assess: Is there enough information given to clearly answer the question? The presence of ""xylem vessel"" points directly to xylem. If the question specifically asks about conduits, vessels, or tracheids, then the answer is xylem. But, since ""these cells"" is a bit ambiguous, I have to consider whether a ""2"" or ""3"" is warranted, or even a ""0"" or ""1"" if I'm being super strict.

In terms of benchmarks, if the context contains the answer (xylem), but the question uses ambiguous language (""these cells""), I am looking at a noticeable gap (3) or a mostly complete (4) or complete (5) if I treat ""these cells"" as ""vessels/tracheids.""

Okay, let's step back and look at the core question: *Can* the question be answered based solely on the context? The context defines a conduit, and the definition specifically mentions ""xylem vessel."" Based on that, I can definitively identify the primary vascular tissue as xylem.


",Score-Reasoning Inconsistency,"Model B correctly deduces that the document definitively answers the question with 'xylem', yet inexplicably outputs a score of 0, likely due to overthinking the referential ambiguity of the phrase 'these cells' earlier in its reasoning."
1113437,1280569,1113437,"About 35; see text. A spruce is a tree of the genus Picea /paɪˈsiːə/, a genus of about 35 species of coniferous evergreen trees in the Family Pinaceae, found in the northern temperate and boreal (taiga) regions of the earth.",0,0,1,"**Evaluating the Question's Answerability**

Okay, let's break this down. The core of the issue is whether the provided context allows me to definitively answer the question: ""Are persistent sterigmata explicitly described on the twigs?"" I need to determine if the text offers any information that would directly address this. Scanning the context – it discusses spruce trees, the genus *Picea*, and the number of species within that genus. There's mention of the Pinaceae family and their general distribution.

Hold on a second, and make sure that this is absolutely clear. The context doesn't mention ""sterigmata"" or ""twigs"" *at all*. Therefore, as an expert in the field, I can conclusively determine that the context is completely irrelevant. It doesn't even obliquely hint at an answer. It's not a question of an incomplete answer; it's a question of *no* answer.

The prompt specified several rating options. The option that fits best, and with certainty, is the one given value of 0, because the context offers no relevant information or answer whatsoever. It's a clear 0.


","**Analyzing the Question Regarding Sterigmata on Twigs**

Okay, so the question is whether the text explicitly describes persistent sterigmata on twigs. Let me break this down. The provided context describes a spruce, specifically mentioning the genus *Picea* and noting there are about 35 species. It tells me where these trees are typically found. But, and this is key, the context *doesn't* mention anything about sterigmata, or twigs, for that matter! Given my expertise, I immediately recognize that this information, therefore, can't possibly contain an answer. The text doesn't provide the information needed to evaluate the question. So, based solely on what's given, the answer is a resounding zero – the question can't be addressed with this context.


",Reasoning-Score Inconsistency,"Model B correctly reasoned that the context contained no relevant information and explicitly concluded that the score should be 'a resounding zero', but contradicted its own deduction by outputting a final score of 1."
1133167,7949845,1133167,"Bermuda Weather in August. 1  August is usually the hottest month in Bermuda when the temperature varies between an average high of 86 degree Fahrenheit to a low of 78 degree. 2  However, the humidity also rises and can be well over 85% on certain days. 3  August falls in hurricane season of Bermuda. But don't worry. Bermuda is generally well prepared to handle hurricanes compared to many of the Caribbean islands. To know when and how hurricane strikes Bermuda and its impacts, check Bermuda Hurricane. Here is a picture of how a typical day in August looks in Bermuda.",0,0,1,N/A,N/A,Hallucinated Relevance,The query consists solely of an opaque numerical identifier ('1133167') with no semantic connection to Bermuda weather. Model B erroneously awarded marginal relevance to a completely unrelated document instead of assigning a score of 0.
156493,3015801,156493,Cottonwoods and poplars can be 10feet in a year. Grow really fast. Most trees will grow about 3 to 6 feet in a year. Slow growing trees can grow a foot or less in a year.,0,0,1,N/A,N/A,Hallucinated Relevance,The query consists solely of an opaque numeric ID ('156493') with no semantic or lexical overlap with the document about tree growth rates. Model B failed to recognize the complete lack of relevance and incorrectly assigned a non-zero score.
156493,1939301,156493,Common goldfish in a pond. It is a common practice to keep common goldfish in a small bowl but this allows waste in the water to build up to toxic levels and does not provide enough oxygen. For every small/young goldfish there should ideally be at least 10 to 20 US gallons (38 to 76 l; 8.3 to 16.7 imp gal) of water.,0,0,1,N/A,N/A,Hallucinated relevance,"The query consists solely of an arbitrary number ('156493') with zero topical or keyword connection to the document about goldfish care. Model A correctly assigned a score of 0, whereas Model B exhibited an overly lenient false positive by awarding a non-zero score despite the complete absence of relevance."
264014,3666584,264014,"Flea Life Cycle. My Page on Fleas on cats has a more complete article on the life cycle of fleas and photos of fleas, and larvae. The short version of the flea life cycle is this: A flea has a blood meal and lays eggs on the cat. The eggs dry and fall off the cat onto spots where the cat hangs out.",1,1,0,"**Assessing the Applicability of the Flea Life Cycle Context**

Okay, so I'm presented with a question: how does ambient temperature affect the time it takes for a flea to develop from egg to adult? My task is to determine if the provided ""Flea Life Cycle"" context actually gives me that answer. I quickly scan the text. It describes the general flea life cycle: blood meal, egg-laying, eggs falling off the host. However, I don't see anything explicitly addressing ""ambient temperatures"" or their influence on the ""egg-to-adult development time."" My expert understanding tells me these are crucial variables in biological processes. Therefore, I can confidently conclude that the context provided is completely insufficient to answer the question. The information is simply not present. Consequently, I must assign it a grade of zero; it's not relevant in the slightest. The context is only a basic overview, and it doesn't give me the detail I need.


","**Assessing the Applicability of the Provided Context**

Okay, so the user poses the question: ""How do ambient temperatures modify egg-to-adult development time?"" My initial assessment is that I need to determine if the given context is sufficient to provide a reasonable answer. I've scanned the text. It touches upon the flea life cycle – eggs dropping off the host cat, and so forth – but there's a glaring omission. There's absolutely nothing in this material that directly addresses the impact of ambient temperature on the rate or duration of the egg-to-adult transition. Therefore, given the information presented, I can't derive *any* usable data to address the core inquiry. Consequently, a grade of 0 seems entirely appropriate here. The context is simply irrelevant to the question's central focus.


",Ignored Partial Relevance,"Model B applied an overly strict, binary criterion based entirely on direct answerability rather than relevance, dismissing the document entirely (score 0) because it lacked specific details on temperature, whereas human judgment recognized the document as partially relevant (score 1) due to its topical coverage of the flea life cycle."
168216,4245223,168216,Legionnaires' disease is an acute respiratory infection caused by a common bacteria that results in a serious case of pneumonia. It first became a well-known disease in 1976 when a serious outbreak occurred among a large number of people attending an American Legion convention.,0,0,1,N/A,N/A,Hallucinated Relevance,"The query consists solely of an uninformative numerical string ('168216') with no semantic connection to the passage about Legionnaires' disease. Model B regressed by falsely assuming relevance or hallucinating an association, whereas Model A correctly recognized the complete lack of relevance."
1117099,2153487,1117099,"The great majority of earthquakes occur at tectonic plate boundaries. The majority of great earthquakes (magnitude 8.0 or larger) are megathrust earthquakes that occur at convergent plate boundaries, also called destructive margins or subduction zones.",1,1,0,"**Evaluating the Answer to a Question About Plate Boundaries**

Okay, so the user's question is ""Which plate boundary types define them?"" Hmm, the ambiguity of ""them"" is the first hurdle. Based on the provided context, the meaning of ""them"" is not entirely clear. I have to consider a few possibilities. If ""them"" refers to great earthquakes, well, the text explicitly mentions that ""convergent plate boundaries, also called destructive margins or subduction zones"" are where the majority of great earthquakes happen. Seems straightforward enough there. But, if ""them"" refers to tectonic plate boundaries in general, or perhaps even just to the more general category of earthquakes, the answer is less direct.

The text clearly pinpoints convergent boundaries as defining the locations of great earthquakes. It's essentially an answer to the question if ""them"" means great earthquakes. However, it doesn't give a definition or explanation for other types.

So, how do I score this? If ""them"" refers to great earthquakes, it seems pretty well answered. However, the lack of clarity in the question itself forces me to acknowledge that it's not a *perfect* answer. The context gives some of the answer, but the ""them"" is ambiguous. It's not completely irrelevant, and it's not totally complete either. It is a partially complete answer, but with noticeable gaps.

I'm leaning towards a score of 3. Partially relevant and complete, with gaps and potential inaccuracies that come from the ambiguity of the question's phrasing. If ""them"" is about great earthquakes, the context is good. If it's about plate boundaries generally, it's weaker. Yes, it's a 3. Let's stick with that.


","**Analyzing the Query about Plate Boundary Types**

Okay, so the question is, *which* plate boundary types are we talking about? The prompt is a little vague because ""them"" isn't clear. I'm assuming it refers to megathrust earthquakes or earthquakes in general, which the context seems to suggest, and that, in turn, seems to point towards convergent plate boundaries (specifically, destructive margins or subduction zones) as a defining characteristic for these.

The question itself is a bit incomplete without knowing what ""them"" specifically refers to. I can't be sure if we're only looking at convergent boundaries, or *all* boundary types associated with the ""them.""

The prompt then asks if I can answer based on what's available. Hmm, partially, yes. Mostly, no. We are given the association of convergent boundaries with great earthquakes. But it leaves a gap because it doesn't specify all of ""them."" I'd say it's maybe three-quarters answerable, or 3/4. The ambiguity of ""them"" definitely leaves a gap. Let's go with 3/4.


",Over-penalizing Ambiguity,"Both models recognized that the query contained an ambiguous pronoun ('them'), but while Model A correctly determined that the document provided a partially complete and relevant answer (qualifying it as relevant), Model B deemed it 'mostly, no' and over-penalized the ambiguity and missing boundary types, ultimately assigning a non-relevant score of 0."
146187,8434625,146187,"A double cheesburger has 2 slices of cheese with 2 meat patties. A mcdouble on the other hand only had 1 slice of cheese, but still 2 pieces of meat. I say had because mcdoubles arent sold in Australia (maybe a few stores but not a regular menu item) anymore. Other countries might be different but that's the difference in Australia.",2,2,3,"**Analyzing the Cheese Slice Context**

Okay, so the user's question is straightforward: does the provided context clearly state how many cheese slices are in each specific burger type? Let me break this down. The context mentions a ""double cheeseburger"" and a ""McDouble."" My initial scan tells me it does seem to clarify the cheese situation, but let's be absolutely certain.

I see it immediately identifies that the double cheeseburger has *two* slices of cheese and the McDouble, *one*. Aha! That's precisely what was needed to answer the core question, and there are no ambiguities. The context unambiguously lays out the cheese count for those two burger examples. Consequently, I can confirm that the context provides the precise cheese information the user requires. Therefore, the question is definitely answered completely and accurately. My assessment is an easy 5.


","**Analyzing the Cheese Slice Query**

Okay, so the user's question is pretty straightforward: does the provided text explicitly state the number of cheese slices in each burger type? My immediate thought is, ""Let's see, what does the context actually say?""

Right, the context gives us a clear breakdown: a ""double cheeseburger"" has *two* slices of cheese, and the ""McDouble"" has *one*. That's direct and unambiguous. It's a simple mapping – item to cheese slice count. There's no guesswork involved. The information is presented in a way that allows us to answer the question without needing to make assumptions.

Therefore, since the context unequivocally answers the question, I'm confident in assigning it a grade of 5. It's a complete and accurate response based on the provided data.


",Score Inconsistency,"Both models suffered from severe query hallucination (fabricating a question about cheese slices rather than evaluating the query ID '146187') and internally concluded with a grade of 5 in their reasoning. However, Model B regressed by outputting an even higher, less calibrated score (3 instead of 2), diverging further from the human ground truth despite nearly identical reasoning."
130510,203714,130510,"Judgment (law) In law, a judgment is a decision of a court regarding the rights and liabilities of parties in a legal action or proceeding. Judgments also generally provide the court's explanation of why it has chosen to make a particular court order.",0,0,1,N/A,N/A,Over-generous Scoring,The query '130510' is an ambiguous numeric identifier with zero topical or semantic relation to legal judgments. Model B likely defaulted to lenient or spurious matching on an ambiguous input instead of recognizing total irrelevance and assigning a score of 0 like Model A.
182539,3760964,182539,"A function f (x) is concave over a convex set if and only if the function − f (x) is a convex function over the set. A differentiable function f is concave on an interval if its derivative function f ′ is monotonically decreasing on that interval: a concave function has a decreasing slope. Any affine function is both (non-strictly) concave and convex. 2  The sine function is concave on the interval. 3  The function, where is the determinant of a nonnegative-definite matrix B, is concave. 4  Practical example: rays bending in computation of radiowave attenuation in the atmosphere.",0,0,1,N/A,N/A,Hallucinated Relevance,"Model B assigned a non-zero relevance score to a document about concave functions for an arbitrary numeric query ('182539') that has no textual match or conceptual relationship to the content, whereas Model A correctly identified it as completely irrelevant."
1113437,8128798,1113437,"The Blue Spruce is the state tree of Colorado and Utah, plus the U.S. National Christmas Tree is also a Blue Spruce. Description Spruce trees are large, with some species maturing up to 200 feet tall.",0,0,1,"**Assessing the Viability of a Specific Question**

Okay, let's break this down. The core query is whether the provided text allows for a definitive ""yes"" or ""no"" answer to the question about persistent sterigmata on twigs. That's the crux of the matter.

Looking at the text, the description focuses on the Blue Spruce's stature – its height and significance as a state and national symbol. It's a broad-strokes overview, almost a ceremonial introduction. There's absolutely nothing in this description that delves into the microscopic morphology of twigs, nor does it even hint at the presence or absence of persistent sterigmata. These are specialized botanical terms, and the provided text is clearly not intended to be a taxonomic or physiological treatise.

Consequently, there is no way to formulate a responsible or scientifically sound answer to that specific question based on this context. The information simply isn’t there. Therefore, the assessment has to be a resounding zero. The question is unanswerable with the given material.


","Okay, here's my assessment of this question and its provided context:

**Analysis of Question Regarding Sterigmata on Twigs**

The question is quite specific: ""Are persistent sterigmata explicitly described on the twigs?"" My expertise immediately flags that the key elements here are ""persistent sterigmata"" and ""twigs."" I need to determine if the given text addresses those features.

The provided context is woefully inadequate. It's essentially trivia about Blue Spruce being state symbols and their impressive height. This information has *nothing* to do with the microscopic details of twig structure, specifically the presence or absence of persistent sterigmata. There's zero overlap between the context and the question's core subject matter. It doesn't even hint at the relevant botanical characteristics.

Therefore, based on the provided text, there's no way to answer the question, as it does not contain the pertinent data. The correct assessment is a grade of 0.


",Score-Reasoning Contradiction,"Model B correctly deduced in its reasoning that the document had zero relevance and explicitly concluded that 'The correct assessment is a grade of 0', but it erroneously output a final score of 1."
1124210,145208,1124210,"Parenchyma cells are living cells that have functions ranging from storage and support to photosynthesis and phloem loading (transfer cells). Apart from the xylem and phloem in their vascular bundles, leaves are composed mainly of parenchyma cells.",0,0,1,N/A,N/A,Hallucinated Relevance,"The query is an arbitrary numeric ID ('1124210') with zero lexical or semantic connection to the botanical document about parenchyma cells. Model B improperly assigned positive relevance to a completely unrelated passage, whereas Model A correctly recognized the absence of any match."
962179,3173625,962179,"The Salvation Army, an international movement, is an evangelical part of the universal Christian church. Its message is based on the Bible. Its ministry is motivated by the love of God. Its mission is to preach the Gospel of Jesus Christ and to meet human needs in His name without discrimination.",0,0,1,"**Analyzing the Context for a Specific Fact**

Okay, so the user's question is pretty straightforward: does this provided text tell us *when* The Christian Mission became The Salvation Army? Let's see... I need to scour the context. ""The Salvation Army, an international movement..."" Right, right, it *describes* the Salvation Army, its mission, and its core beliefs. But... where's the historical timeline? The text doesn't mention the name change at all, let alone the date.

So, the answer is a resounding ""no."" I can't determine the adoption date from this. Now, let me see... how does the rating work? Is it about whether the context *contains* the answer or *how well* the context answers? I think it is the former; it is asking if I can answer the question based on what's here. Since I can't answer the question at all based on what's here, a 0 seems appropriate. The context is completely unhelpful regarding the date of name adoption.


","**Analyzing the Question's Specificity**

Okay, so the question is, ""Does the information specify when The Christian Mission officially adopted the name 'The Salvation Army'?"" First thought: the context doesn't *mention* ""The Christian Mission"" or the name change at all. So, on the surface, the answer is a straightforward ""No, it does not specify."" But, I need to be more careful.

Let's break down the question type. It's a ""Does the information specify...?"" question, which is essentially a polar question. I can answer it definitively: ""No, the information does not specify when..."" But, am I oversimplifying things? My expert intuition kicks in.

I'm thinking about RAG evaluation benchmarks and QA grading. Sometimes, these questions are designed as meta-questions. If the answer is ""No,"" it's often a good sign. But sometimes, they are measuring if the context provides the *factual information* the question is seeking.

If I take the question literally, ""Does the information specify...?"" then the answer is absolutely ""No."" There's nothing in the provided text that discusses that adoption. So, ""No, it does not specify"" is entirely supported by the context and is a complete answer. The key here is focusing on ""the information"". The context *literally* does not specify. This feels like a 5.


",Over-analyzed Question Semantics,"Model B overthinks the polar phrasing of the question ('Does the information specify...?') and rationalizes that because the document allows for a definitive 'No' answer, it provides value, failing to recognize that the document does not contain the actual historical information requested."
1114646,392985,1114646,"Antibiotics: Oral antibiotics are used to treat many skin conditions. Common antibiotics include dicloxacillin, erythromycin, and tetracycline. Antifungal agents: Oral antifungal drugs include fluconazole and itraconazole. These drugs can be used to treat more severe fungal infections. Terbinafine is an oral antifungal medicine that may be used to treat fungal infections of the nails. Antiviral agents: Common antiviral agents include acyclovir (Zovirax), famciclovir (Famvir), and valacyclovir (Valtrex). Antiviral treatments are used for skin conditions including those related to herpes and shingles.",0,0,1,N/A,N/A,Hallucinated Relevance,"The query consists solely of an arbitrary numeric identifier ('1114646') with no textual overlap or identifiable connection to the document's content on medical treatments for skin conditions. Model A correctly recognized the complete lack of relevance (0), while Model B erroneously assigned relevance (1), likely hallucinating a connection or failing to assign a zero score to completely unrelated content."
1124210,181171,1124210,(a) Conducting cells of the phloem (sieve elements) and accompanying companion cells form groups of cells that are separated by phloem parenchyma cells. This mosaic of cells is located between the cortex and xylem and capped by phloem fibres. Scale bar = 7.3 μm. (b) A longitudinal section through two sieve elements arranged end to end to form part of a sieve tube. Companion cells can also be seen.,0,0,1,N/A,N/A,Hallucinated Relevance,"The query is an opaque numeric string with no textual match or semantic connection to the botanical document about phloem cells. Model B likely assumed an implicit or spurious connection (such as an ID match), leading to a false positive score of 1, whereas Model A correctly identified the complete lack of relevance."
573724,8626954,573724,"Often an ignored side of the health triangle, even your social health can be affected by a large degree of stress. Think about it: Your social standing and income level can affect how stressed you are from time to time.",0,0,1,N/A,N/A,Failure to identify complete irrelevance,The query consists entirely of an arbitrary numeric identifier ('573724') with no semantic connection to the document about stress and health. Model B failed to recognize the absolute lack of relevance and incorrectly assigned a non-zero relevance score.
168216,8048971,168216,"Legionnaires' disease is a severe type of pneumonia, or lung infection. Learn about its symptoms, causes, treatment, and prevention. Legionnaires' disease is a severe type of pneumonia, or lung infection.",0,0,1,N/A,N/A,Hallucinated Relevance,"Model B assigned a non-zero relevance score to a document that has no discernible connection or contextual link to the arbitrary numeric query '168216', whereas Model A correctly recognized it as completely irrelevant."
168216,7835773,168216,"Atypical pneumonia: The meaning of this word is unfortunately multiple, and it changes depending on the context in which it is used. For example, atypical pneumonia is used by some medical personnel to mean mild or walking pneumonia, while others use it to describe pneumonia caused by Mycoplasma pneumoniae.",0,0,1,"**Assessing the Question's Answerability**

Okay, so I'm looking at this question: ""What specific virulence factors of *L. pneumophila* are implicated in pneumonia pathogenesis?"" and the provided context. My immediate assessment is that I need to determine if the given information is *relevant* to answering the question.

Let's break this down. The question's central focus is *Legionella pneumophila* and its virulence factors in pneumonia. However, reading the context, it quickly becomes clear that there's *nothing* mentioned about *L. pneumophila* or any of its virulence factors. The text discusses ""atypical pneumonia"" – a term that, as we know, has multiple and often vague definitions, ranging from mild infections to those caused by Mycoplasma. 

Given this complete lack of directly relevant information, I can definitively say that the question *cannot* be answered based solely on this context. It's a fundamental mismatch. Therefore, based on the principle of assessing relevance and completeness, my grade would absolutely be a 0.


","Here's my assessment of the situation:

**Evaluation of Question Answerability**

Alright, I need to figure out if the provided context actually helps answer the question about *L. pneumophila* and its virulence factors in pneumonia. The question is pretty specific, looking for the *specific* factors involved in pathogenesis. I'm going to quickly scan the context for anything mentioning *Legionella pneumophila* or, better yet, the actual virulence factors. Nope, I don't see it. This discussion seems to be about the broader term of ""atypical pneumonia,"" its nuances, including mild cases and the involvement of *Mycoplasma pneumoniae*. It's a completely different subject, really. Given this lack of relevant information, I have to conclude that the context *does not* provide any useful information for answering the core question. My grade for the question’s answerability based on this context? A solid zero. It's a non-starter.


",Score-Reasoning Inconsistency,"Model B's internal reasoning correctly determined that the document was completely irrelevant and explicitly concluded with 'A solid zero', but it failed in final score assignment and erroneously emitted a score of 1."
87181,1950531,87181,"A , Cardiology (Cardiovascular Disease), answered. Heart hypertrophy, also known as cardiac hypertrophy or a thickened heart, means that the muscle of the heart has thickened. One common cause is high blood pressure, which forces the heart to pump harder. This causes the heart muscle to become thicker and stiffer. Dr. Oz explains heart hypertrophy in this video.",0,0,1,N/A,N/A,Hallucinated Relevance,"The query '87181' is an ambiguous numeric code (likely a ZIP code or lab CPT code) with no relation to cardiology or heart hypertrophy. Model B hallucinated a connection or was overly permissive with an ambiguous query, assigning a score of 1 to a completely irrelevant document."
1037798,4436037,1037798,"ASTORIA, OREGON. Astoria sits on the tip of the Northwest Oregon coast at the mouth of the Columbia River. It is the oldest city west of the Rockies. John Jacob Astor’s fur traders followed Lewis & Clark there, and established the quaint maritime-based community which still exists today.",0,0,1,N/A,N/A,Hallucinated Relevance,"The query consists solely of an arbitrary number ('1037798') with zero lexical, contextual, or semantic overlap with the document about Astoria, Oregon. Model A correctly recognized that there is no relationship and scored it 0, while Model B hallucinated relevance or adopted an overly lenient threshold for an ungrounded numeric query."
359349,15799,359349,"How to Calculate the Area of a Trapezoid. A trapezoid is a quadrilateral with two parallel sides of different lengths. This means that both of these sides can be called a base, and that the trapezoid is unique in having two bases.If want to know how to calculate the area of a trapezoid, just follow these steps.Ad.ivide 147 cm 2 by 2 to get the final answer. 147 cm 2 /2 = 73.5 cm 2. The area of the trapezoid is 73.5. You have just followed the formula for finding the area of a trapezoid, which is [(b1 + b2) x h]/2.",1,1,2,N/A,N/A,Hallucinated Relevance,The query '359349' is an arbitrary number with no semantic or lexical connection to the document about calculating the area of a trapezoid. Model B incorrectly assigned partial relevance (score 2) instead of identifying the document as completely irrelevant (score 1).
915593,8178998,915593,"Sous-vide cooking involves cooking food in sealed plastic bags immersed in hot water for long periods of time. Depending on the cut, type, and thickness of the meat or the type of food in question, cooking sous-vide for several hours is not out of the ordinary. The key is managing the temperature of the water so it stays hot enough to cook the food thoroughly and evenly, and long enough to kill any food-borne pathogens that may be in the bag along with the food.",0,0,1,N/A,N/A,Hallucinated Relevance,"The query is an arbitrary numeric code ('915593') with zero topical connection to the document discussing sous-vide cooking. Model B incorrectly assigned a non-zero relevance score, likely due to a tendency to avoid predicting zero or finding spurious intent in an unrelated document."
168216,3463549,168216,"Pontiac fever typically develops within 24-48 hours while Legionnaires disease develops within a few days to a couple of weeks. According to the CDC, about 8,000 to 18,000 people are hospitalized with Legionnaires disease each year. The actual number of people affected by legionellosis is likely much higher as most cases of Pontiac fever and many cases of Legionnaires disease are thought to go undiagnosed.",0,0,1,N/A,N/A,Hallucinated Relevance,The query is an arbitrary numeric identifier ('168216') with no semantic or contextual connection to the medical text on Pontiac fever and Legionnaires disease. Model B failed to recognize the complete absence of topical overlap and erroneously assigned a positive relevance score.
168216,1090095,168216,Legionnaire disease can cause a massive pneumonia associated with collapse of the respiratory function. It can be an overwhelming and sometimes fatal illness. The disease was first identified as a sequel of the 1976 convention of the American Legion in some of the Legionnaires who had attended the convention.,0,0,1,N/A,N/A,Hallucinated Relevance,"The query consists solely of an arbitrary numeric identifier ('168216') that has zero lexical, semantic, or topical overlap with the passage about Legionnaire's disease. Model B failed to detect this complete lack of relation and erroneously awarded a positive relevance score."
1113437,4715377,1113437,"This Norway Spruce is located on the Fulufjaellet Fulufjället mountain Of dalarna province In sweden and was discovered by a professor Of Physical, Geography Leif. Kullman the tree has been Nicknamed Old tjikko after his. Dog The Old tjikko is is currently the oldest-single clonal tree in the world 9,550 9550 years. old",0,0,1,"**Evaluating the Context's Relevance**

Okay, so the task is to determine if the given question about ""persistent sterigmata"" on ""twigs"" can be answered based on this brief description of Old Tjikko, the ancient Norway Spruce. Let me quickly scan...nope, not seeing anything even remotely related to those terms. The context is all about the tree's location, discovery, age, and nickname – fascinating details for a dendrochronologist, but utterly irrelevant to the specific botanical features mentioned in the question.

Right, so the context provides *zero* information related to persistent sterigmata or twigs. Therefore, based on the provided instructions, the rating has to be a flat zero. The answer to the question simply cannot be found here, nor can it be inferred. The context does not address the question at all, so this is an easy decision.


","**Analyzing the Relevance of Information**

Okay, so the user's question is pretty specific: ""Are persistent sterigmata explicitly described on the twigs?"" My initial assessment is, can the information given to me actually *help* answer that? Let's break it down. We're talking about Old Tjikko, a Norway Spruce. We know its location, who discovered it, its nickname, and its age (which is impressive). We also know it's clonal. But, and this is the critical point, the text is *completely* silent on the crucial details: the twigs themselves, the presence or absence of persistent sterigmata, or *any* detailed botanical description of the twigs. Therefore, based on the provided text, there's absolutely no way to determine if the answer to the question is contained here. This looks like a definite zero.


",Score-Reasoning Inconsistency,"Model B correctly deduced in its chain of thought that the document contained no relevant information and concluded 'This looks like a definite zero', but inexplicably assigned a final score of 1 instead of 0."
168216,8048977,168216,"Legionnaires’ disease will usually start causing symptoms within 2 to 14 days after exposure to the bacteria. This period is called the incubation period. The symptoms of Legionnaires’ disease are similar to those of other types of pneumonia. The most common symptoms include: a fever above 104°F; chills; a cough, with or without mucus or blood",0,0,1,N/A,N/A,Hallucinated Relevance,"The query consists solely of an arbitrary numeric string ('168216') with no semantic connection to Legionnaires' disease. Model A correctly recognized that the document is completely irrelevant (0), whereas Model B hallucinated relevance or exhibited a false-positive bias by assigning a score of 1."
1117099,1687531,1117099,"Continental volcanic arcs are associated with what type of plate boundary? already exists. already exists as an alternate of this question. exists and is an alternate of. Do you plan to write a sequel to Salem's Lot? What plate boundary is not associated with volcanic eruptions? What is associated with a continental plate boundary? This type of ...his occurs above rising convection currents. b) Conver … gent Plate Boundaries: Convergent plate boundaries are locations where lithospheric plates are moving towards one another. The plate collisions that occur in these areas can produce earthquakes, volcanic activity and crustal deformation.",0,0,1,N/A,N/A,Hallucinated Relevance,The query consists solely of an unexplained numeric string ('1117099') that shares no context or textual overlap with the geology text provided. Model B incorrectly assigned a positive relevance score instead of recognizing the complete lack of relevance.
962179,4257876,962179,"Booth abandoned the conventional concept of a church and a pulpit, instead taking his message to the people. His fervor led to disagreement with church leaders in London, who preferred traditional methods. As a result, he withdrew from the church and traveled throughout England, conducting evangelistic meetings.",0,0,1,"**Evaluating the Question's Answerability**

Okay, let's break this down. The core of the issue is whether the provided text lets me determine when ""The Christian Mission"" officially became ""The Salvation Army."" My first step is to quickly scan the context for those specific terms. Nope, not seeing either of them mentioned. The passage describes William Booth's early ministry and divergence from traditional church structures, but it doesn't give any historical detail like the name change I'm looking for.

Therefore, since the context fails to provide any relevant information on the question, the question is unanswerable. My evaluation of its answerability based on the given text is a resounding zero. Given the instructions, I am choosing the option that says this.


","**Analyzing the Context: A Straightforward Evaluation**

Okay, so the user poses a question: does the given information specify *when* The Christian Mission officially became The Salvation Army? My first thought is to assess the context itself. I need to determine if it actually *mentions* either of those names, or any relevant details that might lead to a date. Scanning the provided text, I see no mention of ""The Christian Mission"" or ""The Salvation Army"". Therefore, it's immediately clear that the context is insufficient to answer the user's question. This is a simple case of the context being completely unrelated to the core of the query. Zero points, as the context is completely irrelevant.


",Score-Reasoning Inconsistency,"Model B correctly deduced that the context was completely irrelevant and explicitly stated it deserved 'Zero points', but inexplicably output a final score of 1, contradicting its own reasoning."
1124210,2753154,1124210,Metatracheal (or apotracheal) parenchyma is axial parenchyma independent of the pores or vessels and is a morphological character that distinguishes some birches and alders (partially diffuse xylem parenchyma) from their relatives such as oaks and chestnut trees (exclusively metatracheal parenchyma).,0,0,1,"**Analyzing the Context to Answer the Question**

Okay, so the question is ""Which primary vascular tissue type contains these cells?"" and I need to determine if the provided text gives me enough information. Let's see... the text mentions ""metatracheal parenchyma,"" ""axial parenchyma,"" ""pores or vessels,"" and ""xylem parenchyma."" Ah, *xylem*. That rings a bell; that's a primary vascular tissue. And the cells in question are described as ""parenchyma"" – specifically, metatracheal, axial, and xylem parenchyma. So, the text *does* explicitly mention ""xylem"" in the context of parenchyma (""partially diffuse xylem parenchyma""). Therefore, the answer to the question is *xylem*.

Can I confidently say the question is answerable from this information? Absolutely. The context directly points to xylem. The cells (parenchyma) are specifically described as being associated with this vascular tissue. I'd give this a solid 5. The answer is not just relevant; it's complete and accurate based on the text. So, the answer to ""Which primary vascular tissue type contains these cells?"" is unequivocally ""xylem."" Yep, a grade 5.


","**My Analysis of the Question**

Alright, let's break this down. The question's straightforward: ""Which primary vascular tissue type contains these cells?"" The key is identifying the specific cells in question, and thankfully, the context gives us a clear clue. I see mention of ""Metatracheal (or apotracheal) parenchyma,"" immediately linking it to the xylem in some way. This is described as ""axial parenchyma independent of the pores or vessels,"" and it also tells me that this is a morphological characteristic used to distinguish some species, specifically birches and alders.

It's pretty clear where we're going with this. The context directly connects the parenchyma to the xylem, mentioning ""diffuse xylem parenchyma"" and vessels (pores). So, it's not a stretch to conclude the cells are part of the xylem. That's the primary vascular tissue type we're dealing with here. Simple. The answer has to be xylem.


",Hallucinated Query,"Both models hallucinated a biology question ('Which primary vascular tissue type contains these cells?') instead of evaluating the actual query '1124210'. However, Model B followed through on this hallucination by awarding a positive relevance score of 1, whereas Model A correctly retained/output a relevance score of 0."
1124210,2075641,1124210,Xylem and Phloem are the vascular tissues of plants. Xylem is the plant tissue that form the vessels that transport water and mineral salts absorbed from the soil to plant cells. Phloem is the plant tissue that forms the vessels that transport dissolved sugar from the leaves (where it is produced via photosynthesis) to other plant cells.,0,0,1,N/A,N/A,Hallucinated Relevance,"The query consists solely of an arbitrary numerical string ('1124210') with no semantic connection to the passage about plant vascular biology. Model A correctly recognized the complete lack of relevance and assigned a score of 0, whereas Model B hallucinated topical relevance or defaulted to a positive score for an irrelevant document."
1113437,3518300,1113437,"Sitka spruce, (Picea sitchensis,) known also as tideland spruce, coast spruce, and yellow spruce, is the largest of the world's spruces and is one of the most prominent forest trees in stands along the northwest coast of North America. Alaska didn't become a state, officially, until 1959. House Bill No. 325 proposed the Sitka spruce, the most valuable tree species in Alaska, as the official state tree of Alaska.",1,1,0,N/A,N/A,Unrecognized Query Identifier,"The query consists solely of a numeric identifier ('1113437', typically a benchmark query ID representing a question about Alaska's state tree). Model B judged relevance purely on literal lexical and semantic matching against the numbers, resulting in a false negative score of 0, whereas Model A recognized or maintained the underlying benchmark relevance of the document."
962179,2978869,962179,"The Salvation Army began its work in Canada in 1882, just fifteen years after Confederation, and quickly began giving hope to those in need in this country and around the world. The first open-air ‘meetings’, or worship services, were held in Toronto in January, 1882, and in London, Ontario, five months later.",0,0,1,N/A,N/A,Spurious Relevance,"Model B assigned relevance to a document that has no semantic or lexical connection to the arbitrary numerical query, likely hallucinating a link or defaulting to an overly permissive non-zero score."
168216,6335248,168216,"In others, temperature regulating valves at the domestic hot water source are either malfunctioning or missing altogether. Water heaters are normally set to temperatures above 131°F (55°C) to prevent development of harmful bacteria, such as Legionella, in the water supply. Water at temperatures above 106°F (41°C) are painful. At a temperature of 131°F (55°C), a child can be scalded in less than 4 seconds.",0,0,1,N/A,N/A,Hallucinated Relevance,The query is an isolated number ('168216') with no connection to the document's content regarding water heater temperatures and scald hazards. Model B failed to recognize the complete lack of relevance and incorrectly assigned a positive score.
146187,1131101,146187,"Some last meal requests in Texas - not all fulfilled. 1  John Wheat, 13 June 2001: Liver and onions, mashed potatoes and gravy, whole milk. 2  Jack Clark, 9 January, 2001: Jar of Polish pickles, wedge of cheese, tossed salad with Italian dressing, cheeseburger, French fries with ketchup, grape juice.",0,0,1,N/A,N/A,Spurious Relevance,"The query is an arbitrary numeric string with no apparent presence or connection to the document. Model B erroneously awarded a relevance point despite the complete absence of matching entities, keywords, or contextual links."
1113437,8162984,1113437,"Blue spruce. The blue spruce, green spruce, white spruce, Colorado spruce, or Colorado blue spruce, with the scientific name Picea pungens, is a species of spruce tree. It is native to the Rocky Mountains of the United States.",0,0,1,"**Evaluating the Context's Relevancy**

Okay, so I've got this question: ""Are persistent sterigmata explicitly described on the twigs?"" and a provided context about the blue spruce. My immediate thought is, let's see if the text actually addresses those key elements – ""sterigmata"" and ""twigs"". I'm scanning... nothing. Not even a mention of the structures or morphology that would suggest such a description. This is pretty clear-cut. Based on this information alone, it's a definite no. I can't derive an answer; the context doesn't even touch the subject. Therefore, a score of 0 is the only justifiable response here. The question's a non-starter in this case.


","Okay, here's my assessment of that situation, presented as if I'm thinking it through myself:

**Regarding the Query about Blue Spruce Sterigmata**

Right, let's break this down. The provided context offers the fundamental details about *Picea pungens*: the common name, the scientific name, and its general native region. It's essentially a basic introduction. Now, the query itself is quite specific. It asks if there's an *explicit* description of ""persistent sterigmata"" on the twigs.

Hmm, ""sterigmata""… that's quite a specific botanical term, related to leaf attachment points on the stem. And ""twigs"" is pretty clear - the smaller, younger branches. However, the context is very, very shallow. It doesn't delve into any morphological details whatsoever. I see no mention of ""sterigmata"", nor any discussion of twigs or their characteristics. There's not enough here to even begin to address that particular aspect of the blue spruce's morphology. The provided information is simply inadequate.

Therefore, the question, as posed, can't be answered using this limited context. The information needed is just not here. And that's not to say there's any wrongness in the prompt, there's just not enough in the provided context for a useful answer.


",Score-reasoning misalignment,"Model B correctly deduced that the document completely lacked the necessary morphological details to answer the query, concluding the text was entirely inadequate. However, it contradicted its own reasoning by assigning a score of 1 instead of 0, likely giving undue credit for sharing the broad entity topic (blue spruce)."
168216,1181393,168216,"Erythromycin belongs to the class of medications known as macrolide antibiotics. It is used to treat infections caused by certain types of bacteria. It is most commonly used to treat the following: lower respiratory tract infections such as pneumonia, whooping cough, diphtheria, and Legionnaires' disease.",0,0,1,"**Grading the Question: Virulence Factors of *L. pneumophila***

Okay, here's the deal. I've been tasked with assessing whether the question ""What specific virulence factors of *L. pneumophila* are implicated in pneumonia pathogenesis?"" can be answered based on the provided text. My initial thought is, this seems straightforward, and I can quickly determine the answer.

I've reviewed the provided context, and it's clear: it's all about Erythromycin, its classification as a macrolide antibiotic, and the conditions it's used to treat. While the text mentions ""pneumonia"" and even ""Legionnaires' disease,"" which is caused by *L. pneumophila*, there's absolutely nothing in here about the *specific* virulence factors of the bacterium itself. Absolutely nothing. It doesn't discuss any of the proteins, enzymes, or mechanisms that *L. pneumophila* uses to cause infection or the pathogenesis of the disease. That’s missing completely.

Therefore, the answer is a resounding ""no."" The necessary information just isn’t present. The context provided doesn't even begin to address the question of virulence factors or their role in pneumonia. The response must be a ""0,"" as the answer is not at all relevant or complete.


","**Assessing the Context's Relevance**

Okay, so I'm trying to figure out if this text snippet can help me understand the specific virulence factors of *Legionella pneumophila* involved in pneumonia pathogenesis. My question is laser-focused: what *specifically* makes this bug so nasty? The text is claiming erythromycin is a macrolide antibiotic used to treat lower respiratory infections, including pneumonia, and a few other things.

But does it say *anything* about the mechanisms of *L. pneumophila*’s attack? Does it delve into the specific proteins, enzymes, or strategies the bacteria employ to cause disease? Nope. Not a peep. All this talk about erythromycin and the infections it treats is completely irrelevant to my core question. This is a big zero. This text is not going to provide the answer I seek.


",Score-Reasoning Contradiction,"Model B correctly deduced in its reasoning that the text was completely irrelevant ('This is a big zero'), but then contradicted itself by outputting a final score of 1 instead of 0."
1113437,7377275,1113437,"Differences Between Spruce & Fir Trees. Spruce and fir trees are biologically close cousins that belong to the family of evergreens known as conifers, or cone-bearing trees. Both species inhabit northern or high-altitude regions where the weather is typically cold during winter. At one time both species were referred to as fir trees.",1,1,0,"Here's the summary, framed as your internal thought process:

**Assessing Contextual Relevance**

Okay, the user's question is ""Are persistent sterigmata explicitly described on the twigs?"" I need to evaluate the provided context to see if it offers any information relevant to this question. Right off the bat, I recognize that the context is a very general comparison of spruce and fir trees. It discusses their biological similarities as conifers, their typical habitats, and historical naming conventions. However, critically, *neither* ""persistent sterigmata"" *nor* ""twigs"" are mentioned even in passing. Therefore, it's impossible to derive any definitive answer, or indeed any relevant information at all, from this brief text snippet. My assessment has to be that this context is entirely irrelevant to the core question. The evaluation should result in a score of zero, essentially that attempting to answer the question based on this text is not possible because the pertinent terms are not present in the content.


","Okay, here's my take on those thoughts, tailored for an expert audience like yourself:

**Analyzing the Spruce and Fir Inquiry**

Alright, let's break this down. We're dealing with a query concerning persistent sterigmata on spruce and fir twigs. My initial assessment is straightforward: the provided context is woefully inadequate. It's essentially a general overview of these *Abies* and *Picea* relatives – climate preferences, basic nomenclature, nothing particularly detailed. We're talking generalities, not specific anatomical features.

The real issue is the direct comparison with the query. The question specifically asks about the presence and description of persistent sterigmata on the twigs. While I know that persistent sterigmata are important diagnostic characters in conifer identification, and can be used to separate Spruce from Fir, the text provides absolutely *zero* information related to that topic or even any discussion of twigs.

Therefore, as it stands, any attempt to answer the question, based solely on this limited context, would be pure speculation, or, at best, a complete misunderstanding of the query. Without that detailed information, the best I can give it is a big, fat zero. We need a more in-depth resource to even begin to address this particular question.


",Overly Strict Relevance Threshold,"Model B applied an all-or-nothing standard, giving a score of 0 because the document lacked specific anatomical details (persistent sterigmata on twigs), failing to award partial relevance (score 1) for the passage's broader topical discussion on distinguishing spruce and fir trees."
1124210,7942808,1124210,"Solute Transport in the Xylem. 1  Some solutes are transported in the xylem. 2  Water and dissolved ions are the main substances in vessels/tracheids. 3  These materials are transported via transpiration stream. 4  Xylem sap may also contain organic materials, usually in relatively low concentration (with a notable exception being maple sap in the spring 5  ... S Thus, plants transport substances in the phloem downward toward the roots. ( 2 2) Sophisticated girdling experiments, using tracers like 32P, 13C, and 14C demonstrate that substances in the phloem are transported downward towards the roots OR upwards toward the shoot meristem. 3  See data on overheads.",1,1,0,"**Grading the Context's Suitability**

Okay, let's break this down. My goal is to determine if the given context is suitable for answering the question: ""Which primary vascular tissue type contains these cells?"" Right off the bat, I see a bit of ambiguity. The question's key phrase, ""these cells,"" is undefined. I need to figure out what those cells are referring to. The context mentions ""Solute Transport in the Xylem,"" ""vessels/tracheids,"" and then the phloem.

The obvious inference is that ""these cells"" relates to either vessels or tracheids. Given the context's section title and the mention of xylem, the connection is pretty straightforward. The question is specifically about ""primary vascular tissue type,"" which means I'm looking for a tissue type. The context is mentioning ""Solute Transport in the Xylem"", ""vessels/tracheids"".

The context goes on to provide supporting information and it states that ""Water and dissolved ions are the main substances in vessels/tracheids."" (vessels/tracheids are cells in the xylem and the text is under ""Solute Transport in the Xylem"").

So, can the question be answered? Yes, because the context states vessels/tracheids are in the xylem. The only possible confusion is the ambiguity of ""these cells"".

Given that, if ""these cells"" is clarified as vessels/tracheids, which is *likely* the intention given the dataset's conventions (and based on how such questions are typically designed), the answer is Xylem, and it's explicitly supported by the context.

I'm leaning towards assigning a score of 5 for this context's suitability. If ""these cells"" is entirely undefined, then I might have to go with a lower score (4 or 3), but typically in these sorts of problems, the ambiguity is addressed using the context. Let's stick with 5 for now.


","Here's my analysis of the query, presented as a personal reflection:

**Evaluating the Ambiguity in a Botanical Question**

Okay, so the question is a bit sloppy, to be honest. It's asking about a primary vascular tissue type and ""these cells."" My immediate reaction is, ""Which cells *exactly* are we talking about?"" The question's a bit of a train wreck because ""these cells"" is a demonstrative that is disconnected from the referent. I have to parse the context, and it mentions vessels and tracheids, clearly pointing toward xylem. But without a direct link, I can't be sure if that's what's intended.

Ultimately, I'm stuck: the question is fundamentally incomplete. ""These cells"" lacks a clear antecedent within the query itself. I'm being asked to determine the vascular tissue of a cell which has not been defined in the question. Thus, I've got to give it a zero. The question as it stands is unanswerable.


",Excessive Strictness Regarding Query Ambiguity,"Model B excessively penalized the query for containing an undefined demonstrative reference ('these cells') without an antecedent, declaring it fundamentally unanswerable and assigning a 0. In contrast, Model A pragmatically inferred from the context that 'these cells' referred to vessels/tracheids and correctly identified that the passage provides the answer (xylem)."
1133167,4212709,1133167,"Expect perfect tropical weather if you plan to visit Martinique in the month of April. Rainfall is slight (with only 3 inches of precipitation) and temperatures are perfect, with an average low of 73 degrees Fahrenheit and an average high closer to 84 degrees.8.0. During the early morning hours of an average April day on Martinique, you can expect the temperature will be in the vicinity of 79.1 degrees. In April, temperatures typically rise to around 84.0 degrees by early afternoon.",0,0,1,N/A,N/A,Hallucinated Relevance,"The query consists solely of an arbitrary number ('1133167') with no topical connection to the document about Martinique's weather. Model B incorrectly assigned marginal relevance to an entirely unrelated document, failing to recognize a complete lack of relevance."
1133167,5990516,1133167,"February brings some of the year's best weather to the Caribbean. This is an ideal time to escape northern winters for a warm beach vacation on the tropical islands. Temperature. The days during February usually get pleasantly hot at all the Caribbean's cities and beaches. At the coolest cities Havana, Cuba and Nassau, Bahamas, the temperature stays only a few degrees lower than at places farther south. The ocean averages 79 degrees Fahrenheit around most islands in February. In the Bahamas, the water's a degree or two cooler. Rainfall. Caribbean weather in February is typically dry. This is usually the month of lowest rainfall for islands in the eastern Caribbean.",1,1,0,N/A,N/A,Mishandling Malformed/ID Query,"The query consists solely of an ID number ('1133167'), likely a malformed input or unmapped benchmark query ID. Model B strictly evaluated semantic overlap and scored it as completely irrelevant (0), whereas Model A aligned with human ground truth by either tolerating the corrupted query format or matching benchmark expectations."
183378,7449746,183378,"Introns are required for the specific modification of some exon sequences. ADAR enzymes, adenine deaminases that act on RNA, convert adenosine to inosine (A-->I) in dsRNA. Intramolecular base pairing between the exon in a complementary sequence in an intron forms a substrate for the ADARs.",0,0,1,N/A,N/A,Hallucinated Relevance,"Model B likely inferred or hallucinated an unverified association between the numeric query identifier ('183378') and the biological topic of RNA editing and ADAR enzymes, whereas Model A correctly recognized that the document provides no relevant connection to the query."
1113437,8336306,1113437,"Visit our tree of the week selection to see descriptions and photos of many of the trees that we carry. Choose from thousands of high quality full size evergreen trees grown at Trim Pines Farm: 6 varieties of pine, 6 varieties of spruce and 7 varieties of fir.",0,0,1,"**Analyzing the Context for Relevant Information**

Okay, so the question is whether the provided context tells us anything about ""persistent sterigmata explicitly described on the twigs."" My initial assessment is a resounding no. The context – essentially a product description for trees – focuses on the *types* of trees (pine, spruce, fir) and their availability, but doesn't delve into any specific botanical characteristics like sterigmata.

Let me confirm that: the prompt asked if the question *can* be answered. Since there's no mention of that specific trait, the answer is ""no"".

Therefore, in this scenario, the grade must be a 0. The context is completely irrelevant to the question's core. The answer is unanswerable with the supplied data.


","Here's my assessment of the situation:

**Analysis of Question Relevance to Provided Context**

Okay, so the question is whether the provided text explicitly describes persistent sterigmata on twigs. Let's see... the context is about Trim Pines Farm, which seems to focus on trees for sale – pine, spruce, fir, that kind of thing. It's talking about different varieties and a ""tree of the week"" presentation. I've read through it carefully, and... nope. Not a single mention of twigs, let alone anything about sterigmata, persistent or otherwise. The level of detail needed to answer that question simply isn't present in the context. Therefore, the context is completely irrelevant to the question. It's a clear miss.


",Score-Reasoning Contradiction,"Model B's internal reasoning correctly concluded that the text was completely irrelevant and a 'clear miss,' but it failed to map this conclusion to the appropriate numerical rating, erroneously outputting a score of 1 instead of 0."
1114646,1576677,1114646,These valacyclovir uses include: 1  Treating shingles. 2  Treating cold sores. 3  Treating genital herpes. 4  Treating chickenpox. 5  Preventing recurrent genital herpes outbreaks. 6  Decreasing the spread of herpes to sexual partners.,0,0,1,N/A,N/A,Hallucinated Relevance,"The query consists entirely of an unexplained numerical ID ('1114646') with zero textual or topical connection to the document regarding valacyclovir uses. Model B likely assumed an ungrounded association or failed to assign a zero score to an entirely unmatchable, irrelevant document."
1133167,6504576,1133167,Weather Averages and Climate in US Virgin Islands. The US Virgin Islands have a tropical climate. Temperatures throughout the year are between 25 and 30 degrees Celsius (77-86° Fahrenheit). In August and September hurricanes may occur.,0,0,1,"**Analyzing the Information and Assigning a Relevance Score**

Okay, so the task is to determine if I can answer the user's question, ""Are any active severe weather advisories issued?"" given the provided context. Let's see... the context offers some general climate data about the US Virgin Islands: tropical climate, typical temperatures, and the potential for hurricanes in August and September. *That's* the key. There's nothing in there about *current* advisories, severe or otherwise. It's all historical and descriptive.

Therefore, the user's question, as specific as it is, simply *cannot* be answered with the given information. The context is completely silent on the presence or absence of any *active* advisories.

Given the prompt's instructions about scoring, and recognizing the context's complete lack of relevant details, the appropriate score, or rather, the ability of this text to help answer the question, has to be a resounding zero. The information is simply not present. There's no relevant information at all, so that's a ""0"".


","**Analyzing the Information for Real-Time Severe Weather**

Okay, so the user's question is straightforward: Can I determine if there are any active severe weather advisories based on this provided context? Let's break this down. The context talks about the US Virgin Islands, mentioning their tropical climate and temperature ranges. It also alludes to the possibility of hurricanes during August and September. However, this is all historical and average climate data. It describes *potential* weather conditions, not *current* ones. My understanding is that ""active severe weather advisories"" requires *real-time* information. Since this context doesn't offer any such real-time or current data points, the answer is a definitive no. There's just no way to determine current alerts from averages and historical information. It's a clear miss – a score of zero is accurate here.


",Score-Reasoning Discrepancy,"Model B's chain of thought correctly concluded that the text lacked relevant information and explicitly stated 'a score of zero is accurate here', but it erroneously emitted a final score of 1 instead of 0."
168216,5024314,168216,"Legionnaires' disease can have symptoms similar to pneumonia (lung infection), therefore it can be hard to diagnose at first. Signs of Legionnaires' disease can include cough, shortness of breath, high fever, muscle aches, and headaches. These symptoms usually begin 2 to 10 days after being exposed to the bacteria.",0,0,1,N/A,N/A,Hallucinated Relevance,"The query is an isolated numeric string ('168216') with no semantic relation to the document about Legionnaires' disease. Model A accurately assigned a score of 0, whereas Model B exhibited an over-generous evaluation threshold, falsely identifying marginal relevance where none exists."
1124210,4535489,1124210,"Flagellated sperm, xylem with tracheids, separated gametophyte and sporophyte generations with the sporophyte dominant, and no seeds. This plant is most closely related to",1,1,0,N/A,N/A,Failure to Handle Identifier Query,"Model B likely failed to recognize the numerical string '1124210' as a dataset question/document identifier, treating it as uninterpretable noise with no lexical or semantic overlap to the document text, whereas Model A correctly preserved relevance for the matched ID."
1063750,8640242,1063750,"YES, the US should enter WWI because of German actions made during this time. The US made the right call by entering WWI. After the Lusitania was sunk, and thousands of American lives were lost, America had no other choice. Then the Germans sent the Zimmer telegram which told Mexico to attack the US.",1,1,0,N/A,N/A,Strict Semantic Matching on Query Artifact,"The query is an opaque numeric identifier ('1063750'), likely a dataset artifact or ID lookup. Model B strictly evaluated semantic and lexical overlap between the number and the document text, concluding zero relevance, whereas Model A matched the human label by accommodating the ID-based query."
1117099,7235168,1117099,Convergent boundaries are the place where two tectonic plates converge (i.e. two plates move toward each other). These zones tend to be where compressional stresses are active and this results in thrust or reverse faults being common. Converging plate boundaries are of two types:,0,0,1,N/A,N/A,Spurious Relevance Attribution,The query consists solely of an arbitrary number ('1117099') with zero semantic or factual relation to the geological passage about tectonic boundaries. Model B inappropriately awarded a relevance score of 1 instead of recognizing complete irrelevance (0).
146187,4777147,146187,"McDonald’s may have scaled back their Dollar Menu recently, instead replacing it with the “Dollar Menu & More” menu, which includes items that cost up to two dollars, but thankfully their breakfast Dollar Menu remained unaffected, and you can still get a handful of McDonald’s breakfast items for a buck.",0,0,1,"**Analyzing the Context for Relevance**

Okay, so the core question is whether the provided text tells us how many cheese slices come with a specific item. I need to carefully examine the context to determine if it explicitly provides this detail. Let's see... the text discusses McDonald's menu changes, specifically the Dollar Menu and the breakfast items on that menu. Hmm, interesting...

But does it say *anything* about cheese slices? No, not a word. The context focuses on the price and the existence of certain menu items, but there is nothing about cheese. Therefore, the question cannot be answered. Since the context fails to provide any relevant information, the appropriate score would have to be a 0, as the answer is neither relevant nor complete.

Right, the prompt is about the ability to *answer* the question based on the context, so a score of 0, meaning that the question cannot be answered at all, is the correct response.


","**Analyzing the Dollar Menu Inquiry**

Okay, here's what I'm thinking. The core of the issue is whether the provided text about the McDonald's Dollar Menu tells us how many cheese slices are in each menu item. The text, as I read it, doesn't mention cheese or the specific number of cheese slices *anywhere*. 

So, initially, my instinct is to say definitively, ""No, it doesn't specify."" But I need to be precise. The criteria here focuses on context relevance and question answerability – standard RAG triage. 

Ultimately, my assessment comes down to this: *Can* the question be answered based on what's available? The answer is a clear ""No."" The text is completely silent on the topic of cheese slices. Therefore, the relevance score, in this context, is 0.


",Score-Reasoning Discrepancy,"Model B's chain of thought correctly deduced that the text provided no relevant information and explicitly concluded that the relevance score should be 0, but it erroneously emitted a final score of 1, resulting in an internal inconsistency between its reasoning and output."
1133167,7195802,1133167,"Get Negril, Jamaica typical February Weather including average and record temperatures from AccuWeather.com",1,1,0,"**Evaluating the Question's Relevance**

Okay, so the task is to figure out if I can determine if any active severe weather advisories are in effect given this provided context: ""Get Negril, Jamaica typical February Weather including average and record temperatures from AccuWeather.com"". My initial assessment is that this is a non-starter. The prompt specifically asks for February weather data from AccuWeather.com, focusing on averages and records. It makes *no* mention of severe weather advisories whatsoever. No warnings, no watches, nothing. Therefore, the information needed isn't here. This question is completely unanswerable based on this limited context. Considering the lack of any relevant information, a grade of 0 is the only logical choice – the provided context is entirely irrelevant to answering the question about severe weather advisories.


","Okay, here's my assessment of the situation:

**Zeroing In on the Data Deficit**

Alright, I've got a straightforward problem here. The prompt is asking about severe weather advisories in Negril, Jamaica, and my data source – the provided text – is entirely unhelpful. All it offers are average February temperatures and some record highs and lows. That's good for understanding the typical climate, sure, but it's completely irrelevant to the question of *active* severe weather warnings. It's a classic case of failing to meet the information requirement. I can't even begin to infer anything about current advisories from this limited data. My analysis has to be: there is no information available. Consequently, the grade is a solid zero.


",Hallucinated Requirement,"Model B evaluated the document against an entirely hallucinated criterion (active severe weather advisories) rather than the actual query intent regarding typical February weather in Negril, Jamaica, leading it to incorrectly score the relevant document as 0."
146187,5590506,146187,"McDonald’s Southwest Crispy Chicken Salad: 480 Calories, with 24 grams of fat. McDonald’s Bacon McDouble Cheeseburger: 440 Calories, with 22 grams of fat. The reason that the salads are so unhealthy is due to the fact that they come with a lot of high calorie foods. First off, the salad comes with a very high fat dressing.",0,0,1,"**Analyzing the Context for Cheese Slice Information**

Okay, so the prompt wants me to figure out if this given text snippet tells me how many cheese slices are in each menu item. Let me see, the context is talking about the calorie and fat content of a McDonald’s Southwest Crispy Chicken Salad and a Bacon McDouble Cheeseburger, and then it goes on about why the salad is ""unhealthy"" because of its high-calorie dressing. Hmm, nothing about the number of cheese slices there.

My assessment is that the context is *not* providing the answer. The question specifically asks about a number, and that number isn't present in this information at all. Therefore, since I can't derive the number of cheese slices, the question cannot be answered based on the provided text.

Now, let's look at the possible answer choices. ""0: The answer is not relevant or complete at all"" sounds like the most accurate choice here. Since the context doesn't have the data, the appropriate score would be a zero.


","**Analyzing the Cheese Slice Question**

Okay, so the user's question is: ""Does it specify the number of cheese slices per item?"" My initial reaction is, looking at the context – calories, fat, McDonald's menu items, dressings – the number of cheese slices isn't *mentioned* anywhere. Not directly, not indirectly, nothing.

So, in the typical rubric evaluation scenario I'm used to, if the context doesn't explicitly provide the answer or if the question is ""Does it specify..."", the immediate response is a straightforward ""No, it doesn't specify."" But this time, it's asking if I can *answer* the question based on the context. Okay, so that's a subtle distinction to be aware of. The question ""Does it specify..."" can literally be answered with ""No"", even though what's actually asked is the ability to answer the question, as per the evaluation guidelines. I need to keep that in mind.

Wait a second, let me re-read the scale again. *Deep breath.* 0: The answer is not relevant or complete at all. Aha! The context completely lacks information about the number of cheese slices. Therefore, it is *not relevant* to the question. The information is *not complete* since it offers no information regarding the question. So, the appropriate score, based on that 0-5 scale, *has* to be a 0. I will score the context as zero.


",Reasoning-Output Discrepancy,"Model B's internal reasoning correctly deduced that the context had no relevant information and explicitly concluded that the score should be 0 ('I will score the context as zero'), but failed in the final execution step by outputting a score of 1 instead."
1133167,4625148,1133167,"The Negril, Jamaica climate guide is perfect for planning your holiday. Monthly weather averages give the best indication of what the weather is usually like for every month of the year including figures for temperature, rainfall and sunshine.",1,1,0,"**Evaluating the Context's Utility**

Okay, let me break this down. The question posed is whether we can determine if any active severe weather advisories are in effect. My task is to judge whether the provided context – a description of a climate guide for Negril, Jamaica – allows me to answer that question.

The context describes a resource that details *average* monthly weather conditions: temperature, rainfall, and sunshine. That's all historical data, long-term trends. It's designed for holiday planning, giving a sense of what to expect over the long haul. Critically, there's no mention of *current* conditions, *active alerts*, or anything related to immediate severe weather warnings.

Therefore, as an expert in information retrieval, I can definitively say that the context is completely inadequate for answering the question. It’s entirely irrelevant to the task. My score for ""Can the question be answered..."" is a firm zero. It's a non-starter.


","Here's my assessment of the situation:

**Analysis of the Query Regarding Active Severe Weather Advisories**

Okay, so the user's asking a pretty straightforward question: ""Are there any active severe weather advisories issued?"" My task is to determine if the given context allows for a definitive ""yes"" or ""no"" answer. Let's break it down.

The context provided is all about monthly weather averages for Negril, Jamaica – we're talking temperature, rainfall, and sunshine, all typical factors for holiday planning. I need to figure out if that particular context can give a definitive answer. Does the context contain any mention, even indirectly, of current severe weather alerts? The answer is a clear ""no."" The discussion centers exclusively around long-term averages, not real-time conditions or warnings.

Therefore, given the presented context, I'm forced to conclude that the original question *cannot* be answered. It's a fundamental lack of relevant information. My grade reflects this definitive inability to address the query. I have to assign a 0.


",Hallucinated Query,"Model B evaluated the document against a hallucinated query concerning 'active severe weather advisories' rather than the provided input, strictly penalizing the document for lacking real-time alert data and regressing to a score of 0."
156493,7768645,156493,"Growth temperature from 5-15 ºC to 40-50 ºC. Optimum growth temperature 28–30 ºC. Aerobic, do not grow anaerobically. Grow in 2%, 5% & 7% NaCl.",0,0,1,N/A,N/A,Hallucinated Relevance,The query consists solely of an arbitrary numeric identifier ('156493') that shares no lexical or semantic overlap with the document describing microbial growth characteristics. Model B hallucinated relevance or applied an overly permissive baseline score where there was zero connection.
264014,2810700,264014,"Generally speaking, 65-80 degrees Fahrenheit with 75-85 percent humidity is the ideal temperature range for growth and reproduction of fleas. All they need is a warm place in which to settle and lay their eggs. For the majority of pet owners who keep their homes at a consistently warm temperature throughout the winter season, this can mean that a flea population, once settled indoors, can remain active all year long.",1,1,0,N/A,N/A,Literal Query Interpretation,"The query is an unmapped benchmark query ID ('264014') rather than natural language text. Model B took the numeric query literally and scored it 0 due to the absence of the number in the text, failing to recognize or preserve the dataset ground-truth association that Model A maintained."
489204,2268657,489204,"Some women develop serious complications during pregnancy that cause different types of pain. If you have pelvic pain that's coupled with certain symptoms, such as fever and bleeding, be sure to call your doctor right away. Here are the more serious causes of pelvic pain during pregnancy. Miscarriage.",0,0,1,N/A,N/A,False Positive on Irrelevant Query,"The query '489204' is an arbitrary numerical string with no semantic or contextual connection to the medical text about pregnancy complications. Model B exhibited excessive leniency by assigning a non-zero relevance score to a completely unrelated document, whereas Model A correctly scored it as 0."
146187,32195,146187,"How to Cook a Cheeseburger. Community Q&A. Cheeseburger is a traditional, American favorite. It can be grilled, fried, or oven baked, and purchased at almost any corner or fast-food restaurant. For a tasty treat, try a homemade cheeseburger.",0,0,1,"**Evaluating the Question's Answerability**

Okay, let's break this down. The core of the issue is whether the provided text, which describes cheeseburgers in a general sense, answers the question: ""Does it specify the number of cheese slices per item?"" My initial instinct, based on a quick scan, is no. The context talks about cooking methods and availability, but not specific ingredients quantities.

This is a yes/no question, so if the answer is definitively ""no,"" that should be a complete answer based on the information given. I have confidently reached this conclusion through simple inspection. It's safe to say the context doesn't specify the cheese slice count. Should this warrant a grade of 5?

Hmm, let me think more critically. Am I interpreting the question correctly? Usually, when a question is asking ""Does it specify X?"", and the answer is ""No,"" based on a close reading of the text, that's a perfectly valid and accurate response. The absence of information *is* information in this case.

What if ""Can the question be answered"" implies we need to *find* the number, not just state that it's present? If so, the answer is 0. But the question is quite literal: ""Does it specify?"" It's not a request to *derive* the number from the text. This is important to distinguish.

Back to the primary question ""Does it specify...?"" I can answer this question precisely: ""No, it does not."" It's a clear ""no."" Looking at this from the perspective of prior knowledge, these types of yes/no questions, when answering what is (or is not) present in a text, typically warrant a '5' when the answer is complete and accurate.

Considering all this, a 5 seems appropriate. ""Does it specify..."" and the answer is a clear ""no"" -- this is highly relevant, and complete and accurate. I'm going to assign a 5.


","**Analyzing the Cheese Slice Inquiry**

Okay, here's the deal. The core question is whether the provided text *explicitly* states how many cheese slices are in each item. The context, which is about cheeseburgers in general and their cooking, doesn't get into that level of detail at all. It's really more about the process.

Now, I paused to consider if the question itself can even be answered directly. My initial response was a quick, ""No, it doesn't specify."" But then I took a beat and thought, did the question mean ""What is the number of cheese slices?"" or was it a literal ""Does it say...?"" Usually, in evaluations like this, the goal is to assess whether *the context* has the necessary information, right? So, if the information isn't present, the answer is no and the answer must be zero.

Then, it hit me: the text doesn't even MENTION cheese slices. It's completely irrelevant to the question! That seals it. The context offers zero relevant information. Therefore, the answer is a score of zero.


",Output Inconsistency,"Model B explicitly concluded in its reasoning that the document had zero relevance and stated 'Therefore, the answer is a score of zero', but then erroneously assigned a score of 1 in its final output."
87181,7697583,87181,"There are many types of cardiomyopathy, with different causes. Dilated cardiomyopathy is a condition in which the heart becomes weak and the chambers get large. As a result, the heart cannot pump enough blood out to the body. It can be caused by many medical problems. Hypertrophic cardiomyopathy (HCM) is a condition in which the heart muscle becomes thick.",0,0,1,N/A,N/A,Hallucinated Relevance,"Model B assigned non-zero relevance to a completely unrelated document. The numeric query '87181' shares no conceptual or semantic overlap with the medical text explaining cardiomyopathy, which Model A correctly identified as irrelevant."
156493,8277657,156493,"What size is the biggest Oscar fish? Answer: Oscars can grow up to 16 inches (40.64 cm) in length, weighing up to 3.5 pounds (1.58 kg). Always provide them with a large enough tank to grow out. When are Oscars mature enough to lay eggs?",0,0,1,N/A,N/A,Hallucinated Relevance,"The query consists solely of an arbitrary number ('156493') that bears no relation to the document content about Oscar fish. Model B incorrectly assigned a non-zero relevance score, likely due to overly lenient scoring behavior or hallucinating a potential connection where none exists."
168216,4245222,168216,"Transmission of Legionnaires' disease from Person to Person. Legionnaires' disease is considered infectious but is not transmitted from person to person. Generally, a disease like this is caused by an infectious agent and not spread between people. Legionnaires' disease, although infectious, is not a genetic disease.",0,0,1,N/A,N/A,Hallucinated Relevance,"The query consists entirely of an uncontextualized numeric identifier ('168216') that has no apparent connection or match to the document regarding Legionnaires' disease. Model B improperly assigned positive relevance to a completely unrelated document, whereas Model A correctly identified the lack of relevance and scored it 0."
183378,2272251,183378,"He argues against attempts to splice different genres or species of literature into a single composition. To remove intron sequences from the pre-messenger RNA, and then join together exons. Related terms . splice the mainbrace; Translations",0,0,1,N/A,N/A,Hallucinated Relevance,"The query consists solely of an arbitrary numeric string ('183378') with no semantic relationship or match to the dictionary definition of 'splice'. Model A correctly identified complete irrelevance (0), whereas Model B was overly lenient and hallucinated marginal relevance (1) for completely unrelated text."
168216,6501691,168216,"A HOT tub is thought to have been the probable source of an outbreak of Legionnaires' Disease, the Health Protection Agency has said. THE Health Protection Agency has launched an investigation into a cluster of cases of Legionnaires' disease in people who have been to Corfu, it said today.",0,0,1,"**Assessing the Context's Relevance**

Okay, here's the deal. I need to figure out if this text snippet can actually answer the question: ""What specific virulence factors of *L. pneumophila* are implicated in pneumonia pathogenesis?"" Basically, does it give me anything concrete about those key bacterial weapons that cause the disease?

I'm reading, and honestly, the context is thin. All I see is a report about a *Legionella* outbreak, potentially linked to a hot tub, and a Health Protection Agency investigation. Corfu is mentioned. Not a single thing about *virulence factors* of *L. pneumophila* shows up in this text. It's all about an epidemiological link, not the molecular mechanisms.

Therefore, given the extremely limited scope of this context, I can't derive an answer to the posed question. It's a non-starter in terms of providing information on *Legionella* virulence factors. This gets a big, fat zero.


","Here's my assessment of the situation:

**Zero Points – Not Even Close**

Okay, the question is drilling down into the specific *virulence factors* of *Legionella pneumophila* that are directly involved in causing pneumonia. That's a very targeted request, and I know exactly what kind of answer they're looking for – things like effector proteins, adhesins, the Dot/Icm system, and so on. But based on the provided text, the answer is a big fat zero. The given context, the Corfu hot tub outbreak, tells a story about the *environment* in which infection occurred, not the *mechanisms* by which the bacteria actually caused disease. Therefore, I can't even begin to answer the question as it's written. The lack of relevant information on virulence factors warrants a zero score, or at least a grading that reflects a non-answer.


",Score-Reasoning Contradiction,"Model B correctly deduced that the document completely failed to answer the query, explicitly arguing that it deserved a 'big fat zero', but then contradicted its own analysis by assigning a score of 1 instead of 0."
168216,6555034,168216,Legionnaires' disease-acute (sometimes fatal) lobar pneumonia caused by bacteria of a kind first recognized after an outbreak of the disease at an American Legion convention in Philadelphia in 1976; characterized by fever and muscle and chest pain and headache and chills and a dry cough. 1  Facebook. 2  Twitter.,0,0,1,N/A,N/A,Hallucinated Relevance,"Model B assigned partial relevance to a document about Legionnaires' disease for an arbitrary numeric query ('168216') that does not appear in or relate to the text, falsely assuming a connection where none exists."
130510,8287352,130510,DEFINITION of 'Adjudication'. A legal ruling or judgment. Adjudication can also refer to the legal process of hearing and settling a case. It usually refers to the final judgment or pronouncement in a case that will determine the course of action taken in reference to the issue presented.Next Up. legal ruling or judgment. Adjudication can also refer to the legal process of hearing and settling a case.,0,0,1,N/A,N/A,Hallucinated Relevance,"The query consists solely of an opaque numerical string ('130510') with no lexical or semantic connection to the legal definition of 'Adjudication'. Model B regressed by awarding a non-zero relevance score to a completely unrelated document, likely exhibiting an over-generous baseline bias for uninterpretable queries."
1124210,7403449,1124210,1 Sclerenchyma tissues are thick-walled support cells found throughout the plant as fiber. 2  Xylem is a structurally complex tissue that conducts water and nutrients from the roots to all parts of the plant. 3  The xylem is comprised of a series of long tubes made up of shorter vessel members. Sclerenchyma tissues are thick-walled support cells found throughout the plant as fiber. 2  Xylem is a structurally complex tissue that conducts water and nutrients from the roots to all parts of the plant. 3  The xylem is comprised of a series of long tubes made up of shorter vessel members.,0,0,1,N/A,N/A,Superficial Pattern Matching,"The query is an arbitrary numeric identifier ('1124210') with no connection to the plant biology document. Model B likely matched the query's numeric nature to the numbered list items ('1', '2', '3') in the text or improperly defaulted to a non-zero relevance score for an uninterpretable query, failing to recognize complete irrelevance."
146187,6658185,146187,"The reason that healthy is in quotes is that fast food restaurants' salads are often even worse for you than their burgers. The Wendy's Mandarin Chicken Salad, for example, beats the quarter pound Wendy's Double Stack cheeseburger in fat, sugar, carbs and total calories. Not as healthy as a Wendy's cheeseburger.",0,0,1,N/A,N/A,Hallucinated Relevance,"Model B assigned a marginal relevance score to a document that has no conceptual, semantic, or keyword connection to the numeric query '146187', failing to identify it as entirely irrelevant."
1133167,8255701,1133167,"Access hourly, 10 day and 15 day forecasts along with up to the minute reports and videos for Montego Bay, Jamaica from AccuWeather.com Get the Montego Bay weather forecast. Access hourly, 10 day and 15 day forecasts along with up to the minute reports and videos for Montego Bay, Jamaica from AccuWeather.com Get the Montego Bay weather forecast. Access hourly, 10 day and 15 day forecasts along with up to the minute reports and videos for Montego Bay, Jamaica from AccuWeather.com my recent locations °c",1,1,0,N/A,N/A,Unrecognized Entity Identifier,"Model B failed to recognize that the numerical query '1133167' is a specific location key or entity identifier (commonly used in AccuWeather URLs for Montego Bay, Jamaica), mistakenly treating the query as unrelated numbers rather than a valid location ID match."
1124210,2859500,1124210,Xylem. Xylem vessels xylem vessel: Vein-like tissue which transports water and minerals up a plant are involved in the movement of water through a plant from its roots to its leaves. Water: 1  Is absorbed from the soil through root hair cells. 2  Is transported through the xylem vessels up the stem to the leaves.ylem vessels xylem vessel: Vein-like tissue which transports water and minerals up a plant are involved in the movement of water through a plant from its roots to its leaves. Water:,0,0,1,N/A,N/A,Hallucinated Relevance,"The query is an arbitrary numeric code with zero semantic connection or keyword overlap with the document about plant xylem biology. Model A correctly recognized the complete lack of relevance (0), whereas Model B produced a false positive by assigning relevance (1) to an entirely unrelated document."
156493,5549994,156493,"Koi grow a lot bigger than Goldfish so they will need a lot bigger pond than a goldfish pond. A koi pond should be no less than 1000 gallons in volume and at least 4 feet deep, the bigger the better. They will eat more of your plants so limiting the amount of plant life available to be grown.cclimatize your fish to new water by putting them into a bucket and add a little pond water bit by bit. Do this over as long a period as possible, until the bucket is completely full. You can then transfer your fish into the pond.",0,0,1,N/A,N/A,Hallucinated Relevance,"The query consists solely of an arbitrary number ('156493') with zero topical connection to Koi pond care. Model A correctly assigned a score of 0 for total irrelevance, whereas Model B exhibited leniency or hallucinated relevance by awarding a score of 1."
131843,4574277,131843,"A severe thunderstorm warning, on the other hand, is not issued until such a storm has been physically observed or is spotted on radar. A tornado watch is issued when conditions may produce a tornado, and a warning is issued when a tornado has been sighted, or when rotation is seen on radar.",1,1,0,N/A,N/A,Literal Interpretation of Query ID,"The query '131843' represents an unmapped query ID from a benchmark dataset (such as MS MARCO) rather than natural language text. Model B evaluated the input literally and found no semantic or lexical overlap with the weather-related passage, whereas Model A correctly matched the human ground truth relevance associated with that query ID."
1133167,8839919,1133167,"Weather Overview for Ocho Rios. Ocho Rios is located on the north coast of Jamaica about 100 miles to the east of the island’s other popular holiday destination, Montego Bay. It’s a fast-growing town, thanks in no small part to the tourist trade, and now has nearly 100,000 inhabitants.",1,1,0,N/A,N/A,Failed Identifier Resolution,"Model B failed to recognize the numeric query as a location or database identifier (such as a weather station or API location key) associated with Ocho Rios. Relying solely on surface-level lexical matching, it deemed the document irrelevant due to the absence of the exact number in the text."
359349,1394087,359349,"The segment EF, joining midpoints E and F of the lateral sides, is called a midline of a trapezoid. A midline of a trapezoid is equal to a half-sum of bases: and parallel to them: EF || AD and EF || BC. A trapezoid with equal lateral sides ( AB = CD ) is called an isoscelestrapezoid. In an isosceles trapezoid angles by each base, are equal ( A = D, B = C ). A parallelogram can be considered as a particular case of trapezoid. Midline of a triangle is a segment, joining midpoints of lateral sides of a triangle.",2,2,1,N/A,N/A,Over-weighted lexical mismatch,"Model B likely penalized the document because the numeric query '359349' does not appear verbatim in the text, failing to recognize that the query functions as an identifier (such as a problem or passage ID) for this specific geometry content."
168216,6868730,168216,"The lungs are particularly vulnerable to bacterial infections. Pneumococcal pneumonia is a common example, although other types of bacteria and viruses can also cause pneumonia. Other examples of bacterial lung diseases include Legionnaire's disease, inhalation anthrax and whooping cough, also known as pertussis.",0,0,1,N/A,N/A,Hallucinated Relevance,"Model B assigned relevance to a query consisting solely of a numerical identifier ('168216') that shares zero semantic connection or keyword overlap with the passage about bacterial lung diseases, whereas Model A correctly recognized the complete lack of relevance."
168216,5024310,168216,"However, the number of infections is probably higher because many infections aren’t diagnosed or reported. Some cases are so mild that affected individuals never seek treatment. The symptoms of Legionnaires’ disease are similar to those of other types pneumonia. These symptoms may include fever, chills, and a cough.",0,0,1,N/A,N/A,Hallucinated Relevance,"The query consists solely of an unexplained numeric identifier ('168216') that does not appear in or relate to the medical passage. While Model A correctly recognized the complete lack of relevance and assigned a score of 0, Model B likely assumed an ungrounded connection or was overly lenient with an ambiguous numerical query, incorrectly assigning a non-zero score."
1124210,1280828,1124210,"Mixture of large vessels and tracheids. The vascular cambium is the darker layer of cells indicated by the arrow. This meristematic. layer of cells divides inwardly to form new xylem, and outwardly to produce new phloem.",0,0,1,N/A,N/A,Hallucinated Relevance,"The query is an isolated numeric identifier ('1124210') with no lexical, semantic, or contextual overlap with the botanical description in the document. Model A correctly recognized the complete lack of connection and assigned a score of 0, whereas Model B hallucinated relevance or defaulted to a non-zero score without evidence."
182539,8757178,182539,Monotonic Function. A monotonic function is a function which is either entirely nonincreasing or nondecreasing. A function is monotonic if its first derivative (which need not be continuous) does not change sign.,1,1,0,N/A,N/A,Failed Identifier Resolution,"Model B evaluated the numerical query strictly at a literal surface level, failing to recognize it as a specific query ID or domain identifier that maps directly to the topic of monotonic functions."
168216,13492,168216,"Pneumonia may be caused by: Bacteria. The most common cause of pneumonia is bacterial infection, and many different bacteria can cause the condition, producing mild to severe cases. Bacterial pneumonia can occur independently or following illnesses, such as colds, flu or upper respiratory infections. Fungi. Certain types of fungus can cause pneumonia.",0,0,1,"**Evaluating the Context for Relevance**

Okay, so I'm looking at this question: ""What specific virulence factors of *L. pneumophila* are implicated in pneumonia pathogenesis?"" and the context provided. My initial thought is, can this context even *possibly* answer the question? I'm immediately scanning for mention of *Legionella pneumophila* – and... nope, not there. Then, I'm checking for anything about virulence factors, or even a hint of *L. pneumophila* specifically. Still nothing. The context offers only a general overview of pneumonia, mentioning bacteria and fungi as causes, but no specifics that would allow me to identify any virulence factors. Therefore, I have to conclude that this context is completely irrelevant to the query. A score of zero is appropriate; there's no useful information here.


","Here's my assessment of the situation:

**Analysis of Virulence Factor Inquiry**

Okay, so the user's question is pretty straightforward: they're asking about the specific *L. pneumophila* virulence factors that are directly involved in causing pneumonia. That's a focused, mechanistic question, which is right in my wheelhouse. However, I need to check the context first to see if it even *addresses* the topic.

Based on the provided context, the text doesn't even *mention* *Legionella pneumophila*, let alone any of its virulence factors. It makes a general statement about bacteria and fungi potentially being causes of pneumonia, but there's absolutely no specificity. My conclusion is that this context is entirely irrelevant to the core question. Therefore, there's no way to extract a meaningful answer from it. My evaluation: a resounding zero.


",Score-Reasoning Inconsistency,"Model B's reasoning correctly determined that the context was completely irrelevant and explicitly stated a rating of 'a resounding zero', but contradicted its own evaluation by outputting a final score of 1."
146187,1246346,146187,"Burger King has issued a Required Menu for the Burgers at Breakfast program that mandates an extensive selection: Whoppers and Double Whoppers, the new Big King, Whopper Jr. burgers, cheeseburgers, double cheeseburgers, Bacon Double Cheeseburger, Original Chicken Sandwich and french fries.",0,0,1,N/A,N/A,Hallucinated Relevance,"The query consists solely of an arbitrary number ('146187') with no topical or textual overlap with the Burger King document. Model B assigned a score of 1, incorrectly assuming relevance or applying an overly lenient threshold to an entirely irrelevant noise query."
264014,4134250,264014,"The smokybrown cockroach is long lived requiring 2 or more years to reach adulthood under outdoor conditions. It takes 50-80 days for the egg case, which usually contains 20-26 eggs, to hatch under warm conditions (greater than 70°F).",0,0,1,N/A,N/A,Spurious Match,"The query is an isolated numeric code ('264014') with zero semantic overlap with the document about smokybrown cockroaches. Model B likely made a spurious association with the incidental numbers appearing in the passage (e.g., '2', '20-26', '50-80') or applied an overly lenient baseline score, whereas Model A correctly identified the complete lack of relevance."
156493,7760653,156493,"Leopards are larger than a house cat, but leopards are the smallest members of the large cat category. They grow to only 3 to 6.2 feet (92 to 190 centimeters) long. Their tail adds another 25 to 39 inches (64 to 99 cm) to their length.",0,0,1,"**Evaluating the Question's Applicability**

Okay, let's break this down. The question posed – ""Does it quantify age-dependent growth rate changes?"" – hinges entirely on whether the provided context about leopards actually addresses this specific issue. My initial read-through of that contextual information doesn't suggest that it does. The details given – the leopard's length ranging from 3 to 6.2 feet and a tail length of 25 to 39 inches – focus purely on *size*. There's absolutely nothing in there that even hints at how a leopard's growth rate might change as it ages. No growth curves, no mention of developmental stages, no temporal data points whatsoever. Consequently, given the complete lack of relevant data, the question *cannot* be answered with this context. The information is simply not present. Therefore, the ""answer,"" as it is, deserves a solid zero. It's irrelevant.


","Here's my assessment of the question, as I see it:

**Analyzing for Age-Dependent Growth Rate Quantification**

Okay, so the question is straightforward: does the provided text quantify age-dependent growth rate changes? My initial reaction is, no, it almost certainly doesn't. I'm immediately looking for some sort of numerical data, some equation, or even just a descriptive statement that explicitly links age to changes in the rate of leopard growth.

The context mentions leopard sizes – overall body length and tail length – providing a general range. That's interesting background, but it's purely descriptive. It's just listing dimensions. I don't see anything about *how* those dimensions change over time, or at what rates different parts of the leopard's body grow at different ages. There's nothing about juveniles versus adults, or any attempts to model or quantify growth trajectories.

Therefore, the supplied information doesn't remotely address the core of the question. I would have to give it a solid zero. It's not just that it's insufficient; it's completely missing the critical elements.


",Score-Reasoning Inconsistency,"Model B's internal chain-of-thought correctly concluded that the text did not address the criteria at all and explicitly stated it should receive 'a solid zero', but it erroneously emitted a final score of 1 instead of 0."
962179,534563,962179,"Founded by William Booth over 130 years ago, it is dedicated to fighting against sin and despair. The programs in the Salvation army are designed to assist children, women, elderly men, families and those who are battling or who have battled addiction.",1,1,2,N/A,N/A,Hallucinated Connection,"The query '962179' is an ambiguous numeric string with no apparent connection to the Salvation Army text. Model B likely hallucinated or assumed an ungrounded link between the identifier and the document content, resulting in an inflated relevance score compared to the human ground truth and Model A."
1106007,3530021,1106007,"As a result, the treatment of visceral pain frequently results in suboptimal outcomes and adverse effects on the GI tract. Frequently diffuse, poorly localized and associated with autonomic and emotional reactions and alterations in visceral function, visceral pain is common across a range of clinical populations.",0,0,1,N/A,N/A,Hallucinated Relevance,"The query consists entirely of an unexplained numeric string ('1106007') with zero semantic or textual overlap with the passage on visceral pain. Model B incorrectly inferred partial relevance or exhibited a false-positive bias, whereas Model A correctly recognized that the document bears no relationship to the query."
962179,2274381,962179,"WHAT IS I’LL FIGHT DAY? I’ll Fight Day is a servant evangelism day for youth of The Salvation Army that will take place all across the world on Saturday, December 2nd, 2017. It is inspired by the love of Christ and William Booth’s famous “I’ll Fight” message. WHAT IS SERVANT EVANGELISM?",0,0,1,N/A,N/A,Hallucinated Relevance,"Model B awarded a point of relevance to a document that has no relation, overlap, or semantic connection to the numeric query '962179', likely due to an overly lenient threshold or hallucinated association on an opaque query."
104861,6924183,104861,Cost ranges from $3.00 to $5.00 per square foot for a 4” standard concrete drive in a 4000 psi exterior concrete mix to $7.00 up to $20.00 per square foot and beyond for specialty color and texture processes.,0,0,1,N/A,N/A,Spurious Relevance / Hallucinated Connection,"The query is an opaque numeric string ('104861', possibly a ZIP code or ID) with no presence in or semantic relation to the document about concrete driveway costs. Model A correctly recognized no relevance (0), while Model B hallucinated a tenuous connection or applied overly lenient grading criteria to award a score of 1."
1117099,7595826,1117099,"In the case of a convergent boundary between two oceanic plates, one is usually subducted under the other, and in the process a trench is formed.The Marianas Trench (paralleling the Mariana Islands), for example, marks where the fast-moving Pacific Plate converges against the slower moving Philippine Plate.onvergent Boundaries between Tectonic Plates. Convergent boundaries where tectonic plates move toward each other generally result in the subduction of one plate into the mantle, consuming part of the lithosphere.",0,0,1,N/A,N/A,Hallucinated Relevance,"The query consists solely of an arbitrary number ('1117099') that has no relation to the document about tectonic plate boundaries. Model A correctly assigned a score of 0 for complete irrelevance, whereas Model B exhibited over-leniency or hallucinated a connection, improperly scoring it as marginally relevant."
1129237,4254815,1129237,Answer   The boiling point of liquid hydrogen is 20.268 K (-252.88 °C or -423.184 °F)    The freezing point of hydrogen is 14.025 K (-259.125 °C or -434.,1,1,0,"**Grading the Question About Pressure**

Okay, I need to determine if the user's question, ""What pressure is assumed for this temperature?"" can be answered using the provided text. The context gives me the boiling and freezing points of hydrogen: 20.268 K and 14.025 K, respectively, along with their Celsius and Fahrenheit equivalents. However, the text is completely silent on the subject of pressure. It doesn't state, even implicitly, what pressure is being assumed for these phase transition temperatures. We all know that standard practice is usually 1 atmosphere, or 101.325 kPa, but the document doesn't confirm this.

Therefore, my assessment is that the question *cannot* be answered based on this context. The information needed simply isn't there. Considering the prompt asks for a grade from 0 to 5, and the information is entirely absent, I must assign a grade of **0**. The answer is not at all relevant.


","**Analyzing the Query and Available Data**

Okay, so the user wants to know what pressure is *assumed* for a given temperature. The temperature in question seems to be related to hydrogen's boiling and freezing points, which are listed as 20.268 K and 14.025 K respectively. My task is to determine if the pressure at which those temperatures are defined can be *inferred* from this provided context.

Let's carefully examine the text. I see temperatures. I see phase transitions. But, I don't see any explicit mention of pressure anywhere. There's no statement like ""at 1 atmosphere"" or ""under standard conditions"" or anything of that sort. It seems the context just states the temperatures associated with the boiling and freezing of liquid hydrogen.

Therefore, given *only* this limited set of provided data, I would conclude that I cannot answer the user's question. There is simply no pressure value explicitly or implicitly stated that I can reference. I'm going to score this at 0 because the context is insufficient.


",Overly Strict Criteria,"Model B demanded an explicit statement of pressure rather than recognizing that boiling and freezing points presented without qualification conventionally imply standard atmospheric pressure, causing it to reject the document entirely."
1103812,2750961,1103812,"In early December, Yeltsin and the leaders of Ukraine and Belarus met in Brest to form the Commonwealth of Independent States (CIS), effectively declaring the demise of the Soviet Union. On December 25, 1991, the Soviet hammer and sickle flag lowered for the last time over the Kremlin, thereafter replaced by the Russian tricolor. Earlier in the day, Mikhail Gorbachev resigned his post as president of the Soviet Union, leaving Boris Yeltsin as president of the newly independent Russian state.",1,1,2,N/A,N/A,Hallucinated Relevance,"The query is an opaque numeric string ('1103812') with no obvious semantic connection to the passage about the dissolution of the Soviet Union. Model B over-predicted relevance by likely inferring or hallucinating an intent/context that does not exist, whereas Model A correctly adhered to a lower relevance baseline."
405717,6654653,405717,Charles de Gaulle Airport is located within portions of several communes 25 km (16 mi) to the northeast of Paris. The airport serves as the principal hub for Air France as well as a European hub for fellow SkyTeam alliance partner Delta Air Lines.,1,1,0,"**Analyzing the Context for CDG's Administrative Location**

Okay, so the user wants to know if I can pinpoint the specific administrative department containing Charles de Gaulle Airport (CDG) based on the information provided. Let me see... the text says CDG is located within portions of several communes, 25km northeast of Paris. It also mentions its importance as a hub for Air France and Delta. *Crucially*, it doesn't actually name any administrative departments, like Val-d'Oise, Seine-et-Marne, or Seine-Saint-Denis, which are the relevant units here. Therefore, my assessment is that *no*, the question cannot be definitively answered from this provided context. The context is silent on the critical detail of administrative departments. The appropriate grade, given the lack of relevant information, is a 0.


","**Analyzing the Question Regarding CDG's Administrative Location**

Okay, so the prompt is straightforward: it wants to know the specific administrative department where Charles de Gaulle Airport (CDG) resides. The text I'm given, however, is a bit more descriptive regarding location and function but does it *actually* answer the question? Let's break it down.

The provided context mentions the airport's location ""25 km (16 mi) to the northeast of Paris"" and notes it spans ""portions of several communes."" That's useful information, of course, but it doesn't get me the answer directly. It's painting a geographic picture, highlighting its function as a hub for Air France and Delta, but not identifying an administrative department.

The text *does not* specifically name the department – the key thing it needs to do to answer the query. For example, it doesn't mention something like ""Val-d'Oise,"" ""Seine-et-Marne,"" or ""Seine-Saint-Denis,"" which is the kind of administrative designation I'd expect to see. Without that crucial piece of information, I'm stuck.

Therefore, given the available text, I can't provide a definitive answer to the question. It seems the information is simply not present. My grade is 0.


",Overly Strict Requirement,"Both models identified the latent query regarding CDG's administrative location, but Model B strictly required an explicit naming of an administrative department rather than recognizing that the geographic details (communes, distance from Paris) provide partial relevance, resulting in an unmerited score of 0."
1113437,742037,1113437,"Spruces (Picea) 1  Spruce needles are generally stiff and sharp; about 1 long. 2  Each spruce needle springs from a tiny, woody peg. 3  Most spruce cones have papery thin scales. 4  Most spruce bark is thin and flaky.",1,1,2,"**Analyzing the Context: Sterigmata and Spruce**

Okay, so the question is, *can* the provided text definitively answer the question of whether ""persistent sterigmata"" are *explicitly* described on spruce twigs? Let me break this down. The context mentions spruce needles springing from ""tiny, woody pegs."" That's the core of the matter: ""tiny, woody pegs"" *is* what a sterigma *is*. It’s a botanical definition match.

However, the question is about *explicit* descriptions. It is not using the actual botanical term, ""sterigma,"" nor does it use the word ""persistent"" or explicitly state ""on the twigs."" It *implies* the persistence by its function. So, strictly speaking, no, the text doesn't *explicitly* use those terms in that way.

The key is if I can answer the question based on *just* this text. Can I confirm or deny the *explicit* description? Yes. The answer is *no*, because the terms are not literally in there. It *describes* sterigmata, but it doesn't *name* them, or specify ""persistent"" explicitly.

Therefore, the prompt doesn't ask me to grade an answer. It wants me to judge whether a question is answerable *based on the given information*. In this scenario, I can. Even though the question requires a nuanced understanding of ""explicit,"" it's completely answerable with a ""No."" The context provides sufficient information to *determine* the answer. I can draw a definitive conclusion based on whether the vocabulary in the question is explicitly in the context.


","**Analyzing the Specificity of the Description**

Okay, so the question is whether the text *explicitly* describes persistent sterigmata on the twigs. Let me break this down. The text provides a description of spruces, specifically mentioning ""tiny, woody pegs"" from which the needles spring. Hmm, are ""tiny, woody pegs"" the same as persistent sterigmata? In this case, yes, the context implies that they are. But the question is about *explicit* description, and the question specifically asks if the phrase ""persistent sterigmata"" is present.

Now, does the term ""persistent sterigmata"" *itself* appear in the provided text? Nope. The phrase ""persistent sterigmata"" is not used; only ""tiny, woody peg"" is mentioned. So, the direct answer to the yes/no question is no, it's not *explicitly* described. The text describes *what* they are, but doesn't *name* them.

The crucial part here is the requirement for *explicit* description. Given that the term ""persistent sterigmata"" is absent, the answer is definitively ""No."" This is something that can be definitively answered from the given text alone. The question's constraints are met. This answer is directly supported by the context.


",Score Calibration Error,"Both models followed very similar reasoning paths, noting that the document describes the concept ('tiny, woody peg') without explicitly using the target terminology ('persistent sterigmata'). However, Model B concluded that this made the question definitively answerable and directly supported, inappropriately inflating the relevance score from 1 (partially/marginally relevant) to 2 (fully relevant)."
1117099,1855746,1117099,"A volcanic island arc is a chain of volcanoes that forms at a subduction zone, where one oceanic plate slides beneath another. The volcanoes in such an arc will be largely active.",0,0,1,N/A,N/A,Hallucinated Relevance,The query consists entirely of an ungrounded numeric string ('1117099') with no semantic or keyword connection to the document about volcanic island arcs. Model B improperly assigned positive relevance to a completely unrelated document.
19335,1017759,19335,Man and environment reciprocal relationship. The relationship between humans and environment has varied from the early periods of human settlement on the earth to the present … day. The relationship between environment and human beings has also being varying from place to place at any given period of time.,0,0,1,N/A,N/A,Hallucinated Relevance,"The query '19335' is an isolated numeric identifier (likely a zip code) with no semantic connection to the passage about human-environment relationships. Model B improperly awarded relevance to a completely unrelated document, failing to recognize that the text provides no information matching the query."
1117099,1527735,1117099,"1 The lithosphere is composed of the crust, and some of the upper mantle. 2  Mature oceanic plate is approximately 80-100 km thick, of which, the upper 5-7 km is oceanic crust. 3  Continental plate is somewhat thicker, perhaps 150-200 km thick, and includes continental crust which varies from 5 to 70 km in thickness. At other convergent boundaries, oceanic plate meets other oceanic plate. 2  This results in an oceanic trench and a chain of volcanic islands known as an island arc. Japan, the Philippines and the Aleutians are examples of island arcs. 3  At some convergent boundaries, two continents collide.",0,0,1,N/A,N/A,Hallucinated Relevance,"The query consists solely of an arbitrary number ('1117099') with no semantic relation to the document about plate tectonics. Model A correctly assigned a score of 0, whereas Model B assigned a score of 1, erroneously assuming partial relevance or defaulting to a non-zero score for an unrelated query."
168216,5024313,168216,"Also called: Legionellosis. Legionnaires' disease is a type of pneumonia caused by bacteria. You usually get it by breathing in mist from water that contains the bacteria. The mist may come from hot tubs, showers, or air-conditioning units for large buildings. The bacteria don't spread from person to person. Symptoms of Legionnaires' disease include high fever, chills, a cough, and sometimes muscle aches and headaches. Other types of pneumonia have similar symptoms. You will probably need a chest x-ray to diagnose the pneumonia.",1,1,2,N/A,N/A,Hallucinated Relevance,"The query is an opaque numeric identifier ('168216') with no apparent textual match or explicit connection to the document about Legionnaires' disease. Model B overestimated relevance by likely hallucinating an unverified link or assuming topic correspondence, whereas Model A appropriately reflected the poor relevance to the query."
168216,2210776,168216,"The main symptoms are fever, chills, headache, malaise and muscle pain (myalgia). No deaths are associated with this type of infection. Legionnaires’ disease has an incubation period of 2 to 10 days (but up to 16 days has been recorded in some recent well-documented outbreaks).Initially, symptoms are fever, loss of appetite, headache, malaise and lethargy.Some patients may also have muscle pain, diarrhoea and confusion.egionnaires’ disease has an incubation period of 2 to 10 days (but up to 16 days has been recorded in some recent well-documented outbreaks). Initially, symptoms are fever, loss of appetite, headache, malaise and lethargy. Some patients may also have muscle pain, diarrhoea and confusion.",0,0,1,N/A,N/A,Spurious Lexical Matching,"Model B likely detected a superficial substring match between the query '168216' and the number '16' in the passage, incorrectly assigning relevance to a completely unrelated medical document."
1106007,4255223,1106007,"there are two types of pleura: visceral pleura covers the lungs, parietal pleura lines the inner surfaces of the walls of pleural cavity; parietal pleura is sensitive to pain but visceral pleura is not sensitive to pain.pleura, cervical parietal.here are two types of pleura: visceral pleura covers the lungs, parietal pleura lines the inner surfaces of the walls of pleural cavity; parietal pleura is sensitive to pain but visceral pleura is not sensitive to pain.",0,0,1,N/A,N/A,Ungrounded Inference,"Model B assigned relevance to a purely numeric query with zero textual overlap with the document, likely over-interpreting or hallucinating an external connection (e.g., treating it as a medical code) rather than adhering to grounded relevance criteria."
359349,3739666,359349,"Using the midpoint formula, label the points as x 1 = -1, y 1 = -2, x 2 = -3, and y 2 = 5. To find the midpoint M of the line segment joining the points, use the midpoint formula :Test Yourself (Click HERE).sing the midpoint formula, label the points as x 1 = -1, y 1 = -2, x 2 = -3, and y 2 = 5. To find the midpoint M of the line segment joining the points, use the midpoint formula : Test Yourself (Click HERE).",0,0,1,"**Analyzing the Query and Context**

Okay, so the user's question is pretty specific: are we able to determine the lengths of parallel bases? Right off the bat, I need to see if this context even *mentions* parallel bases. I'm seeing a problem about finding the midpoint of a line segment defined by the points (-1, -2) and (-3, 5). Hmm, no trapezoids, no mention of any shapes with parallel sides... nothing. 

Given what's provided, there's absolutely no way to glean any information about parallel bases, directly or indirectly. The question is completely irrelevant to the current context. It's a non-starter. Therefore, the rating has to be a resounding zero. The question just doesn't apply here.


","**Analyzing the Irrelevance of the Question**

Okay, so the prompt threw a question at me about the lengths of parallel bases, essentially hinting at a geometric problem involving something like a trapezoid. However, the accompanying context is describing a completely different geometric situation: finding the midpoint of a line segment defined by the points (-1, -2) and (-3, 5). This is a simple coordinate geometry problem.

The problem, or more precisely the context, doesn't provide any information related to parallel bases. There's no mention of a trapezoid, or any other figure with parallel sides. The given context is entirely unrelated to the question of base lengths. Therefore, the context is fundamentally unable to address the question posed in any way, directly or indirectly. The answer is a resounding zero because the context is not germane to the question.


",Score-Reasoning Inconsistency,"Model B explicitly reasoned that the document was completely irrelevant and concluded that 'the answer is a resounding zero', but erroneously outputted a final score of 1 instead of 0."
168216,5216034,168216,Many people set the temperature of their hot water cylinder too high. The ideal setting is 60°C. It is important that the water in the cylinder is this hot to kill bacteria such as legionella but higher temperature settings only increase your power bill and can scald you (it only takes one second at 70°C).any people set the temperature of their hot water cylinder too high. The ideal setting is 60°C. It is important that the water in the cylinder is this hot to kill bacteria such as legionella but higher temperature settings only increase your power bill and can scald you (it only takes one second at 70°C).,0,0,1,N/A,N/A,Hallucinated Relevance,"The query is an arbitrary numeric string ('168216') with zero semantic or lexical connection to the document regarding hot water cylinder temperatures. Model B incorrectly inferred relevance where none existed, resulting in a false positive score."
1113437,2884191,1113437,"White Spruce Picea glauca – native from Alaska to Montana, Minnesota and New York, often found at the arctic tree line. Short blue needles covered with a waxy substance that rubs off, small 1-2” cones. Tough plant withstands heat, cold, drought and crowding. Mature trees are 80’ tall x 15-20’ wide.",1,1,2,N/A,N/A,Hallucinated Relevance,The query consists solely of an ambiguous number ('1113437') with no evident connection to the document's description of a White Spruce tree. Model B likely assumed an unsubstantiated link (such as an unverified SKU or taxonomy ID) and assigned an overly lenient relevance score instead of rating it as irrelevant.
183378,3377749,183378,"Yes. A protein produced by multiple genes are cased by fusion genes. Usually a protein is translated from a mRNA which is transcribed from a DNA. After transcription, RNA is … rearranged by so-called RNA splicing in which some of short sequences are selected(Exon) or deleted(Intron).During the splicing two different genes can join together and it is called trans-splicing.sually a protein is translated from a mRNA which is transcribed from a DNA. After transcription, RNA is … rearranged by so-called RNA splicing in which some of short sequences are selected(Exon) or deleted(Intron). During the splicing two different genes can join together and it is called trans-splicing.",1,1,2,N/A,N/A,Over-interpretation of Ambiguous Query,"The query consists solely of an opaque identifier ('183378'), which likely corresponds to a specific biological database entry (such as an OMIM or gene ID related to splicing). Model B over-interpreted the general biological discussion of RNA trans-splicing as directly and highly relevant (score 2), whereas Model A correctly recognized that the document provides generic background rather than a clear, direct answer to the specific numeric ID."
264014,4139113,264014,"In general, from hatch to feathering takes up to 12 weeks. First eggs are laid at about 5 months. First molt (the lose and change feathers) takes place at about 12 to 14 months old depending on the breed. Egg production stops about three years old and from there the chicken can live up to 10 years old.",0,0,1,"**Assessing the Answerability of a Question**

Okay, so I need to evaluate how well this provided text allows us to answer the question: ""How do ambient temperatures modify egg-to-adult development time?"" Right, let's break this down. My field is all about efficiently analyzing information and pulling insights from data, so I need to be precise. The question specifically asks about the influence of ambient temperature on the time it takes for an egg to develop into a fully grown adult. It's a pretty straightforward question, actually; the answer would ideally provide some direct information about how temperature affects this specific developmental timeline.

Now, I'm looking at the context. It seems like it's focused on chickens and their life stages: how long it takes from hatching to feathering, the onset of egg-laying, molting, and their lifespan. But, and this is crucial, there's absolutely *nothing* in this text about temperature. There's no mention of how different ambient conditions might speed up, slow down, or otherwise impact the developmental process. We don't have any data to work with.

Therefore, considering that I need to evaluate the answerability of the question, I have to conclude that we can't answer it *at all* based on this text. The provided context doesn't have relevant information, no matter how broadly I interpret it. The text doesn't even come close to addressing the effect of temperature on development time. So, the appropriate rating is a resounding 0. The context is completely irrelevant to the question.


","Here's my assessment of the situation:

**Analysis of the Provided Context**

Okay, so I've been given a text about the chicken lifecycle – specifically, milestones like hatching, feathering, egg-laying initiation, first molting, and overall lifespan. It's a decent overview, but it's *missing* crucial data. I need to figure out the impact of ambient temperature on the time it takes for a chicken to mature from an egg to adulthood, right? And this text is silent on that critical point. There's simply nothing here about temperature influencing the developmental stages. My evaluation has to be based *solely* on the text provided; anything else would be conjecture. Therefore, with the information I have, the question is unanswerable. I have to grade this as a zero. It's a frustrating situation because I can probably apply some reasonable assumptions if the information was not withheld, but I must base my judgement on what is available.


",Score-Reasoning Inconsistency,"Model B's chain of thought correctly identifies that the text is completely missing the required temperature information and explicitly states 'I have to grade this as a zero', but then contradicts its own reasoning by assigning a final score of 1."
1114646,3470481,1114646,"A: The most effective treatment options for shingles are acyclovir, valacyclovir and famciclovir, all of which are prescription antiviral drugs, according to ... Full Answer > Filed Under: Conditions & Diseases.",0,0,1,N/A,N/A,Over-lenient relevance scoring,"The query consists solely of an arbitrary number ('1114646') with no discernible connection to medical treatments for shingles. Model B awarded non-zero relevance to an entirely unrelated document, failing to recognize the total lack of semantic overlap and intent match."
527433,3835734,527433,"Neurological injury due to damage in the central or peripheral nervous system may result in weakness, paralysis, or a lack of coordination of the motor-speech system, producing dysarthria.ysarthria may affect a single system; however, it is more commonly reflected in multiple motor-speech systems. The etiology, degree of neuropathy, existence of co-morbidities, and the individual's response all play a role in the effect the disorder has on the individual's quality of life.",0,0,1,N/A,N/A,Hallucinated Relevance,"The query consists solely of an arbitrary numeric string ('527433') with no semantic connection, keyword overlap, or contextual link to the medical passage on dysarthria. Model B erroneously assigned a positive relevance score despite the complete absence of topical or lexical alignment."
131843,7617929,131843,"METEOROLOGIST JEFF HABY. Each day, National Weather Service Forecast offices and the SPC will release a forecast discussion and at times a convective discussion, severe weather discussion, winter storm discussion or some other type of related discussion. Reading these discussions is an important part of the forecasting process.",0,0,1,N/A,N/A,Hallucinated Relevance,"The query is an opaque numeric string ('131843') with zero topical connection to meteorology or weather forecast discussions. Model A correctly identified complete irrelevance, whereas Model B exhibited an over-permissive bias and assigned relevance without any supporting lexical or semantic match."
527433,547444,527433,"Although LSVT LOUD was designed for patients with Parkinson’s disease this highly effective therapy program has been successfully applied to individuals with multiple sclerosis, stroke, ataxic dysarthria, aging voice, vocal fold paralysis and children with cerebral palsy and Down Syndrome.",0,0,1,"**My Assessment of the Context**

Okay, so the core question is whether this text explicitly links specific types of dysarthria to the spastic, dyskinetic, or ataxic subtypes of Cerebral Palsy. My initial read flagged the mention of ataxic dysarthria and children with cerebral palsy, which initially raised a question in my mind, but on closer inspection, it's clear this is where the text falters. It lists CP as a population, but doesn't elaborate or specify the connections I'm looking for between the dysarthria types and those subtypes. The context includes: ""...individuals with multiple sclerosis, stroke, ataxic dysarthria, aging voice, vocal fold paralysis and children with cerebral palsy and Down Syndrome."" but that's just a grouping of population, with no cross-referencing between the conditions, so it's a negative result. There's simply no relevant information present to answer the question as framed.

Therefore, given that it's a direct ""yes or no"" type evaluation, this context does not provide an answer. The prompt asks me to grade on a scale of 0-5. Since the context does not address the question at all, it's a 0. It is a very basic ""the information is missing"" type of negative evaluation, not a complex or nuanced scenario at all.


","**Analyzing the Dysarthria Question**

Okay, so the question is a straightforward yes/no: does the provided information correlate specific dysarthria types with those CP subtypes – spastic, dyskinetic, or ataxic? My initial read of the context immediately suggests a negative answer. The provided context does not provide the correlation, it mentions that LSVT LOUD can be used for cerebral palsy and ataxic dysarthria. It doesn't detail a specific relationship.

But let's be absolutely precise. The question's wording matters. It's not *asking* what those correlations *are*, it's asking if the information *details* them. This is an important distinction to make when evaluating information. Even if there *were* some implied connection, the question's wording needs to be met, and it isn't.

Therefore, my assessment is that the answer is definitively ""No."" The context *fails* to provide the requested correlations. The grade of 0 seems correct based on the question's literal requirements. The topic, as posed, simply isn't addressed within the provided context, therefore the target factual answer does not exist.


",Score-Reasoning Inconsistency,"Model B explicitly argued in its reasoning that the text fails to address the question and stated that 'The grade of 0 seems correct,' but contradicted its own conclusion by assigning a final score of 1."
1117099,2153481,1117099,"Notable Features. 1  The great majority of earthquakes occur at tectonic plate boundaries. 2  The majority of great earthquakes (magnitude 8.0 or larger) are megathrust earthquakes that occur at convergent plate boundaries, also called destructive margins or subduction zones.",1,1,0,"**Evaluating the Question's Answerability**

Okay, let's break this down. The question is ""Which plate boundary types define them?"" The core of my analysis here is figuring out what ""them"" refers to. It's ambiguous, sure, but the provided text gives us some clues. ""Them"" *could* be referring to earthquakes in general, or, more specifically, to ""great earthquakes."" The context highlights ""convergent plate boundaries"" as the location of the greatest of these.

Based on the explicit information, we can say that great earthquakes are linked to convergent boundaries (also known as destructive margins or subduction zones). The broader statement about earthquakes occurring at tectonic plate boundaries adds more generality, but the key piece for me is this clear connection to convergent boundaries when speaking about great earthquakes. So, can we answer the question?

Yes, if ""them"" is great earthquakes, we can say convergent plate boundaries (and related types). It is pretty directly mentioned.

My instinct is to rate the question's answerability a 3 or 4. It's mostly answerable, and the context certainly offers a viable answer. The potential ambiguity of ""them"" is the only thing holding me back from a 5, but I think that the ""convergent plate boundary"" connection means that it's closer to a 4. I'm choosing 4.


","**Evaluating the Question's Answerability**

Okay, so I'm looking at this question: ""Which plate boundary types define them?"" My immediate concern is the ambiguity of ""them."" I need to determine what ""them"" refers to in order to assess how well the context allows me to answer the question.

Based on the context, which mentions earthquakes at plate boundaries and specifically, the majority of *great* earthquakes (magnitude 8.0 or larger) being megathrust earthquakes at convergent plate boundaries (also called destructive margins or subduction zones), I need to clarify what ""them"" is. It's likely referencing megathrust earthquakes, great earthquakes, or potentially just earthquakes in general.

If ""them"" refers to great earthquakes or megathrust earthquakes, the answer is pretty clear: convergent plate boundaries (destructive margins/subduction zones). We're explicitly given that information. So, is that an explicit referent? Not quite, but it's likely. So, partial or mostly relevant.

However, the question itself, taken in isolation, is flawed due to the lack of an explicit antecedent. Still, the context provides enough to link ""them"" to megathrust or great earthquakes. In the absence of a completely explicit referent, it has some noticeable gaps. Am I going to grade it a 3 or 4? I think I'll lean towards 3.


",Over-weighted Ambiguity,"Model B excessively penalized the ambiguous pronoun 'them' in the query despite acknowledging that the context clearly implied megathrust/great earthquakes, which dropped its internal rating from a 4 to a 3 and ultimately led to a score of 0 instead of 1."
156493,6465956,156493,"A Koi pond needs to provide clean, well oxygenated water in order to produce a healthy environment for fish to live and grow. The basic requirements are: To be large enough to accommodate the potential size that Koi can grow to (24 inches / 60cm plus).",0,0,1,N/A,N/A,Hallucinated Relevance,"The query '156493' is an arbitrary numeric identifier with no semantic, topical, or lexical overlap with the document about Koi pond requirements. Model B incorrectly inferred or defaulted to a positive relevance score despite the complete absence of any connection."
1124210,1649195,1124210,Xylem. Xylem vessels xylem vessel: Vein-like tissue which transports water and minerals up a plant are involved in the movement of water through a plant from its roots to its leaves. Water: 1  Is absorbed from the soil through root hair cells. 2  Is transported through the xylem vessels up the stem to the leaves.ylem vessels xylem vessel: Vein-like tissue which transports water and minerals up a plant are involved in the movement of water through a plant from its roots to its leaves. Water: 1  Is absorbed from the soil through root hair cells.,0,0,1,N/A,N/A,Hallucinated Relevance,"The query consists solely of an arbitrary numeric string ('1124210') with zero lexical or semantic connection to the passage about plant xylem. Model A correctly rated the document as completely irrelevant (0), whereas Model B showed an over-lenient regression by assigning non-zero relevance without any basis."
962179,3896631,962179,"William Booth biography. 2 comments. William Booth when a Young Man. William Booth was born into affluence in Nottingham, England in 1829, but his family descended rapidly thereafter into poverty. When his father could not pay for schooling, William was apprenticed by a pawnbroker.",0,0,1,"**Evaluating the Context's Ability to Answer a Specific Question**

Okay, so the task is to figure out if this provided context can answer the question: ""Does the information specify when The Christian Mission officially adopted the name 'The Salvation Army'?"" First, I need to look at the context itself. I see a biography of William Booth, some comments, and a section about William Booth as a young man. It describes his birth, his family's descent into poverty, and his apprenticeship. Hmmm, there's absolutely nothing here about ""The Christian Mission"" or ""The Salvation Army,"" or any timeframe or event related to a name change.

The prompt is asking if the question *can* be answered based on the context, and it is a simple ""no"". Since the question is ""does the information specify when..."", and the information is simply not present, then there is absolutely nothing to go on. So, can the question be answered based on the context? No. The context doesn't even address the central topic of the question.

Therefore, the only possible score for relevance/completeness would be 0, because the context is totally irrelevant to the question's core.


","**My Reasoning on the Question**

Okay, here's how I'm breaking this down. The question is a straightforward ""yes/no"" verification: ""Does the information specify when The Christian Mission officially adopted the name 'The Salvation Army'?"" The given context is all about William Booth's early life. It doesn't mention either organization's name change at all. At first, I was thinking it's a simple no, but then I realized it is a test of whether it answers the specific question, and the question is, in effect, about the absence of information.

The crux of this is that the question *itself* is about the information presented, not about the underlying historical fact. We aren't being asked ""What year did they change names?"" We are being asked ""Does the text *tell us*?"" and the answer is a clear ""No.""

Initially I'm thinking, is this a meta-question, or a straightforward question/answering one? The question is about the *specificity* of the information in the context, so ""No"" is accurate. This is more about evaluating the text than about providing historical information.

So, since it directly asks if the information *specifies*, and the answer is ""no,"" then it is fully answered based on the context. If the question were ""What year was it established"", or any question that requires a fact, I'd say the context wasn't sufficient. But this question is explicitly about whether the *information* provides an answer, and that is a test I can answer definitively.

Therefore, the answer is complete, relevant, and accurate, and I am confident in my answer.


",Meta-reasoning Fallacy,"Model B overthought the question's phrasing ('Does the information specify...'), fallaciously concluding that because the text allows one to answer 'No', the document successfully answers the question and should receive a high relevance score."
489204,1739317,489204,"Nephrolithiasis: The process of forming a kidney stone, a stone in the kidney (or lower down in the urinary tract). Kidney stones are a common cause of blood in the urine and pain in the abdomen, flank, or groin. Kidney stones occur in 1 in 10 people at some time in their life.",0,0,1,N/A,N/A,Hallucinated Connection,"The query consists solely of an unexplained numeric code ('489204') with no demonstrable or textual connection to the definition of nephrolithiasis. Model A correctly recognized the complete lack of relevance, while Model B hallucinated or assumed a connection, improperly scoring an unrelated document as relevant."
168216,8244850,168216,"Assume the average cold water supply temperature is 58.7°F. The tank will be set at 140°F, to avoid Legionella. The tank recovery is typical of a natural gas heater, so it can recover its volume in an hour (40 gph in this case).",0,0,1,"**Assessing the Answerability of the Question**

Okay, so I'm presented with a question: ""What specific virulence factors of *L. pneumophila* are implicated in pneumonia pathogenesis?"" My task is to judge how well this question can be answered, given the context provided. Let's see... the context revolves around the temperature of a cold water supply, maintaining a tank at 140°F to prevent *Legionella* growth, and the recovery rate of a natural gas heater. Hmm, that's all about water temperature and infrastructure, essentially focusing on prevention.

Looking at the question again, I'm specifically being asked about *virulence factors* and their role in pneumonia. The context doesn't touch on the *mechanisms* by which *L. pneumophila* causes disease, it only covers preventative measures. There's absolutely no mention of any specific virulence factors like the Dot/Icm secretion system, effector proteins, or macrophage infectivity potentiator (Mip) protein, nothing at all about the specific mechanisms involved in pneumonia pathogenesis. It's clear that the context is completely unrelated to the core of the question. Therefore, based on the provided information, I can't answer the question at all. It's a solid 0.


","Here's my assessment of the situation:

**Analysis of the Question and Context**

Okay, the prompt is straightforward; it wants me to identify *specific* virulence factors of *Legionella pneumophila* that play a role in pneumonia development. However, the accompanying text is all about water temperature control – specifically, the setting of a water heater to 140°F and recovery times for a natural gas heater as a measure to prevent *Legionella* growth in cold water supplies. While relevant to preventing infection, the context doesn't actually *discuss* the virulence factors themselves – things like effectors, surface proteins, or mechanisms of intracellular survival. It provides practical information about environmental control, not the molecular mechanisms of disease.

Therefore, given the lack of information directly related to virulence factors, I have to conclude that a satisfactory answer cannot be derived from the provided context. I'm assigning a grade of 0 to reflect this deficiency.


",Score-Reasoning Inconsistency,"Model B correctly deduced that the text was completely insufficient to answer the query and explicitly stated in its conclusion that it was assigning a grade of 0, but it mistakenly emitted a final score of 1 instead."
146187,3193119,146187,"As you look through this list of five types of cheese for burgers, keep in mind that cheeseburgers don't have to be made with ground beef. Other types of meat, like buffalo or turkey, are great with cheese. Veggie burgers are especially good with a thick layer of melted cheese on top.",0,0,1,"**Grading the Cheese Slice Question**

Okay, so I'm presented with a question: ""Does it specify the number of cheese slices per item?"" and given this context about cheese for burgers. My first thought is to assess if the question can be answered from the provided text. The question itself is a yes/no question - ""Does it specify...""

My instinct is immediately to say ""No,"" because the text clearly doesn't mention a specific number of cheese slices. But, I need to make sure I'm interpreting the prompt correctly. It's asking if the question is *answerable* from the context. It doesn't ask if the number of cheese slices is in the context.

I need to decide if I can confidently say ""No"" based on the given text.

I need to stop and remember the prompt: ""Can the question be answered based on the available context? choose one: 5 (highly relevant/complete/accurate)... 0 (not relevant at all)""

Given the yes/no nature of the question, the answer of ""No, it doesn't specify"" is both complete and accurate based on the text. The context is short and I can clearly and confidently say it doesn't specify.

Therefore, because I can give a complete and accurate answer, the grade has to be a 5.


","**Analyzing the Clarity of a Contextual Answer**

Okay, so the user posed a seemingly simple question: ""Does it specify the number of cheese slices per item?"" My initial reaction, looking at the context provided – a description of cheese varieties for burgers, with no mention of slice quantity – was a straightforward ""No."" It's a binary question, easily answered in the negative given the absence of relevant information.

But, I need to pause for a second. Is it *really* that simple? Can we definitively say a yes/no question is answerable, even when the answer is ""no"" because the context *lacks* the answer? The answer is... absolutely! The context doesn’t have the needed information, thus allowing an explicit ‘no’ as a definitive response. We're not left hanging, wishing for more; the context is sufficient to give a precise ""No, it doesn't specify..."" response.

Alternatively, we could say the context *does* provide enough information, because it provides the information that the number of cheese slices per item is *not* mentioned, so we can answer definitively ""No, it doesn't"". Therefore, I'm confident in saying the question can be completely answered. A solid ""5"" in this case.


",Hallucinated Relevance,"Both models hallucinated a context-specific evaluation question instead of assessing the actual numerical query ('146187'), but Model B regressed by awarding a non-zero score (1) to an entirely irrelevant document, failing to recognize that absence of information cannot constitute partial relevance."
146187,7095976,146187,"BYB Back Yard Classic Cheddar Cheeseburger: 792.9: 427.9: 48: 19.2: 2.5: 135.3: 1,176.9: 47.1: 3: 5.8: 42.5: BYB Back Yard Classic Pepper Jack Cheeseburger: 769: 425.5: 47.7: 18: 2.3: 129.9: 1,489.8: 46.2: 2.7: 5.8: 40: BYB Back Yard Classic Swiss Cheeseburger: 789.5: 426: 47.8: 18.5: 2.3: 137.5: 1,127.5: 46.2: 2.7: 5.8: 43.5: BYB Back Yard Double Classic American Cheeseburger: 1,272: 779: 87: 35.7: 4.5: 263.2: 2,112.7: 46.2: 2.7: 5.8: 72.6",0,0,1,N/A,N/A,Hallucinated Relevance,"The query '146187' has no textual, numerical, or semantic connection to the burger nutrition facts in the document. Model B was overly lenient and hallucinated relevance where no match exists."
1124210,2728447,1124210,"The tissue of vascular plants that conducts water and minerals, provides support, and consists of tracheary elements and parenchyma cells. Woody tissue is made of secondary xylem produced by the vascular cambium.",1,1,0,N/A,N/A,Over-reliance on Lexical Matching,"Model B likely failed to recognize the numeric string '1124210' as an identifier or associated query concept, penalizing the document entirely due to a complete lack of surface-level lexical or semantic overlap with the botanical text."
1117099,855067,1117099,"1 Convergent Boundaries-A convergent boundary is where two tectonic plates push together. 2  Sometimes one plate will move under the other. 3  This is called subduction. 4  Although the movement is slow, convergent boundaries can be areas of geological activity such as the forming of mountains and volcanoes. Transform Boundaries-A transform boundary is one where two plates slide past each other. 2  These places are often called faults and can be areas where earthquakes often occur. 3  One famous transform boundary is the San Andreas Fault in California. 4  It is the boundary between the North American Plate and the Pacific Plate.",0,0,1,N/A,N/A,Spurious Relevance Attribution,"The query consists solely of an opaque numerical string ('1117099') with no semantic relationship to the geological content of the document. Model A correctly recognized the complete lack of relevance and assigned a score of 0, whereas Model B improperly awarded non-zero relevance to an unrelated and ungrounded document."
156493,8300113,156493,"Fancy goldfish can reach over 15 years of age, while common goldfish can reach 20-25 years with proper care.",0,0,1,"**Assessing the Relevance of the Question**

Okay, so the question is whether the provided text allows us to quantify age-dependent growth rate changes. My initial assessment is that it's a non-starter. The given context, which details the lifespans of fancy and common goldfish, is entirely about *lifespan*. We're talking about how *long* they live – 15 years for fancier breeds, and 20-25 years for commons, assuming optimal care.

The core issue is a complete lack of any mention of *growth rate*. There's no data, no observation, nothing that speaks to how quickly these fish grow at different stages of their lives, and certainly nothing that provides quantitative metrics for changes in that growth rate over time. We're missing the key element – any information about the *dependent variable* itself.

Therefore, applying my expertise in [*insert relevant field*], I'd say the answer to the posed question based on this text is not just incomplete; it's completely irrelevant. I would have to give it a 0. There's no way to extract an answer, much less a satisfactory one, from the information provided.


","Here's my assessment of the question, tailored for an expert audience:

**Analysis of Age-Dependent Growth Rate Inquiry**

Okay, so the core of this is whether the provided information allows us to quantify changes in growth rate as a function of age. Let's break this down. The question's asking specifically about age-dependent *changes* in growth rates, implying a need for data that tracks growth over time and how that growth rate shifts. The context, however, merely provides lifespan data – that fancy goldfish might live to 15 years, while commons can reach 20-25 with good care.

This lifespan information is essentially an endpoint. It tells us about *maximum* age, not the process of how that age is achieved. There's nothing in there that helps us model growth curves, identify periods of rapid growth versus senescence, or determine *how* growth rate changes with age. We’d need longitudinal data, something that specifically measures size or weight at various ages. Without that, this context is entirely irrelevant to the core question. Thus, the correct assessment is a grade of zero.


",Score-Reasoning Inconsistency,"Model B correctly deduced that the text is entirely irrelevant and explicitly concluded in its reasoning that 'the correct assessment is a grade of zero,' but it mistakenly outputted a score of 1, contradicting its own conclusion."
359349,1394085,359349,"The sides AC and BD above are called the legs of the trapezoid, and are usually not parallel, although they could be (see parallelogram note below). Every trapezoid has two legs. Altitude. The altitude of a trapezoid is the perpendicular distance from one base to the other. (One base may need to be extended).",1,1,2,"**Assessing the Availability of Base Lengths**

Okay, so the user's asking a pretty straightforward question: can we determine the lengths of both parallel bases of a trapezoid, either directly or indirectly, from what we've been given? Let's break this down.

The provided context talks about the legs of a trapezoid (AC and BD), the altitude (perpendicular distance between the bases), and even mentions that ""one base may need to be extended."" Intriguing, but this doesn't actually *give* me any lengths, does it? Or provide any means to *calculate* them.

The wording suggests there are bases (plural), and that we can find the distance between them (altitude), but it is a description of parts, and doesn't explicitly define their measurement.

Essentially, I'm finding myself unable to extract any numerical values or specific relationships that would allow me to figure out the base lengths. The definition of the altitude is relevant to the question, but provides no data.
Therefore, the answer to the user's question is a definitive ""no"". There's simply nothing here to work with. So, 0/10, no relevant information to answer the question, or complete the task.


","**Analyzing the Availability of Base Lengths**

Okay, here's the deal. The initial question is whether we're given, or can derive, the lengths of both parallel bases. Let's break this down systematically.

First, I look at the context provided: it's all about defining terms – legs, altitude, and trapezoid in general terms. No actual measurements are given. My initial reaction? No, absolutely not. The context itself is purely definitional; it doesn't offer any numerical values or relationships that would allow for deriving the base lengths of any specific trapezoid.

Then, I pause. Is the question referring to a *specific* trapezoid problem, or is it a more general meta-question about the information available to us? ""Are the lengths... provided?"" is often a preliminary check. We have to make a choice.

I reconsider the context: it's a *definition*. It doesn't contain any measurements, period. Therefore, regardless of whether there's a specific problem at hand, we don't have *the information needed to answer the question.* We cannot deduce those lengths from definitions alone. So, the question is *not* answerable based on the provided context alone. 

Ultimately, I'm rating this as a zero. The context is insufficient for determining whether the question can be answered. The provided information is purely definitional.


",Score-Reasoning Inconsistency,"Model B explicitly concluded in its reasoning that the document contained no relevant information and stated 'Ultimately, I'm rating this as a zero', but then contradicted its own analysis by assigning a relevance score of 2 instead of the lowest score."
156493,5694167,156493,"The rule of thumb is 10 gallons of water for 1 inch of shell. Since your turtle is 3 long, he needs 30 gallons of water. For him/her to grow, it needs a larger tank. Reptiles will only grow as large as their environment will allow.",0,0,1,N/A,N/A,Hallucinated Relevance,"The query is an arbitrary numeric identifier ('156493') that bears no semantic connection or relevance to the document discussing turtle tank sizes. Model B failed to recognize the complete absence of topical match, inappropriately awarding a relevance score instead of assigning 0."
87181,4639455,87181,"Glossary of Terms. Cardiac Hypertrophy. Cardiac hypertrophy is a thickening of the heart muscle (myocardium) which results in a decrease in size of the chamber of the heart, including the left and right ventricles. A common cause of cardiac hypertrophy is high blood pressure (hypertension) and heart valve stenosis.",1,1,0,"**Evaluating the Presence of Detailed Afterload Elevation Mechanisms**

Okay, so the task is to determine if the text provides the level of detail necessary to answer the question, ""Are chronic afterload elevation mechanisms detailed?"" My initial thought is that the context mentions *causes* of cardiac hypertrophy like hypertension and valve stenosis. However, it doesn't actually *detail* the underlying mechanisms of chronic afterload elevation. It's really just listing high-level causes.

The question explicitly asks about *detailed* mechanisms. The text's response is an introduction to the cause of the mechanisms, not a detailed explanation. So, the direct answer to the question ""Are they detailed?"" is unequivocally ""No."" But the important thing is that the *answer* is available in the context.

I need to apply the rubric for this, as I am used to grading these kinds of questions. Typically, these evaluations focus on whether an answer to the question can be extracted, not whether the detail *about* the subject can be.

If I apply the rubric and consider the phrase ""The answer is not relevant or complete at all"" or ""The answer is missing"", that applies to a grade of 0. I can't construct an answer using this text. The text does not detail the mechanisms. Therefore, based on the context, I'm assigning a grade of 0.


","**Evaluating the Relevance of the Context**

Okay, let me break this down. The question is, essentially, ""Does this text detail mechanisms of chronic afterload elevation?"" I need to determine if the context provided actually answers that question. My initial read-through highlights concepts like cardiac hypertrophy, and mentions causes like high blood pressure and heart valve stenosis. Now, while those conditions are *related* to afterload, the text doesn't explicitly describe the mechanisms of chronic afterload elevation itself. It's more of a superficial association. In fact, afterload isn't even mentioned!

So, the immediate answer is *no*, the context doesn't detail those mechanisms. But, I need to make sure I'm interpreting the question correctly. Is it asking if the context *contains* the answer, or if it generally knows the answer, which would be normal. In typical QA retrieval scenarios, the provided context isn't expected to explicitly *contain* the answer, but to provide clues towards an external source.

Based on that, I can confidently assign a Grade 0. The context is completely irrelevant and insufficient for answering the question in any meaningful way. It's a non-starter.


",Demanded Exact Keyword Match,"Model B regressed by demanding explicit mentions of the term 'afterload' rather than recognizing that hypertension and heart valve stenosis are classic clinical causes/manifestations of elevated afterload, leading it to treat the document as completely irrelevant (0) instead of recognizing partial topical relevance (1)."
156493,4571844,156493,"This depends upon your preferences and your plans. Smaller trout cost less, but take longer to reach large size. Under optimal conditions, a rainbow trout can grow as much as one inch per month, but usually much less than that. If your trout grow a total of six inches per year, they are growing very well.",0,0,1,N/A,N/A,Hallucinated Relevance,"Model B assigned a non-zero relevance score to a document that has zero topical overlap or connection to the numerical query '156493', failing to recognize complete irrelevance and exhibiting overly lenient scoring."
168216,7337516,168216,Legionnaires' disease - acute (sometimes fatal) lobar pneumonia caused by bacteria of a kind first recognized after an outbreak of the disease at an American Legion convention in Philadelphia in 1976; characterized by fever and muscle and chest pain and headache and chills and a dry cough.,0,0,1,N/A,N/A,Hallucinated Relevance,"The query consists solely of an arbitrary numerical string ('168216') with no lexical match or topical connection to the document describing Legionnaires' disease. While Model A correctly assigned a score of 0, Model B generated a false positive by finding or hallucinating relevance where none exists."
1117099,2515910,1117099,"Colliding Plates. Convergent boundary, divergent boundary and transform boundary are the three types of boundaries that form due to plate tectonic movement. Converging plates usually form subduction zones.Subduction zones ring the Pacific Plate causing frequent earthquakes, volcanic eruptions, and tsunamis.ontinental crusts that collide form a convergent boundary also. When two continental crusts collide a large mountain range forms between the two crusts. The Himalayan Mountains are the result of a continental collision between the Indo-Australian Plate and the Eurasian Plate.",0,0,1,N/A,N/A,Hallucinated Relevance,The query is an arbitrary numeric ID ('1117099') with zero semantic connection or lexical overlap with the document about plate tectonics. Model B erroneously assigned relevance to a completely unrelated document instead of recognizing it as irrelevant.
168216,3830854,168216,"They may seem weak, vomit, or have diarrhea. Less common symptoms include abdominal pain and a stiff neck. Streptococcus pneumoniae is the usual cause, but other bacteria (such as Staphylococcus aureus or Mycoplasma pneumoniae) Can cause pneumonia, too. Viral pneumonia typically starts out like a cold, but symptoms slowly and steadily get worse.",0,0,1,"**Assessing the Question's Answerability**

Okay, so I'm presented with a question: what *specific* virulence factors of *L. pneumophila* are implicated in pneumonia pathogenesis? My first thought is to dive into the context and see if there's even a shred of information that's relevant. I scan the provided text, looking for any mention of *Legionella pneumophila* or, better yet, its virulence factors. Nope, nothing. I see mentions of *Streptococcus pneumoniae*, *Staphylococcus aureus*, and *Mycoplasma pneumoniae*, but not the organism in question.

Therefore, this question is unanswerable based on the given material. The information provided doesn't touch on *L. pneumophila* at all, let alone delve into its specific mechanisms of causing disease. Given the lack of relevant context, the answer is a resounding zero. The prompt is clear, it's a simple binary evaluation: can the question be answered or not, I can confirm that it cannot, given the current context.


","**Assessing the Context's Relevance**

Okay, so the question is very specific: I need to pinpoint which virulence factors of *L. pneumophila* are *actually* implicated in pneumonia pathogenesis. It's not a general question about pneumonia, or even about *Legionella* in general. I need *specific* factors and their role.

Right, so I'm looking at the provided context. It's describing symptoms, mentioning other pneumonia-causing organisms like *Streptococcus pneumoniae*, *Staphylococcus aureus*, and *Mycoplasma pneumoniae*, and even includes viral pneumonia as a category. But... *nothing* here mentions *Legionella pneumophila*. No mention of its existence, let alone its virulence factors!

Therefore, based on this information *alone*, I have absolutely nothing to work with. There's not enough even to get me started. My answer is going to have to be a big fat zero. The context is completely irrelevant to answering the question as posed. It's a non-starter.


",Score-Reasoning Contradiction,"Model B correctly deduced in its reasoning that the document had zero relevance to the target topic ('My answer is going to have to be a big fat zero'), but contradicted its own explicit conclusion by outputting a score of 1 instead of 0."
1117099,2068354,1117099,"In a subduction zone, plate subduction forms a trench and uplift area parallel to the trench and causes igneous activity and earthquakes. Such uplift area is called a volcanic island arc or island arc because it is a curved chain of islands and volcanoes. Volcanic arcs formed on the edge of continent without marginal seas are continental margin arcs.",0,0,1,N/A,N/A,Hallucinated Relevance,"The query consists solely of an unexplained numeric identifier ('1117099') with no semantic connection or textual overlap to the geological text about subduction zones and volcanic island arcs. Model B was overly permissive, hallucinating or assuming marginal relevance where none exists, whereas Model A correctly identified the complete lack of relevance."
1124210,8547687,1124210,"Xylem in plants is the water conducting tissue in vascular plants. Based on the stage and origin of growth, a xylem may be primary or secondary. Word origin: Greek xylon, wood. Compare: phloem ‘’See also:’’ softwood, hardwood. Related terms: primary xylem; secondary xylem; protoxylem; metaxylem",0,0,1,N/A,N/A,False Positive Relevance,"The query consists solely of a numeric string ('1124210') with no semantic or contextual connection to the botanical definition of xylem in the document. Model B inappropriately awarded a non-zero relevance score to a completely unrelated passage, likely due to over-generous scoring tendencies."
168216,661753,168216,"A. Early symptoms of the illness are much like the flu. After a short time (in some cases a day or two), more severe pneumonia-like symptoms may appear. Not all individuals with Legionnaires' disease experience the same symptoms. Some may have only flu-like symptoms, but to others the disease can be fatal.",0,0,1,N/A,N/A,Hallucinated Relevance,"The query consists solely of an unexplained numeric string ('168216') that has no apparent semantic relationship to Legionnaires' disease. Model A properly recognized the complete lack of relevance, while Model B gave an ungrounded non-zero score, likely hallucinating a connection or being overly lenient on an uninterpretable query."
1114646,2190338,1114646,acyclovir is used to treat infections caused by certain types of viruses it treats cold sores around the mouth caused by herpes simplex shingles caused by herpes zoster and chickenpox this medication is also used to treat outbreaks of genital herpes,0,0,1,N/A,N/A,Hallucinated Relevance,"Model B assigned relevance to a query consisting solely of an uncontextualized numeric identifier ('1114646') without any textual overlap or clear connection to the document about acyclovir, whereas Model A correctly identified that the document is completely irrelevant."
183378,2499861,183378,"3 - tRNA has amino acids covalently attached for production of protein 4 - rRNA is a component of ribosomes (rRNA = ribosomal RNA) 5 - mRNA determines the amino acid sequence for a protein-I take it that's what this means. 6 - rRNA is the most abundant form of RNA (Though the least studied I believe).RNA carries an anticodon that base pairs with mRNA codon (one of the three base pairs is a wobble base pair. pre mRNA is exon spliced, polyadenylated, and capped to synthesize a mature mRNA that will exit the nucleus. Therefore, you mature mRNA will be purely exons. All introns are removed.",1,1,2,N/A,N/A,Hallucinated Relevance,"The query consists solely of an arbitrary numeric string ('183378') with no apparent connection to the biological text provided. Model B incorrectly inferred or hallucinated relevance where none exists, overscoring an unrelated document to a 2 instead of recognizing the lack of topical match."
131843,1453832,131843,A Tornado WATCH is issued by the NOAA Storm Prediction Center meteorologists who watch the weather 24/7 across the entire U.S. for weather conditions that are favorable for tornadoes. A watch can cover parts of a state or several states.,1,1,0,"**Evaluating the Question's Answerability**

Okay, let's break this down. My task is to determine if the given context allows for a definitive ""yes"" or ""no"" answer to the question: ""Does it specify the issuing authority and geographical scope?"" The context provided describes a Tornado WATCH issued by the NOAA Storm Prediction Center.

First, I need to isolate the relevant information. Regarding the issuing authority, the text clearly states, ""NOAA Storm Prediction Center meteorologists."" That's a direct and unambiguous answer to that aspect of the question.

Next, I need to pinpoint the geographical scope. The context states the watch is in effect ""across the entire U.S."" but also clarifies that it ""can cover parts of a state or several states."" This gives us a spectrum of possible scope, from smaller local areas to the entire United States, which is well-defined.

Therefore, since both the issuing authority *and* the geographical scope are explicitly stated within the context, I can confidently answer ""yes"" to the core question. The context provides the specific issuing authority and a range of possible geographical scopes. It's a clear 5.


","Okay, here's my breakdown of this question and its answer:

**Analyzing the Question's Clarity and Scope**

Alright, the query boils down to checking if the provided information explicitly defines the issuing authority and geographical area covered by a ""Tornado WATCH."" I need to determine if the text provides these critical details.

Reading the provided context, it’s pretty straightforward. It states that the ""NOAA Storm Prediction Center meteorologists"" are the ones issuing the watch. So, *that* part is clear. They have explicitly stated the issuing authority.

Furthermore, the text explains these watches can cover parts of a state or even multiple states, describing the potential geographical scale. So, *that* aspect is also accounted for in the information.

Therefore, the answer is complete. Both the issuing authority and geographical scope are definitively specified within the context. The question is fully answered by the provided text. A grade of 5 is appropriate, based on the information provided.


",Score-Reasoning Discrepancy,"Model B's reasoning concluded that the document fully answers the query and explicitly stated that a high grade was appropriate, but it contradicted its own reasoning by outputting a final score of 0."
168216,3034382,168216,"A. Unlike Legionnaires disease, which can be a serious and deadly form of pneumonia, Pontiac fever produces flu-like symptoms that may include fever, headache, tiredness, loss of appetite, muscle and joint pain, chills, nausea, and a dry cough.",0,0,1,N/A,N/A,Hallucinated Relevance,"Model B assigned relevance to a document about medical symptoms despite the query being an arbitrary number ('168216') with zero semantic or lexical connection, reflecting a false positive bias on uninformative or unrelated inputs."
183378,1886705,183378,"potassium voltage-gated channel, Isk-related family, member 2. KCNE2 (NM_172201.1) encodes a voltage gated potassium channel protein (also called MiRP1) that assembles with the KCNH2 pore-forming protein (also called HERG) to alter its function.The KCNE2 gene contains 2 exons (1 coding exon) and is located at 21q22.Loss of function mutations in KCNE2 account for approximately 1% of all individuals with Romano-Ward syndrome, an autosomal dominant form of long QT syndrome (LQTS) (Splawski et al. 2000.he KCNE2 gene contains 2 exons (1 coding exon) and is located at 21q22. Loss of function mutations in KCNE2 account for approximately 1% of all individuals with Romano-Ward syndrome, an autosomal dominant form of long QT syndrome (LQTS) (Splawski et al. 2000.",0,0,1,N/A,N/A,Hallucinated Relevance,"The query is an identifier ('183378') that does not appear anywhere in the document. Model B likely hallucinated or assumed a connection between the numerical identifier and the gene/disease described in the text, awarding relevance without factual support."
156493,6524741,156493,"What we feed our goldfish, how big their aquarium is, having proper equipment such as filters and air pumps and not overcrowding their tank can increase how long goldfish live. By doing the following can drastically reduce the chance of goldfish diseases occurring as well as increase the years that your goldfish live.",0,0,1,N/A,N/A,Hallucinated Relevance,"The query is an arbitrary numeric ID ('156493') with zero topical connection to goldfish care. Model A correctly rated it as completely irrelevant (0), whereas Model B erroneously assigned partial relevance (1) despite the complete absence of any match or context."
156493,1861641,156493,"Shubunkin Goldfish get very large, so a 50 gallon (189.3 L) tank is the smallest tank you can keep one in. Keep the live plants to a minimum; Shubunkins will uproot them.",0,0,1,N/A,N/A,Hallucinated Relevance,"The query is an arbitrary numeric ID ('156493') with no textual, contextual, or semantic overlap with the document about Shubunkin goldfish care. Model A correctly recognized the complete lack of relevance and assigned a score of 0, whereas Model B assigned a 1, falsely inferring relevance or defaulting to a positive score without any matching evidence."
1117099,4490406,1117099,"Volcanoes form at divergent plate boundaries, and at convergent plate boundaries between oceanic and continental plates or between two oceanic plates (subduction zones). All types of plate movements cause earthquakes, including transverse movements where two plates slide along each other, and convergent boundaries between two continental plates (these two types generally do not result in volcanism). Divergent boundaries, or rifts, are places where two plates move apart from each other.",0,0,1,N/A,N/A,Hallucinated Relevance,"The query consists solely of an arbitrary numeric string ('1117099') with no semantic relation to the document about plate tectonics and volcanoes. Model A correctly assigned a score of 0, while Model B exhibited leniency bias or spurious matching, improperly awarding relevance to a completely unrelated document."
1113437,6601849,1113437,"Types of Trees. The types of trees that we grow and offer at our farm include: Canaan Fir, Colorado Spruce, Norway Spruce, Scotch Pine, and White Pine. People tend to have differences in opinion as to what makes the most beautiful Christmas tree.he types of trees that we grow and offer at our farm include: Canaan Fir, Colorado Spruce, Norway Spruce, Scotch Pine, and White Pine.",0,0,1,"**Evaluating the Question's Answerability**

Okay, so I'm looking at this question: ""Are persistent sterigmata explicitly described on the twigs?"". My task is to figure out if I can answer that question *based on the given context*. Let's see... the context provided describes the types of trees grown at the farm: Canaan Fir, Colorado Spruce, Norway Spruce, Scotch Pine, and White Pine. It also mentions that people have opinions about the ""most beautiful Christmas tree.""

Right away, I see the problem. There's absolutely nothing in this text that mentions ""persistent sterigmata"" or ""twigs"". Therefore, based solely on this context, the question *cannot* be answered. It's completely irrelevant.

So, how do I grade this? It seems pretty straightforward. The question's answer is not relevant, or completely incomplete, based on this provided context. The prompt says ""Can the question be answered based on the available context? choose one..."" the answer is clearly that it cannot be answered. I think I would have to give it a grade of 0.


","Okay, here's my assessment of that question and context, from my expert perspective:

**Analysis of the ""Persistent Sterigmata"" Inquiry**

Alright, let's break this down. The question boils down to whether the provided text *explicitly* details the presence of ""persistent sterigmata"" on twigs. Now, given my extensive knowledge in this area, I can immediately spot that this is a very specific botanical characteristic, likely related to the structure of conifer needles. However, when I look at the context provided – a list of tree types available at a farm – my expert eye tells me that the information is simply not present. Canaan Fir, Colorado Spruce, Norway Spruce, Scotch Pine, and White Pine are described. There is no mention of ""persistent sterigmata"" or even general morphological descriptions of the twigs themselves. Therefore, the answer isn't contained within this context. The grade for this question is unequivocally a zero.


",Score-Reasoning Discrepancy,"Model B's reasoning correctly determined that the text lacked the required information and explicitly concluded that the grade should unequivocally be zero, but it erroneously output a final score of 1."
168216,2160687,168216,"Document and record the maximum hot water system temperatures using a calibrated thermometer in a cup within 6 inches of the fixture outlet at the farthest fixture every 15 seconds until the temperature stabilizes for five consecutive readings.9.. The minimum temperature of hot water to prevent Legionella bacteria growth-The minimum temperature to prevent Legionella Bacteria growth is 122°F. Above 122°F and up to 131°F, Legionella bacteria survives, but will not multiply. At 131°F, it takes about 5 to 6 hours for the bacteria to die.",0,0,1,N/A,N/A,Hallucinated Relevance,"The query is an isolated numeric string ('168216') that shares no lexical or semantic connection to the document discussing hot water temperatures and Legionella bacteria. Model B improperly assigned partial relevance to a completely unrelated document, whereas Model A correctly evaluated it as entirely irrelevant (score 0)."
182539,3883077,182539,"In calculus, a function defined on a subset of the real numbers with real values is called monotonic if and only if it is either entirely increasing or decreasing. It is called monotonically increasing (also increasing or nondecreasing), if for all and such that one has, so preserves the order (see Figure 1).Likewise, a function is called monotonically decreasing (also decreasing or nonincreasing) if, whenever, then, so it reverses the order (see Figure 2).If the order in the definition of monotonicity is replaced by the strict order, then one obtains a stronger requirement.A function with this property is called strictly increasing. Again, by inverting the order symbol, one finds a corresponding concept called strictly decreasing.wo facts about these functions are: 1  if is a monotonic function defined on an interval, then is differentiable almost everywhere on, i.e. the set of numbers in such that is not differentiable in has Lebesgue measure zero.",1,1,0,N/A,N/A,Failure to handle identifier query,"The query consists solely of an ID/numeric string ('182539') rather than natural language text, typical of dataset artifacts or passage retrieval IDs. While Model A appropriately captured the benchmark's ID-to-document mapping or tolerated the uninformative query, Model B strictly applied semantic relevance criteria and rejected the document due to zero semantic or lexical overlap."
156493,3288596,156493,"If the tank is not large enough to allow the goldfish to grow, it's growth will be stunted and this can cause the fish to become unhealthy and die. The fancy goldfish do not get as large as the common/comet/shubunkin/feeder goldfish. The more room you can give your goldfish, the faster it will grow.",2,2,1,"**Evaluating the Question's Relevance**

Okay, let me break this down. The question posed is whether the provided context allows us to quantify age-dependent growth rate changes. My initial instinct is to go through the provided text to see if the question can be answered from this information.

After reviewing the context, I see it's about goldfish growth, and mentions factors like tank size and breed differences that *affect* growth. Specifically, it states that restricted tank size leads to stunted growth, which makes sense. There's also mention of different breeds reaching different sizes. However, it doesn't describe the growth rates *themselves*, let alone how those rates change as the goldfish ages. There's nothing about how quickly they grow at different life stages, nor any data, models, or indicators.

Therefore, since the concept of ""age-dependent growth rate changes"" isn't addressed or even hinted at in the text, my expert conclusion is that the question is essentially unanswerable based on this limited information. The context just doesn't provide what's needed. Thus, I'd give this a grade of 0.


","**Analyzing the Question's Scope**

Okay, so the question is whether the provided context quantifies age-dependent growth rate changes. Let's break this down. The context mentions goldfish tank size and its impact on growth – specifically, that more space results in faster growth, and it also differentiates between fancy and common goldfish sizes. But does any of this actually *quantify* changes in growth rates that are *dependent* on age?

Honestly, no. The context is really just about tank size and a general comparison of goldfish types. There's no mention of specific ages, no data points linking age to growth rate, no attempt to model or measure how growth changes *over time* for individual fish. It's a very high-level description of influencing factors. Without any age-related parameters, it's impossible to quantify an age-dependent rate change from this information. Therefore, the answer is unequivocally 0. It's a complete mismatch between the question's specific demands and the information provided.


",Score-Reasoning Inconsistency,"Both models hallucinated an overly strict evaluation criteria leading to an internal conclusion of 0, but Model B regressed by outputting an arbitrary score of 1 rather than aligning with the ground-truth relevance score of 2."
168216,7034888,168216,"Mycoplasma Infection (walking pneumonia, atypical pneumonia)by Dr. Earl H. Eye, M.D. 6/16/98 What is a Mycoplasma infection? Mycoplasma infection is respiratory illness caused by Mycoplasma pneumoniae, a microscopic organism related to bacteria but lacking a cell wall.The organism is larger than a virus but smaller than a bacterium, thus it is called an Atypical bacteria. common result of mycoplasma infection is pneumonia (sometimes called walking pneumonia because it is usually mild and rarely requires hospitalization). Infections of the middle ear (otitis media) also can result. Less common finding are abnormalities of liver function, nausea, diarrhea, and rash.",0,0,1,"**Assessing the Answerability of a Virulence Factor Question**

Okay, let's break this down. The core of the issue is whether the provided text allows for a response to the question regarding specific virulence factors of *L. pneumophila* involved in pneumonia pathogenesis. Essentially, can I draw any conclusions, even tentative ones, about *Legionella* based on what I've been given?

The crux of the matter is that the context is explicitly about *Mycoplasma pneumoniae* – a completely different bacterium. There's not a single mention of *Legionella pneumophila*, nor any discussion of its virulence mechanisms. Given my expertise, it's immediately clear that I can't extract any relevant information from this source. Attempting to force an answer would be misleading and nonsensical.

Therefore, objectively speaking, based on the material at hand, the question is entirely unanswerable. The context provides zero basis for discussing *L. pneumophila*'s virulence factors. A grade of zero is the only justifiable outcome here.


","**Assessing the Relevance of Provided Context**

Okay, so I was posed a specific question: what *L. pneumophila* virulence factors are involved in causing pneumonia? My initial thought is to see if the provided context actually *addresses* this. Now, after a quick scan, it's clear: the context is discussing *Mycoplasma pneumoniae*, specifically ""walking pneumonia,"" and completely ignores *Legionella pneumophila*. Furthermore, it doesn't mention any virulence factors, let alone those specific to the bacterium I'm interested in. Essentially, there's zero relevance here. The context is a complete mismatch, so a grade of 0 is the only logical conclusion. This material is useless for answering the question at hand. I need a completely different source.


",Score-Reasoning Inconsistency,"Model B's reasoning correctly identified that the text had zero relevance and explicitly concluded that 'a grade of 0 is the only logical conclusion,' but it inexplicably assigned a final score of 1 instead of 0."
19335,7122355,19335,"Definition of environment: The sum total of all surroundings of a living organism, including natural forces and other living things, which provide conditions for development and growth as well as of danger and damage. See also environmental factors.",1,1,0,"**Evaluating the Applicability of Political Ecology Perspectives**

Okay, so I'm looking at this question: ""Does it incorporate political ecology perspectives?"" and my immediate thought is, can I even answer this *with* what I've got? Let's see... the provided context is a definition of ""environment."" Pretty basic, really – the sum total of surroundings, natural forces, other living things, blah blah. It's... fine. Doesn't tell me anything earth-shattering.

Now, does this definition *mention* political ecology? Nope. Not even a hint. Does it address power dynamics, social justice, resource control, or anything that would even *suggest* a political ecology lens? Absolutely not. It's a textbook definition, pure and simple.

Therefore, and given my expertise, I have to conclude that this context is *completely* irrelevant to answering the question. We're talking apples and oranges here. There's just no connection. So, based on this limited input, I'm assigning a grade of 0. The context doesn't provide any information needed to answer the question about political ecology.


","**My Assessment of the Query**

Okay, here's what I'm thinking. I've been given a definition of ""environment,"" and then a very direct question: ""Does it incorporate political ecology perspectives?"" My internal assessment is, very quickly, that the context provided doesn't even touch on the subject matter outlined in the question. There's no ""it"" to consider, and there's definitely no mention of political ecology, or any related concept for that matter. Based on this, there is no way for the context to offer any response to the query. In essence, it's a non-starter. I have to give it a solid zero.


",Hallucinated Query,"Both models hallucinated an unrelated query regarding 'political ecology perspectives' instead of evaluating the actual query '19335', but Model B followed this hallucinated premise to assign an irrelevant score of 0, whereas Model A correctly preserved the positive ground-truth score."
855410,840666,855410,"This allows eczema skin to heal and become more resistant to symptoms of AD, including burning, dryness and itch. Apply skin barrier creams only to the skin affected by eczema and under the direction of a qualified health care provider. Skin barrier creams are available by prescription and over-the-counter. Tips on choosing a moisturizer",0,0,1,N/A,N/A,Hallucinated Relevance,The query '855410' is an arbitrary numeric code with zero topical or keyword overlap with the document about eczema treatment. Model B incorrectly assigned a non-zero relevance score instead of recognizing the complete lack of relevance as Model A and the human evaluator did.
1133167,2407383,1133167,"Rain is rare, and temperatures usually range from the upper 60’s or mid 70’s to the mid 50’s at night. The ocean stays cool at around 60 degrees while the rivers in the area warm up to around 70 degrees. Most of the rain in Brookings falls during the winter months between November and April.",0,0,1,"**Analyzing the Context for Severe Weather Information**

Okay, so I've got this question: ""Are any active severe weather advisories issued?"" My immediate thought is, ""Can I actually answer that question *with* what's provided?"" Let's break down the context. I'm seeing information about general climate data for Brookings: how rare rain is, average temperatures, the usual water temperatures in the ocean and rivers, and the seasonal rainfall. Now, I know my stuff, and I can see *no* mention of any real-time weather advisories whatsoever. No warnings, watches, nothing about current storm systems or severe weather risks. It's all general climatological data.

Therefore, the question, as posed, *cannot* be answered from this material. It’s simply irrelevant. The prompt itself is very clear - ""Can the question be answered based on the available context? choose one..."". Since I *cannot* answer the question, the appropriate rating is a 0. It's a clear case of information mismatch.


","Here's my assessment of the situation:

**Analysis of the Query Regarding Active Severe Weather Advisories**

Alright, let's break this down. The core of the issue is this: the question is explicitly asking about active severe weather advisories. The given context, however, is providing *general* climate information. We're talking typical temperature ranges, ocean temperatures, and even the general timing of rainfall in Brookings. While all of this is interesting background information, it's completely irrelevant to the crucial requirement of *active severe weather advisories*. There's simply no connection between the provided data and the specific information needed to answer the question. Therefore, by any reasonable measure, the context is unable to answer the question. It's a clear miss, so I'd assign a grade of zero.


",Score-Reasoning Contradiction,"Model B correctly deduced in its reasoning that the document was completely irrelevant and explicitly stated it should receive a grade of zero, but it contradicted itself by ultimately assigning a final score of 1."
1121402,7142994,1121402,"Plowing and planting across the changing slope of land, rather than in straight lines, to help retain water and reduce soil erosion. Method for reducing soil erosion; plant stalks are left in the field after harvesting and the next year's crop is planted within the stalks without plowing.",0,0,1,N/A,N/A,Hallucinated Relevance,"The query consists solely of an arbitrary numeric identifier ('1121402'), while the document defines agricultural soil conservation methods. Model B inappropriately assigned relevance to an entirely unrelated document instead of recognizing a complete lack of topical overlap."
168216,4073425,168216,"Significantly, research has shown that Legionella can grow in water with a temperature between 68 and122. Therefore, you've probably realized that there is a narrow temperature range - about 125 degrees - that is cool enough to avoid scalding and hot enough to discourage Legionella bacteria.",0,0,1,N/A,N/A,Superficial Pattern Matching,"Model B likely hallucinated relevance based on spurious numeric or substring overlap (such as the number '68' appearing within '168216'), failing to recognize that the document about Legionella bacteria temperatures has no actual relevance to the numeric query."
156493,2403231,156493,"If you want to get some baby goldfish, the most fascinating way of obtaining them is of course to breed goldfish in your own aquarium or pond. A goldfish becomes sexually mature when it is around one year old, but will not reach their prime until two years later.",0,0,1,"**Analyzing the Context for Age-Dependent Growth Rate Quantification**

Okay, so the core question is whether the provided text addresses age-dependent growth rate changes. Let me see... the text discusses goldfish breeding and maturation. It states that goldfish become sexually mature around one year and reach their prime two years after that. Hmm... while it references age and development, it doesn't actually *quantify* changes in growth rate—that is, the changes in size or weight over time as the goldfish ages. It's more about stages of development.

Therefore, the provided context simply does not provide the specific information to answer the question, as I understand it. I was going to rate this as a 0, meaning the context is totally irrelevant to the question. Yes, 0 is appropriate. If the question can't be answered, that corresponds to the minimum score, in my understanding.


","Here's my assessment of the situation:

**Analysis of Age-Dependent Growth Rate Question**

Okay, so the user's question is ""Does this quantify age-dependent growth rate changes?"" I need to evaluate whether the provided context answers that specifically. Let's see... the context describes goldfish breeding, mentioning sexual maturity around one year and peak condition two years after that. Hmm... that's valuable information about timing in their life cycle, but does it *quantify* the changes in growth rate across different ages? No, it doesn't give me any numerical data or formulas or anything like that. It's more of a general overview of their development, focusing on when they *can* breed rather than *how much* they are growing at each stage. Therefore, the context fails to provide the quantification the question is looking for. A grade of zero is appropriate here.


",Reasoning-Output Disconnect,"Model B correctly deduced that the context does not answer the question and explicitly concluded that 'A grade of zero is appropriate here', but suffered from an output discrepancy where it assigned a score of 1 instead of 0."
1133167,1883277,1133167,"JAMAICA WEATHER :: HURRICANE SEASON IN JAMAICA. Although Jamaica lies in the Caribbean 'hurricane belt', relatively few touch Jamaica. The last great storm to hit the island was Hurricane Gilbert, which roared ashore in 1988, causing immense damage and killing 45 people.",1,1,0,N/A,N/A,Strict Lexical Matching,"The query consists solely of an ID number ('1133167'), likely a dataset artifact corresponding to the document. Model B failed to recognize the identifier or handle the artifactual query context, strictly penalizing the passage due to the absence of lexical and semantic overlap with the number."
1133167,2613290,1133167,"The following statistical weather data is from a weather station in Montego Bay, Jamaica. Keep in mind that on an island the size of Jamaica, the climate will vary slightly across the island.",1,1,0,N/A,N/A,Over-reliance on Lexical Matching,"Model B likely failed to recognize the numeric query as a specific entity identifier (such as a weather station ID or postal code) corresponding to the document, incorrectly rejecting it due to the absence of exact keyword overlap."
87181,4632252,87181,"As enlargement progresses, though, the heart's pumping ability declines. Dilated cardiomyopathy is the main type of cardiomegaly. In dilated cardiomyopathy, the walls of both the left and right side of the heart (ventricles) become thin and stretched. The result is an enlarged heart.In the other types of enlarged heart, the heart's muscular left ventricle becomes abnormally thick.. An enlarged heart (cardiomegaly) may have various causes. But it's usually the result of high blood pressure (hypertension) or coronary artery disease. An enlarged heart may not pump blood effectively, resulting in congestive heart failure.",0,0,1,N/A,N/A,Hallucinated Relevance,"The query '87181' is an ambiguous numeric string (likely a ZIP code) with zero semantic connection to cardiomegaly or heart health. Model B incorrectly assigned marginal relevance to a completely unrelated medical document, whereas Model A correctly gave it a score of 0."
573724,1165128,573724,"The range of personal, social, economic, and environmental factors that influence health status are known as determinants of health. It is the interrelationships among these factors that determine individual and population health.",0,0,1,N/A,N/A,Hallucinated Relevance,"The query consists solely of an arbitrary numeric string ('573724') with zero semantic or textual relation to the document about determinants of health. Model B exhibited a false positive by assigning relevance to a completely disconnected document, whereas Model A correctly assigned a score of 0."
168216,1757258,168216,"Any intracellular organism including typhoid, malaria, Legionnaire's disease, mycoplasma, chlamydia Classic presentation of typhoid fever Abdo pain, fever, chills",0,0,1,N/A,N/A,Hallucinated Relevance,"The query is an isolated numeric string ('168216') with no semantic or topical overlap with the medical text regarding intracellular organisms and typhoid fever. Model B produced a false positive by finding or assuming relevance where none exists, whereas Model A correctly rated it as completely irrelevant."
182539,6816574,182539,Definition of MONOTONIC. 1. : characterized by the use of or uttered in a monotone. 2. : having the property either of never increasing or of never decreasing as the values of the independent variable or the subscripts of the terms increase. — mono·ton·i·cal·ly \-ni-k(ə-)lē\ adverb.,1,1,0,N/A,N/A,Literal Query Matching,"The query '182539' is an artifact from a benchmark dataset (such as MS MARCO) representing a query ID for the definition of 'monotonic'. Model B failed by taking the numeric ID literally as an unresolvable string with no lexical overlap to the document, whereas Model A recognized or preserved the underlying query mapping to award relevance."
19335,1956669,19335,"What these different ecological research approaches share is the recognition that materials and energy flow through multiple systems on Earth, and that interactions among organisms and their environments are two-way: the environment influences organisms, and organisms alter their environment.",0,0,1,N/A,N/A,Hallucinated relevance,The query consists entirely of an unrelated 5-digit number ('19335') with zero connection to the document about ecological research. Model B erroneously assigned marginal relevance instead of recognizing the document as completely irrelevant.
1133167,4926202,1133167,"Making yourself aware of Jamaica's weather patterns will help you decide what clothing to pack, and the best time to visit the island, to fully experience all it has to offer. The following chart helps you to do this by detailing the average daily high and low temperatures of each month.",1,1,0,N/A,N/A,Failure to Recognize Query Identifier,"The query consists entirely of an opaque numeric ID ('1133167') rather than natural language text. Model B likely relied on surface-level semantic or lexical matching, finding no apparent connection to the passage about Jamaica's weather, whereas Model A was able to correctly associate the identifier with the target passage."
168216,8731619,168216,"The genome of Legionella pneumophila str. Paris was found to contain 3,503,610 base pairs and contains about 3027 predicted protein-encoding genes. The genome is a circular chromosome with an average GC content of 38%.",0,0,1,"**Evaluating the Context's Relevance**

Okay, let's break this down. The core question is about *specific* virulence factors of *L. pneumophila* and their role in pneumonia. I need to determine if the provided information actually allows me to address this question at all. Let me re-read the context... it's all about the genome of *L. pneumophila* str. Paris. We've got the base pair count, gene number, the circular chromosome structure, and the GC content.

Hmm. As a microbiologist, I can appreciate that this is genome-level data. However, knowing the genome size, gene count, and GC content is interesting in a general sense, but it *doesn't* tell me anything about specific proteins that act as virulence factors or how they contribute to disease. It certainly doesn't detail how they *cause* pneumonia. The text is entirely devoid of that kind of functional, mechanistic information.

Therefore, looking at what I've got, the answer is a resounding *no*. The context is completely insufficient. I can't even make an educated guess, there's just no foundation for an answer here. It's a zero, plain and simple.


","Here's my assessment of the situation:

**Analysis of the Question and Provided Context**

Okay, so the question is directly asking about specific virulence factors of *Legionella pneumophila* that are involved in the process of pneumonia. My initial scan of the provided text, however, tells me that it's dealing with some basic genomic characteristics of *L. pneumophila* strain Paris. I'm seeing information about genome size, base pair count, predicted genes, chromosome shape, and GC content. But, I don't see anything regarding any specific virulence factors or how they contribute to causing pneumonia.

Therefore, given what's been given to work with, there is no way to answer the question, as the required information simply isn't present in the text provided. This should result in a grade of zero.


",Score-Reasoning Inconsistency,"Model B correctly deduced that the text lacked the required information and explicitly concluded in its reasoning that it should receive a grade of zero, but it contradicted itself by assigning a final score of 1."
1133167,7217706,1133167,"Go-Jamaica Weather for daily forecasts on Jamaica's Cities and Towns,Hurricane and Tropical Storm Updates, with Satellite images and Maps Listen to Live Jamaican Radio, Listen to Power 106 FM 24x7. Click Here to Listen Free | (Advertisement)",1,1,0,N/A,N/A,Over-reliance on literal semantic match,"The query consists solely of an opaque numeric identifier ('1133167') that shares no explicit lexical or semantic overlap with the document content. Model B judged the document as completely irrelevant (0) due to strict semantic mismatch, failing to account for underlying identifier-to-document mappings recognized by human evaluators and Model A."
962179,2017003,962179,"Answer Wiki. According to SHARING IS CARING Trademark of Salvation Army, The - Registration Number 2492693 - Serial Number 76180417 :: Justia Trademarks, the Salvation Army has had sharing is caring trademarked since 1950.",0,0,1,"**Analyzing the Context for Relevance**

Okay, so the user's question is pretty specific: Does this text tell me *when* The Christian Mission became The Salvation Army? I need to analyze the provided context to see if it even touches on that key detail.

Let me see... the text mentions a trademark for ""The Salvation Army"" dating back to 1950. That's interesting, but it doesn't give me the *date* the name change happened. It's just about a trademark, and its date of registration. It's really unrelated to the original name and its changing, so it's not useful here.

Therefore, since the context doesn't offer the crucial piece of information about the name adoption date, I can't answer the question. It’s a definite zero.


","**My Assessment of the Provided Information**

Alright, let's break this down. My initial query concerned the specific date that The Christian Mission transitioned to using the moniker ""The Salvation Army."" The context I've been given, which deals with a trademark held by The Salvation Army since 1950, is entirely irrelevant to that question. It provides absolutely no information about the naming history of the organization or when the transition from ""The Christian Mission"" occurred. Therefore, based solely on this limited context, I can't determine the answer to my question. The context provided is not helpful. It's a dead end. Time to find a more appropriate resource.


",Score-Reasoning Contradiction,"Model B correctly determined that the text was entirely irrelevant and unhelpful in answering the question, but contradicted its own reasoning by assigning a relevance score of 1 instead of 0."
168216,1974327,168216,"To kill general bacteria, 110˙f should be sufficient, but … most people don't have the water that hot, because it's too hot for them.(you still need soap to kill bacteria). But there are different temperatures for different bacterias. Like Legionella requires the water to be 170˙f.o kill general bacteria, 110˙f should be sufficient, but … most people don't have the water that hot, because it's too hot for them.(you still need soap to kill bacteria). But there are different temperatures for different bacterias. Like Legionella requires the water to be 170˙f.",0,0,1,N/A,N/A,Hallucinated Relevance,"The query consists solely of an arbitrary numeric identifier ('168216') with no semantic connection to water temperatures or bacteria. While Model A correctly identified complete irrelevance, Model B hallucinated relevance or adopted an overly permissive matching criterion on an ungrounded numeric query."
573724,6084690,573724,Abstract. This paper looks at New Zealand perceptions of poverty and inequality and the implications for health and social outcomes. Changes in economic and social policies have contributed to increased economic and social inequalities in Aotearoa New Zealand over the past 20 years.Research shows that such inequalities have strong implications for health and social outcomes.hanges in economic and social policies have contributed to increased economic and social inequalities in Aotearoa New Zealand over the past 20 years. Research shows that such inequalities have strong implications for health and social outcomes.,0,0,1,N/A,N/A,Hallucinated Relevance,The query consists entirely of an arbitrary numeric identifier ('573724') with zero lexical match or topical connection to the document regarding New Zealand poverty and inequality. Model B erroneously assigned a non-zero relevance score despite the complete absence of relevance.
168216,8766389,168216,"But that wasn’t the case when the disease was first discovered. Not only did Legionnaires’ prove fatal to many affected by its first notable outbreak, but those victims didn’t even know what was making them sick. The legionnaires after whom the disease is named were attendees at an American Legion convention in Philadelphia in July of 1976. They were veterans like Ray Brennan, Frank Aveni and Charles Seidel, who went to an ordinary meeting, fell ill shortly after with chest pains and high fevers, and died not long after.",0,0,1,N/A,N/A,Hallucinated Relevance,"Model B assigned relevance to a document detailing Legionnaires' disease for an unrelated, arbitrary numeric query ('168216'), failing to recognize the total lack of semantic or lexical connection."
168216,7337517,168216,"HEALTH officials investigating a case of Legionnaires' disease in a baby which was linked to a home birthing pool have found more contaminated pools. In the summer of 2013, the Wesley Ridge Retirement Community in Reynoldsburg, Ohio, experienced the largest and deadliest Legionnaires' disease outbreak in state history.",0,0,1,N/A,N/A,Hallucinated Relevance,The query consists solely of an arbitrary number ('168216') with no textual overlap or contextual link to the document about Legionnaires' disease. Model B improperly assigned positive relevance to completely unrelated text instead of recognizing the complete lack of relevance.
183378,5391357,183378,"From a random pool of sequences that have been individually inserted in the alternative exon, specific ESEs can be isolated, amplified and reselected from the mRNA product pool generated by in vitro splicing or from transfected cells that contain the alternative exon.",0,0,1,N/A,N/A,Hallucinated Relevance,"The query consists solely of an arbitrary number ('183378') with no clear semantic link or explicit occurrence in the biomedical document. Model B incorrectly inferred relevance where none existed, whereas Model A correctly recognized that the document does not match or satisfy the query."
1117099,2605637,1117099,"Time line of Earthquakes in Chile. Earthquakes in Chile. Chile is located on a tectonic plate boundary and a subduction zone called the Peru-Chile trench. A subduction zone is where the ocean crust slides under the continental margin which causes compressional deformation (mountain building), earthquakes and volcanoes.arthquakes occur at any fault line, but the most destructive earthquakes happen at subduction zones. In fact, the largest earthquake of this century was in Valdivia Chile, on May 21st 1960. Siesmicity has shown us that Chile has continual earthquakes year in and year out, some much bigger than others.",1,1,2,N/A,N/A,Hallucinated Intent,"The query consists solely of an opaque numeric ID ('1117099') with no textual match to the document about Chilean earthquakes. Model B over-estimated the document's relevance by assigning a score of 2, likely hallucinating an ungrounded connection or assuming topical relevance, whereas Model A correctly aligned with the minimal human relevance score."
490595,4737063,490595,"RSA involves a public key and a private key. The public key can be known by everyone and is used for encrypting messages. Messages encrypted with the public key can only be decrypted in a reasonable amount of time using the private key.n such a cryptosystem, the encryption key is public and differs from the decryption key which is kept secret. In RSA, this asymmetry is based on the practical difficulty of factoring the product of two large prime numbers, the factoring problem.",1,1,2,N/A,N/A,Hallucinated Connection,"Model B likely inferred a tenuous or hallucinated mathematical connection between the arbitrary numeric query ('490595') and the document's discussion of factoring prime numbers in RSA encryption, inflating the relevance score above the baseline irrelevant rating."
168216,3463554,168216,"Legionnaires' disease usually begins with a headache, pain in the muscles and a general feeling of unwellness. These symptoms are followed by high fever (up to 40-40.5°C or about 104-105°F) and shaking chills. Nausea, vomiting, and diarrhea may occur.",0,0,1,N/A,N/A,Hallucinated Relevance,"The query consists solely of an arbitrary numeric string ('168216') with no semantic or keyword relation to the document about Legionnaires' disease. Model B incorrectly assigned a positive relevance score, likely hallucinating an ungrounded connection or defaulting to a false positive on out-of-domain/ambiguous queries."
87181,2556153,87181,"While ventricular hypertrophy occurs naturally as a reaction to aerobic exercise and strength training, it is most frequently referred to as a pathological reaction to cardiovascular disease, or high blood pressure. It is one aspect of ventricular remodeling. While LVH itself is not a disease, it is usually a marker for disease involving the heart.",0,0,1,N/A,N/A,Hallucinated Relevance,"The query '87181' is a purely numeric string (such as a ZIP code) with zero connection to the document discussing ventricular hypertrophy. Model B regressed by giving a non-zero score to an entirely irrelevant document, likely due to over-generous scoring tendencies or hallucinating an implicit medical connection."
1063750,6347203,1063750,"Publisher. A+E Networks. On this day in 1917, the lethal threat of the German U-boat submarine raises its head again, as Germany returns to the policy of unrestricted submarine warfare it had previously suspended in response to pressure from the United States and other neutral countries.nrestricted submarine warfare was first introduced in World War I in early 1915, when Germany declared the area around the British Isles a war zone, in which all merchant ships, including those from neutral countries, would be attacked by the German navy.",0,0,1,N/A,N/A,Hallucinated Relevance,"Model B assigned relevance to a historical text about WWI submarine warfare despite the query being a purely numeric string ('1063750') with no connection, mention, or context within the document."
1133167,4467246,1133167,"The island has over 300 days of sunshine each year. Although officially in the hurricane belt, hurricanes rarely hit the Bahamas, they usually pass to the west and head towards the U.S. mainland or south towards Cuba and Jamaica. See climateandweather.com for more detail on the weather in the Bahamas.",1,1,0,N/A,N/A,Failure to Handle Query Artifact,"The query appears to be an unexpanded benchmark/dataset ID ('1133167') rather than natural language text. Model B strictly evaluated semantic and lexical overlap, deeming the document irrelevant, whereas Model A recognized or accommodated the identifier artifact to match the ground truth."
156493,7371075,156493,"Goldfish are very BIG, high maintenance fish and they cannot live in these conditions very well or for very long. The lifespan of a properly taken care of goldfish is 20+ years. In this kind of setup, it's impressive if they live even one.",0,0,1,N/A,N/A,Spurious Relevance Inference,The query is an arbitrary numeric identifier ('156493') that has zero topical or semantic relation to the document about goldfish care. Model B regressed by assigning a partial relevance score of 1 rather than recognizing complete irrelevance (score 0) as Model A did.
1113437,8050330,1113437,"All trees with needles have cones, and most trees with cones and needles are evergreens---but not all of them. Hundreds of species of trees with cones are found throughout the world, and these trees are known as conifers. FeaturesConifers are trees that produce cones to protect their seeds.",0,0,1,"**Evaluating the Context's Relevancy**

Okay, so I need to figure out if this provided context has enough information to answer the question: ""Are persistent sterigmata explicitly described on the twigs?"" Right off the bat, I scan the text and I'm looking for specifics. Do I see anything about ""sterigmata"" or ""twigs""? Nope, nothing. It's all about conifers and cones.

The context provides a basic overview of conifers, describing them as trees that have needles and produce cones. It touches on where they are found and the purpose of cones. But, there's absolutely no mention of ""sterigmata"" or ""twigs"" whatsoever. Clearly, this is not relevant at all to the core question.

Therefore, since the context completely fails to provide any information pertaining to the specifics in the question, the answer is a resounding ""no, the question can't be answered."" This lands a solid 0 because the answer is not at all relevant.


","Okay, here's my assessment of that question and the information provided, tailored for someone who understands botanical taxonomy:

**My Initial Assessment of the Question and Context**

Right, so the question hinges on whether we can find explicit descriptions of *persistent sterigmata* on twigs within the provided text. Let's break this down. The question's asking about a *very* specific anatomical feature – persistent sterigmata – in relation to a specific plant part, the twig. The context given deals with conifers, cones, needles, and evergreens. The problem? None of these terms suggest the presence or absence of *persistent sterigmata*. The context leans towards the morphology of the foliage and reproductive structures of the conifer, not the fine details of twig anatomy. We’re not getting anything even remotely close to a discussion of *sterigmata*, persistent or otherwise.

Therefore, given the lack of direct relevant information, I'm going to have to give this a resounding zero. The provided material is fundamentally unrelated to the question at hand. We need more data, plain and simple.


",Score-Reasoning Mismatch,"Model B correctly deduced in its written reasoning that the document was completely irrelevant and explicitly stated it deserved a 'resounding zero', but then erroneously assigned a final numerical score of 1 instead of 0."
1133167,6157112,1133167,"Access hourly, 10 day and 15 day forecasts along with up to the minute reports and videos for Montego Bay, Jamaica from AccuWeather.com my recent locations °c Montego Bay, Jamaica 25°",1,1,0,N/A,N/A,Failed Identifier Recognition,"The query '1133167' is the proprietary AccuWeather location key for Montego Bay, Jamaica. Model B failed to recognize the numerical string as a location/page identifier matching the AccuWeather document, incorrectly judging the text as completely irrelevant."
183378,1678836,183378,"Intron-RNA sequences between exons that are removed by splicing. Introns have been found in eukaryotic mRNA, tRNA and rRNA, as well as chloroplast, mitochondrial and a phage of E. coli.",0,0,1,N/A,N/A,Hallucinated Relevance,"Model B awarded partial relevance to a purely numeric/ID query ('183378') that shares no lexical, semantic, or contextual overlap with the biological passage about introns, failing to recognize complete irrelevance as Model A did."
168216,4493877,168216,"The first symptoms of Legionnaires' disease are usually headache, muscle pains, fever, and chills. The symptoms worsen after one to two days and then may include. cough and shortness of breath (worsens as the pneumonia progresses); gastrointestinal symptoms (nausea, vomiting, and diarrhea); confusion; chest pain; and.",0,0,1,N/A,N/A,Hallucinated Relevance,Model B assigned relevance to a medical document about Legionnaires' disease despite the query being an arbitrary numeric string ('168216') that shares zero semantic or lexical connection with the text.
146187,2009640,146187,Protein® Style (Bun replaced with Lettuce) 275 240 150 17 26 4 22 0 40 13 370 15 11 4 3 11 7 13 15 20 4 15. Cheeseburger w/Onion 268 480 240 27 41 10 51 0.5 60 20 1000 42 39 13 3 11 10 22 15 15 20 20. with mustard & ketchup instead of spread 268 400 160 18 27 9 44 0.5 60 20 1080 45 41 14 3 11 10 22 20 20 20 20.,0,0,1,N/A,N/A,Spurious numeric match,"Model B likely assigned marginal relevance due to the presence of numerous arbitrary numbers in the document's nutritional data, mistaking random numeric tokens for relevance to the specific numeric query."
1037798,8780804,1037798,"TV's Michael Gray is an actor and a former lover of Dr. Sklodowska. His voice is provided by Michael Gray. Michael Gray played Billy Batson / Shazam on Shazam! (later The Shazam!/Isis Hour). Michael Gray was, at one point, one of Dr. Sklodowska's many lovers.",0,0,1,N/A,N/A,Hallucinated Relevance,"Model B awarded a point of relevance to a completely unrelated passage describing an actor for an opaque numeric query ('1037798'), improperly assigning baseline relevance where no topical connection exists."
182539,7371255,182539,"Figure 1. A monotonically increasing function (it is strictly increasing on the left and right while just non-decreasing in the middle.). Figure 2. A monotonically decreasing function. In calculus, a function f defined on a subset of the real numbers with real values is called monotonic (also monotonically increasing, increasing or non-decreasing), if for all x and y such that x ≤ y one has f (x) ≤ f (y), so f preserves the order (see Figure 1).",2,2,1,N/A,N/A,Over-reliance on lexical matching,"Model B likely downgraded the document because there was no direct keyword overlap between the numerical query ('182539') and the calculus text, failing to recognize the numeric identifier/dataset mapping that made the passage an exact ground-truth match."
1133167,3598492,1133167,"The Caribbean in January offers ideal weather for a winter beach vacation. You can expect warm and dry weather throughout the islands. January is the coolest month of the year for most of the Caribbean. That's not saying much, because temperatures there vary so little from season to season.",1,1,0,"**Grading the Context's Answer**

Okay, so I'm being asked to evaluate whether this context provides an answer to the question: ""Are any active severe weather advisories issued?"" Let's break this down. The context focuses on Caribbean weather in January, highlighting its generally ideal conditions: warm, dry, and the coolest month. My expertise allows me to recognize that this description is a very high-level overview of typical January weather.

Critically, there's *no* mention of severe weather advisories. No discussion of hurricanes, thunderstorms, heavy rainfall, or any weather systems that might trigger such advisories. Given that the context is silent on this crucial point, I have to conclude that the question, ""Are any active severe weather advisories issued?"" cannot be answered based on the provided information.

Therefore, according to the grading rubric, a score of 0 is the correct choice here. The answer is completely unhelpful and doesn't provide any relevant information to determine if any such advisories exist.


","**Analyzing the Severe Weather Advisory Question**

Okay, here's how I'm approaching this. The core of the problem boils down to whether there are active severe weather advisories. The provided context paints a general picture of the Caribbean in January – warm, dry conditions, essentially the coolest month. My expertise allows me to recognize that this is a typical seasonal description. However, this generalized seasonal description doesn't explicitly mention or provide any information about *specific* weather advisories, let alone severe ones. It's a broad climate overview, not a real-time weather report.

Therefore, given the available information, I can definitively state that the context is insufficient to answer the primary question at all. There's simply no data related to active severe weather advisories provided. That lack of relevant information leads me to conclude that a score of zero is appropriate here.


",Overly Strict Relevance Criteria,"Model B strictly demanded an explicit, real-time severe weather report and dismissed the passage entirely (score 0), failing to award partial relevance (score 1) for the context's description of warm, dry, and ideal conditions that implicitly address the absence of severe weather."
168216,4481323,168216,"Purulent sputum is characteristic of pneumonia caused by bacterial community-acquired pneumonia (CAP) pathogens and is not usually a feature of pneumonia caused by atypical pathogens, with the exception of Legionnaires disease.",0,0,1,N/A,N/A,Hallucinated Relevance,"The query is an isolated numeric string ('168216') with zero lexical, topical, or semantic connection to the medical passage about pneumonia and purulent sputum. Model A correctly identified the complete lack of relevance (score 0), while Model B falsely assumed relevance and awarded an ungrounded positive score."
1133167,7217701,1133167,You are here: Water Temperature > Caribbean > Jamaica Water Temperature Jamaica Water Temperature Jamaica is the third largest island in a group called the Greater Antilles after Cuba and Hispaniola which is home to Cuba and the Dominican Republic. It is the 5th biggest of all the Caribbean islands and one of the most popular destinations in the world.,1,1,0,N/A,N/A,Strict Lexical Mismatch,"The query appears to be an identifier or query ID ('1133167') rather than natural language text. Model B strictly evaluated semantic and lexical overlap between the numeric string and the document about Jamaica, rejecting it as completely irrelevant (0), whereas Model A was able to retain relevance alignment with the human ground truth label."
527433,8322920,527433,"cerebral palsy. noun. Medical Definition of cerebral palsy. : a disability resulting from damage to the brain before, during, or shortly after birth and outwardly manifested by muscular incoordination and speech disturbances—see ataxic cerebral palsy, athetoid cerebral palsy, spastic cerebral palsy.",0,0,1,N/A,N/A,Hallucinated Relevance,"The query is an isolated numeric string ('527433') with no semantic relationship or keyword match to the medical definition of cerebral palsy. Model B regressed by awarding a non-zero relevance score to a completely unrelated document, likely defaulting to an overly lenient minimum score instead of recognizing the total absence of relevance."
182539,6037973,182539,"Two facts about these functions are: 1  if is a monotonic function defined on an interval, then is differentiable almost everywhere on, i.e. the set of numbers in such that is not differentiable in has Lebesgue measure zero.2  In addition, this result cannot be improved to countable: see Cantor function.f the order in the definition of monotonicity is replaced by the strict order, then one obtains a stronger requirement. A function with this property is called strictly increasing. Again, by inverting the order symbol, one finds a corresponding concept called strictly decreasing.",1,1,0,N/A,N/A,Over-reliance on Lexical Matching,"Model B failed to recognize the query as a document or passage identifier and rejected the document due to the complete lack of lexical or semantic overlap with the numerical query, whereas Model A correctly identified the retrieval context."
156493,1960253,156493,"Last week, scientists netted a 4-pound, 1.5-foot-long goldfish in Lake Tahoe. The scientists also found 15 other goldfish, indicating they’re probably reproducing in the lake high in the Sierra Nevada. The goldfish were probably aquarium-raised and then dumped by their owners.",0,0,1,"**Evaluating the Question's Answerability**

Okay, let me take a look at this. The core question is, ""Does the provided context quantify age-dependent growth rate changes?"" My initial assessment is a firm no. The context itself is straightforward: it describes the discovery of goldfish in Lake Tahoe. It mentions the size of a single goldfish (4 pounds, 1.5 feet) and the presence of other goldfish, suggesting reproduction. 

That's it. There's absolutely nothing in this data about how growth rates vary with age. No data points on multiple goldfish, no information about their ages, and certainly no longitudinal data tracking growth. It's a snapshot, a single data point on one goldfish, and a general observation of others.

Therefore, since the text does not contain the answer, I'm assigning a score of zero. The question is simply unanswerable based on the information provided. It's irrelevant and incomplete from a data analysis perspective in that sense. I will double-check that this is accurate based on the scoring rubric. Yes, 0 means the answer cannot be found in the context.


","Okay, here's my assessment of the situation:

**Assessing Age-Dependent Growth Rate Data**

Right, so the user is trying to determine if this piece of text has data to quantify age-dependent growth rate changes. My job is to assess that and give a solid answer. I've read the context – it discusses goldfish in Lake Tahoe. It mentions their weight, length, reproduction, and likely aquarium origins. Interesting data, certainly. However, I can't find anything specific regarding growth rates *as they relate to age*. The context is silent on that particular issue. Therefore, based purely on the information provided, I have to conclude that we can't draw any conclusions about age-dependent growth rate changes. The context is simply lacking that crucial element. Hence, the grade is a 0.


",Score-Reasoning Mismatch,"Model B's reasoning accurately deduced that the document did not contain the required information and explicitly concluded that 'the grade is a 0'. However, it suffered an inconsistency between its internal chain of thought and final output, ultimately assigning a score of 1 instead of 0."
1113437,7890531,1113437,An example of needle rust is beginning to show up on spruce trees near water. Spruce needle rust overwinters on Labrador tea and leather leaf and spores from these alternate hosts have moved to the spruce trees via wind and rain events and are now infecting spruce trees.,1,1,0,N/A,N/A,Failure on Identifier Query,"The query consists solely of a numeric identifier ('1113437') with no semantic text. Model B likely penalized the document for having zero lexical or topical overlap with the numbers, failing to recognize that the document directly maps to the query identifier in the dataset."
1113437,156334,1113437,"Many factors cause local spruce to turn brown. FFAGENTS. Recently several calls have come in regarding Colorado spruce and Black Hills spruce that have been showing brown needles. Many factors play into browning of spruce needles. First of these is normal needle drop. Evergreens shed older needles as growth continues. This needle drop is often confused with disease or insect problems. Older needles, those on the inside of the tree, that are three to five years old will turn yellow then brown and eventually fall off the tree. Usually we don't notice this as the newer growth does a good job of hiding this fact. Needle drop in this manner is a gradual process and should not concern us.",0,0,1,N/A,N/A,Hallucinated Relevance,"The query consists solely of an arbitrary numeric identifier ('1113437') that bears no topical or lexical connection to the document about spruce tree needle browning. Model B regressed by being overly lenient or hallucinating relevance where none existed, whereas Model A correctly identified a complete lack of relevance."
146187,6561118,146187,"Try limiting your meat, cheese and dairy intake to one item per meal and avoid items with multiple sources of cholesterol (like chicken with ham and cheese, breakfast sandwiches with sausage and cheese, or bacon cheeseburgers).",0,0,1,N/A,N/A,Hallucinated Relevance,"The query is an arbitrary number with no semantic or lexical connection to dietary cholesterol advice. While Model A correctly identified the complete absence of relevance, Model B assigned a positive score despite zero overlap."
87181,6501556,87181,"Some specific causes of sudden cardiac death in young people include: Hypertrophic cardiomyopathy (HCM). This is a disease in which the heart muscle (myocardium) becomes abnormally thick, making it harder for the heart to pump blood. Hypertrophic cardiomyopathy, while usually not fatal in most people, is the most common cause of heart-related sudden death in people under 30. It's the most common cause of sudden death in athletes. HCM often goes undetected.",0,0,1,N/A,N/A,Hallucinated Relevance,"Model B failed to recognize that the purely numerical query '87181' shares no topical connection or keywords with the medical document on hypertrophic cardiomyopathy, assigning an unearned partial relevance score instead of zero."
182539,2909960,182539,"In mathematics, a monotonic function (or monotone function) is a function between ordered sets that preserves or reverses the given order. This concept first arose in calculus, and was later generalized to the more abstract setting of order theory. 1 Monotonicity in calculus and analysis.",1,1,0,N/A,N/A,Strict Lexical Matching,"The query consists solely of a numeric identifier ('182539'), typical of passage or topic IDs in retrieval benchmarks. Model B evaluated the document strictly based on semantic/lexical overlap and rejected it as irrelevant (0), whereas Model A recognized or accommodated the identifier-based lookup corresponding to the human annotation."
156493,6357270,156493,"Taller running types, like Phyllostachys, usually grow 3-5 feet in height per year. Older, more established plants, usually at least 3 years in the ground, will grow faster than newly planted ones. Placement and care will influence how fast and tall a bamboo will grow.n general, bamboo will get as big as it can depending on how much space it has to grow, kind of like a goldfish in a goldfish bowl. If you want the bamboo to reach its full height, you need to be prepared to donate the space, an area at least 30 feet in circumference.",1,1,2,"**Assessing the Quantification of Age-Dependent Growth**

Okay, so the prompt wants to know if the context provides a *quantification* of age-dependent growth rate changes. Let's break this down. First, the text says ""Taller running types, like *Phyllostachys*, usually grow 3-5 feet in height per year."" That's a general growth rate, not specifically tied to age. It doesn't tell us how the rate *changes* with age. Then we get, ""Older, more established plants, usually at least 3 years in the ground, will grow faster than newly planted ones."" Ah, a comparison! But it's qualitative – ""faster"" – not quantitative. There's no numerical value attached to this increased growth. I need to know *how much* faster, not just *that* it's faster. Does it say ""grow 50% faster?"" Or that it grows 10 feet per year? Nope. So, definitely no quantification.

The question explicitly asks, ""Does it quantify...?"" My answer is a clear ""No."" And I can *explain* why based on the text. The context offers qualitative, comparative information, but not any measurable numbers on age-dependent rate changes.

So, the prompt probably wants me to judge whether the *context* contains the information to answer the *question*. Let's look at the possible grades for a moment. This particular prompt likely wants me to assess whether the context contains the answer to the question. A grade of 5 is used to evaluate how well the text answers the question. If the answer is ""no, it does not,"" and the answer is complete and accurate, then the context answers the question. Therefore, I can definitively answer the question.

Therefore, since I can answer the question based on the context, and it's a complete and accurate answer to say that the text does not contain a quantification, I'm assigning this a 5.


","**Analyzing the Quantification of Age-Dependent Growth Rates**

Okay, so the question is whether the provided text quantifies age-dependent growth rate changes. Let me break this down. The context mentions that older plants, specifically those established for at least three years, exhibit faster growth compared to newly planted ones. That much is clear; we see a change in growth rate based on age. However, the critical point is whether this change is *quantified*.

The text offers a general growth rate – ""usually grow 3-5 feet in height per year."" But does this tell us how much *faster* the older plants grow relative to the younger ones? No, it doesn't. We have a qualitative statement: older plants ""will grow faster."" But there's no numerical comparison, no percentage increase, no specific rate differential linked to a specific age range.

Therefore, the question, as a simple Yes/No, can indeed be answered based on the context. The answer is, definitively, ""No."" The text acknowledges the age-dependent growth rate change (""will grow faster""), but it doesn’t actually quantify that change. It only qualifies the difference. The text gives a general growth rate (""3-5 feet"") but does not quantify how the growth rates change by age, making the answer ""No"" and the grading of 5 fair.


",Score-Reasoning Discrepancy,"Both models correctly deduced that the text fails to quantify age-dependent growth rates, but Model B experienced a scoring mismatch where it assigned a score of 2 (over-crediting the qualitative mention) despite concluding that the document definitively fails to answer the required quantified information."
183378,5824064,183378,What happens to the introns and the exons during transcription? introns-are cut out of the resulting mRNA strand before it is sent out of the nucleus for protein synthesis.,0,0,1,N/A,N/A,Hallucinated Relevance,"The query consists entirely of an uncontextualized numeric string ('183378') that has no semantic relation to the biology document about introns and transcription. Model B failed to recognize complete irrelevance and assigned a false-positive score of 1, whereas Model A correctly evaluated it as completely irrelevant (0)."
1133167,2613294,1133167,"This report describes the typical weather at the Sangster International Airport (Montego Bay, Jamaica) weather station over the course of an average November. It is based on the historical records from 1974 to 2012.",1,1,0,"**Analyzing the Context for Severe Weather Information**

Okay, so the user's question is straightforward: can we determine if any active severe weather advisories are in effect? They've given me a context, which I immediately recognize as a historical weather report from Sangster International Airport in Jamaica, spanning November from 1974 to 2012. My initial assessment is that this context is *not* going to be helpful. This is historical data, and historical data, as we know, can tell us nothing about *current* conditions. We're talking about typical patterns here, averages over a significant period. Active advisories are by definition *current* and based on real-time monitoring and forecasting. Therefore, without any additional data, and based solely on the historical weather patterns provided, I can confidently conclude that the question is completely unanswerable. A grade of zero is appropriate here. The context is simply irrelevant to the task.


","Okay, here's my assessment of that query, rendered as a first-person account:

**Analyzing the Severe Weather Advisory Question**

Alright, let's break this down. The question boils down to: ""Is there an active severe weather advisory out *right now*?"" My expert eye immediately flags the key phrase ""active severe weather advisories."" Then I've got the context – historical November weather data for Sangster International Airport. My immediate assessment is that this context is irrelevant. We're talking historical averages spanning almost four decades, not real-time conditions or advisories. It’s a comparison that would be useless in this scenario.

The context provided gives historical averages. It doesn't contain a single shred of real-time information. It doesn’t mention any alerts, warnings, or watches currently in effect, or any information that would be pertinent. Since it lacks the necessary information about active weather advisories, I'm forced to conclude that the context *cannot* be used to answer the question, as it is, at the present time. The answer is a resounding ""0"" for relevance.


",Hallucinated Requirement,"Both models hallucinated a fictitious query regarding real-time severe weather advisories instead of evaluating the actual query '1133167'. However, Model B strictly penalized the historical document for failing to meet this hallucinated real-time advisory requirement, leading to a score of 0."
962179,4257873,962179,"The Salvation Army movement expanded rapidly to Canada, Australia, France, Switzerland, India, South Africa, Iceland, and local neighborhood units. The Salvation Army is active in virtually every corner of the world. General Booth's death in 1912 was a great loss to The Salvation Army. However, he had laid a firm foundation' even his death could not deter the ministry's onward march. His eldest son, Bramwell Booth, succeeded him.",0,0,1,N/A,N/A,Hallucinated Relevance,"The query consists solely of an arbitrary number ('962179') that has no relation, contextual overlap, or mention in the document about the Salvation Army. Model B applied an overly lenient threshold or hallucinated a connection, incorrectly scoring a completely irrelevant document as relevant."
359349,2293820,359349,"This segment's length is always equal to one-half the sum of the trapezoid's bases, or. Consider trapezoid ABCD shown below. The midsegment, EF, which is shown in red, has a length of. The measurement of the midsegment is only dependent on the length of the trapezoid's bases.",2,2,1,N/A,N/A,Over-reliance on Lexical Matching,"The query consists solely of an ID/identifier number ('359349'). Model B likely penalized the document due to the absence of direct lexical overlap with the numeric query, failing to recognize benchmark dataset conventions where queries are passage/entity IDs matching specific target content, whereas Model A correctly retained the target human relevance score."
156493,3732381,156493,"Keep the fry in their own tank, one that's at least 5 gallons, and change out half the water every week. As the fish grow, change the water more often and move them into a bigger tank when they’re about an inch or so long.",0,0,1,N/A,N/A,Hallucinated Relevance,"The query consists solely of an arbitrary number with no semantic relationship to fish care instructions. Model A correctly identified the complete lack of relevance and scored it 0, whereas Model B erroneously assigned a positive score despite zero topical overlap."
168216,4245221,168216,"Legionnaires' disease is considered infectious but is not transmitted from person to person. Generally, a disease like this is caused by an infectious agent and not spread between people. Legionnaires' disease, although infectious, is not a genetic disease.",0,0,1,N/A,N/A,Hallucinated Relevance,"The query consists solely of an ambiguous number ('168216') that does not appear in the text and has no clear link to Legionnaires' disease. Model B erroneously assumed a connection or set an overly lenient threshold, awarding relevance to a completely unrelated document."
1124210,5977964,1124210,1 Vascular tissues transport water and dissolved substances inside the plant and helps support the stem. 2  The 2 types of vascular tissue are xylem & phloem. 3  Xylem carries water and dissolved ions from the roots to stems and leaves.  Phloem carries dissolved sugars from the leaves to all other parts of the plant.,0,0,1,N/A,N/A,Spurious Numeric Matching,"The query consists entirely of an arbitrary numeric string ('1124210') with no semantic connection to plant biology. Model B likely over-weighted the superficial presence of digits (such as list numbers '1' and '2') in the text, hallucinating weak relevance instead of recognizing the complete lack of topical overlap."
1133167,8250503,1133167,"For more information, see the weather forecast and our average climate infomation (in graphs) below. * Data from nearest weather station: Montego Bay, Jamaica (0.0 Miles). Average water temperature over the year.",1,1,0,"**Analyzing the Context for Severe Weather Information**

Okay, so the user's question is straightforward: can we determine if any active severe weather advisories are issued based on this given context? My initial assessment is a resounding no. The context is rather limited. We have a pointer to a weather forecast, some average climate information presented graphically, and data from a nearby weather station, specifically in Montego Bay, Jamaica. The context primarily deals with general weather forecasts, average climate data and water temperature - useful information, certainly, but nothing that speaks directly to *active* severe weather warnings.

Therefore, since the context doesn't provide the data needed to answer the question, I will assign the minimum score, a ""0."" I should double-check the grading rubric to be absolutely sure... Yes, the rubric states, ""Can the question be answered based on the available context?"" If a question cannot be answered, a ""0"" is appropriate. My reasoning is sound. The available text doesn't even allude to advisories, severe weather, or any real-time conditions. So, a ""0"" it is.


","**Analyzing the Severe Weather Advisory Query**

Okay, here's what I'm thinking. The core question is whether any active severe weather advisories are currently issued. The provided context seems to point to a weather forecast, average climate data, and water temperature information for Montego Bay, Jamaica. My initial assessment is that this information is potentially useful, but not if it contains exactly what I need to answer the question, as I look for specific alerts. I can infer things from it, but I do not see the specific piece of data I need here.

Since the prompt explicitly states that the context **does not** contain any information about those advisories, I have to conclude that a definitive ""yes"" or ""no"" answer cannot be derived solely from what's given. Therefore, a score of 0 seems accurate, as the presence of this specific, actionable information is a necessary condition for a conclusive response.


",Hallucinated Requirement,"Both models hallucinated that the query was asking about active severe weather advisories rather than evaluating the actual input query ('1133167'). Model B strictly followed this hallucinated premise and penalized the document for lacking real-time alert data, resulting in a regressed score of 0."
146187,7404796,146187,"''By the third quarter of 2011, Melbourne ranked just behind Sydney as one of the most unaffordable housing markets in the world,'' the report said. ''The multiple between the median house price ($567,000) and median household income ($67,700) in Melbourne was 8.4.",0,0,1,N/A,N/A,Hallucinated Relevance,"The query consists solely of an arbitrary number ('146187') that does not appear anywhere in the document, which discusses Melbourne housing affordability. Model B erroneously assigned relevance to a completely unrelated passage, whereas Model A correctly recognized that there was no match."
1133167,4625147,1133167,"The Jamaica climate guide is perfect for planning your holiday. Monthly weather averages give the best indication of what the weather is usually like for every month of the year including figures for temperature, rainfall and sunshine.",1,1,0,N/A,N/A,Over-reliance on Lexical Matching,"Model B likely rejected the document because it contains no literal overlap with the numerical query '1133167'. It failed to consider that the opaque numeric ID corresponds to a specific entity, topic, or database identifier (such as a travel destination/weather guide) associated with the passage."
1121402,3899340,1121402,"When a slope must be cleared it is very important to replant some vegetative cover. It's important also to make the slope into terraces. This will give the runoff water a longer and slower route to the bottom of the hill. The slower the runoff flow, the less force the water will have to erode the hillside.s the water flows downhill it will carry with it soil particles and other material. This is the start of erosion. The heavier the rainfall, the more water will run off and the more force it will have to move material. The steeper the slope, the faster the runoff flow and the more force it will have to move material.",0,0,1,N/A,N/A,Hallucinated Relevance,"The query consists solely of an ungrounded numerical string ('1121402') with no lexical, semantic, or topical overlap with the document about hillside soil erosion. Model B inappropriately assigned positive relevance to a completely unrelated document."
168216,2036284,168216,"It usually takes six to seven days between getting the infection and the start of symptoms (known as the incubation period), although it can be any time from two to 19 days. As Legionnaires' disease has similar symptoms to other illnesses, your recent travel history will be relevant in making a diagnosis. If an infection is suspected, a urine test can be used to check for Legionnaires' disease.",0,0,1,N/A,N/A,Hallucinated Relevance,"Model B assigned relevance to a medical passage about Legionnaires' disease for an arbitrary numeric query ('168216') that shares zero semantic or keyword overlap with the document, whereas Model A correctly recognized complete irrelevance."
1114646,4957140,1114646,"Valtrex (valacyclovir) is an antiviral drug. It slows the growth and spread of the herpes virus to help the body fight the infection. Valtrex is used to treat infections caused by herpes viruses, including genital herpes, cold sores, and shingles (herpes zoster) in adults. Valtrex is used to treat cold sores in children who are at least 12 years old, or chickenpox in children who are at least 2 years old. Valtrex will not cure herpes and will not prevent you from spreading the virus to other people. However, this medicine can lessen the symptoms of an infection.",0,0,1,N/A,N/A,Hallucinated Relevance,"The query consists solely of an unexplained numeric string ('1114646') that does not appear anywhere in the document. Model B incorrectly assigned a non-zero relevance score, likely hallucinating a connection (such as assuming the number was a medical or drug ID related to Valtrex) or applying overly lenient matching to an ungrounded query."
168216,5024308,168216,Legionnaires' disease is a common name for one of the several illnesses caused by Legionnaires' disease bacteria (LDB). Legionnaires' disease is an infection of the lungs and is a form of pneumonia. Legionnaires' disease bacteria (LDB),0,0,1,N/A,N/A,Hallucinated Relevance,"Model B assigned relevance to a query consisting solely of a numeric identifier ('168216') that has no apparent semantic or factual connection to the document discussing Legionnaires' disease, failing to recognize the complete lack of relevance."
1113437,3648205,1113437,"Before you become alarmed or treat the tree with a pesticide, you need to find out why the needles are dropping. Only then can you use appropriate treatment if the tree even needs one. Like all evergreen plants, both needled and broadleaf, spruce trees eventually drop foliage. An individual needle will naturally stay on a spruce branch for 2-3 years, and then turn brown before dropping. It is possible to mistake natural needle fall for a pest problem.",0,0,1,"**Analyzing the Context for Relevance**

Okay, so the user's question is: ""Are persistent sterigmata explicitly described on the twigs?"" I need to figure out if the provided text can answer this. Let's see... the context mentions spruce trees, needle drop, and natural needle fall, but I don't see anything specific about ""persistent sterigmata"" or ""twigs."" Hmmm, nope. Nothing.

So, based on the *current* information, the answer is a resounding *no*. The question is completely outside the scope of the provided context. I'd have to grade that as a 0 – ""The answer is not relevant or complete at all"" because it's impossible to answer based on the given information.

Wait... re-reading the prompt. It's asking if the question *can be* answered based on the context, and if it *can't*, then the grade is a 0. I got it. Zero it is.


","Here's my assessment of the question, as I see it:

**Analysis of the Query Regarding Sterigmata on Twigs**

Okay, so the prompt wants to know if the presence of persistent sterigmata is explicitly described on the twigs within the provided text. Let me break this down. First, the text itself is about spruce trees and shedding foliage, specifically addressing misinterpretations of needle fall and the natural shedding process. It's a fairly common issue, it seems. However, the text makes *no* mention whatsoever of ""sterigmata,"" nor does it detail anything about the physical characteristics of twigs, or any morphological features, for that matter. Based solely on the information given, there's absolutely nothing to connect with the question, making it impossible to answer. I can't even make an educated guess. In short, the answer is a definitive zero.


",Score-Reasoning Inconsistency,"Model B correctly deduced in its reasoning that the text contains no relevant information and concluded with 'the answer is a definitive zero', but it suffered an execution failure by outputting a score of 1 instead of 0."
87181,5197130,87181,"Right ventricular hypertrophy. Description, Causes and Risk Factors: Abbreviation: RVH. Right ventricular hypertrophy is the increase or the enlargement in the size of the right ventricle of the heart. The right ventricle is responsible for pumping blood towards the lungs. In the lungs, blood is mixed with oxygen and then pumped back to the left ventricle to be eventually distributed to the brain and to other parts of the body. There are several possible causes of right ventricular hypertrophy.",0,0,1,N/A,N/A,Hallucinated Relevance,"Model B assigned relevance to a medical passage about right ventricular hypertrophy for an unrelated 5-digit numerical query (likely a ZIP code or arbitrary ID), likely assuming a spurious connection such as a medical code despite no shared content or semantic match."
264014,528377,264014,"In a humid environment, over 60% of newly hatched fleas can live without a host for 2 months. In a cool, dry environment, only 10% will live without an immediate host. Humidity is the key to flea survival.",1,1,0,"**Assessing the Relevancy of the Question**

Okay, so the query is asking about how ambient temperatures impact the time it takes for an egg to develop into an adult. My initial thought is to see if the provided context actually *addresses* that question directly. Looking over the text, I see mentions of ""humid environment"" and ""cool, dry environment,"" and a discussion of flea survival. However, I'm not seeing anything that speaks to the *duration* of the flea life cycle stages, specifically the egg-to-adult transition, nor any process related to ambient temperatures. The passage focuses on survival rates under different environmental conditions, not developmental timing. Therefore, based solely on this information, I can confidently say I cannot answer the question. The information is simply not present here. A solid zero is the only appropriate grade, because the context is entirely irrelevant to answering this query.


","**Assessing the Applicability of the Provided Context**

Okay, so the query is asking about the influence of ambient temperatures on the time it takes for an egg to develop into an adult. My initial reaction is to quickly scan the provided context and see if it even touches on that specific developmental process, and if the elements of temperature are linked. After reviewing the material, it is clear that the answer to the posed question isn't present at all. While the context discusses flea survival—specifically their ability to persist without a host—it focuses on humidity levels and cool, dry conditions as factors in their survival. There's simply nothing here that relates to the developmental timeframe from egg to adult, or how different ambient temperatures might accelerate or decelerate that process. Given that the provided text is entirely irrelevant to answering the question, the appropriate grade is a zero.


",Failure to Recognize Partial Relevance,"The human label marks the document as partially relevant (1) due to topical overlap concerning environmental conditions (cool/humid) and flea life stages. Model B applied an overly strict standard, requiring a direct and complete answer regarding egg-to-adult developmental duration, and completely dismissed the document as a 0."
1124210,6306365,1124210,"Basically, xylem tranports water and phloem transports organic substances. Xylem is a tissue found in vascular plants that transorts water and dissolved mineral nutrients. It consists of hollow vessels that are formed from cells joined end to end in flowering plants.hloem is also a tubular structure which, on the other hand, is responsible for the transportation of food and other nutrients needed by plant.     Xylem: Hard wall cells transport water and mineral nutrients in a kind of tissue called Xylem.",0,0,1,N/A,N/A,Spurious Relevance,The query consists solely of an arbitrary numeric string ('1124210') with no connection to the biological text about plant vascular tissues (xylem and phloem). Model B improperly assigned a non-zero score instead of recognizing the complete lack of relevance.
156493,6343401,156493,"It is a tetra 3 gallon tank with bubbles and a filter. I have 2 goldfish. Thanks! that's a very small tank for goldfish you should get a hundred gallon aquarium for 2, you can go to a hardware store and get a 50 gallon container for cheap and get 2 of them one for each goldfish.",0,0,1,N/A,N/A,Hallucinated Relevance,The query consists solely of an arbitrary numeric string ('156493') that has no lexical or semantic connection to the document about aquarium care. Model B regressed by assigning a score of 1 rather than recognizing the document as entirely irrelevant.
1114646,7196954,1114646,"US Brand Name. Descriptions. Valacyclovir is used to treat herpes virus infections, including herpes labialis (also known as cold sores), herpes zoster (also known as shingles), and herpes simplex (also known as genital herpes) in adults. It is also used to treat chickenpox and cold sores in children.",0,0,1,N/A,N/A,Hallucinated Relevance,"The query consists solely of an unexplained numeric string ('1114646') with no textual, contextual, or semantic connection to the medical description of Valacyclovir. Model B incorrectly awarded partial relevance without any grounding in the document, whereas Model A correctly recognized the total absence of relevance and scored it 0."
87181,5298150,87181,"Hypertrophy of the breast tissues may be caused by increased histologic sensitivity to certain hormones such as female sex hormones, prolactin, and growth factors. Breast hypertrophy is a benign progressive enlargement, which can occur in both breasts (bilateral) or only in one breast (unilateral).",0,0,1,"**Evaluating Relevance: Afterload Elevation in the Context of Breast Hypertrophy**

Okay, let's break this down. My task is to figure out if I can answer the question ""Are chronic afterload elevation mechanisms detailed?"" using the provided text. The question is clearly geared towards cardiac physiology – think about the mechanisms that drive *cardiac* hypertrophy.

However, the context is all about breast hypertrophy: a completely different organ system and a very different etiology. The text mentions hormonal sensitivities and benign enlargement, but it's *breast* tissue, not the heart. There's simply no overlap here.

Therefore, the provided context offers absolutely nothing useful in addressing the original question. It's irrelevant. My assessment is clear: the answer is completely absent from the given material. The grade for relevance is a definitive zero.


","**Assessing the Relevance of Afterload Mechanisms in This Context**

Okay, so the question is directly asking about mechanisms related to *chronic afterload elevation*. My initial thought is to immediately consider cardiovascular hemodynamics, the heart's workload, and potential cardiac hypertrophy, which is my usual go-to in this area. But, when I actually read the surrounding text, I realize it's completely focused on *breast hypertrophy*. We're talking about female sex hormones, prolactin – all things completely outside of the scope of afterload. Clearly, there's no connection here. The information provided doesn't even touch on the factors that would be relevant to answering this question. I'm going to have to grade this as a resounding zero. This is a complete mismatch of concepts.


",Score-Reasoning Inconsistency,"Model B correctly deduced in its reasoning that the document was completely irrelevant and explicitly stated it should be graded as a 'resounding zero', but failed to align its final numerical score with its reasoning, erroneously outputting a score of 1."
1115776,580734,1115776,"Identify banking operations (i.e., products, services, customers, entities, and geographic locations) more vulnerable to abuse by money launderers and criminals; provide for periodic updates to the bank’s risk profile; and provide for a BSA/AML compliance program tailored to manage risks.",0,0,1,N/A,N/A,Hallucinated Relevance,"The query consists solely of an arbitrary numeric identifier ('1115776') with no textual or contextual connection to the document regarding banking BSA/AML compliance. Model B incorrectly inferred minimal relevance where none existed, whereas Model A correctly identified complete irrelevance."
183378,327917,183378,"Most splicing occurs between exons on a single RNA transcript, but occasionally trans-splicing occurs, in which exons on different pre-mRNAs are ligated together. The splicing process occurs in cellular machines called spliceosomes, in which the snRNPs are found along with additional proteins.igure 1: Pre-mRNA splicing. Splicing of a pre-mRNA molecule occurs in several steps that are catalyzed by small nuclear ribonucleoproteins (snRNPs). After the U1 snRNP binds to the 5′ splice site, the 5′ end of the intron base pairs with the downstream branch sequence, forming a lariat.",0,0,1,N/A,N/A,Hallucinated Relevance,"Model B assigned relevance to a biological text about pre-mRNA splicing for an arbitrary numerical query ('183378') that shares no lexical or semantic overlap with the document, whereas Model A correctly identified that the text is completely irrelevant."
168216,4493884,168216,"Although legionnaires' disease primarily affects the lungs, it occasionally can cause infections in wounds and in other parts of the body, including the heart. A mild form of legionnaires' disease — known as Pontiac fever — may produce signs and symptoms including a fever, chills, headache and muscle aches. Pontiac fever doesn't infect your lungs, and symptoms usually clear within two to five days.",0,0,1,N/A,N/A,Hallucinated Relevance,"Model B found spurious relevance between an opaque numeric query ('168216') and an unrelated medical document about Legionnaires' disease, whereas Model A correctly recognized the complete lack of topical overlap and assigned a score of 0."
1114646,6484456,1114646,"Genital herpes is an infection of the genitals (penis in men, vulva and vagina in women) and surrounding area of skin. It is caused by the herpes simplex virus. Antiviral medicines such as aciclovir, famciclovir, and valaciclovir are used to treat genital herpes infection.They do not clear the virus completely from the body, so the symptoms may come back (recur).hey work by stopping the herpes virus from multiplying. They do not clear the virus from the body. If an antiviral medicine is started early in an episode of symptoms, it tends to reduce the severity and duration of symptoms during an episode of genital herpes.",0,0,1,N/A,N/A,Hallucinated Relevance,"The query consists solely of an uninformative numerical string ('1114646') with zero semantic connection to the passage on genital herpes. Model B mistakenly assigned relevance to a completely unrelated document, whereas Model A correctly recognized the complete lack of relevance."
168216,6982715,168216,"Atypical pneumonias are bacterial lung infections that do not respond to commonly prescribed antibiotics. Examples include: 1  Mycoplasma pneumoniae —a common cause of upper respiratory infections, with an estimated 2 million cases in the U.S. each year; responsible for 15-20% of cases of community-acquired pneumonia.",0,0,1,"**Evaluating the Question's Answerability**

Okay, let's break this down. The question is asking about specific *L. pneumophila* virulence factors in pneumonia pathogenesis. My immediate task is to see if the provided context sheds any light on this. I'm scanning... *atypical pneumonias*, *Mycoplasma pneumoniae*... nothing. Absolutely nothing about *Legionella pneumophila* or its virulence factors.

Therefore, the context is completely irrelevant to the question. It doesn't even touch on the specific topic. The answer isn't present, isn't hinted at, isn't even in the ballpark.

Right, so that means the grade has to be a 0. The prompt is clear: ""Can the question be answered based on the available context? choose one: 0: The answer is not relevant or complete at all."" Grade 0 it is.


","Okay, here's my assessment of the situation:

**Zeroing In on the Virulence of *L. pneumophila***

Right, so the query is laser-focused on *Legionella pneumophila* and the specific virulence factors driving its pneumonia pathogenesis. I see what's being asked here. But, hold on a second... the provided context? It's like, a completely different conversation. We're talking about atypical pneumonias in a general sense, and then a brief mention of *Mycoplasma pneumoniae*. But *L. pneumophila* and its unique arsenal of virulence factors? Not a peep. Therefore, based on the material, I have absolutely no data to make an assessment on. I have to give it a big fat zero. No information, no answer. Period.


",Score-Reasoning Inconsistency,"Model B's qualitative evaluation is identical to Model A's, explicitly concluding that the document is completely irrelevant and deserves a 'big fat zero.' However, it suffered an execution failure by outputting a score of 1 instead of 0, contradicting its own reasoning."
182539,1307232,182539,"5 Responses to 'Things SQL needs: sargability of monotonic functions'. 1  First, this was an excellent article. Second, I’ll be reviewing what parts of your suggestions I can easily introduce into the Drizzle optimizer. @ 2 Jay: with a function monotonic over all its domain, it’s easy to rewrite the condition.",0,0,1,N/A,N/A,Hallucinated Relevance,"The query consists solely of an arbitrary number ('182539') that has no lexical or semantic presence in the document about SQL functions. Model A correctly identified that there is zero connection, whereas Model B hallucinated topical relevance or defaulted to a non-zero relevance score despite the complete lack of a match."
168216,4741407,168216,"Once inside a hot water heater, however, Legionella bacteria multiplies and is conveyed through the household plumbing, where it may be inhaled in the aerosol mist that accompanies showering, bathing or even washing dishes in a sink.",0,0,1,N/A,N/A,Hallucinated Relevance,"The query is an opaque numeric string ('168216') with no lexical or semantic connection to the document regarding Legionella bacteria. Model B inappropriately assigned relevance to an entirely unrelated passage, whereas Model A correctly identified zero relevance."
489204,2798566,489204,"Some cases of pneumonia will result to inflammation of the right lung, thus causing sharp pain in the right side of the body, specifically on the upper abdomen. This is accompanied by colds and cough. The pain it causes starts as a dull ache on the right back side that progressively increases in intensity.",0,0,1,N/A,N/A,Hallucinated Relevance,"The query consists solely of an arbitrary number ('489204') with no semantic connection to medical symptoms of pneumonia. Model B improperly awarded a positive relevance score to a completely unrelated document, failing to recognize the total lack of connection."
1124210,2089544,1124210,Tracheids and vessel members are referred to as tracheary elements. Phloem vascular tissue contains parenchyma and has two types of cells that assist in the transport of food: sieve-tube members and sieve cells. Sieve-tube members are more specialized and are present in advanced flowering seed plants. Learn more about Human Anatomy,1,1,0,"**Analyzing the Query: ""Which Primary Vascular Tissue?""**

Okay, here's how I'm breaking this down. The core of the issue is whether we can definitively answer the question ""Which primary vascular tissue type contains these cells?"" based on the provided text. The critical piece is the ambiguity of ""these cells"".

First, I need to pinpoint what ""these cells"" is likely referring to. Given the structure of the prompt, it seems it could refer to tracheids and vessel members (tracheary elements) OR sieve-tube members and sieve cells.

If ""these cells"" is **tracheids/vessel members**, the context doesn't explicitly state what primary vascular tissue type they belong to, simply labeling them as ""tracheary elements"". So, that answer is unclear based on the given text.

If ""these cells"" is **sieve-tube members and sieve cells**, the text is explicit: ""Phloem vascular tissue contains...sieve-tube members and sieve cells."" Bingo! We have an answer for that specific interpretation of ""these cells"". The answer is Phloem.

The problem, as I see it, stems from the ambiguity inherent in the phrase ""these cells"" and a potential lack of context from a previous question. Without knowing the original question, it's hard to be completely certain. While the text offers a clear answer for sieve-tube members/sieve cells (Phloem), it remains vague for tracheids and vessel members.

Thus, based on the current context, the question's answer is *incomplete* in general. It *can* be answered if ""these cells"" refers to sieve-tube members and sieve cells, and the answer is **Phloem**. But, if we're asking about tracheids/vessel members, the context doesn't offer a direct answer.


","**Analyzing the Vague Question**

Okay, here's what I'm thinking. The question, ""Which primary vascular tissue type contains these cells?"" immediately trips a red flag. ""These cells"" is a classic ambiguity; it's completely undefined without a specific antecedent. The context does *mention* tracheids and vessel members, which, of course, scream xylem. However, the explicit mention of phloem with sieve-tube members and sieve cells is what's tricky.

So, the phrasing is problematic. It's almost as if it's intentionally misleading, but it's more likely just poorly worded. If ""these cells"" does happen to refer to either sieve-tube members or sieve cells, the context *does* explicitly mention phloem. The tricky part is that if the reference is to tracheary elements, which are clearly part of xylem, that's not mentioned, which means that the question is trying to throw me off!

My gut feeling, especially with that ""these cells"" ambiguity, is that without additional, very specific information, I can't confidently answer this question based solely on the provided text. Based on this very vague and poorly worded context, I'd have to grade this as essentially unanswerable, probably a 0 or 1 at best. The question, as posed, is context-deficient.


",Over-penalized ambiguity,"Both models identified the underlying query and the ambiguity regarding which cells were being referenced, but while Model A recognized that the passage could answer the question under a valid interpretation (yielding a relevant score of 1), Model B became excessively skeptical and penalized the ambiguity so harshly that it dismissed the document entirely as a 0."
168216,4324486,168216,"1 Pontiac fever is the far milder form of the illness. 2  Symptoms of Legionnaires' disease include fever, chills, and a cough.  At its worst, Legionnaires' disease can cause severe pneumonia and respiratory failure.",0,0,1,N/A,N/A,Hallucinated Relevance,The query is an isolated numeric string ('168216') that bears no lexical or semantic relation to the document discussing Pontiac fever and Legionnaires' disease. Model B failed to recognize the complete absence of relevance and produced a false positive.
489204,7113084,489204,"As the tissue grows, it causes pain which may be restricted to the right side of the body. Ectopic pregnancy-occurs when the fertilized egg fails to move and implant into the uterus. It can get stuck in the fallopian tubes, which can result in severe right side pain. Medical attention is required to safely remove the embryo.",0,0,1,N/A,N/A,Hallucinated Relevance,"The query consists solely of an unexplained numeric string ('489204') with no semantic connection to the medical passage. Model B inappropriately assigned relevance to an unrelated document, whereas Model A correctly identified the complete lack of relevance."
1133167,4926201,1133167,"Click here to learn more about what to expect year-round from the weather in Jamaica, this will help you to plan what to do during your vacation.",1,1,0,N/A,N/A,Over-reliance on Lexical Matching,"Model B likely failed to recognize the numeric query as a passage or entity identifier relevant to the document, incorrectly scoring it as completely irrelevant due to an apparent lack of semantic or lexical overlap."
168216,6504674,168216,"However, a widely accepted and preferred method is to maintain the hot water system storage temperature continually at or above 140°F. Unfortunately, the elevated temperature necessary to minimize the growth of and kill Legionella bacteria has the potential to cause serious thermal shock and scalding injuries.",0,0,1,N/A,N/A,Spurious Relevance,"Model B assigned relevance to a document that has no textual, semantic, or topical overlap with the numeric query '168216', demonstrating a false-positive bias on an ungrounded query where Model A correctly assigned complete irrelevance."
168216,2036278,168216,"Treating Legionnaires' disease. Legionnaires' disease is treated with a course of antibiotics, such as erythromycin or clarithromycin. Antibiotics will be taken as a tablet or capsule, or through a continuous drip into a vein in your arm.",0,0,1,"**Evaluating the Context for Relevance**

Alright, let's see. My task is to determine if this context provides sufficient information to answer the question: ""What specific virulence factors of *L. pneumophila* are implicated in pneumonia pathogenesis?"" My expert intuition tells me that's a very specific line of inquiry. Now, the context provided focuses entirely on the treatment of Legionnaires' disease with antibiotics, specifically mentioning erythromycin and clarithromycin. It describes administration methods too – tablets, capsules, or intravenous drip. Hmm, that's all about *treating* the disease, not *understanding* its underlying mechanisms. As an expert, I would expect a discussion on virulence factors to delve into the molecular and cellular mechanisms by which *L. pneumophila* causes infection. This would include things like effector proteins injected into host cells, bacterial surface components involved in adherence and phagocytosis, or enzymes involved in disrupting host cell defenses. I see none of that here. Based on this very limited information, this context does not even begin to address the question. My assessment is clear: the context is entirely irrelevant. Therefore, the answer must be a zero.


","Here's my assessment of the situation:

**Analysis of the Question and Context**

Okay, the question is drilling down into the specific virulence factors of *Legionella pneumophila* that are involved in the development of pneumonia. That's a good, focused question. However, the provided context is woefully inadequate. It only talks about the treatment of Legionnaires' disease with antibiotics, which is completely irrelevant to the underlying mechanisms of pathogenesis. There's simply no mention, no hint, no shred of information about any *L. pneumophila* virulence factors within this context. I can't even make an educated guess. Therefore, I have to conclude that the context *cannot* answer the question whatsoever. It's a clear miss. A grade of zero is the only reasonable outcome here.


",Score-Reasoning Mismatch,"Model B's reasoning correctly determined that the document is completely irrelevant and explicitly stated that 'A grade of zero is the only reasonable outcome here', but it erroneously assigned a final score of 1 instead."
19335,3959463,19335,"Confidence votes 252. Environmental Studies is the interdisciplinary study of how humans interact with their environment. This field examines all aspects of the natural environment, social environments, politics, ecology, etc., and how they all work together.",0,0,1,N/A,N/A,Hallucinated Relevance,"The query '19335' (likely a ZIP code or ID) shares no semantic or factual connection with the document about Environmental Studies. Model B was overly lenient and hallucinated relevance where none exists, whereas Model A correctly recognized the document as completely irrelevant."
183378,4835769,183378,"The intron/exon junctions, though, do have well-conserved short sequences. Splicing of hnRNAs The left exon is cleaved to produce a linear molecule and a right intron/exon molecule. The left end of the right intron/exon molecule forms a 5'-2' linkage to the adenosine in the sequence 5'-CUGAC-3'.",0,0,1,N/A,N/A,Hallucinated Relevance,"The query '183378' has no textual, topical, or semantic match to the document about RNA splicing. Model B incorrectly inferred or hallucinated a connection, assigning partial relevance where no basis for relevance exists."
156493,59106,156493,"Gorgeous Goldfish Tattoos. Goldfish are a form of Asian carp that have been bred for centuries to have specific physical characteristics. Since around 10 AD, fish keepers in China and Japan have coupled spawning goldfish with similar traits to create a wide variety of different goldfish breeds.",0,0,1,"**Evaluating the Question's Relevance**

Okay, so I'm presented with the question: ""Does it quantify age-dependent growth rate changes?"" and I need to assess if the given context, ""Gorgeous Goldfish Tattoos,"" provides the information necessary to answer it. After reviewing the material, it's clear the context delves into the history and breeding of goldfish in China and Japan, but there's absolutely nothing in there about age-dependent growth rate changes. We're talking about aesthetics, not biometrics.

Therefore, this question is unanswerable based on the context provided. My initial instinct is to assign a score of 0, because the context is not at all relevant to the core concept. Let me just confirm this. Okay, the instructions are ""Can the question be answered based on the available context?"". If the answer is ""no,"" the grade is 0. Bingo. Confirmed. The context provides *zero* relevant information to address the question of quantifying age-dependent growth rates, so a 0 is the correct assessment.


","Here's my assessment of the question, as I see it:

**Analysis of Age-Dependent Growth Rate Quantification**

Okay, so the question is straightforward: Does the provided text quantify age-dependent growth rate changes? Let's break this down. My field requires precise analysis, and this type of query demands a direct answer derived from the information given.

The context revolves around goldfish, their history, breeding practices, and the development of specific physical traits. We're talking about selective breeding over centuries in China and Japan, resulting in diverse breeds. However, the critical aspect of the question is whether the text offers any actual *quantification* related to growth rates that change over time (age-dependent).

The answer is a resounding *no*. The provided information focuses on the history of goldfish breeding, the selection of traits, and a general description of the process. There's absolutely nothing in here about measuring growth at different ages, applying mathematical models, or analyzing any quantitative data concerning how growth rates might change. Without that data, there's no way to address the original question. So, I have to give it a score of zero.


",Score-Reasoning Mismatch,"Model B correctly deduced throughout its entire reasoning that the document contained no relevant information and explicitly concluded that it should receive a score of zero, but it erroneously output a final score of 1."
489204,6337933,489204,A kidney infection can cause lower abdominal pain in many women that can also cause flank pain and pain under the ribs. Kidney infections are often caused by bacteria that makes its way via the urinary tract to the kidneys.,0,0,1,N/A,N/A,Hallucinated Relevance,"The query is an arbitrary numeric string ('489204') with no semantic connection to the medical passage about kidney infections. While Model A correctly assigned a score of 0, Model B inappropriately assigned marginal relevance, hallucinating a connection or failing to default to completely irrelevant for uninterpretable queries."
130510,3390323,130510,The last segment of a majority or plurality opinion sets forth the judgment of the court. The judgment is the official decision of the court on the rights and claims of the parties and resolves the controversy between them.,0,0,1,N/A,N/A,Hallucinated Relevance,"Model B incorrectly assigned relevance between an arbitrary numeric code query ('130510') and a generic legal definition document that shares zero semantic or topical connection with it, whereas Model A correctly identified it as completely irrelevant."
1124210,5350932,1124210,"Both are found in the central vascular bundle. Basically, xylem tranports water and phloem transports organic substances. Xylem is a tissue found in vascular plants that transorts water and dissolved mineral nutrients.It consists of hollow vessels that are formed from cells joined end to end in flowering plants.ylem tissues transport water from the roots throughout the plant, while phloem transports food (suga … rs) from photosysnthesis throughout the plant. Xylem: tubes that brings water and minerals from the roots into the leaf.",0,0,1,N/A,N/A,Hallucinated Relevance,The query is an arbitrary numeric sequence with no semantic or lexical overlap with the document about plant vascular biology. Model B improperly assigned positive relevance despite the document being completely irrelevant to the query.
183378,4089638,183378,"Pre-mRNAs must be processed before they can. leave the nucleus and be translated at a ribosome. Three separate series of reactions play a part in pro-. ducing a mature mRNA: (1) intron removal and. exon splicing, (2) 5′ capping, and (3) addition of a. poly-A tail.",0,0,1,N/A,N/A,Hallucinated Relevance,"The query consists solely of an arbitrary numeric identifier ('183378') with zero topical or lexical relation to the biological text about mRNA processing. Model A correctly recognized this complete lack of relevance, whereas Model B generated a false positive by assigning relevance to entirely unrelated content."
1133167,4494100,1133167,"Ocho Rios Jamaica Weather - Autumn (Sept, Oct And Nov) Truth be told, autumn is the best time to get cheap flights to Jamaica and save big on hotels, but autumn is not the best time to visit Ocho Rios as it relates to the weather.",1,1,0,N/A,N/A,Over-reliance on Lexical Matching,"The query appears to be an unmapped numeric identifier (or query artifact) from a benchmark dataset that corresponds to the passage. Model B strictly evaluated the document based on literal lexical/semantic overlap with the number '1133167', rejecting it, whereas Model A preserved the ground-truth relevance association."
1133167,8484845,1133167,"Live weather in Montego Bay. The latest and today's weather in Montego Bay, Jamaica updated regularly.",1,1,0,N/A,N/A,Unrecognized Entity Identifier,"Model B failed to identify the numeric query '1133167' as a domain-specific location or station identifier (commonly used in weather APIs/databases for Montego Bay), incorrectly treating the query as unrelated text and scoring it as completely irrelevant."
131843,4751877,131843,Forecast Discussion. SPC AC 160543 Day 2 Convective Outlook NWS Storm Prediction Center Norman OK 1243 AM CDT Sun Apr 16 2017 Valid 171200Z - 181200Z ...THERE IS A MARGINAL RISK OF SEVERE THUNDERSTORMS FOR WESTERN PORTIONS OF NEBRASKA AND SOUTHWEST SOUTH DAKOTA... ...SUMMARY...,1,1,0,"**Analysis of the Convective Outlook Information**

Okay, so I've been given this text: ""Forecast Discussion. SPC AC 160543 Day 2 Convective Outlook NWS Storm Prediction Center Norman OK 1243 AM CDT Sun Apr 16 2017 Valid 171200Z - 181200Z...THERE IS A MARGINAL RISK OF SEVERE THUNDERSTORMS FOR WESTERN PORTIONS OF NEBRASKA AND SOUTHWEST SOUTH DAKOTA......SUMMARY..."" and the question is, does this document clearly state the issuing authority and geographical area covered by the forecast?

Let's break it down. First, the issuing authority: That's right there in the text, practically screaming at me: ""NWS Storm Prediction Center Norman OK"". No ambiguity there. The National Weather Service Storm Prediction Center, based in Norman, Oklahoma. Check.

Next, the geographical scope. Again, clear as day: ""WESTERN PORTIONS OF NEBRASKA AND SOUTHWEST SOUTH DAKOTA."" That's the specific area of concern. No beating around the bush.

Therefore, the answer to the question ""Does it specify..."" is a resounding ""Yes,"" and the supporting details are self-evident in the document.

Given the complete and accurate information presented within the context, this warrants a top grade – a 5. The data is present, accurate, and readily available for interpretation.


","**Analyzing the Context for Specificity**

Okay, let me break this down. The user's question, ""Does it specify the issuing authority and geographical scope?"" immediately jumps out. Given the context provided – that Forecast Discussion from the SPC – I have to assess whether that information is, in fact, available and clearly defined. The wording is precise, so it should be straightforward.

Let's see... the text itself gives us ""NWS Storm Prediction Center Norman OK."" Bingo, that's the issuing authority clearly identified. Then, the geographical scope is explicitly described as ""WESTERN PORTIONS OF NEBRASKA AND SOUTHWEST SOUTH DAKOTA.""

Given that we have both the ""NWS Storm Prediction Center Norman OK"" clearly indicating the issuing authority, and ""WESTERN PORTIONS OF NEBRASKA AND SOUTHWEST SOUTH DAKOTA"" clearly denoting the geographic area in question, the answer is an unequivocal ""yes."" Both are fully specified. That's a solid, complete answer, and warrants a top grade.


",Score-Reasoning Contradiction,"Model B's reasoning explicitly concluded that the document provided complete and accurate information warranting a top grade, yet it erroneously assigned a final score of 0, directly contradicting its own evaluation."
168216,4191393,168216,"1 The illness takes two distinct forms: Legionnaires' disease and Pontiac fever. 2  Legionnaires' disease is the more severe form and can be fatal. 3  Pontiac fever is the far milder form of the illness. 4  Symptoms of Legionnaires' disease include fever, chills, and a cough.he disease has two distinct forms: 1  Legionnaires' disease is the more severe form of the infection, which may involve pneumonia. 2  Pontiac fever is a milder illness that develops from hours to two days after initial infection and resolves spontaneously.",0,0,1,N/A,N/A,Hallucinated Relevance,"The query consists solely of an arbitrary numeric string ('168216') that bears no semantic or lexical connection to the document about Legionnaires' disease. Model B improperly assigned positive relevance to completely unrelated text, whereas Model A correctly recognized the complete lack of relevance."
130510,7127694,130510,"by FreeAdvice staff. A judgment is the official decision of a court of law in a lawsuit. A final judgment resolves the issues involved in the lawsuit, and determines the rights and obligations that each party in the lawsuit has. That ruling becomes legally enforceable and the act taken by the party who is owed money by the other party is called judgment enforcement.",0,0,1,N/A,N/A,Hallucinated Relevance,"The query '130510' is an arbitrary numeric code with zero semantic connection or lexical overlap with the legal definition document. Model B inappropriately assigned non-zero relevance, likely due to a tendency to over-predict relevance or assume spurious connections when given ambiguous, keyword-less numerical queries."
1114646,687066,1114646,"BRAND NAME(S): Zovirax. Medication Uses | How To Use | Side Effects | Precautions | Drug Interactions | Overdose | Notes | Missed Dose | Storage. USES: Acyclovir is used to treat infections caused by certain types of viruses. It treats cold sores around the mouth (caused by herpes simplex), shingles (caused by herpes zoster), and chickenpox.This medication is also used to treat outbreaks of genital herpes.",0,0,1,N/A,N/A,Hallucinated Connection,"The query consists solely of an ambiguous number ('1114646') with no evident match or semantic relationship to the drug information for Zovirax/Acyclovir. While Model A correctly recognized the complete lack of relevance and scored it 0, Model B hallucinated an association or defaulted to weak relevance without justification."
855410,5465332,855410,"Anti-Aging Acne Regimen is a 3-step system to help clear adult acne and reduce the visible signs of aging without over-drying skin. Murad’s Anti-Aging Acne products are formulated with pharmaceutical-grade ingredients to treat and help prevent breakouts, and reduce the appearance of fine lines and wrinkles.",0,0,1,N/A,N/A,Hallucinated Connection,"The query is an opaque numeric ID ('855410') with zero lexical or contextual overlap with the document. Model B likely assumed an unverified external connection (such as treating the number as a product SKU) or applied an overly lenient threshold, incorrectly awarding relevance where none exists in the text."
1113437,2001936,1113437,"1. a: any of a genus (Picea) of evergreen trees of the pine family with a conical head of dense foliage, flat or 4-sided needles, pendulous cones, and soft light wood b: any of several coniferous trees (as Douglas fir) of similar habit. 2. : the wood of a spruce.",1,1,2,"**Analyzing the Context for an Answer**

Okay, so the user's question is ""Are persistent sterigmata explicitly described on the twigs?"" I need to determine if the given context allows me to answer that. Let me quickly review the context... alright, it defines ""spruce"" (Picea) and touches on some of its characteristics. However, *nowhere* in this text does it mention ""persistent sterigmata"" or ""twigs"". Therefore, based solely on what's provided, there's absolutely no way to determine the answer to the question.

This is a straightforward ""no"". The context doesn't have the information. My rating should reflect that. The prompt is asking if the *context* can provide an answer. In this case, it cannot. So, selecting 0 is the correct choice, indicating that the information necessary to answer is simply not present in the provided text.


","**Analyzing the Context for Information on Persistent Sterigmata**

Okay, here's what I'm thinking. The core question is: can we determine from this text whether ""persistent sterigmata"" are explicitly described on the twigs? The context provided is a definition of ""spruce,"" covering its characteristics like needles, cones, and wood. Immediately, I see that the definition doesn't *mention* sterigmata. So, initially, my response is ""No,"" based purely on the text's content.

But wait, I need to be precise here, as the prompt's wording could be interpreted in two ways. Does it mean, ""Does the text *contain* a description?"" or does it mean, ""Can the question be *answered* based on the context?"" Let's break this down further. If the question is literally, ""Are they described?"", then the answer is a direct ""No"" – the definition omits it. But I should confirm the prompt is looking for an explicit mention in the context, and not perhaps, an implied answer.

I'm used to these RAG-style evaluations. I'm recalling how we assess contexts; usually, if the context doesn't have an explicit mention of the topic, it gets a low score, often a zero. This points to a ""No"" as the right answer. Based on the standard rubrics, where ""0"" often signifies that the answer is completely unanswerable given the information, I can definitively conclude that the answer is no.


",Score-Reasoning Inconsistency,"Both models determine that the text does not contain the necessary information and suggest a low/zero rating in their internal monologue. However, Model B suffers from an alignment/mapping disconnect between its reasoning and final output, assigning a higher relevance score of 2 despite concluding the document failed to provide the answer."
1103812,3843269,1103812,"In the adopted Declaration the participants of the Commonwealth declared their interaction on the basis of sovereign equality. At present the CIS unites: Azerbaijan, Armenia, Belarus, Georgia, Kazakhstan, Kyrgyzstan, Moldova, Russia, Tajikistan, Turkmenistan, Uzbekistan and Ukraine.",0,0,1,N/A,N/A,Spurious Relevance Attribution,"The query consists solely of an opaque numerical ID ('1103812') that bears no semantic or factual relation to the document about the Commonwealth of Independent States (CIS). Model B erroneously assigned a non-zero relevance score, likely due to overly permissive scoring or hallucinating a potential connection where none exists."
156493,750106,156493,"Can a goldfish live in a fish bowl or is the fish bowl to small for it? No, it is ok for goldfish to live in a gold fish bowl, but you should be able to look at the bowl and tell if it is too crowded.... depending on the size and amount of water i … n comparison to the number of fish that is :-)",0,0,1,"**Evaluating the Question's Applicability**

Okay, let me break this down. The core question is: ""Does it quantify age-dependent growth rate changes?"" My initial instinct, given my expertise, is to dissect whether the provided context even touches on this. It seems the user is looking for an answer related to goldfish and fish bowls. However, the context centers on the suitability of a fish bowl for a goldfish, specifically referencing crowding and the relative size of the bowl to the fish population. It makes a statement that you ""should be able to look at the bowl and tell if it is too crowded.""

This is important because, based on my understanding of age-dependent growth rate changes, that's a completely different realm. There's nothing here about how a goldfish's growth changes over its lifespan, nor does it quantify any rates or changes. The entire discussion revolves around population density and visual assessment of the bowl's suitability. Based on the context, there's absolutely no basis to answer the original question. Therefore, the assessment is a clear zero.


","**Assessing the Relevance of Context**

Okay, so the question is whether this context can help me quantify age-dependent growth rate changes. Let's see... the context is all about goldfish and whether they can survive in a fishbowl. Right off the bat, that feels unrelated. I'm looking for information or data that would allow me to *measure* and *model* how the growth rate of an organism changes over time – something quantitative. This discussion about goldfish habitats just isn't touching on any of those core requirements. No numbers, no age ranges, no growth metrics. It's a complete mismatch. The score is a resounding zero. This is a dead end.


",Score-Reasoning Inconsistency,"Model B's internal chain of thought correctly deduced that the document is completely irrelevant and explicitly concluded that 'The score is a resounding zero', but it inexplicably outputted a score of 1, resulting in a direct contradiction between its reasoning and final judgment."
1063750,3327047,1063750,"Here are some summaries of explanations. There were unauthorized German submarines along the US East coast. Germany's resumption of unrestricted submarine warfare... {text:bookmark-start} Why the United States Entered World War I {text:bookmark-end} The US ...n June 28th 1914, Franz Ferdinand, the Austrian archduke, and his wife were murdered by a Bosnian revolutionary named Gavrilo Princip. This assassination triggered declarations of war. Firstly, this gave Austria a reason to attack Serbia.",1,1,0,"**Assessing the Answer's Quality**

Okay, so I'm presented with a question: ""Beyond Lusitania, what specific U-boat provocations directly nullified US neutrality?"" and a snippet of text to evaluate against it. My initial thought is to assess how well the context allows for an accurate and complete answer.

I see the context mentions ""unauthorized German submarines along the US East coast"" and ""Germany's resumption of unrestricted submarine warfare."" That's a good start; it does offer direct answers to the question about U-boat provocations. However, the text is severely truncated; it trails off mid-sentence, indicating a lack of full context, which makes it hard to be certain.

Based on what *is* provided, the answer is *partially* relevant and complete. The context offers concrete examples related to the inquiry. The main issue is the fragmented nature of the text, leaving noticeable gaps in the information. While it directly addresses the prompt, there's a significant lack of depth and supporting detail.

Therefore, considering the truncated nature of the provided context, I'd lean towards a rating of 3. The provided information is partially relevant and complete, but it has noticeable gaps.


","**Assessing the Information Provided on U-boat Provocations**

Okay, so I'm presented with the question: ""Beyond Lusitania, what *specific* U-boat provocations directly nullified US neutrality?"" The context provided touches on the subject, but my initial impression is that it's incomplete. It mentions ""unauthorized German submarines along the US East coast"" and the ""resumption of unrestricted submarine warfare,"" which are both relevant points, but it's all very high-level. I'm looking for specifics – specific incidents, like the *Sussex*, the *Laconia*, specific sinkings of American vessels, the dates, the circumstances. This summary seems to be leaving out critical details.

It seems the information given does a passable job touching on the topic, but it leaves out concrete examples. The resumption of unrestricted submarine warfare is undoubtedly the key point here, the big red flag. But without those specific examples it is limited in scope. I'd rate this a 2 out of 3, limited relevance and completeness, with significant gaps. It's on the right track conceptually, but it's not giving me the granular details I'd expect.


",Hallucinated Requirement,"Model B demanded granular historical details not explicitly required by the prompt (such as the sinkings of the Sussex or Laconia) rather than accepting the valid, high-level points provided in the document, causing it to judge the passage as completely unhelpful (0) rather than partially relevant (1)."
146187,76348,146187,"Review: McDonald's - Daily Double. 1  McDonald's Daily Double is a new Extra Value Menu item and McDouble variant featuring two beef patties, a slice of American cheese, slivered onions, a thick slice of tomato, shredded lettuce, and mayo on a plain toasted hamburger bun. It's not nearly a value as the McDouble as it carries a price tag of $1.99.",1,1,2,"**Analyzing the Cheese Slice Specification**

Okay, so the user's question is pretty straightforward: does the context explicitly state how many cheese slices are included? Let me quickly scan the provided information. ""Featuring two beef patties, a slice of American cheese, slivered onions..."" Bingo! The context uses the phrase ""a slice of American cheese."" Clearly, ""a"" directly implies one slice. Therefore, the answer to ""Does it specify the number of cheese slices per item?"" is a definitive ""Yes."" It specifically details that there is *one* slice of American cheese. Given the clarity and accuracy, a grade of 5 is entirely warranted here. The specification is unambiguous.


","Okay, here's my interpretation of that thought process, tailored for an expert audience:

**Analyzing Slice Specificity in Item Descriptions**

Alright, the query boils down to whether the number of cheese slices is explicitly stated for a given item. My approach, as always, is to dissect the provided context. The key phrase ""featuring two beef patties, a slice of American cheese, slivered onions..."" jumps out. The inclusion of the word ""a slice"" is the critical piece here. ""A slice"" inherently and unambiguously indicates a quantity of one. Since the context directly uses ""a slice,"" the number of cheese slices is definitively specified as one. Therefore, the question of specificity is met. This isn't a case of inference or ambiguity; the context provides a clear, quantitative descriptor. A grade of 5 seems perfectly justified given the direct and explicit nature of the provided information.


",Score Mapping Inconsistency,"Both models suffered from context hallucination by reasoning about an unrelated question regarding cheese slices and concluding with a grade of 5. However, Model B regressed by inconsistently mapping that evaluation to a relevance score of 2 rather than 1, drifting further from the ground truth."
855410,2851709,855410,Selan+® Zinc Oxide Barrier Cream is a light but very effective barrier cream for the prevention of moisture-associated skin damage and pressure ulcers.,0,0,1,N/A,N/A,Hallucinated Relevance,"Model B likely assumed an unsubstantiated connection between the numeric code query (likely an SKU or catalog number) and the product described, despite the code not appearing anywhere in the document. Model A correctly recognized that there is no textual or verifiable link, judging the document completely irrelevant."
146187,6430260,146187,"No, The McDonald's McDouble Is Not The 'Greatest Food In Human History'. McDonald's. 800. I may be a little late to this, but it is never too late to point out how stupid it is to argue that the McDonald's McDouble cheeseburger is the greatest food in human history..",1,1,0,N/A,N/A,Failure to Recognize ID / Entity Code,"Model B likely treated the numeric query strictly as text devoid of meaning and penalized the document for lacking lexical or semantic overlap, whereas Model A properly handled the numeric string as an identifier or benchmark artifact corresponding to the document."
130510,8029019,130510,"Execution of judgment - The process of putting into effect the judgment of the court in civil cases; usually by garnishment or levy, through post-trial, statutory enforcement procedures requiring the forcible removal and disposal of the property of the losing party.",0,0,1,"Here's my assessment of the situation:

**Analysis of Relevance to Preemptive Legal Uncertainty Resolution**

Okay, so the user wants to know if this definition clarifies how something *preemptively* resolves legal uncertainty. Let's see... the context provided defines ""Execution of judgment."" It describes the process of enforcing a court's decision *after* a judgment has already been made – think garnishment, levy, and forcibly removing property. My gut reaction? This doesn't seem to address the concept of *preemptively* resolving uncertainty at all. That would lean more toward declaratory judgments, right?

So, I'm thinking the context is really about enforcement of *existing* rights, not about proactively avoiding disputes or clarifying ambiguous legal positions. It's about what happens *after* the legal uncertainty has already been resolved by a court decision. The question's focus is on something before a judgment. I'd have to say this context is completely irrelevant to that particular nuance.

Therefore, the context doesn't answer the question in any way. The appropriate grade would have to be 0. It is a simple mismatch. The context isn't even touching on the correct concepts. Even with the prompt's focus on whether the question can be answered, the answer is still no.


","**My Assessment of the Query**

Okay, so the prompt is asking if a definition clarifies something specific: ""how it *preemptively resolves legal uncertainty*."" My immediate thought is to check the definition provided, which is ""Execution of judgment - The process of putting into effect the judgment of the court in civil cases; usually by garnishment or levy, through post-trial, statutory enforcement procedures requiring the forcible removal and disposal of the property of the losing party.""

My first instinct is to scan the definition itself. Does it *explicitly* address preemptively resolving legal uncertainty? Nope. It's all about *enforcing* existing judgments, not preventing future disputes. The prompt seems to be looking for a clarification the definition doesn't provide. So I'd say ""no, it doesn't.""

Wait, could the prompt be referring to another definition like ""declaratory judgment""? The wording of the question *feels* like it's pointing to a different legal concept. But the context is explicitly about ""Execution of Judgment."" This makes me pause, as my experience tells me these automated systems often penalize mismatched contexts.

However, can I definitively answer the question based *solely* on the context? Yes. The context is very clear on what it *does* define. I can confidently say ""No, this definition does not clarify the preemptive resolution of legal uncertainty, it describes how a judgment is put into effect.""

Now, I'm thinking about how these systems often work. If the context is completely irrelevant to the question, the response is often graded as unanswerable or zero. But in this case, the context *does* allow me to say ""no"", as a definitive answer is possible based on what's absent from the context. It's essentially a negative answer based on omission.

Let's re-read the question, carefully. ""Does the definition clarify how it *preemptively resolves legal uncertainty* rather than just identifying existing rights?"" The provided context *only* defines the term ""execution of judgment"". It *doesn't* deal with the prevention of legal disputes in any way.

The answer is still a resounding ""no."" And I need to be sure the system I am evaluating understands *why* that ""no"" is the correct answer, given the provided definition.


",Conflated Negative Answer with Relevance,"Model B correctly identified that the document does not contain the requested legal concept, but erroneously reasoned that being able to answer 'No' to a binary question based on the document's omission constituted sufficient relevance to award a score of 1 instead of 0."
183378,3624848,183378,"Mature mRNA serves as a sequence of codons from which a polypeptide is translated (the polypeptide sequence is destined to be, or to be part of, a protein). mRNA is assembled in the nucleus. It uses the DNA as a template and transcibes the gene sequence. Once it it processed (meaning the non-coding introns are spliced out, and it is given a head and tail as identification), it exits into the cytoplasm where it is translated (it is used as a template for ribsomes, which assemble proteins).",0,0,1,N/A,N/A,Hallucinated Relevance,"The query is an opaque numeric string ('183378') with no contextual overlap or textual match to the biology passage about mature mRNA. Model B incorrectly inferred or defaulted to positive relevance despite complete lack of connection, whereas Model A correctly recognized the document as completely irrelevant."
168216,6219120,168216,A water temperature of 120°F does not kill the Legionella bacteria; a minimum temperature of 140°F is required at which Legionellae dies in 32 minutes. Hence it is recommended that the water heater be set at a temperature of 140°F.,0,0,1,N/A,N/A,Spurious Relevance,"The query consists solely of an unexplained numeric string ('168216') with no textual or semantic overlap with the document about Legionella bacteria and water heater temperatures. Model B incorrectly inferred partial relevance where none exists, whereas Model A correctly identified the complete absence of relevance."
87181,8762975,87181,"Main Content: Enlarged heart (LVH) and high blood pressure. If you have high blood pressure, this means that your heart has to work harder to push blood round your body. To cope with this extra effort, your heart muscles become thicker and stiffer, which can make the heart become enlarged. An enlarged heart will not pump as well as it should, and this can cause you problems.",0,0,1,N/A,N/A,Hallucinated Relevance,The query '87181' is a numerical identifier (such as a ZIP code or unrelated medical code) with no semantic or lexical connection to the document discussing enlarged hearts and high blood pressure. Model B incorrectly inferred a connection and assigned a non-zero relevance score to a completely irrelevant text.
1113437,594251,1113437,"This is a Balsam Fir, and the stiff and compact form is typical of most firs (Genus Abies). The middle tree is a Red Spruce, with the more “relaxed” and open form typical of most spruces (Genus Picea).",0,0,1,"**Evaluating the Context's Relevancy**

Okay, so I need to figure out if I can answer the question ""Are persistent sterigmata explicitly described on the twigs?"" given this text. First, I quickly scan the provided context: ""This is a Balsam Fir, and the stiff and compact form is typical of most firs (Genus Abies). The middle tree is a Red Spruce, with the more “relaxed” and open form typical of most spruces (Genus Picea)."" Hmm, nothing about *persistent sterigmata* or *twigs* anywhere. 

Therefore, based on this information alone, it's a complete non-starter. The question is unanswerable. I need to give this a 0. Let me just be absolutely sure. Nope. No sterigmata, no twigs. The answer is definitely a 0; the question is irrelevant. That's a clear 0.


","**Analyzing the Inquiry: Can the Context Provide an Answer?**

Okay, so the question is, plain and simple: ""Are persistent sterigmata explicitly described on the twigs?"" and my initial assessment is based on the provided text, and it's a hard no. The context given is a straightforward comparison of Balsam Fir and Red Spruce, focusing on their overall form and classification. We're talking about the typical ""stiff and compact"" look of a fir versus the more ""relaxed"" spruce form. It's a botanical contrast, but it's completely silent on sterigmata, twigs, or any specific structural details that would even hint at an answer to the posed question. No mention, no discussion, nothing. So, based solely on this limited information, the grade is a definite zero. There's just no way this context could possibly address the specifics raised by the inquiry.


",Score-Reasoning Inconsistency,"Model B's internal reasoning correctly determined that the text contained no relevant information and explicitly concluded with 'the grade is a definite zero,' but it mistakenly outputted a final score of 1 instead of 0."
146187,6573190,146187,"How many calories are in a cheeseburger? There are 343 calories in a cheeseburger that contains a single meat patty with condiments. This cheeseburger, which is a serving size of 127 grams, has 16.38 grams of fat, 32.3 grams of carbohydrates and 17.1 grams of protein.",0,0,1,N/A,N/A,Failure to Recognize Complete Irrelevance,The query consists solely of an arbitrary number with zero lexical or semantic connection to the document about cheeseburger calories. Model B inappropriately awarded a non-zero relevance score instead of recognizing the total lack of relevance and scoring 0.
1124210,5350934,1124210,"Xylem and phloem are the two types of vascular tissues found in plants. Xylem tissues transport water from the roots throughout the plant, while phloem transports food (suga … rs) from photosysnthesis throughout the plant. Xylem: tubes that brings water and minerals from the roots into the leaf.Phloem: tubes that usually move sap, with dissolved sucrose, produced by photosynthesis in the leaf, out of the leaf and to other parts of the plant.Both are found in the central vascular bundle. Basically, xylem tranports water and phloem transports organic substances.Xylem is a tissue found in vascular plants that transorts water and dissolved mineral nutrients. It consists of hollow vessels that are formed from cells joined end to end in flowering plants.ylem: tubes that brings water and minerals from the roots into the leaf. Phloem: tubes that usually move sap, with dissolved sucrose, produced by photosynthesis in the leaf, out of the leaf and to other parts of the plant.",0,0,1,N/A,N/A,Hallucinated Relevance,"The query consists solely of an arbitrary numeric identifier ('1124210') with no semantic connection to the document discussing plant biology (xylem and phloem). Model B improperly assigned non-zero relevance to a completely unrelated passage, whereas Model A correctly recognized zero relevance."
156493,4367826,156493,"Growth Rate. Although Colorado blue spruce may grow slowly in the first few years after planting, its growth rate picks up once it's established. Its growth rate is moderate to quick, so some trees may grow a scant 12 inches a year while others may grow upward of 24 inches in a single growing season.",0,0,1,N/A,N/A,Hallucinated Relevance,"The query consists solely of an arbitrary number ('156493') that has no semantic relationship to the document's content on Colorado blue spruce growth rates. Model B was overly permissive and incorrectly assigned relevance to an entirely unrelated document, whereas Model A correctly recognized that there is zero relevance."
1133167,6570019,1133167,"The weather is dry and cloudy, and it is still very cold. Tibet is probably open to tourists in early April. April is one of the best months to visit since it is low tourist season and the weather is comfortable during the day.Clothing: The temperature can still drop to freezing at night so bring warm clothes with you.n Hong Kong in April, the weather is pleasant and warm. It will be warm during the day and even hot and humid. Guilin can still be quite cool following rain in April. It rains 2/3 of the days of April. Clothing: Bring light clothes that will feel comfortable under rain gear.",0,0,1,N/A,N/A,Hallucinated Relevance,"The query consists solely of an arbitrary numerical string ('1133167') with no apparent connection to the travel and weather information in the document. Model B incorrectly awarded partial relevance instead of recognizing the complete lack of topical overlap, whereas Model A correctly assessed it as non-relevant."
527433,1379238,527433,"Dysarthria In dysarthria, errors are consistent and predictable. There are no islands of clear speech; no matter what the speaking task or materials used, the patient will exhibit the same amount and types of errors. Errors are mainly distortions and omissions. Distortions are the most common type of error in dysarthria. Apraxia In apraxia, errors are inconsistent and unpredictable. Different error patterns occur in spontaneous speech versus repetition. Patients' spontaneous speech contains fewer errors than does his/her speech in repetition tasks.",0,0,1,N/A,N/A,False Positive on Irrelevant/Ambiguous Query,The query '527433' is an opaque numeric string with zero connection to the document discussing speech disorders (dysarthria vs. apraxia). Model B failed to recognize the complete lack of relevance and incorrectly assigned a non-zero score instead of scoring it 0.
168216,1974320,168216,"A water temperature of 120°F does not kill the Legionella bacteria; a minimum temperature of 140°F is required at which Legionellae dies in 32 minutes. Hence it is recommended that the water heater be set at a temperature of 140°F.The Legionella disinfection range is 158 – 176 °F.calding Facts & Prevention. Keeping water in hot water storage tanks at a temperature that is considered sanitary requires raising the temperature of water to at least 140°F (60°C). But, at 140°F (60°C), water can cause third-degree burns in children in one second and in adults in five seconds.",0,0,1,N/A,N/A,Hallucinated Relevance,"The query '168216' bears no semantic, numeric, or contextual connection to the document regarding water heater temperatures and Legionella bacteria. Model B improperly assigned a non-zero relevance score to a completely irrelevant text."
87181,4632251,87181,"Dilated cardiomyopathy, which is the main type of cardiomegaly. In this condition, the walls of both the left and right side of the heart (ventricles) become thin and stretched. The result is an enlarged heart.In the other types of cardiomegaly, the heart's large muscular left ventricle becomes abnormally thick.Hypertrophy is the usually what causes left ventricular enlargement. Hypertrophic cardiomyopathy is typically an inherited condition.n this condition, the walls of both the left and right side of the heart (ventricles) become thin and stretched. The result is an enlarged heart. In the other types of cardiomegaly, the heart's large muscular left ventricle becomes abnormally thick. Hypertrophy is the usually what causes left ventricular enlargement.",0,0,1,N/A,N/A,Hallucinated Connection,"Model B likely assumed the numeric query ('87181') was a medical code associated with heart conditions like cardiomyopathy without verifying actual match or relevance, leading to a false-positive relevance score on a completely unrelated document."
1129237,4141012,1129237,"Hydrogen is certainly not a colorful chemical element. But it has one surpassing feature. The hydrogen atom happens to be the smallest and lightest of all atomic elements. At temperatures above minus 423 degrees Fahrenheit, it boils and becomes the lightest of the gases.ydrogen is certainly not a colorful chemical element. But it has one surpassing feature. The hydrogen atom happens to be the smallest and lightest of all atomic elements. At temperatures above minus 423 degrees Fahrenheit, it boils and becomes the lightest of the gases.",0,0,1,N/A,N/A,Hallucinated Relevance,"The query is an arbitrary numeric string ('1129237') with zero connection or semantic overlap to the document discussing the chemical properties of hydrogen. Model A correctly recognized the complete lack of relevance and scored it 0, whereas Model B assigned a score of 1, failing to reject an entirely irrelevant text."
833860,1026570,833860,"Some of the most common foods eaten in Italy include cheese, pasta, rice, cured meats and vegetables. Food choices in the country also vary by region.",0,0,1,"**Evaluating the Context for ""Popular""**

Okay, let me break this down. The core question is whether we can define ""popular"" *in this specific assessment* based on the given context. The context presents a list of ""common foods eaten in Italy"" – cheese, pasta, rice, cured meats, and vegetables, and a mention of regional variations. My immediate thought is, does this contextual snippet actually provide a definition of ""popular""?

No, it doesn't. The prompt explicitly asks for how ""popular"" is *defined* in the context of the assessment. The definition could involve consumption frequency, cultural recognition, sales volume, or any other specific metric. The provided text simply states that certain foods are ""common."" It doesn't offer any insights into *how* ""common"" is determined, and therefore, it doesn't offer a definition of ""popular.""

Therefore, based on this evaluation, the answer is a resounding 'no.' The given text is completely irrelevant to answering the core question. A grade of zero is the only justifiable outcome here because the necessary information for a definitive answer is completely absent.


","Here's my assessment of the situation:

**Analysis of ""Popular"" in the Italian Food Context**

Okay, so the question is straightforward: how are we *defining* ""popular"" in this context? Are we talking about how often something's consumed, its cultural impact, or maybe just sales figures? The provided context gives me a list of common Italian foods – cheese, pasta, rice, cured meats, and vegetables. It also acknowledges regional variations in food choices, which is important. However, and this is crucial, the text **completely fails** to define ""popular"" or even allude to any kind of criteria that we can assess against. It's a fundamental lack of information. Therefore, I can't even begin to answer the question as it's currently posed. The context is insufficient for any meaningful analysis, which means I have to give it a big, fat zero. It’s like being asked to measure something with no ruler.


",Score-Reasoning Inconsistency,"Model B's reasoning explicitly concluded that the document was completely insufficient and stated it deserved 'a big, fat zero,' but it contradicted its own evaluation by outputting a score of 1."
146187,3886011,146187,"1 Medium-Well (a smidge of pink in the middle): 9 minutes total. 2  Well Done (no pink): 10 minutes total. 3  To make cheeseburgers: If making cheeseburgers, top the burgers with cheese as soon as you flip them. 4  If the cheese isn't melting fast enough, cover the pan with a lid or other dome to encourage the cheese to melt.",0,0,1,"**Analyzing the Context for Cheese Slice Specificity**

Okay, so the task is to determine if the provided context explicitly states the number of cheese slices per burger. My initial thought is to quickly scan the context for that specific detail. Let's see...

Hmm, I don't see anything explicitly mentioning the number of cheese slices. The context provides cooking times and instructions, but it doesn't give a specific quantity.

The question is a ""Does it specify..."" question, which is binary - a yes or no. However, the grading criteria are phrased as ""Can the question be answered based on the available context?"". My initial instinct is to interpret a lack of information as a ""no answer"" and potentially trigger a lower grade, but that's not necessarily correct.

If the question is ""Does it specify the number of slices"", and the context doesn't specify, then the answer ""No"" is accurate, relevant, and complete. It's perfectly answerable based on what *is* there.

Okay, let's reframe: can we definitively say, *based on the given text*, whether it specifies the cheese slice count? Yes, we can. The answer is a clear ""No"". Therefore, according to the grading criteria, this answer is valid. I'm going to assign a grade of 5. I am confident in my assessment.


","**Analyzing the Context for Cheese Slice Specificity**

Okay, so the user is asking a pretty straightforward question: does the given context tell us *exactly* how many cheese slices should go on each burger? Let's break this down. The text talks about ""topping the burgers with cheese as soon as you flip them."" Alright, that's clear enough – we're dealing with cheese on burgers. But... does it *quantify* the cheese? Does it say ""one slice,"" ""two slices,"" ""a handful,"" or even imply a specific number in any way?

Nope. It's frustratingly vague. Therefore, the question: “Does it specify the number of cheese slices per item?” can be answered with a resounding ""No."" The provided context gives us *enough* information, to answer the initial question. I can answer it definitively. It's a clear ""No, it does not specify.""

The prompt then forces me to rephrase, and confirm that the question can, therefore, be answered based on the provided text, and I can confirm that the question is fully answerable. So, a grade 5, then. Done.


",Hallucinated Task,"Both models suffered from context contamination/hallucination by reasoning about an unasked question regarding cheese slice quantities instead of the actual query ('146187'). However, Model B regressed by assigning a positive relevance score of 1 to a completely irrelevant document, whereas Model A correctly mapped its final output to 0."
168216,4191392,168216,"1 Legionnaires' disease is the more severe form and can be fatal. 2  Pontiac fever is the far milder form of the illness. 3  Symptoms of Legionnaires' disease include fever, chills, and a cough.he disease has two distinct forms: 1  Legionnaires' disease is the more severe form of the infection, which may involve pneumonia. 2  Pontiac fever is a milder illness that develops from hours to two days after initial infection and resolves spontaneously.",0,0,1,N/A,N/A,Hallucinated Relevance,"The query consists solely of an arbitrary numeric string ('168216') with no lexical or semantic connection to the document discussing Legionnaires' disease. Model A correctly identified complete irrelevance (score 0), whereas Model B awarded a score of 1, likely defaulting to partial relevance or falsely assuming a connection for an uninterpretable numeric query."
183378,1497008,183378,"What is the rule of alternative splicing? The genes are always in a numerical order-exons are not moved around Example: Gene - 1,2,3,4,5,6,7 1,2,4,6,7 - YES 2,3,5,6,7 - YES 1,3,4,5,7 - YES 4,2,7,5,6 - NO.",0,0,1,N/A,N/A,Spurious Pattern Matching,"Model B likely conflated the numeric query with the numbers used as an example in the biological text about gene splicing, falsely assuming relevance based purely on the superficial presence of digits."
1133167,4625145,1133167,"The Jamaica climate guide is perfect for planning your holiday. Monthly weather averages give the best indication of what the weather is usually like for every month of the year including figures for temperature, rainfall and sunshine. The Jamaica climate guide shown below is for Montego Bay.",1,1,0,"**Assessing the Answerability of a Severe Weather Question**

Okay, so I'm presented with a question: ""Are any active severe weather advisories issued?"" and a snippet of text that I need to evaluate for relevance. My initial thought is this: does the provided text contain the *necessary* information to answer that specific question? I can't just infer – I need concrete data.

The context given is a Jamaica climate guide, focusing on monthly weather averages for Montego Bay. It's designed for holiday planning, providing temperature, rainfall, and sunshine data. That's all well and good, but this is clearly about *average* conditions and *historical* trends, not *current* warnings. There's absolutely nothing in this guide about *active*, *severe weather* advisories. No mention of hurricanes, floods, tornadoes, or anything of that nature.

Therefore, as an expert in my field, the conclusion is straightforward. The context is completely irrelevant to the question. It lacks the critical information needed to determine the presence or absence of active severe weather advisories. The question is unanswerable based on this text.

The appropriate rating is a 0. It's not just a matter of the answer being incomplete; it's that the context doesn't *contain* the answer at all. It's a fundamental mismatch between the query and the information source. The provided options align perfectly; ""0: The answer is not relevant or complete at all"" describes the situation accurately.


","**Analyzing the Information and the Question**

Okay, so the prompt is straightforward: ""Are there any active severe weather advisories out?"" My initial reaction, as I parse the provided text, is a quick ""Nope."" This is because the context I'm given is all about climate guides and monthly averages for Montego Bay, Jamaica. That kind of information is useful for understanding long-term patterns and planning trips, maybe, but it's completely irrelevant to the immediate question of active advisories. There's nothing in here about current conditions, warnings from official sources, or even mentions of past severe weather events. My expert knowledge tells me I need specific, real-time data for that, not general climate data. Therefore, I can confidently, and quickly, conclude that this text provides no answer to the question. It's a clear miss; the grade is a zero.


",Failure to Recognize Marginal Relevance,"Model B applied an all-or-nothing answerability criterion, grading the document as 0 because it lacked real-time severe weather advisory data, thereby missing the marginal topical relevance (score 1) of general weather and climate information."
962179,1882903,962179,"The USO was founded in 1941 in response to a request from President Franklin D. Roosevelt to provide morale and recreation services to uniformed military personnel. This request led six civilian agencies -- the Salvation Army, YMCA, YWCA, NCCS, NTAA and the NJWB -- to unite in support of the troops.",0,0,1,"**Analyzing the Context for Information on ""The Salvation Army"" Name Adoption**

Okay, so the user is asking about when ""The Christian Mission"" officially became ""The Salvation Army."" My task is to assess if the provided text gives me that information. Reading the text, I see it's about the USO's founding in 1941 and lists organizations involved, including ""The Salvation Army."" However, I don't see any mention of ""The Christian Mission"" or any information about a name change.

Therefore, this context doesn't provide the answer. The question, ""Can the question be answered based on the available context?"" is a definite ""No.""

The rating system uses a scale from 0 to 5. Since the context is completely unhelpful – it contains absolutely *nothing* relevant to the query – a grade of 0 is the only reasonable option. The context simply doesn't contain the necessary information, making any attempt to answer from it impossible. So, 0 it is.


","**Analyzing the Query: The Salvation Army Name Adoption**

Okay, so the question is, *does this information actually tell me when The Christian Mission became The Salvation Army?* Right, the context mentions the USO being founded in 1941 and lists The Salvation Army as one of the agencies involved. But, hold on... it doesn't mention *The Christian Mission* at all, nor does it provide any historical details about the name change.

This seems like a straightforward ""no"" answer, but I need to be precise. The prompt specifically asks if the *information* specifies the date. The question is phrased in a way that should be taken at face value. It's a binary question: ""Does the information SPECIFY..."" and the answer, based on what's available, is a clear ""no.""

I'm used to these tasks. They often get at whether the provided context can *answer* the underlying historical question. And in that sense, this context fails completely. Since there is no such information, a score of zero seems appropriate. The context is silent on the critical detail. So, strictly based on whether the context *specifies* the date, or allows me to say that it does not, this context is useless. It does not. I'd give it a big fat zero. The question is about the information itself, and the information doesn't specify. The end.


",Reasoning-Output Disconnect,"Model B's internal reasoning thoroughly evaluates the text and repeatedly concludes that it deserves a score of 0 ('a big fat zero'), but it inexplicably outputs a final score of 1, directly contradicting its own reasoning."
1117099,5286535,1117099,the overall rate may be extremely slow one to ten centimeters per year but the long term effect is a continual re shaping of the surface of our planet an active continental margin is found on the leading edge of the continent where it is crashing into an oceanic platean excellent example is the west coast of south america active margins are commonly the sites of tectonic activity earthquakes volcanoes mountain building and the formation of new igneous rockhis is an easy one the earth s crust is broken into sections called plates there are two 2 basic types oceanic plates which are composed of basalt and continental plates which are mostly granite,0,0,1,N/A,N/A,Hallucinated Relevance,"The query consists solely of an opaque numerical ID ('1117099') with zero semantic or textual overlap with the geological text about plate tectonics. Model B incorrectly gave a non-zero relevance score, failing to recognize the document as completely irrelevant."
182539,6816571,182539,The adjective MONOTONE has 2 senses: 1. of a sequence or function; consistently increasing and never decreasing or consistently decreasing and never increasing in value. 2. sounded or spoken in a tone unvarying in pitch. Familiarity information: MONOTONE used as an adjective is rare.,1,1,0,"**Analyzing the Context for Derivative Information**

Okay, so the user wants to know if we can determine something about the first derivative of a function based on this definition of ""monotone."" My immediate thought is, does the provided context even *mention* the concept of a first derivative or explicitly address whether the function's first derivative maintains a consistent sign across its domain? Let me review the text.

The definition is: ""of a sequence or function; consistently increasing and never decreasing or consistently decreasing and never increasing in value."" Hmm, mathematically, a consistently increasing function implies a non-negative first derivative (and consistently decreasing, a non-positive one). But the text *doesn't actually say that* directly. It talks about increasing/decreasing values. The phrase ""first derivative"" isn't explicitly there.

Therefore, strictly based on this context, I can't definitively answer the user's question about the *first derivative's* consistent sign. The provided information indirectly relates to it via the mathematical relationship between monotonicity and derivative signs, but the core concept is absent. The context doesn't provide the explicit information needed to answer their question. So, unfortunately, the answer is a definitive ""no"". This is where a grade of zero is appropriate.


","**Analyzing the Question's Clarity**

Alright, let's break this down. The core of the question seems to hinge on whether a function's first derivative maintains a consistent sign throughout its domain. Seems straightforward enough at first glance, but there's a problem: the question lacks specifics. I need a function to analyze, but ""the function"" is frustratingly vague. This isn't Calculus 101, I expect to have the function in the question or the context.

The surrounding text offers a definition of ""monotone,"" which I immediately translate to an understanding of a consistently increasing or decreasing function. But even that doesn't help me answer the actual question. Monotonicity *implies* a consistent derivative sign (positive for increasing, negative for decreasing), but it doesn't give me the specific function or enough information to analyze a specific derivative.

Given that I have no specific function to work with, I'm forced to conclude that the information is insufficient to provide an answer. Without a concrete function to examine, I'm essentially grading the query as incomplete. I need a *specific* function to apply my knowledge; otherwise, it's just a theoretical exercise.


",Hallucinated Requirement,"Model B regressed by fabricating a requirement for a specific mathematical function to analyze, failing to evaluate the conceptual and general definitional relevance of the text to the query topic."
146187,744165,146187,"Review: Triple Cheeseburger from McDonald’s. When it comes to the various sizes of classic McDonald’s cheeseburgers, the prices might have you scratching your head. The price differences between a McDonald’s Cheeseburger, the beefier McDouble and the cheesier Double Cheeseburger now all fall within 50-cents of one another.",1,1,2,N/A,N/A,Hallucinated Relevance,"The query consists of an arbitrary number ('146187') that has no textual match or semantic connection to the McDonald's cheeseburger review. While Model A correctly identified the document as completely irrelevant (score 1), Model B exhibited an unwarranted leniency bias by assigning partial relevance (score 2) despite no discernible relationship."
855410,4299367,855410,"Mineral oil is used in a variety of applications, from industrial lubricants to skin-care products and laxatives. During petroleum processing, mineral oil is formed. Mineral oil is not easily absorbed by skin, so moisture is unable to enter or exit the skin barrier.kin Care Products. Mineral oil is used in many beauty and skin products as a moisturizer. Mineral oil can clog pores and make it difficult for moisture to enter and exit the skin, which can lead to breakouts. As an alternative to mineral-oil-based products, vegetable-oil products may be used.",0,0,1,N/A,N/A,Hallucinated Relevance,"The query consists entirely of an arbitrary numeric string ('855410') with no lexical or topical match to the text about mineral oil. Model B likely hallucinated a link (e.g., treating the number as a product or classification code) or exhibited an overly lenient threshold for irrelevant queries, whereas Model A correctly identified complete irrelevance."
146187,32188,146187,"How to Cook a Cheeseburger. Cheeseburger is a traditional, American favorite. It can be grilled, fried, or oven baked, and purchased at almost any corner or fast-food restaurant. For a tasty treat, try a homemade cheeseburger. 1 lb. (453g) 85% lean ground beef/chuck.",0,0,1,"**Evaluating the Question's Answerability**

Okay, here's the deal. I need to figure out if the provided text gives us enough information to answer the question: ""Does it specify the number of cheese slices per item?"". My first thought is a quick ""no."" The context talks about cheeseburgers in general, mentions ground beef, but there's absolutely no mention of cheese slices, quantity, or even cheese itself.

But let's be precise. The question isn't ""How many cheese slices are there?"", but rather ""Does it *specify*?"" So, can we definitively answer the question based *solely* on the text? Yes! We can unequivocally say, ""No, it does not specify."" It's a binary yes/no question, and the answer is a clear ""no.""

Now, I'm used to RAG evaluations where a context lacking relevant information for the *core* question often gets a low score. The usual thought process: the text doesn't explicitly state the number of cheese slices, so it's a ""fail"" or a ""1"" on some grading scales.

However, the question itself is key! ""Does it specify...?"" It's a direct inquiry about the presence of specific information. The context doesn't contain that information, thus, we can say ""No"", which is accurate and complete based on the text. I'm operating under the assumption that the prompt's intent is a standard RAG evaluation, and in this context, the question is answered with ""No"".


","**Analyzing the Question Regarding Cheese Slices**

Okay, the question is a straightforward ""yes"" or ""no"": ""Does it specify the number of cheese slices per item?"" The context describes a cheeseburger recipe, focusing on ground beef. I see it mentions the ground beef quantity, but nothing at all about cheese or cheese slices. So, can the question be definitively answered? Yes, based on the provided text, the answer is a clear ""no."" The text *does not* specify the number of cheese slices.

But, hang on, these prompts often assess whether the context *contains* enough information to answer the question, or rate how well the context *can* answer it. Let me reframe: does the context *specify* the number of cheese slices per item? No, it completely omits the topic.

Right. I recall similar evaluation datasets, like Tonic Validate, where the typical structure is more like: ""Does the context contain information to answer the question about the number of cheese slices per item?"" Since cheese slices are absent, there's absolutely *zero* information about them in the context.

Wait, am I misinterpreting the implied question? Does it mean, ""Can the question be answered, even if the answer is negative, based on the available context?"" But in standard RAG-style evaluations or QA benchmarks, a missing subject (like ""cheese slices"") would typically receive a score of zero for context relevance.

Let's ground this in the scoring criteria. Reviewing the scale: ""0: The answer is not relevant or complete at all. / Cannot be answered."" This situation definitely falls under that definition. The context offers no information to address the question about cheese slices, so the context has 0 information about them. Zero it is.


",Internal Contradiction,"Model B's chain-of-thought explicitly concluded that the document contained no relevant information and ended with 'Zero it is', yet it failed to align its final output with its own conclusion, erroneously awarding a score of 1 instead of 0."
146187,3963185,146187,"Food Nutrition Information for Double cheeseburger (2 patties), plain, on double-decker bun, How many calories in Double cheeseburger (2 patties), plain, on double-decker bun. How many carbs in Double cheeseburger (2 patties), plain, on double-decker bun",0,0,1,"**Analyzing the Context for Cheese Slice Specificity**

Okay, so the user's question is pretty straightforward: does the provided context tell us how many cheese slices are in the double cheeseburger? Let's break this down. The context mentions ""Double cheeseburger (2 patties), plain, on double-decker bun"" and then dives into calorie and carb counts. My focus is laser-sharp: does it quantify the cheese?

No. There's nothing in that text that even hints at the number of cheese slices. It’s all about the patties, the bun, and the nutrition information. So, the question, ""Does it specify the number of cheese slices per item?"" is a definite ""no.""

Therefore, based on this limited context, I have to conclude that we can't answer the user's question. This is a clear case where the information just isn't there. So, looking at the grading rubric...it's a score of 0. The context is completely irrelevant to the question's core. We're looking at a ""The answer is not relevant or complete at all"" scenario. Just double-checking to confirm that ""Can the question be answered based on the available context?"" is the central question here. And the answer is a resounding ""No.""


","**Analyzing the Context for Cheese Slice Specificity**

Okay, so the user's question is: ""Does it specify the number of cheese slices per item?"" My first instinct is to scan the context, which is nutrition information for a double cheeseburger. Does it explicitly state the cheese slice count? No, it doesn't. 

But I need to be precise. The question itself is about *specification*, not about inference. So, does the context *specify* the number of cheese slices? No, it clearly doesn't. My initial ""No, it does not specify"" is accurate.

Hold on, in a standard QA dataset, a question ""Does it specify..."" is often a proxy for whether the context enables answering a more direct question. The context doesn't directly mention the slices, but it provides sufficient information to *answer* the meta-question: ""Does it specify?"" The answer is ""No"".

Then again, the question is literally: ""Does it specify...?"" and the context allows an answer of ""No."" Therefore, the context is sufficient to give a precise ""No"" answer, so that should be graded accordingly.

But is it a standard QA dataset? If someone asks ""Does it specify the number of cheese slices per item?"", the answer is simply ""No, it does not specify."" That is the most direct answer.

So, regardless of the prompt's implied assessment (context sufficiency or factual query?), ""No, it does not specify"" is a fully correct and accurate response, which warrants a grade of 5. The prompt itself is very direct in the required response. Therefore, it is possible to fully and accurately answer the question, as presented.


",Over-rationalizing Relevance,"Model B overthought the evaluation task by engaging in flawed meta-reasoning, arguing that because the document allows answering 'No' to whether information is specified, it provides sufficient information to be considered relevant, leading to an unwarranted non-zero score."
1117099,1488608,1117099,"In a subduction zone, the subducting plate, which is normally a plate with oceanic crust, moves beneath the other plate, which can be made of either oceanic or continental crust. During collisions between two continental plates, large mountain ranges, such as the Himalayas are formed.Oceanic-continental.s a result of pressure, friction, and plate material melting in the mantle, earthquakes and volcanoes are common near convergent boundaries. When two plates move towards one another, they form either a subduction zone or a continental collision.",0,0,1,N/A,N/A,Hallucinated Relevance,"The query is an arbitrary numeric identifier ('1117099') with zero semantic or lexical connection to the document's content on plate tectonics. Model A correctly recognized the total absence of relevance, whereas Model B hallucinated relevance or applied an overly permissive scoring threshold."
146187,7704676,146187,"If a fresh tasting burger is what you're looking for, but you also crave the taste and texture of gooey cheese, then ask the server to add two slices of cheese to the Double Meat Whataburger and enjoy something that you didn't even know you were missing.",0,0,1,N/A,N/A,Hallucinated Relevance,"The query is an arbitrary six-digit number ('146187') with no lexical match or conceptual connection to the burger-ordering document. Model A correctly recognized that there is no relevance (0), whereas Model B improperly assigned non-zero relevance, likely due to overly permissive baseline scoring or hallucinating an ungrounded connection."
573724,3365597,573724,"Optimal nutrition is not just beneficial to physical health, but is also important for good social and emotional health . The eating patterns of individuals and families are constantly being shaped and changed by wider social, cultural, geographical and economic factors .",0,0,1,N/A,N/A,Hallucinated Relevance,"The query consists solely of an arbitrary numeric ID with no semantic connection to the document about nutrition. Model A correctly identified that there is zero relevance, whereas Model B assigned a false positive score, likely defaulting to partial relevance or hallucinating an association despite the complete lack of overlap."
962179,6901240,962179,Smith and Yandle offer a compelling illustration with their story of the Baptist (Methodist) and bootlegger (bar owner) coalition that opposed the Salvation Army in London in the late nineteenth century.,0,0,1,N/A,N/A,Hallucinated Relevance,"The query '962179' is an arbitrary numeric string with no apparent connection to the historical text about Baptists and bootleggers. Model B erroneously assigned a non-zero relevance score to completely unrelated content, whereas Model A correctly recognized zero relevance."
1106007,2621974,1106007,"there are two types of pleura: visceral pleura covers the lungs, parietal pleura lines the inner surfaces of the walls of pleural cavity; parietal pleura is sensitive to pain but visceral pleura is not sensitive to pain.pleura, cervical parietal.here are two types of pleura: visceral pleura covers the lungs, parietal pleura lines the inner surfaces of the walls of pleural cavity; parietal pleura is sensitive to pain but visceral pleura is not sensitive to pain. pleura, cervical parietal.",0,0,1,N/A,N/A,Hallucinated Relevance,The query consists solely of an arbitrary numerical ID ('1106007') with zero topical relation to the medical text about the pleura. Model B awarded a point despite the document being completely irrelevant.
87181,5080259,87181,"The more the valve leaks, the harder the heart and the left ventricle have to work to pump blood out to the body. The combination of significant leakage and narrowing can cause a great deal of stress on the heart. The natural history of aortic stenosis is that it tends to become more severe over time.",0,0,1,N/A,N/A,Hallucinated Semantic Connection,"The query '87181' is an arbitrary numerical code with no evident connection to the medical passage discussing aortic stenosis. Model B hallucinated a weak relevance or failed to apply a strict zero threshold for completely unrelated content, whereas Model A correctly identified zero relevance."
1117099,1758014,1117099,The Pacific Ocean is surrounded by a hotbed of volcanic activity referred to as the Ring of Fire; an arc of volcanoes formed around its borders. Almost the entire boundary of the Pacific Ocean is a subduction zone; a boundary between two tectonic plates. The volcanoes on the west coast of North America are a result of the Pacific Plate (under the Pacific Ocean) colliding with the North American Plate.,0,0,1,N/A,N/A,Hallucinated Relevance,"The query consists solely of an arbitrary numeric identifier ('1117099') with no semantic connection or textual overlap with the document about the Pacific Ocean's Ring of Fire. Model B inappropriately assigned relevance to an entirely ungrounded query, failing to recognize the complete absence of a match."
405717,5079486,405717,"Transport to and from Orly. The distance from Orly to central Paris (75001) is roughly 19 km or 12 miles (consult travel times for each arrondissement, or neighborhood). From Orly to Roissy-CDG is approximately 41 km (26 miles), and Orly to Disneyland is about 49 km (30 miles). There are a number of options for transferring from the airport to the City of Paris (postal codes 75001-75020), or to Roissy-CDG for connections with international flights.",0,0,1,N/A,N/A,Spurious Concept Association,The query is an arbitrary numeric code ('405717') that does not appear in the document. Model B likely associated the 5-to-6-digit number with the postal codes mentioned in the text (75001-75020) and hallucinated a topical relevance despite no actual match or relation.
1133167,8003295,1133167,"Temperature. During the early morning hours of an average December day in the Caribbean, you can expect the temperature will be in the vicinity of 73.9 degrees. The temperature will rise over the course of the typical December day, reaching somewhere around 81.9 degrees by early afternoon.emperature. During the early morning hours of an average December day in the Caribbean, you can expect the temperature will be in the vicinity of 73.9 degrees. The temperature will rise over the course of the typical December day, reaching somewhere around 81.9 degrees by early afternoon.",1,1,0,"**Analyzing the Context's Relevance**

Okay, so the user's question is ""Are any active severe weather advisories issued?"" My task is to determine if the given information – average December temperatures in the Caribbean – can provide an answer. Let's think this through systematically. The context focuses solely on temperature data. It makes no mention whatsoever of weather advisories, severe or otherwise. No hurricanes, no storms, no warnings, nothing. Therefore, I can't derive any useful information to answer that query. It’s a completely orthogonal topic. The context is entirely irrelevant, therefore it's a hard zero, and any attempted answer based on this would be pure guesswork.


","Here's my analysis of the situation:

**Zeroing in on the Weather Question**

Alright, so the task is straightforward: pinpoint if there's information about active severe weather advisories. But the text provided? It's all about December temperatures in the Caribbean. Completely unrelated. There's simply nothing in this context that touches upon weather warnings or advisories. Therefore, I can't derive an answer; the information needed is absent. It's a clear 0 score, from my perspective.


",Hallucinated Query,"Both models hallucinated a query regarding active severe weather advisories for the numeric input '1133167', but Model B strictly penalized the document based on this hallucinated topic to assign a score of 0, whereas Model A somehow preserved the correct relevance label of 1 despite contradictory reasoning."
1113437,6792385,1113437,"It is used considerably for Christmas trees and blue northeastern US – these probably the source of escapes reported for several states far from its native range (Maine, Massachusetts, New York, Pennsylvania, Maryland). Blue spruce is the state tree of Colorado and of Utah. Status Please consult the PLANTS Web site and your State Department of Natural Resources for this plant’s current status, such as, state noxious status and wetland indicator values. Description General: Pine Family (Pinaceae).",0,0,1,"**Analyzing the Relevance of Context**

Okay, so the user's question is ""Are persistent sterigmata explicitly described on the twigs?"" My first thought is to assess whether the provided context can even begin to address this. I'm seeing information about blue spruce trees – basically, Christmas trees and the state trees for a couple of states. Fine. It's the Pine Family, but that's it. There is absolutely *nothing* in here about ""persistent sterigmata"" or, for that matter, ""twigs.""

Therefore, there is no way this context could provide an answer, not even a partial one. The rating is a resounding zero. The question isn't just unanswered; the context completely lacks the required information to even approach a response.

I'm double-checking the prompt to make sure I'm evaluating the context and not an provided answer, as there isn't one. The prompt does seem to be asking me to grade whether the question can be answered *based* on the context, and I'm confident in saying that in this case, it cannot. The context is completely irrelevant. So it's a zero.


","Here's my assessment of the question, thinking through it as if I were evaluating this information myself:

**Regarding the Query on Sterigmata and Twig Description**

Okay, so the question wants to know if the presence of persistent sterigmata on twigs is *explicitly* described. The context provided is about blue spruce – its uses, status, a general classification as ""Pine Family (Pinaceae)."" Right away, my expert brain is screaming, ""No way!"" There's absolutely nothing in that provided information that delves into any specific morphological details of the twigs, much less the microscopic features like sterigmata. It's a broad overview. My conclusion is definitive: the context completely fails to address the question's core criteria. Therefore, based on the information provided, the answer is a resounding zero. I can't even offer a speculative response; it's simply absent.


",Score-Reasoning Discrepancy,"Model B's reasoning correctly concluded that the document was completely irrelevant and explicitly stated that the rating should be 'a resounding zero', but it erroneously emitted a final score of 1 instead of 0."
1133167,6467519,1133167,"Be prepared with the most accurate 10-day forecast for Montego Bay, Jamaica with highs, lows, chance of precipitation from The Weather Channel and Weather.com Be prepared with the most accurate 10-day forecast for Montego Bay, Jamaica with highs, lows, chance of precipitation from The Weather Channel and Weather.com Scan for updated forecast Connection restored!",1,1,0,N/A,N/A,Unrecognized Numeric Identifier,"Model B failed to recognize that the numeric query '1133167' represents a specific location identifier or weather code corresponding to Montego Bay, incorrectly treating the query as irrelevant noise."
182539,7371259,182539,"In calculus, a function defined on a subset of the real numbers with real values is called monotonic if and only if it is either entirely increasing or decreasing. It is called monotonically increasing (also increasing or nondecreasing), if for all and such that one has, so preserves the order (see Figure 1).",1,1,0,N/A,N/A,Failure to Resolve Query ID,"The query '182539' appears to be an unexpanded benchmark query identifier (e.g., from MS MARCO) rather than natural language. Model B failed by strictly relying on literal keyword matching between the number and the calculus text, rejecting relevance that Model A correctly preserved."
183378,8177162,183378,"The enzyme that uses one strand of DNA as a template to assemble nucleotides into a strand of RNA is called... Polymerase. 703570414. After introns have been cut out of RNA molecules, the remaining pieces called __________ are spliced together.",0,0,1,N/A,N/A,Hallucinated Relevance,"The query is an ungrounded numeric string ('183378') that bears no relation to the biology text in the document. Model B hallucinated a connection or improperly assigned partial relevance to random noise, whereas Model A correctly recognized complete irrelevance."
962179,2329696,962179,"William Booth (1829 – 1912) founded the Salvation Army – a quasi military religious organisation dedicated to offering humanitarian aid and tackling the material and spiritual poverty of the Victorian age.William Booth converted to Methodism as a young adult and was a fervent believer in evangelical Christianity.hort Bio William Booth. William Booth was born in Sneinton, Nottingham, England in 1829. Although his family were relatively prosperous, his father later lost his money and was declared bankrupt. William grew up in a situation of poverty. Aged only 13, Booth was apprenticed to a pawnbroker to earn a living.",1,1,2,"**Analyzing the Context for Relevance**

Okay, here's what I'm thinking. The core query is whether the given context specifies *when* The Christian Mission officially became The Salvation Army. I need to dissect this.

First, I quickly scan the text. My focus is laser-sharp: does this contain the specific, definitive answer to the naming transition date?

I see that it mentions William Booth's founding of the Salvation Army. That's a point of connection. However, crucially, the text *doesn't* mention ""The Christian Mission"" explicitly or the date of the name change. That's a glaring omission.

Therefore, since the specific timeline of the name adoption isn't present, the question is unanswerable *based on this specific provided context*. I can't generate the information that's just not there.

The prompt requires me to assess the answer's completeness from 0 to 5. Since the critical detail is absent, a grade of 0 is the only logical choice. The information is irrelevant to the question's core.


","**My Evaluation of the Question's Answerability**

Okay, so the question is asking if the text specifies the date The Christian Mission became The Salvation Army. I see that the text mentions William Booth founded the Salvation Army, but there's no mention of ""The Christian Mission"" at all, or when the name change occurred. Hmm, this is a yes/no question, and strictly speaking, I can answer ""No, it doesn't specify."" But I have to remember these evaluations test whether the information to answer the **core topic** is present, or if the context directly answers the specific question. The prompt says, ""Can the question be answered based on the available context?"" and from that point of view, yes, I can answer no.

But, based on my experience with standard RAG benchmarks, this kind of question usually tests whether the context has *sufficient information* about the *topic* itself. In other words, does the text contain the information needed to give a complete answer (or, is it a 5: fully answerable, or 0: cannot be answered / not relevant context)?

Wait a minute, focusing back on the text itself, the context has *nothing* about when the name was adopted. It doesn't even mention the Christian Mission! Therefore, the answer is clearly that the text does NOT give the answer. Okay, a score of 0 it is.


",Score-Reasoning Inconsistency,"Model B correctly deduced that the passage lacked the required information and even explicitly concluded in its reasoning that 'a score of 0 it is,' but ultimately output a score of 2, showing a failure to align its final numerical rating with its logical evaluation."
264014,7775306,264014,To be successful flea control has to be done on 2 fronts. Treating the cat will get rid of the fleas and treating the bedding will get rid of the eggs larvae and some pupae. There is more need for flea control in the warmer months since conditions are better for flea development.,0,0,1,N/A,N/A,Hallucinated Relevance,"Model B assigned relevance to a purely numerical, opaque query that bears no semantic connection or topical overlap with the document discussing flea control on cats, whereas Model A correctly identified the complete lack of relevance."
156493,7112226,156493,"When a rapidly-growing cell divides into two smaller cells, what triggers the split? Is it the size the growing cell eventually reaches? Or is the real trigger the time period over which the cell keeps growing ever larger?",0,0,1,"**Evaluating the Question's Answerability**

Okay, let's break this down. The core of the issue is whether the provided context allows me to definitively say ""yes"" or ""no"" to the question: ""Does it quantify age-dependent growth rate changes?"" I need to evaluate this with my expertise in mind.

Reading the provided context, which seems to revolve around the mechanics of cell division – the trigger for the split, whether it's size or time-dependent – I immediately see a disconnect. The discussion is intriguing, focusing on the fundamental principles of cellular growth and division. However, the context *never* touches on methods for *quantifying* age-dependent changes in growth rate. There's no mention of specific methodologies, experimental designs, data analysis techniques, or even references to any literature that *might* delve into this area. It's more of a general introductory question.

Now, considering the evaluation criteria, a score of ""0"" seems appropriate. The prompt directly asks if the question can be answered *based on the available context*. Since the context doesn't provide *any* information that directly or indirectly addresses quantifying age-dependent growth rate changes, I can confidently conclude that the question is unanswerable with the provided material. The context, therefore, is not relevant to the posed question.


","**Analyzing the Question's Answerability**

Okay, so the user poses a specific question: ""Does it quantify age-dependent growth rate changes?"" My initial assessment, considering the provided context, is a straightforward ""no."" The context describes a fundamental biological question concerning cell division – specifically, the trigger for that division. It asks about size versus time and growth. However, it *doesn't* offer any methodologies, equations, experimental results, or theoretical frameworks that would allow for the quantification of age-dependent growth rate changes. The context simply raises the questions. Therefore, I can't derive an answer; there's nothing concrete there. The answer is zero.


",Score-Reasoning Inconsistency,"Model B's reasoning correctly concluded that the text does not contain relevant information and explicitly stated 'The answer is zero', but it mistakenly outputted a final score of 1 instead of 0."
1121402,2825141,1121402,"• Plants in wetlands and on the banks of rivers are important as they slow down the flow of the water and their roots bind the soil, preventing erosion. Land use. Grass is the best natural soil protector against soil erosion because of its relatively dense cover. Small grains, such as wheat, offer considerable obstruction to surface wash.",0,0,1,N/A,N/A,Hallucinated Relevance,"The query is an uncontextualized numeric string ('1121402') with no semantic connection to the document discussing wetland plants and soil erosion. Model B assigned a score of 1 instead of recognizing complete irrelevance (0), likely due to a tendency to over-predict minimal relevance on non-semantic or opaque queries."
168216,27418,168216,"For water heaters servicing a single housing unit: Electric water heaters should be set at 60°C to limit the risk of Legionella contamination, and equipped with antiscald devices to deliver water at 49°C to the entire household.or water heaters servicing a single housing unit: Electric water heaters should be set at 60°C to limit the risk of Legionella contamination, and equipped with antiscald devices to deliver water at 49°C to the entire household.",0,0,1,N/A,N/A,Hallucinated Relevance,"Model B assigned a non-zero relevance score to a document that has zero lexical, numerical, or semantic overlap with the numeric query '168216', mistakenly assuming relevance where none exists."
1117099,3951182,1117099,"Tectonics and Landforms Plate Boundaries Along the boundary of the Earth's tectonic plates a fiery drama of catastrophic proportions is played out.Movement of the Earth's crust creates earthquake activity and in some places great outpourings of lava extrude onto the surface. spreading or divergent boundary occurs where plates are moving away (diverging) from one another, like that occuring along the midocean ridge where new crust is formed. Convergent boundaries are located where subduction is active and the lithosphere is being consumed.",0,0,1,N/A,N/A,Hallucinated Relevance,Model B assigned relevance to a passage about plate tectonics for an ungrounded numeric query ('1117099') that shares zero topical or semantic overlap with the document.
264014,3338824,264014,"Adult fleas prefer to live on the animal and their diet consists of blood meals courtesy of the host animal. The female flea lays white, roundish eggs. The adult female flea can lay up to 50 eggs per day1, 500-600 eggs2 over several months.",0,0,1,N/A,N/A,Hallucinated Relevance,"The query is an arbitrary numeric string ('264014') with zero semantic or contextual connection to the document discussing flea biology. Model B was overly lenient and hallucinated relevance where no meaningful relationship exists, failing to assign a score of 0 for completely irrelevant content."
183378,483411,183378,The expected mutant titin transcripts were detected by reverse transcribed-PCR in which the exons 357 (coding for A167/A168 located in the periphery of the M-line) and exon 360 (MEx3 coding for M8) were joined in-frame.,0,0,1,N/A,N/A,Spurious Association,"Model B likely inferred an unverified or hallucinated link between the bare numerical ID ('183378', possibly an external identifier like an OMIM or PubMed ID) and the biological text describing titin transcripts, whereas the document contains no mention or verifiable relevance to the query."
168216,290819,168216,"Pneumonia can be caused by many types of germs. 1  The most common type of bacterium is Streptococcus pneumoniae (pneumococcus). 2  Atypical pneumonia, often called walking pneumonia, is caused by other bacteria. 3  The bacterium called Pneumocystis jiroveci can cause pneumonia in people whose immune system is not working well.",0,0,1,"**Assessing the Question's Answerability**

Okay, so I've got this question: ""What specific virulence factors of *L. pneumophila* are implicated in pneumonia pathogenesis?"" and I'm supposed to figure out if I can answer it based on the given information. Let's see... the context provided mentions a variety of pneumonia-causing agents. *Streptococcus pneumoniae* is mentioned as the most common bacterial culprit, and there's a nod to ""atypical pneumonia"" caused by *other* bacteria, and a mention of *Pneumocystis jiroveci*. But... wait a minute... *L. pneumophila*? Nope, not even a peep about *Legionella pneumophila* or its associated virulence factors. So, based purely on this context? I'm afraid the answer is a resounding ""no."" I simply don't have the relevant information here. Therefore, the grade would have to be a 0; the question is completely unanswerable with this limited information.


","**Assessing the Viability of the Question**

Alright, let's break this down. The query is asking a very specific question: what are the *Legionella pneumophila* virulence factors involved in pneumonia's pathogenesis? My immediate thought is, can I even *begin* to address this based on the data given?

Well, the provided context… it mentions *Streptococcus pneumoniae*, atypical pneumonia generally, and *Pneumocystis jiroveci*. Useful data, no doubt, and relevant to the broader topic of pneumonia. But, as an expert in my field, I can see that this context doesn't mention *L. pneumophila* at all. There’s no discussion of any of its virulence factors. Therefore, any attempt to derive an answer based on what's been given is futile. It’s a complete non-starter. So, the assessment is a resounding zero. I can't derive *anything* from this.


",Score-Reasoning Contradiction,"Model B's internal reasoning correctly determined that the document contained no relevant information and explicitly stated the assessment should be a 'resounding zero', but it failed to align its final output score with its conclusion, erroneously outputting a score of 1."
168216,5935472,168216,"1 The bacterium can infest an entire building. 2  The illness takes two distinct forms: Legionnaires' disease and Pontiac fever. 3  Legionnaires' disease is the more severe form and can be fatal. 4  Pontiac fever is the far milder form of the illness. 5  Symptoms of Legionnaires' disease include fever, chills, and a cough.",0,0,1,N/A,N/A,Spurious Relevance Attribution,"The query consists solely of an arbitrary numeric identifier ('168216') with zero semantic connection to the document discussing Legionnaires' disease. Model B was overly lenient or hallucinated a minimal connection, assigning a relevance score of 1 instead of recognizing the complete lack of relevance (score 0)."
1113437,6017945,1113437,"Least Concern (IUCN 3.1) The blue spruce, green spruce, white spruce, Colorado spruce, or Colorado blue spruce, with the scientific name Picea pungens, is a species of spruce tree. It is native to the Rocky Mountains of the United States.",0,0,1,"**Analyzing the Context for a Specific Question**

Okay, so I've got this question: ""Are persistent sterigmata explicitly described on the twigs?"" and I need to figure out if the provided context gives me enough information to answer it. Let's see... the context describes the blue spruce, its different names, and its native range. Hmm, not a single mention of ""sterigmata"" or ""twigs"" anywhere. So, from a purely informational standpoint, the answer is a resounding no. There's just no connection between the provided text and the specifics of the question.

The prompt wants a score, and since the question is unanswerable with this information, I'm assigning a grade of 0. It's a binary choice, and ""not answerable"" equates to a zero. Let me just confirm that. Nope, the text is completely silent on those key terms. Therefore, a grade of 0 is accurate.


","**Analyzing the Relevance of Information**

Okay, so the prompt is asking if the description of a *Picea pungens* explicitly mentions persistent sterigmata on its twigs. My initial thought is to immediately assess the provided context. The context is a basic description of the *Picea pungens*, its common names, and its native range. Now, I quickly scan the provided text. Nope, not a whisper about ""sterigmata"" or ""twigs."" It's a fundamental mismatch. The text is simply too broad. Therefore, based purely on the information given, I can say with absolute certainty that this question cannot be answered. It's a big, fat zero in terms of relevance. The context doesn't even begin to address the specifics required to answer the question, as far as the current information is concerned.


",Score-Reasoning Contradiction,"Model B's chain of thought correctly determined that the document is completely irrelevant ('a big, fat zero in terms of relevance'), but it contradicted its own reasoning by assigning a final score of 1 instead of 0."
1114646,994964,1114646,"Acyclovir is used to treat infections caused by certain types of viruses. It treats cold sores around the mouth (caused by herpes simplex), shingles (caused by herpes zoster), and chickenpox. This medication is also used to treat outbreaks of genital herpes.",0,0,1,N/A,N/A,Hallucinated Relevance,"Model B assigned relevance to a query consisting solely of a numeric identifier ('1114646') without any clear context or connection to the document describing acyclovir, likely hallucinating a link between the ID and the drug."
359349,7062671,359349,"and parallel to them: EF || AD and EF || BC. A trapezoid with equal lateral sides ( AB = CD ) is called an isosceles trapezoid. In an isosceles trapezoid angles by each base, are equal ( A = D, B = C ). A parallelogram can be considered as a particular case of trapezoid. Midline of a triangle is a segment, joining midpoints of lateral sides of a triangle.",1,1,2,"**Evaluating the Relevance of Base Length Information**

Okay, so the question is whether I can determine the lengths of the parallel bases of a trapezoid, either directly or indirectly, based on this provided context. Let's see... the context defines an isosceles trapezoid and gives some angle properties, mentions a parallelogram as a special case of a trapezoid, and talks about a triangle's midline. But, there are absolutely *no* dimensions, lengths, or anything concrete here. It's all about *relationships* and definitions. There's no problem setup, no specific geometry problem to even *try* and extract information from. Therefore, the question is impossible to address given the lack of any usable numerical data. So, the question, as far as this context goes, is totally irrelevant, a grade 0 response in terms of usefulness.


","**Analyzing the Geometric Inquiry**

Okay, so I'm presented with a geometric question that boils down to whether or not the lengths of both parallel bases are given or can be calculated within a specific problem. But, wait a second... this is just an excerpt, a snippet of definitions and general concepts related to trapezoids, isosceles trapezoids, parallelograms, and triangle midlines. There's *no* actual problem here, no figure, no numerical values whatsoever!

The question, in this context, is entirely abstract. It's almost... philosophical, isn't it? One could *technically* answer ""no, they are not provided,"" which is true. But the question seems to imply that there *should* be dimensions given to evaluate. Essentially, without a specific problem to work with, the question itself is irrelevant. It's like asking if the ingredients for a cake are listed when the text is simply a cookbook table of contents. Therefore, based on the lack of a specific problem/figure with provided dimensions, the answer is irrelevant to anything concrete, so I'm assigning it a score of 0.


",Score-Reasoning Contradiction,"Model B concluded its reasoning by explicitly stating that the document was completely irrelevant and that it was assigning a score of 0, but then outputted a score of 2, directly contradicting its own evaluation."
168216,6786381,168216,"Watts Thermostatic Mixing Valves maintain and limit the mixed hot water to a desirable, selectable temperature allowing for the storage of domestic hot water at the higher temperatures necessary to reduce the risk of Legionella growth in the system.",0,0,1,N/A,N/A,Hallucinated Connection,"The query is an isolated numeric identifier ('168216') that does not appear anywhere in the document. Model B hallucinated or assumed a connection between the product description and the numeric code without any supporting evidence, whereas Model A correctly assigned a score of 0 for zero relevance."
489204,8737053,489204,"Chronic pelvic pain can be intermittent or constant. Intermittent chronic pelvic pain usually has a specific cause, while constant pelvic pain may be the result of more than one problem. A common example of chronic pelvic pain is dysmenorrhea or menstrual cramps. Other causes of chronic pelvic pain include endometriosis, adenomyosis, and ovulation pain. Sometimes an illness starts with intermittent pelvic pain that becomes constant over time, this is often a signal that the problem has become worse.",0,0,1,N/A,N/A,Hallucinated Relevance,"The query consists solely of an arbitrary number ('489204') with no lexical, semantic, or topical overlap with the document about chronic pelvic pain. Model B erroneously assigned a non-zero relevance score to a completely unrelated document, whereas Model A correctly identified that the text is entirely non-relevant."
833860,2022688,833860,"Eventually, Kohler, Peter, and food magnate Henri Nestlé joined forces to create the Swiss Chocolate Society, which eventually became the Nestlé company. Today, Swiss consumers eat more than 23 pounds of the country’s most famous product per year. There’s another factor to Switzerland’s high chocolate consumption: wealth. (Which may also explain the correlation with Nobel prizes.) Few cocoa-producing countries are big chocolate consumers, because chocolate is a luxury.",1,1,0,"**Evaluating the Context for Relevance**

Okay, let's see. My primary goal here is to determine if this text snippet actually *answers* the question: ""How is 'popular' defined for this assessment (e.g., consumption frequency, cultural recognition, sales volume)?"" I'm looking for a clear definition of ""popular"" within the given context, something that would allow me to judge how this ""popular"" concept is being used in an assessment, if this question was the core of that assessment.

Now, let's dive into what's provided. I'm reading about the origins of Nestlé, Swiss chocolate consumption, and the relationship between wealth and chocolate consumption. Interesting, certainly, but is this context *defining* popularity in a way that relates to an assessment? No, it's not. There's no mention of an ""assessment,"" nor any attempt to delineate what constitutes ""popular"" in the context of one.

My conclusion is pretty straightforward. The provided text doesn't even begin to address the core of the query. I can't derive an answer; there's no relevant information. Therefore, a grade of 0 is the only reasonable option. The context is completely irrelevant.


","**My Assessment of the ""Popular"" Definition**

Okay, so the prompt is straightforward: it's asking for the definition of ""popular"" *specifically for the purposes of an assessment.* I need to figure out how popularity is being gauged here – is it by how often people consume it, how culturally significant it is, or maybe just pure sales figures? That's the core of the question.

The problem, as I see it, is the context. We're talking about Swiss chocolate, its history, and its remarkable consumption levels. I'm noting the fact that Switzerland has high per capita chocolate consumption, and the association of some Swiss chocolate as being a luxury item. But *nowhere* in this information is the term ""popular"" explicitly defined, nor is there any mention of an “assessment” that needs a definition of “popular”. It's all about chocolate, history, and consumption.

Therefore, given the presented text, it's impossible to give the question any kind of satisfying answer. There's simply no definition of ""popular"" provided, nor is the concept of a definitional assessment raised. A zero score is absolutely justified here.


",Hallucinated Query,"Both models hallucinated an unprovided query ('How is ""popular"" defined for this assessment...'), but Model B strictly followed this hallucinated question to penalize the document with a score of 0, failing to match the target relevance score of 1."
156493,935827,156493,The sand fleas do not get very big - most are. around a half inch to an inch long. The. females grow up to 2 inches long while the. males only grow up to about 3/4 inches long. Mole Crabs have five sets of legs on their. underbelly.,0,0,1,"**Assessing the Applicability of the Sand Flea Context**

Okay, so the question is whether this information about sand flea sizes—ranging from half an inch to two inches for females and up to three-quarters of an inch for males—can shed light on age-dependent growth rate changes. Immediately, the answer seems clear: No. The context solely focuses on *size* and *size differences* between sexes. It makes no mention of *age* or how growth rates might fluctuate as the sand fleas mature. I'm essentially looking for data or mention of growth curves, changes in growth per unit of time as the sand fleas age, and there's nothing here that speaks to that.

Therefore, the only reasonable grade here is a ""0."" The context is simply irrelevant to the question. It doesn't provide any usable data to answer it. Let me just confirm that against the grading key. Yup, ""0: The answer is not relevant or complete at all (i.e., the question cannot be answered based on the context)."" That's the correct assessment. Case closed.


","Okay, here's my assessment, considering the question and the provided context:

**Analysis of Age-Dependent Growth Rate Inquiry**

The question posed is whether the provided text quantifies age-dependent growth rate changes. Immediately, my experience tells me I need to look for explicit mentions of growth *rates* and how they vary with *age* or time. The text discusses size – specifically, it gives ranges and maximum sizes for some organisms – but this in itself isn’t enough.

The context provides measurements like ""around a half inch to an inch long,"" and size differences between males and females (""females grow up to 2 inches long while the males only grow up to about 3/4 inches long""). While these are important metrics in the general context, there's no temporal dimension here. There's no information about *how* those sizes are achieved over time. It doesn't tell us how quickly they reach those sizes, or how the rate changes as the organisms mature.

Therefore, despite the presence of size data, the context fundamentally *fails* to address the central question regarding age-dependent changes in growth *rate*. It's a completely insufficient basis for a positive answer, or even a nuanced one. Hence, my evaluation would be a zero. The text doesn’t offer any usable information for this specific analysis.


",Score-Reasoning Inconsistency,"Model B's reasoning was completely sound and concluded that the score should be zero, but it inexplicably outputted a final score of 1, contradicting its own internal logic."
168216,2199602,168216,"Hot and cold water systems. There are various systems available to supply hot and cold water services that range in size, scale and complexity. All can present foreseeable risk of exposure to legionella.Temperature control is the traditional strategy for reducing the risk of legionella in hot and cold water systems.ot and cold water systems. There are various systems available to supply hot and cold water services that range in size, scale and complexity. All can present foreseeable risk of exposure to legionella.",0,0,1,N/A,N/A,Hallucinated Relevance,"The query is an arbitrary number ('168216') with zero lexical, semantic, or topical overlap with the document about hot and cold water systems and legionella. Model B erroneously assigned relevance to a completely unrelated document."
146187,7956019,146187,The California Classic Double Cheeseburger; Kid's Cheeseburger; Kid's Hamburger ; Big Hamburger; Double Cheeseburger,0,0,1,N/A,N/A,Hallucinated Relevance,"Model B assigned a relevant score to a list of food items for an opaque, arbitrary numeric query ('146187') with which the document has zero semantic overlap or verifiable connection, whereas Model A correctly recognized the total lack of relevance."
146187,1028972,146187,"Dig into one of our delicious burgers. From the Big Mac® to the McDouble, we've got something you’ll want!",0,0,1,N/A,N/A,Hallucinated Relevance,"The query is an opaque numeric string ('146187') with zero semantic overlap or verifiable relation to the document about McDonald's burgers. Model A correctly recognized the complete lack of relevance and scored it 0, whereas Model B exhibited over-generosity or inferred an unsubstantiated connection to score it 1."
168216,8252760,168216,"The initial Legionella urinary antigen ratios from the. 22 patients ranged from 3.1 to 53.7. Samples were. grouped by ratio as low positive (ratio = 3 to 5, N =. 8), midrange (ratios > 5 to 20, N = 9), and high (ratio. > 20, N = 5). After 1, 7, and 30 days, the mean ratios. did not decrease significantly (Table 1).",0,0,1,"Here's my assessment of the situation:

**Relevance Assessment: Virulence Factors and *L. pneumophila* Pathogenesis**

Okay, so the user's question is pretty specific – they want to know about the *specific* virulence factors of *L. pneumophila* that contribute to pneumonia. My task is to determine if the provided context addresses this. I'm given ""Legionella urinary antigen ratios from 22 patients..."". Immediately, I can see a problem. This context focuses on *antigen ratios* in urine samples, which is diagnostic, but doesn't, on its own, tell me anything at all about the *mechanism* of pathogenesis. It's essentially a detection method, not a mechanistic study. Therefore, given the information, I can't derive any useful information to answer the question about the virulence factors. It's a completely irrelevant piece of information for this query. The score is definitely a resounding 0.


","Okay, here's my assessment of the situation:

**Irrelevant Context, Unanswered Question**

The prompt is asking for a discussion of *Legionella pneumophila* virulence factors and their role in pneumonia. My immediate reaction is that the provided context is completely off-base. The material supplied focuses solely on Legionella urinary antigen ratios in a group of 22 patients over a period of time. There's not a single mention, not a hint, of anything related to the specific virulence factors driving the pathogenesis of *L. pneumophila* pneumonia. It’s like asking about the engine of a car and then being given information about the car's tire pressure. Utterly disconnected! Consequently, I have to conclude that this context offers absolutely no useful information in addressing the prompt. The response is graded accordingly.


",Score-Reasoning Contradiction,"Model B correctly deduced that the document was completely irrelevant and off-base, but contradicted its own reasoning by outputting a relevance score of 1 instead of 0."
1133167,3023121,1133167,"Jamaica's rainy season coincides with ours here in Florida (I am in the Tampa area) for the most part. We have anywhere from 30-50% chance of rain daily until hurricane season is over. I didn't mean you have rain every day, all day from May to December in Jamaica, but I assume it is a lot like here in Florida.",1,1,0,N/A,N/A,Failure to Handle Malformed Query,"The query is an unmapped numeric ID rather than natural language text. Model B strictly evaluated semantic and lexical overlap between the literal number '1133167' and the text, concluding no relevance, whereas Model A was more tolerant or recognized the benchmark context where the human label assigned relevance."
168216,3540200,168216,"For the treatment of atypical pneumonias, macrolides are likely to be equivalent to fluoroquinolones and are currently more cost-effective. Quinolones provide exceptional coverage against atypical pathogens when infection with these organisms is suspected in patients with community-acquired pneumonia.",0,0,1,"**Assessing the Relevance of the Information**

Okay, so I've got this question: ""What specific virulence factors of *L. pneumophila* are implicated in pneumonia pathogenesis?"" and I need to figure out if the provided context actually helps me answer it. Let's see...

Right off the bat, I see the context focuses on treatment strategies for atypical pneumonias, specifically discussing the efficacy and cost-effectiveness of macrolides and fluoroquinolones. It even mentions ""atypical pathogens"" in a general sense. But, and this is the crucial part, *L. pneumophila* itself isn't mentioned, and neither are any of its specific virulence factors.

Therefore, since the context completely omits any direct or indirect reference to the bacteria in question or its specific mechanisms, the answer is a resounding ""no."" I can't derive *anything* related to the initial query from this information. This is a clear case of the context being entirely irrelevant. A grade of zero is absolutely justified here.


","**Assessing the Question's Answerability**

Okay, so I've got this question about *L. pneumophila* virulence factors and their role in pneumonia. I need to figure out if I can answer it based on the context provided. Let's see... the context here is all about treating atypical pneumonias with macrolides and fluoroquinolones. Hm, that's treatment, not pathogenesis. It's not delving into the mechanisms by which *L. pneumophila* actually *causes* pneumonia. I'm looking for specifics on virulence factors, and I'm not seeing any mention of those at all. Based on the material, I cannot answer the question. This one's a definite zero. No relevant information here.


",Score-Reasoning Inconsistency,"Model B's internal chain-of-thought correctly concluded that the text contained no relevant information and explicitly stated 'This one's a definite zero', but it mistakenly emitted a final score of 1 instead of 0."
183378,2533259,183378,"Intron-RNA sequences between exons that are removed by splicing. Introns have been found in eukaryotic mRNA, tRNA and rRNA, as well as chloroplast, mitochondrial and a phage of E. coli. Eubacteria are the only species in which introns have not been found.",0,0,1,N/A,N/A,Hallucinated Connection,Model B assigned a non-zero relevance score to a document about RNA introns despite the query being an ambiguous numeric identifier ('183378') that shares no semantic connection or topical overlap with the text.
131843,5286902,131843,"Tornado watch. An example of a tornado watch for parts of Kansas and Nebraska, issued by the Storm Prediction Center on May 5, 2007. A tornado watch (SAME code: TOA) is issued when weather conditions are favorable for the development of severe thunderstorms called a Supercell that are capable of producing tornadoes. A tornado watch therefore implies that it is also a severe thunderstorm watch.",1,1,0,"**Evaluating the Question's Answerability**

Okay, let me break this down. My goal here is to determine if I can definitively answer the question, ""Does it specify the issuing authority and geographical scope?"" based solely on the provided context. I've got the text: a description of a tornado watch, including an example.

Let's see. The text mentions the ""Storm Prediction Center"" issued the watch, right? And, the example clearly states the watch applies to ""parts of Kansas and Nebraska."" Bingo! The context *explicitly* names the ""Storm Prediction Center"" as the issuing authority, and it nails down the geographical scope to ""parts of Kansas and Nebraska."" No ambiguity, no guesswork needed.

Therefore, yes, without a doubt, I can completely and accurately answer the question. The information I need is right there in the context. The answer is highly relevant, complete, and perfectly accurate, earning it a solid ""5"" in my book. Case closed.


","**Analyzing the Tornado Watch Example**

Okay, let's break this down. The context provides a very clear example: a tornado watch issued by the Storm Prediction Center on May 5, 2007, covering parts of Kansas and Nebraska. The question is straightforward, essentially asking if the example details both the issuing authority and the area covered.

My initial thought is, ""This is a simple one, right?"" The provided text directly states the issuing authority as the ""Storm Prediction Center"". It also explicitly names the geographical scope as ""parts of Kansas and Nebraska."" There's no ambiguity here. It's right there in black and white. Therefore, based purely on the given information, the answer is a resounding ""Yes"". It's all explicitly stated. It couldn't be clearer. No complex interpretation needed. A solid 5.


",Score-Reasoning Contradiction,"Model B came to the exact same positive conclusion as Model A in its reasoning (calling it a 'resounding Yes' and a 'solid 5'), but contradicted its own evaluation by outputting a final score of 0 instead of 1."
489204,417344,489204,"The kidneys sits towards the back of the upper part of the abdomen. Kidney pain is usually experience in the flanks or back but may also present with abdominal pain. Kidney stones, kidney infections and kidney cysts are some of the conditions that can cause pain.",0,0,1,N/A,N/A,Hallucinated Relevance,"The query consists solely of an arbitrary number ('489204') with no semantic connection to the medical passage about kidneys. Model B incorrectly assigned a non-zero relevance score, likely due to an overly lenient scoring threshold or assuming unwarranted relevance for uninterpretable queries, whereas Model A correctly recognized the complete lack of relevance."
1133167,2439240,1133167,"Access hourly, 10 day and 15 day forecasts along with up to the minute reports and videos for Kingston, Jamaica from AccuWeather.com Get the Kingston weather forecast. Access hourly, 10 day and 15 day forecasts along with up to the minute reports and videos for Kingston, Jamaica from AccuWeather.com Get the Kingston weather forecast.",1,1,0,N/A,N/A,Unrecognized Entity Identifier,"The query '1133167' is a specific AccuWeather location key for Kingston, Jamaica. Model B failed to recognize the numeric string as a domain-specific entity identifier and judged it as completely irrelevant noise, whereas Model A correctly recognized the connection."
146187,1138801,146187,"There are 1160 calories in a 1 burger serving of Sonic SuperSONIC Double Cheeseburger. Calorie breakdown: 63% fat, 15% carbs, 22% protein.",0,0,1,"**Grading the Answerability of a Question**

Okay, so I need to assess whether the provided context allows us to answer the question, ""Does it specify the number of cheese slices per item?"" My initial thought is to just look at the context, see if cheese slices are mentioned, and be done with it. Nope, there's nothing about cheese slices. But, wait, this isn't about answering *how many* cheese slices, it's about whether the *context* specifies the *number* of cheese slices. I need to keep that distinction clear in my head.

So, can I answer the question ""Does it specify...?"" Based on the provided calorie breakdown of a burger? Yes, I can answer it definitively with a ""No."" This feels like a binary choice.

Now, my mind shifts to how these types of prompts are typically graded. A '5' usually implies the answer is completely and accurately derived from the context. In this case, saying ""No, it doesn't specify"" is a perfect, accurate response based on the context. If I reframe the question as ""Does it specify..."", the answer ""No"" is accurate, so that should be a '5'.

But, this also brings up the issue of what the question *really* is. Is the intent, even if the question isn't perfectly phrased, to determine how much information the context *contains* about cheese slices? If that's the angle, then the context contains *zero* information about cheese slices and it is a 0 or 1.

Ultimately, based on the phrasing of the question itself, I *can* answer the question accurately: ""No, the context does not specify the number of cheese slices per item."" So, I'm going with a perfect grade. Yes, I can answer the question!


","**Analyzing Context and Question Relevance**

Okay, so the prompt is asking if I can answer the question ""Does it specify the number of cheese slices per item?"" using the provided context. The context is about the calorie and macro breakdown of a Sonic SuperSONIC Double Cheeseburger. Right away, I see there's no mention of cheese slices.

My first instinct is to say, ""No, the context *doesn't* specify the number of cheese slices."" Seems pretty straightforward, right? I can *see* that information isn't there, so that answer is accurate and relevant to the text.

But then, I start thinking about how these kinds of prompts are usually evaluated. Often, these types of prompts are looking for whether the *context* contains the answer, or if the context is sufficient to answer the question, as the questions usually evaluate context sufficiency. The text doesn't contain that information.

So, the question is, in this context of standard QA evaluation, what's the correct grade if the context lacks the information asked about? I'm debating if it's a 0 because the context is *not* relevant to cheese slices or if it's something different. The prompt's scale says ""0: The answer is not relevant or complete at all.""

Now I have to think, does ""The answer is..."" refer to the answer I'd *derive*, or the relevance of the context itself? In the case of ""Does it specify...?"", the answer is literally ""No"". And that ""No"" *is* accurate, complete, and relevant *based on the text*.

But then I stop. This type of prompt is often worded badly, generated from a question. I have to think, is it asking if the *context* has the information, or if I can answer the question, and what should be the grade?

If the question is ""Does it specify..."", the obvious answer, based on the context, is ""No"".


",Overthinking Evaluation Criteria,"Model B correctly identified that the context lacked any relevant information, but it overcomplicated the scoring scale by debating definitions of relevance and answerability, leading it to hedge and output an unwarranted score of 1 instead of 0."
183378,1730040,183378,"Exome sequencing is only able to identify those variants found in the coding region of genes which affect protein function. It is not able to identify the structural and non-coding variants associated with the disease, which can be found using other methods such as whole genome sequencing.",0,0,1,N/A,N/A,Hallucinated Relevance,"The query consists solely of an isolated numeric identifier ('183378') that does not appear in or relate clearly to the provided biomedical text on exome sequencing. Model B incorrectly assumed relevance or hallucinated a connection between the opaque identifier and the passage, whereas Model A correctly judged it completely irrelevant (0)."
962179,536178,962179,"THE SALVATION ARMY. The Salvation Army is an integral part of the Christian Church, although distinctive in government and practice. The Army's doctrine follows the mainstream of Christian belief and its articles of faith emphasise God's saving purposes.",0,0,1,"**Analyzing the Context for a Specific Date**

Okay, so the question is whether I can pinpoint the exact date when ""The Christian Mission"" officially became ""The Salvation Army"" based on this provided snippet. Hmm, let me see... I'm reading through this text, noting that it describes The Salvation Army as a part of the Christian Church and mentions its doctrines and articles of faith. But, and this is crucial, it *doesn't* actually give me any specific timeline or historical markers, let alone the adoption date of the name. It describes what the Salvation Army *is* but not *when* it became that. It's just a general overview. Therefore, based on this incredibly limited context, the answer to the question is a resounding no. This text doesn't provide the information. So, it's not even a partial answer; it's a complete blank.


","**Analyzing the Context and the Question**

Okay, so the question is a straightforward yes/no: ""Does the information specify when The Christian Mission officially adopted the name 'The Salvation Army'?"" The context provided discusses The Salvation Army's relationship to the Christian Church, its doctrine, and articles of faith, but I don't see anything about the *timing* of the name change from 'The Christian Mission' to 'The Salvation Army'.

Initially, I thought, can this even be answered? The question seems answerable with a definitive ""no"". However, I need to check myself, because I have to make sure my interpretation aligns with the benchmark’s intention, is the question about answering ""when"" or is it about answering *the meta-question*: ""does the provided context contain the answer for when?"".

I'm starting to think this is a bit of a trick question, because I need to be exact here. The core of the question is not about figuring out the adoption date. It's whether the context provides this specific date.

So, let me rephrase that: ""Does the context provide an *explicit* date for the name adoption?"" And no, it doesn't. Therefore, the answer is undeniably ""No, the information does not specify when."" I’m comfortable with that, so the answer should be a solid ""5"" as the question can be fully and accurately answered.


",Overthinking / Meta-reasoning Trap,"Model B overanalyzed the evaluation criteria by treating the prompt as a meta-question ('Does the text contain the answer?'), concluding that a definitive 'No' constituted a complete and valid answer, rather than recognizing that the document was completely irrelevant and lacked the requested information."
168216,5024312,168216,Legionnaires' disease is difficult to diagnose because the pneumonia caused by LDB is not easily distinguished from other forms of pneumonia. The Centers for Disease Control and Prevention (CDC) defines a confirmed case of Legionnaires' disease as a clinically compatible case that is confirmed by a laboratory.,0,0,1,N/A,N/A,Hallucinated Relevance,"The query is an arbitrary number code ('168216') with no connection to the text about Legionnaires' disease. Model B improperly assigned positive relevance to a completely unrelated document, likely misinterpreting noise or defaulting to a baseline relevance score."
1124210,6221372,1124210,1 Sclerenchyma tissues are thick-walled support cells found throughout the plant as fiber. 2  Xylem is a structurally complex tissue that conducts water and nutrients from the roots to all parts of the plant. 3  The xylem is comprised of a series of long tubes made up of shorter vessel members.,0,0,1,N/A,N/A,Hallucinated relevance,"The query consists solely of an arbitrary number ('1124210') that has no semantic relationship to the biological text about plant tissues. Model B hallucinated relevance or applied an overly lenient threshold to an entirely irrelevant, non-semantic query, whereas Model A correctly identified zero relevance."
1113437,6597538,1113437,"Spruce trees are native to the western United States and Canada. The Colorado blue spruce, also called the silver spruce, was first discovered on Pikes Peak in 1862. Blue spruce can live 800 years. White spruce has a life expectancy of 200 or more years, with some 300-year-old specimens documented in Manitoba, Canada.",1,1,0,N/A,N/A,Malformed Query Misinterpretation,"The query consists solely of an unmapped dataset identifier ('1113437') rather than natural language text. Model B strictly evaluated lexical and semantic overlap between the numeric ID and the passage about spruce trees, judging it completely irrelevant, whereas Model A correctly preserved the benchmark's ground-truth association or handled the identifier artifact."
1133167,8415744,1133167,"Check the Weather in Jamaica in May before you book your next holiday. This gives the best indication of the weather in May and includes figures for temperature, sunshine and rainfall.",1,1,0,"**Analyzing the Context for Severe Weather Information**

Okay, so the user's question is straightforward: can we determine if there are any active severe weather advisories based on this text? My assessment is clear: the answer is a resounding *no*. The provided context is entirely focused on general weather conditions in Jamaica during May – specifically, temperature, sunshine, and rainfall. It's offering a broad overview for holiday planning. It's completely absent of any mention of, or reference to, severe weather advisories. Therefore, I can't derive *any* relevant information to answer the question. This calls for a grade of 0; the context is simply insufficient.


","Here's my assessment of the situation:

**Analysis of the Query Regarding Active Severe Weather Advisories**

Alright, let's break this down. The user's query is explicitly asking about *active severe weather advisories*. The surrounding context? It's just a general description of Jamaica's climate in May – temperature, sunshine, rainfall. It's the kind of information one might look at *before* booking a holiday. Crucially, the context *doesn't* contain any data related to the presence or absence of severe weather warnings. It's a disconnect. We're talking about broad climatic conditions versus *current* specific advisories. Therefore, I can't derive an answer from this information. It's a complete mismatch. The answer to the query is simply unavailable. So, in my considered evaluation, the grade has to be a resounding 0.


",Hallucinated Query,"Model B evaluated the document against a completely hallucinated query about 'active severe weather advisories' rather than handling the actual query, leading it to strictly reject the passage and award a score of 0 instead of matching the ground truth."
1117099,334615,1117099,"All three margins are seismically active, with volcanic activity at constructive and destructive margins. Some plate margins exhibit features of more than one of the three main types and are known as combined plate margins. See PLATE TECTONICS; and SEA-FLOOR SPREADING.",1,1,0,N/A,N/A,Strict Semantic Matching,"The query consists of an uninformative numeric identifier ('1117099') rather than natural language. Model B likely rejected the document due to a complete absence of lexical or semantic overlap with the number, whereas Model A was able to retain relevance, likely handling the identifier or benchmark context appropriately."
1106007,4382104,1106007,"Somatic pain and visceral pain are actually two very different types of pain. Somatic pain comes from the skin and deep tissues, while visceral pain comes from the internal organs. Both somatic pain and visceral pain are detected the same way. Nociceptors, or pain-detecting nerves, send an impulse from the painful site up through the spinal cord and to the brain for interpretation and reaction.",0,0,1,N/A,N/A,Hallucinated Relevance,"The query is an ungrounded numeric string ('1106007') with no topical or semantic connection to the passage discussing somatic and visceral pain. Model A correctly assigned a score of 0 for irrelevance, whereas Model B hallucinated a link or failed to penalize the complete lack of topical overlap, resulting in a false-positive score."
1114646,5153519,1114646,"COMMON BRAND NAME(S): Zovirax. USES: Acyclovir is used to treat infections caused by certain types of viruses. It treats cold sores around the mouth (caused by herpes simplex), shingles (caused by herpes zoster), and chickenpox. This medication is also used to treat outbreaks of genital herpes.",0,0,1,N/A,N/A,Hallucinated Relevance,The query consists solely of an uncontextualized numeric string ('1114646') with no textual presence or verified connection to the medical passage about Acyclovir/Zovirax. Model B likely inferred a spurious association or defaulted to non-zero relevance despite the complete absence of grounding.
962179,2329700,962179,"Founder of the Salvation Army. William Booth was born in Nottingham, England. He was converted to Christ through the efforts of a Methodist minister, and soon became interested in working with the outcasts and the poor people of Nottingham.illiam Booth was born of Church of England parents and was baptized when he was two days old. His mother was a devout Christian. His father, Samuel, even though he brought in considerable income, had the misfortune to lose money.",0,0,1,"**Analyzing the Context for Relevance**

Okay, so the user wants to know a very specific thing: does this information tell us *when* The Christian Mission became The Salvation Army? Let me re-read the context provided. Hmm, I don't see anything here about ""The Christian Mission"" at all. Nor is there a date or discussion about the naming process of the ""Salvation Army.""

Given the absence of that crucial detail, I can confidently say that the answer to the user's question is *not* found in this context. It's a clear no-go. The context is completely silent on this point. Time to score this as a zero; the information is entirely irrelevant to answering the question. Back to the prompt to make sure I'm following instructions correctly: ""Can the question be answered based on the available context?"" Yup, a zero is the right call here.


","**Analyzing the Question and Context**

Okay, so the question is: ""Does the information specify when The Christian Mission officially adopted the name 'The Salvation Army'?"" My initial thought is to scan the context for those specific terms. Right off the bat, I see the context *doesn't* mention ""The Christian Mission"" or the name change date.

My first instinct is to say the question can be answered with a direct ""No, it doesn't specify."" But I have to make sure I understand the prompt correctly. Is it asking if the context *contains* the answer to the name change event? No, it doesn't. But, the question *itself* is about the information provided.

I'm starting to think about this in terms of how this is usually graded. Typically, these prompts are about evaluating if the context supports answering the target query. And I have to keep the rubric in mind. Is the provided answer ""highly relevant, complete, and accurate""? Given the format of the question ""Does the information specify..."", a simple ""No"" would be a *perfectly* complete and accurate answer, directly addressing *what the text itself does* and does not say.

I'm running through potential edge cases, like, ""Does the context, *at all*, address the Christian Mission name change, even obliquely?"" No, it doesn't, so that's irrelevant. Since the question is directly asking about what the information provided specifies, the question can be directly answered, even if the information isn't present in the context.

So, I'm confident in saying the information doesn't specify the time of the name change. Answering ""No"" is a complete and accurate response to the question itself. Therefore, I'm going with a score of 5. It directly answers the question about the context.


",Misinterpreted Task Objective,"Model B fell into a meta-reasoning trap by arguing that because the query asks 'Does the information specify...', answering 'No' counts as a complete and accurate answer to the question, rather than recognizing that the document fails to provide the underlying factual information sought."
833860,7103434,833860,"All cuisines have their most popular dishes. English food is famous for fish and chips, Italian food is known for its amazing pasta dishes, and the Middle East is famous for hummus. But, of course, there's a lot more to all the world's cuisines. So below you will find the most popular and widely recognized Middle eastern dishes and their recipes. For an added bonus, check out the Middle Eastern Food Gallery, where you'll find enticing photos of new and favorite dishes!",0,0,1,N/A,N/A,Spurious Relevance,The query is an arbitrary numeric code with no connection to Middle Eastern cuisine. Model B regressed by assigning a non-zero relevance score instead of recognizing the total lack of overlap or relevance between the query and the document.
130510,1494937,130510,"The Court also observed that “declaratory judgment jurisdiction will not arise merely on the. basis that a party learns of the existence of a patent owned by another or even perceives such a. patent to pose a risk of infringement, without some affirmative act by the patentee.” Id. at. 1381.",0,0,1,N/A,N/A,Hallucinated Relevance,"The query consists solely of an unexplained numeric string ('130510') with no presence or relation to the legal patent text in the document. Model B erroneously inferred a connection or matched spurious numerical context (such as the citation '1381'), whereas Model A correctly recognized that the document has zero relevance to the query."
131843,2227327,131843,Forecast Discussion. SPC AC 150726 Day 3 Convective Outlook NWS Storm Prediction Center Norman OK 0226 AM CDT Sat Apr 15 2017 Valid 171200Z - 181200Z ...THERE IS A MARGINAL RISK OF SEVERE THUNDERSTORMS FOR PORTIONS OF WESTERN NEBRASKA AND SOUTHWEST SOUTH DAKOTA... ...SUMMARY...,1,1,0,"**Assessing the Question's Answerability**

Okay, so I'm looking at this question: ""Does it specify the issuing authority and geographical scope?"" The context provided is a ""Forecast Discussion"" from the SPC. I need to determine if that context allows me to definitively answer the question and, if so, how well.

Let's break it down. Does the context clearly state the issuing authority? Absolutely. Right at the beginning, it says ""NWS Storm Prediction Center Norman OK"". That's unambiguous. Moving on, does it spell out the geographical scope? Again, yes. The text plainly defines it as ""PORTIONS OF WESTERN NEBRASKA AND SOUTHWEST SOUTH DAKOTA"".

Given the clarity and completeness of the provided information, I have to rate the answer as a perfect 5. The context directly and explicitly answers both parts of the original question, making it highly relevant, accurate, and complete. There's no room for ambiguity here.


","**Answering the Question Directly**

Okay, so the prompt is asking if the text specifies both the issuing authority and the geographical scope of something. Let me break this down. The text clearly gives me the ""NWS Storm Prediction Center Norman OK,"" also known as ""SPC,"" as the issuing authority. That's a direct, unambiguous answer to the first part. Then, for the geographical scope, it explicitly mentions ""PORTIONS OF WESTERN NEBRASKA AND SOUTHWEST SOUTH DAKOTA."" Boom! That covers the second part of the question perfectly. Based on the provided context, I can definitively say that the answer is yes; both elements are explicitly present. Therefore, I'm giving this a solid 5. It's a straightforward analysis with a clear conclusion drawn directly from the data. No need for further inference or interpretation here.


",Score-Reasoning Contradiction,"Model B's internal reasoning found the document to be completely relevant (even concluding with 'giving this a solid 5'), but it mistakenly output a final score of 0, directly contradicting its own reasoning."
87181,3354162,87181,"hypertrophic subaortic stenosis (idiopathic hypertrophic subaortic stenosis) a cardiomyopathy of unknown cause, in which the left ventricle is hypertrophied and the cavity is small; it is marked by obstruction to left ventricular outflow.",1,1,0,"**Analyzing the Context for Information on Chronic Afterload Elevation**

Okay, so the question is whether the provided text addresses the mechanisms of chronic afterload elevation. Let me see... the context describes hypertrophic subaortic stenosis, highlighting ""obstruction to left ventricular outflow."" Now, obstruction to outflow *is* related to afterload, but does this brief mention constitute a *detailed* explanation of chronic afterload elevation mechanisms?

No, definitely not. This is just a concise definition of the condition. It says there's obstruction, which *implies* afterload elevation, but it's not a detailed explanation. It’s more of a mention than a dissection of the underlying physiology. Therefore, the answer's not in this context.

Given that the question is ""Can the question be answered based on the available context?"", the answer is a resounding ""no."" A grade of 0 is appropriate here because there's no relevant information. The context is completely insufficient. It hints at afterload elevation via obstruction, but that's the extent of it.


","**Analyzing the Presence of Chronic Afterload Elevation Mechanisms**

Okay, so the question is, ""Are chronic afterload elevation mechanisms detailed?"" and the context provided describes hypertrophic subaortic stenosis (HSS), a cardiomyopathy characterized by left ventricular hypertrophy and outflow obstruction. Hmm. Does this actually give me what I need? The context explicitly mentions obstruction to left ventricular outflow. But does this *detail* chronic afterload elevation mechanisms?

The initial thought is that the answer is straightforward, a simple ""No."" However, the wording of the prompt, ""Can the question be answered based on the available context?"" usually implies that the context must directly address the subject of the query. I have to be careful with my assessment here. The context certainly *implies* afterload elevation due to the outflow obstruction. But does it detail the *mechanisms*? No. It doesn't get specific and doesn't explicitly talk about afterload. It only briefly references the obstruction, which is related to afterload. Therefore, since there's no detailing of chronic afterload elevation mechanisms, the provided information does not address the question as asked, and the answer, in a detailed form, is: ""No, they are not detailed."" Therefore, the grade is a zero.


",Excessive Strictness,"Model B demanded an overly high threshold of specific detail regarding 'mechanisms' rather than evaluating general topical relevance. By focusing strictly on whether chronic afterload elevation mechanisms were exhaustively detailed, it disregarded the relevant connection to left ventricular outflow obstruction and marked the document completely irrelevant."
182539,8299659,182539,"In calculus, a function defined on a subset of the real numbers with real values is called monotonic if and only if it is either entirely increasing or decreasing. It is called monotonically increasing (also increasing or nondecreasing), if for all and such that one has, so preserves the order (see Figure 1). Likewise, a function is called monotonically decreasing (also decreasing or nonincreasing) if, whenever, then, so it reverses the order (see Figure 2).",1,1,0,N/A,N/A,Overly literal interpretation,"The query '182539' is an artifact representing a benchmark query ID (e.g., from MS MARCO) rather than natural language text. Model B regressed by treating the query purely as a literal numeric string with no semantic overlap with the calculus document, failing to account for dataset context that Model A preserved."
130510,1159414,130510,"Shelby County, in the covered jurisdiction of Alabama, sued the U.S. Attorney General in the U.S. District Court for D.C. in Washington, D.C, seeking a declaratory judgment that sections 4(b) and 5 are facially unconstitutional and a permanent injunction against their enforcement.",0,0,1,N/A,N/A,Spurious Relevance Attribution,The query consists solely of an arbitrary numeric identifier ('130510') that does not appear in or relate to the legal case described in the document. Model B erroneously assigned positive relevance where no semantic or lexical connection exists.
1124210,7443588,1124210,"The xylem is composed of nonliving cells (tracheids and vessel elements) that are stiffened by the presence of lignin, a hardening substance that reinforces the cellulose cell wall. The living sieve elements that",2,2,1,"**Evaluating the Question's Answerability**

Okay, here's the situation: I need to determine if I can answer the question ""Which primary vascular tissue type contains these cells?"" based on the given context. The context mentions the xylem and its composition, specifically ""The xylem is composed of nonliving cells (tracheids and vessel elements)..."". The tricky part is the ambiguity of ""these cells.""

First, I have to figure out if the context directly answers the question, assuming ""these cells"" refers to tracheids, vessel elements, or even sieve elements (though it's undefined right now). If it *does* refer to tracheids or vessel elements, then yes, the context strongly suggests the answer is xylem. The text clearly states that xylem *is* composed of these cells.

However, the question could be incomplete without a clearer definition of ""these cells."" If the question is from a dataset where ""these cells"" has been defined, it would work, but by itself, it is less useful. The context is also cut short, with the sentence ""...The living sieve elements that..."" ending abruptly. It's frustrating because if ""these cells"" referred to sieve elements, then I'd need the next part of the sentence for a full answer.

Ultimately, because of the ambiguity of ""these cells"" and the cut-off context, I'm leaning toward a rating of either a 3 or possibly a 2, depending on how generous I'm feeling. Without knowing the full scope of ""these cells,"" it's hard to be certain. But I'll land on a 3. The answer is partially relevant and complete, with noticeable gaps or inaccuracies.


","**Analyzing the Question's Ambiguity**

Alright, let's break this down. The question's asking me to identify the primary vascular tissue containing ""these cells."" Immediately, that phrase throws a wrench in the works. ""These cells"" is a pointer, but a broken one! There's no clear antecedent, no prior reference to tell me *which* cells we're talking about. The context cuts off mid-sentence, leaving me hanging with ""...The living sieve elements that..."".

Okay, so I know Xylem has tracheids and vessel elements. And Phloem, well, it's implied here that it contains sieve elements. But without knowing *which* cells the question refers to, I can't definitively identify the tissue type. The context is incomplete, at best; it's practically useless for giving a precise answer. It's either unanswerable, or barely answerable (0 or 1).

Wait, I need to recalibrate, the prompt is asking if the question can be answered from the provided context, not for an answer. Since ""these cells"" has no referent, there is no way to tell which cells the question is referring to. Therefore, the question is not answerable based on the context. The answer is clearly a resounding 0.


",Over-weighted specific aspect,"Model B hyper-focused on the lack of a clear antecedent for 'these cells' and the truncated sentence, treating the context as entirely unanswerable. In contrast, Model A balanced the ambiguity against the strong factual overlap regarding vascular tissues, appropriately recognizing partial relevance."
182539,6957819,182539,"Longest Increasing Subsequence. I have provided detailed explanation of an O(N log N) approach in the following links, Longest Monotonically Increasing Subsequence Size (N log N) - GeeksforGeeks. Construction of Longest Monotonically Increasing Subsequence (N log N) - GeeksforGeeks.",1,1,0,"**Assessing the Question's Answerability**

Okay, so I'm being asked to determine if the given question – ""Does the function exhibit a consistent sign for its first derivative across its domain?"" – can be answered based on the provided context. The context is all about the ""Longest Increasing Subsequence"" problem and its efficient O(N log N) solution, detailed in those GeeksforGeeks links.

Immediately, I see a disconnect. The context delves into computer science algorithms, focusing on finding the longest monotonically increasing subsequence within a sequence. It discusses things like the algorithm's time complexity and construction. Crucially, there's absolutely no mention of any *function*, its *derivatives*, or calculus concepts whatsoever. We are dealing with discrete sequences, not continuous functions.

Therefore, the question about the sign of the first derivative is completely irrelevant to this context. The information provided doesn't even remotely touch upon that domain. It's like asking about the boiling point of water while discussing the intricacies of binary search. Thus, I must assign a grade of 0. The question is unanswerable from the given information.


","**Assessing the Question's Relevance**

Okay, so I've got this question floating around: ""Does the function exhibit a consistent sign for its first derivative across its domain?"" My immediate reaction is to assess whether the context provides *any* relevant information. The prompt mentions ""Longest Increasing Subsequence"" algorithm links. I know that topic well. And? There's absolutely nothing in that context – no mention of functions, derivatives, calculus, or anything even remotely related to the core question. It's a total mismatch. The question is fundamentally about calculus, the context is about discrete algorithms. Zero points for this attempt. Back to the drawing board to see if the query has something to do with the Longest Increasing Subsequence (LIS).


",Failure to connect related concepts,"Model B focused strictly on the domain divide between discrete algorithms and continuous calculus, failing to recognize that a function having a 'consistent sign for its first derivative' is the definition of monotonicity, directly connecting the query to the document's discussion of 'monotonically increasing' sequences."
