query_id,corpus_id,query_text,document_text,human_score,score_model_a,score_model_b,thought_model_a,thought_model_b,error_category,explanation
156493,3732381,156493,"Keep the fry in their own tank, one that's at least 5 gallons, and change out half the water every week. As the fish grow, change the water more often and move them into a bigger tank when they’re about an inch or so long.",0,0,1,N/A,N/A,Hallucinated Relevance,"The query is an arbitrary numeric string ('156493') with zero topical relation to the document about fish tank care. Model B improperly assigned partial relevance instead of recognizing the complete lack of semantic overlap, whereas Model A correctly identified it as completely irrelevant."
855410,840666,855410,"This allows eczema skin to heal and become more resistant to symptoms of AD, including burning, dryness and itch. Apply skin barrier creams only to the skin affected by eczema and under the direction of a qualified health care provider. Skin barrier creams are available by prescription and over-the-counter. Tips on choosing a moisturizer",0,0,1,N/A,N/A,Hallucinated Relevance,"Model B assigned relevance to a document about eczema skin barrier creams for a completely unrelated numeric query ('855410'), failing to recognize that the text has no semantic connection to the query."
182539,8757182,182539,"Additionally, new optimization technologies monotonically reduce design area and leakage power by an average of 20 percent while maintaining timing QoR. n,k], 1 [less than or equal to] k [less than or equal to] n, and it is a monotonically decreasing function in the open intervals (-[infinity], [x.",1,1,2,N/A,N/A,False positive relevance,"The query '182539' does not appear in the document and has no topical connection to the text. Model B was overly lenient and awarded partial relevance (score 2) to completely unrelated technical content, whereas Model A correctly recognized that there was no match and assigned a score of 1."
156493,5346658,156493,"Typically, Koi should be in ponds that are at least 1,000 gallons. Avoid Overstocking the Pond To maintain healthy fish and clear water, do not overload the ecosystem with too many fish. For a new pond, a good rule of thumb is one inch of fish per square foot of surface area.urchase fish that are at least two to three inches long; some can grow up to 10 to 12 inches long. There are many varieties of “goldfish” to choose from: Comets, one of the most popular types of goldfish, have long slender bodies and are typically solid orange and metallic in appearance.",0,0,1,N/A,N/A,Hallucinated Relevance,"Model B assigned a positive relevance score to a document about koi and pond care for a query consisting entirely of an unrelated numeric string ('156493'), failing to recognize that there is zero topical connection."
19335,3959463,19335,"Confidence votes 252. Environmental Studies is the interdisciplinary study of how humans interact with their environment. This field examines all aspects of the natural environment, social environments, politics, ecology, etc., and how they all work together.",0,0,1,N/A,N/A,Hallucinated Relevance,"The query '19335' (likely a zip code or numerical ID) shares no semantic connection or overlap with the document about Environmental Studies. Model B was overly permissive and hallucinated marginal relevance where none exists, whereas Model A correctly assigned a score of 0."
168216,7835773,168216,"Atypical pneumonia: The meaning of this word is unfortunately multiple, and it changes depending on the context in which it is used. For example, atypical pneumonia is used by some medical personnel to mean mild or walking pneumonia, while others use it to describe pneumonia caused by Mycoplasma pneumoniae.",0,0,1,"**Evaluating the Context for Relevance**

Okay, let's see. My objective is to determine if this context provides the answer to a very specific question: what *L. pneumophila* virulence factors are involved in causing pneumonia? The question requires a precise answer regarding *Legionella pneumophila*. Now, I'm carefully reviewing the context provided. It seems to be focusing on atypical pneumonia, and the discussion even highlights *Mycoplasma pneumoniae*. But, wait a second, there's absolutely no mention of *L. pneumophila* or any of its specific virulence factors in this whole thing! Given the complete absence of any relevant information related to the required bacteria and its pathogenicity mechanisms, the context completely fails to address my question. This means this text gets a big fat zero on relevance. It's just not useful for this query.


","Here's my assessment of the situation:

**Evaluation of Question Answerability**

Alright, I need to figure out if the provided context actually helps answer the question about *L. pneumophila* and its virulence factors in pneumonia. The question is pretty specific, looking for the *specific* factors involved in pathogenesis. I'm going to quickly scan the context for anything mentioning *Legionella pneumophila* or, better yet, the actual virulence factors. Nope, I don't see it. This discussion seems to be about the broader term of ""atypical pneumonia,"" its nuances, including mild cases and the involvement of *Mycoplasma pneumoniae*. It's a completely different subject, really. Given this lack of relevant information, I have to conclude that the context *does not* provide any useful information for answering the core question. My grade for the question’s answerability based on this context? A solid zero. It's a non-starter.


",Score-Reasoning Inconsistency,"Model B's internal evaluation and reasoning arrived at the correct conclusion, explicitly stating that the document deserves 'a solid zero' on relevance. However, it regressed by outputting a score of 1 instead of 0, directly contradicting its own reasoning."
168216,1974327,168216,"To kill general bacteria, 110˙f should be sufficient, but … most people don't have the water that hot, because it's too hot for them.(you still need soap to kill bacteria). But there are different temperatures for different bacterias. Like Legionella requires the water to be 170˙f.o kill general bacteria, 110˙f should be sufficient, but … most people don't have the water that hot, because it's too hot for them.(you still need soap to kill bacteria). But there are different temperatures for different bacterias. Like Legionella requires the water to be 170˙f.",0,0,1,N/A,N/A,Hallucinated Relevance,"The query consists solely of an arbitrary number ('168216') with no semantic or keyword connection to the document about water temperature and bacteria. Model B incorrectly inferred relevance where none exists, while Model A correctly recognized the complete lack of relationship and rated it 0."
156493,7760653,156493,"Leopards are larger than a house cat, but leopards are the smallest members of the large cat category. They grow to only 3 to 6.2 feet (92 to 190 centimeters) long. Their tail adds another 25 to 39 inches (64 to 99 cm) to their length.",0,0,1,"Here's my assessment:

**Analyzing the Question's Scope**

Okay, the prompt is straightforward: it wants to know if the provided information quantifies *age-dependent* changes in growth rate. My initial instinct is to dissect the core of the issue. The context gives us general dimensions of a leopard – overall body length and tail length. That's fine, but it doesn't give me any specific details about how a leopard's growth rate changes as it ages. No data on changes at specific ages, no growth curves, nothing that would allow a quantitative analysis of age-related rate shifts. The context is completely silent on the crucial aspect the question focuses on: age-dependent growth. Therefore, given the information provided, it's impossible to provide any meaningful answer to the question. So, the evaluation would have to be a big fat zero.


","Here's my assessment of the question, as I see it:

**Analyzing for Age-Dependent Growth Rate Quantification**

Okay, so the question is straightforward: does the provided text quantify age-dependent growth rate changes? My initial reaction is, no, it almost certainly doesn't. I'm immediately looking for some sort of numerical data, some equation, or even just a descriptive statement that explicitly links age to changes in the rate of leopard growth.

The context mentions leopard sizes – overall body length and tail length – providing a general range. That's interesting background, but it's purely descriptive. It's just listing dimensions. I don't see anything about *how* those dimensions change over time, or at what rates different parts of the leopard's body grow at different ages. There's nothing about juveniles versus adults, or any attempts to model or quantify growth trajectories.

Therefore, the supplied information doesn't remotely address the core of the question. I would have to give it a solid zero. It's not just that it's insufficient; it's completely missing the critical elements.


",Score-Reasoning Inconsistency,"Model B's reasoning entirely argued that the document deserved a 'solid zero' because it lacked relevant information, yet it erroneously assigned a score of 1 in its final output, creating an internal contradiction between its rationale and its final score."
1113437,156334,1113437,"Many factors cause local spruce to turn brown. FFAGENTS. Recently several calls have come in regarding Colorado spruce and Black Hills spruce that have been showing brown needles. Many factors play into browning of spruce needles. First of these is normal needle drop. Evergreens shed older needles as growth continues. This needle drop is often confused with disease or insect problems. Older needles, those on the inside of the tree, that are three to five years old will turn yellow then brown and eventually fall off the tree. Usually we don't notice this as the newer growth does a good job of hiding this fact. Needle drop in this manner is a gradual process and should not concern us.",0,0,1,N/A,N/A,Overly Lenient Scoring,"The query consists entirely of an arbitrary numeric identifier ('1113437') with zero relevance or textual overlap to the document discussing spruce needle browning. Model B regressed by assigning a score of 1 instead of 0, likely applying an overly permissive default baseline or hallucinating relevance where none exists."
1113437,6601849,1113437,"Types of Trees. The types of trees that we grow and offer at our farm include: Canaan Fir, Colorado Spruce, Norway Spruce, Scotch Pine, and White Pine. People tend to have differences in opinion as to what makes the most beautiful Christmas tree.he types of trees that we grow and offer at our farm include: Canaan Fir, Colorado Spruce, Norway Spruce, Scotch Pine, and White Pine.",0,0,1,"**Analyzing the Relevance of Context**

Okay, so the user's question is pretty specific: ""Are persistent sterigmata explicitly described on the twigs?"" My initial assessment is: can I answer this question with the text provided? The provided context is all about different Christmas tree varieties cultivated at a farm – Canaan Fir, Colorado Spruce, Norway Spruce, Scotch Pine, and White Pine. Honestly, it's pretty clear cut. The answer is a resounding ""no."" There's absolutely nothing in that description that even remotely touches on ""persistent sterigmata"" or, for that matter, *any* details about twigs. The information gap is complete. This context is simply irrelevant to the question asked. Therefore, I'm assigning a grade of 0 to the context. It's a non-starter.


","Okay, here's my assessment of that question and context, from my expert perspective:

**Analysis of the ""Persistent Sterigmata"" Inquiry**

Alright, let's break this down. The question boils down to whether the provided text *explicitly* details the presence of ""persistent sterigmata"" on twigs. Now, given my extensive knowledge in this area, I can immediately spot that this is a very specific botanical characteristic, likely related to the structure of conifer needles. However, when I look at the context provided – a list of tree types available at a farm – my expert eye tells me that the information is simply not present. Canaan Fir, Colorado Spruce, Norway Spruce, Scotch Pine, and White Pine are described. There is no mention of ""persistent sterigmata"" or even general morphological descriptions of the twigs themselves. Therefore, the answer isn't contained within this context. The grade for this question is unequivocally a zero.


",Score-Reasoning Inconsistency,"Model B's internal reasoning correctly determined that the document was completely irrelevant and explicitly concluded that the grade should be unequivocally zero, but it failed to align its final output score with its reasoning and assigned a score of 1."
156493,1820469,156493,"Plus, …though the common goldfish lives for about 2 days in a bowl, but if you get a 10 gallon tank for it and feed it every morning and night until it's mature, then once a day when it's mature, it can live for a long time; I had a goldfish that I cared for ( the pet goldfish not pond goldfish), and it lived for 9 years!",0,0,1,N/A,N/A,Hallucinated Relevance,"The query is an arbitrary numeric string ('156493') with zero topical or lexical relation to the document about caring for goldfish. Model B failed to recognize the complete absence of relevance and improperly assigned a positive score, whereas Model A correctly identified it as completely irrelevant."
1113437,6792385,1113437,"It is used considerably for Christmas trees and blue northeastern US – these probably the source of escapes reported for several states far from its native range (Maine, Massachusetts, New York, Pennsylvania, Maryland). Blue spruce is the state tree of Colorado and of Utah. Status Please consult the PLANTS Web site and your State Department of Natural Resources for this plant’s current status, such as, state noxious status and wetland indicator values. Description General: Pine Family (Pinaceae).",0,0,1,"Here's my thought process on this query:

**Analyzing the Question and Context**

Okay, the question is straightforward: ""Are persistent sterigmata explicitly described on the twigs?"" Right away, I'm thinking, this is a very specific botanical question. I need to look for specific terminology and relationships. The context given is a mix of general information: mentions of Christmas trees, escapes (referring to plant behavior), some state-specific details (blue spruce being a state tree), and the taxonomic classification ""Pine Family (Pinaceae)."" I'm reading this and my internal checklist is active; I'm searching for information.

Now, my focus narrows. Does ANY of this context actually address the core terminology – ""sterigmata"" or ""twigs""? The answer is, definitively, no. There's nothing here that delves into the microscopic structures of the needles or the branching architecture. It's a broad description, but lacks the crucial detail. It's like asking for the atomic composition of something and only being given the grocery list of ingredients.

Because the context completely fails to provide the required information, I'm going to have to grade this as zero. There is no information that can be used.


","Here's my assessment of the question, thinking through it as if I were evaluating this information myself:

**Regarding the Query on Sterigmata and Twig Description**

Okay, so the question wants to know if the presence of persistent sterigmata on twigs is *explicitly* described. The context provided is about blue spruce – its uses, status, a general classification as ""Pine Family (Pinaceae)."" Right away, my expert brain is screaming, ""No way!"" There's absolutely nothing in that provided information that delves into any specific morphological details of the twigs, much less the microscopic features like sterigmata. It's a broad overview. My conclusion is definitive: the context completely fails to address the question's core criteria. Therefore, based on the information provided, the answer is a resounding zero. I can't even offer a speculative response; it's simply absent.


",Score-Reasoning Inconsistency,"Model B correctly deduced in its reasoning that the document completely failed to provide the necessary information and explicitly stated the answer was a 'resounding zero', but then contradicted its own conclusion by outputting a score of 1."
168216,13492,168216,"Pneumonia may be caused by: Bacteria. The most common cause of pneumonia is bacterial infection, and many different bacteria can cause the condition, producing mild to severe cases. Bacterial pneumonia can occur independently or following illnesses, such as colds, flu or upper respiratory infections. Fungi. Certain types of fungus can cause pneumonia.",0,0,1,"Here's my assessment of the situation:

**Analysis of the Question and Context**

Okay, so the query is pinpointing the specific virulence factors of *Legionella pneumophila* that are involved in the development of pneumonia. Now, let's look at the given context. It's painting with a very broad brush, mentioning that pneumonia *can* be caused by bacteria and fungi, but it's completely silent on *L. pneumophila* itself, let alone its specific pathogenic mechanisms.

Essentially, the context provides a general overview, which is insufficient. It doesn't offer a single detail about the organism in question or its specific attack strategies. There's simply no information here to draw upon. The context fails to provide any relevant details that would allow an informed response to the question.

Therefore, any attempt to answer the question, based on this provided context, would be pure speculation. I'd have to assign it a grade of zero.


","Here's my assessment of the situation:

**Analysis of Virulence Factor Inquiry**

Okay, so the user's question is pretty straightforward: they're asking about the specific *L. pneumophila* virulence factors that are directly involved in causing pneumonia. That's a focused, mechanistic question, which is right in my wheelhouse. However, I need to check the context first to see if it even *addresses* the topic.

Based on the provided context, the text doesn't even *mention* *Legionella pneumophila*, let alone any of its virulence factors. It makes a general statement about bacteria and fungi potentially being causes of pneumonia, but there's absolutely no specificity. My conclusion is that this context is entirely irrelevant to the core question. Therefore, there's no way to extract a meaningful answer from it. My evaluation: a resounding zero.


",Score-Reasoning Inconsistency,"Model B's textual reasoning correctly identified that the context is completely irrelevant and explicitly concluded with 'My evaluation: a resounding zero', but it erroneously emitted a final score of 1 instead of 0."
168216,4245222,168216,"Transmission of Legionnaires' disease from Person to Person. Legionnaires' disease is considered infectious but is not transmitted from person to person. Generally, a disease like this is caused by an infectious agent and not spread between people. Legionnaires' disease, although infectious, is not a genetic disease.",0,0,1,N/A,N/A,Hallucinated Relevance,"The query consists solely of an arbitrary numeric string ('168216') that bears no relation to the document about Legionnaires' disease. Model A correctly recognized zero relevance, while Model B incorrectly assigned marginal relevance despite the complete absence of topical or semantic overlap."
131843,849228,131843,A Severe Thunderstorm WATCH is issued by the NOAA Storm Prediction Center meteorologists who are watching the weather 24/7 across the entire U.S. for weather conditions that are favorable for severe thunderstorms. A watch can cover parts of a state or several states.,1,1,0,"Okay, here's my take on that.

**Analysis of the Prompt's Question and Context**

Right, so the prompt is straightforward: ""Does it specify the issuing authority and geographical scope?"" This is a key question in determining the clarity and applicability of the information. The provided context directly and explicitly addresses both of these points. It identifies ""NOAA Storm Prediction Center meteorologists"" as the issuing authority, which is precise. It also clarifies the geographical scope as encompassing either ""across the entire U.S."" or ""parts of a state or several states,"" clearly establishing the spatial domain. Given that the context provides a complete and accurate response to the question, a score of 5 seems entirely appropriate. It's a clean, direct answer with no ambiguity.


","**Evaluating the Question's Answerability**

Okay, let's break this down. My goal here is to determine if the context provided adequately answers the question: ""Does it specify the issuing authority and geographical scope?"" I need to dissect the information and establish a clear ""yes"" or ""no"" verdict, and then, importantly, quantify *how* well it answers.

The context itself gives me the raw data I need. I'm seeing ""NOAA Storm Prediction Center meteorologists"" – that's the issuing authority, spelled out definitively. And for geographical scope, the context offers ""across the entire U.S."" and the clarification that a single instance of this forecasting can cover ""parts of a state or several states."" That's plenty specific. It indicates a defined geographical area to which it applies.

Based on this direct and comprehensive information, the question *is* fully answerable. In fact, it's a slam dunk. The context hits both criteria.

Therefore, applying my internal scoring system, I'm assigning a value of **5**. It's fully answerable, highly relevant, complete, and accurate, based on the provided data. This is as straightforward as it gets.


",Score-Reasoning Contradiction,"Model B fully concluded in its reasoning that the document completely answered the criteria ('slam dunk', highly relevant, assigning a 5/5), but contradicted its own reasoning by outputting a final score of 0 instead of a positive relevance score."
146187,6561118,146187,"Try limiting your meat, cheese and dairy intake to one item per meal and avoid items with multiple sources of cholesterol (like chicken with ham and cheese, breakfast sandwiches with sausage and cheese, or bacon cheeseburgers).",0,0,1,N/A,N/A,Hallucinated Relevance,"The query '146187' is an arbitrary numeric code with no connection to dietary advice on cholesterol. Model B regressed by applying an overly lenient threshold or hallucinating an association, assigning relevance where there is none."
156493,6524741,156493,"What we feed our goldfish, how big their aquarium is, having proper equipment such as filters and air pumps and not overcrowding their tank can increase how long goldfish live. By doing the following can drastically reduce the chance of goldfish diseases occurring as well as increase the years that your goldfish live.",0,0,1,N/A,N/A,Hallucinated Relevance,"The query consists solely of an arbitrary numeric string ('156493') with no semantic connection to goldfish care. Model B failed to recognize the complete lack of topical relevance and hallucinated a connection or was overly permissive, giving a score of 1 instead of correctly assigning a score of 0 like Model A."
168216,3463549,168216,"Pontiac fever typically develops within 24-48 hours while Legionnaires disease develops within a few days to a couple of weeks. According to the CDC, about 8,000 to 18,000 people are hospitalized with Legionnaires disease each year. The actual number of people affected by legionellosis is likely much higher as most cases of Pontiac fever and many cases of Legionnaires disease are thought to go undiagnosed.",0,0,1,N/A,N/A,Spurious Relevance,"The query consists entirely of an ungrounded numeric string ('168216') with zero semantic or factual connection to the medical text about Legionnaires' disease. Model B hallucinated relevance or treated the unrelated document as minimally relevant, whereas Model A correctly recognized the complete lack of topical overlap."
168216,4160802,168216,"This agent is a good alternative antibiotic for patients allergic or intolerant to the macrolide class. It is usually well tolerated and provides good coverage to most infectious agents, but it is not effective against Mycoplasma and Legionella species. The half-life of an oral dosage form is 1-1.3 h. It has good tissue penetration but does not enter the cerebrospinal fluid.",1,1,0,N/A,N/A,Over-reliance on literal keyword matching,"Model B likely failed to recognize the numeric query as a domain-specific identifier (such as a passage, PubMed, or database ID corresponding to the text) and gave a score of 0 due to the complete lack of surface-level lexical overlap between the number and the document content."
264014,2223171,264014,"When it comes to eliminating fleas from your pet and from your home, there are some key things to consider. First, it is very important to be familiar with and understand the life cycle of the flea when you are trying to eradicate their presence completely. There are four stages in the life cycle of a flea: egg, larva, pupa, and adult. Depending on the environmental temperature and humidity levels, the total life cycle will take anywhere from a couple weeks to many months. Optimal conditions for fleas are between 70-85°F and 70 percent humidity.",2,2,1,"**Analyzing the Effect of Ambient Temperature on Flea Development**

Okay, the question is asking how ambient temperatures impact the time it takes for a flea to develop from an egg to an adult. The context provided gives some, but not a complete, answer. It tells me that the total life cycle duration varies significantly, ranging from a couple of weeks to many months, depending on environmental temperature and humidity. It also pinpoints the optimal conditions for fleas as being between 70-85°F and 70% humidity.

However, the text doesn't explicitly detail *how* temperature influences development time. It doesn't, for example, state whether higher temperatures accelerate the process or lower temperatures slow it down (although we can, of course, infer some of this). While it acknowledges the relationship between temperature, humidity, and the overall duration, it only provides a very partial explanation of the mechanism. The information is relevant, though quite limited in explaining how the duration is modified. So, I would grade its relevance as a 2 or 3, leaning toward the lower end due to the lack of specifics about the direction or mechanism of change. It identifies that the factor is important for understanding the duration, and that it influences the overall duration, but it doesn't give a full answer.


","**Analyzing the Influence of Ambient Temperature on Development Time**

Okay, so the question is, *how* does temperature affect the time it takes for an egg to become an adult? The provided context offers some, but ultimately insufficient, information. It states that both temperature and humidity influence the total life cycle, which can range from a couple of weeks to many months. It even gives us the optimal conditions for fleas: 70-85°F and 70% humidity. However, the critical piece missing is a *mechanism*.

It doesn't explain *how* temperature, specifically, speeds up or slows down the development process. Does a higher temperature accelerate it, as we might intuitively expect, or is there a more complex relationship? The text only connects temperature and humidity to a *range* of development times. Because it only gives an overall temperature and humidity range without explanation of how the temperature modifies development time, I'd have to grade this as a 2. It's limited in its relevance and completeness, with significant gaps in the explanation. The lack of mechanistic insight is a major drawback. I need more information to really answer the question.


",Score-Reasoning Inconsistency,"Model B explicitly reasoned that the document warranted a score of 2 based on its partial relevance ('I'd have to grade this as a 2'), but suffered an internal mismatch and output a final score of 1 instead."
573724,7199672,573724,"Determinants of Health admin 2017-07-03T08:03:45+00:00 Definition of Determinants of Health Determinants of health include the range of personal, social, economic and environmental factors which determine the health status of individuals or populations. The factors which influence health are multiple and interactive.",1,1,0,N/A,N/A,Query ID Resolution Failure,"The query '573724' is an MS MARCO benchmark query ID representing 'what are determinants of health'. Model A recognized or correctly retained the mapping to the relevant passage, whereas Model B evaluated the numeric query strictly on a literal lexical level, finding no text overlap and incorrectly assigning a relevance score of 0."
156493,7371075,156493,"Goldfish are very BIG, high maintenance fish and they cannot live in these conditions very well or for very long. The lifespan of a properly taken care of goldfish is 20+ years. In this kind of setup, it's impressive if they live even one.",0,0,1,N/A,N/A,Hallucinated Relevance,The query is an opaque numeric string ('156493') with zero lexical or topical overlap with the document about goldfish care. Model B erroneously awarded a non-zero relevance score to a completely unrelated document.
87181,2528294,87181,"Other conditions associated with an enlarged heart include: High blood pressure. Your heart may have to pump harder to deliver blood to the rest of your body, enlarging and thickening the muscle. High blood pressure can cause the left ventricle to enlarge, causing the heart muscle eventually to weaken.",1,1,0,"**Evaluating the Detail of Chronic Afterload Elevation Mechanisms**

Okay, so the task is to determine if the provided context adequately details the mechanisms of chronic afterload elevation. The question posed is, ""Are chronic afterload elevation mechanisms detailed?"" I need to evaluate the context against that.

The context immediately offers a potential starting point: high blood pressure. That, of course, is a classic example of afterload elevation, no question about it. However, does it *detail* the mechanisms? It states that the heart then pumps harder, which leads to muscle enlargement and thickening (hypertrophy), left ventricular enlargement, and eventual muscle weakening. While this touches on the *consequences* of the afterload elevation, it doesn’t delve into the actual physiological, cellular, or molecular processes that drive chronic afterload elevation itself. It's essentially a high-level overview.

So, the question ""Are chronic afterload elevation mechanisms detailed?"" – can I definitively answer it? Yes or no. If the interpretation of ""detailed"" is as comprehensive mechanistic descriptions, the answer is a resounding *no*, or at best a very qualified ""no.""

The context explicitly links high blood pressure to the observed cardiac adaptations (hypertrophy, enlargement, weakening), but that's a very superficial level of detail. I'd give it a score of maybe a 1 or a 2 at most for completeness. The relevance is there, it just lacks depth of information. It falls far short of a true mechanistic discussion. I need more information to satisfy the query as is.


","**Assessing the Depth of Afterload Elevation Mechanisms**

Okay, so the query is asking if the mechanisms of chronic afterload elevation are detailed within the provided text. Let me dissect this. The text is pointing to high blood pressure as a scenario that leads to the heart working harder, causing that left ventricular hypertrophy, but does it really delve into the *mechanisms* of chronic afterload elevation, or simply acknowledge it as a consequence of high blood pressure?

I need to focus on whether the *mechanisms* are detailed. The provided description is remarkably superficial. It basically says elevated blood pressure = harder pumping = heart muscle thickening. That's a very high-level overview of hypertrophy, not a detailed examination of the intricate physiological processes, signaling pathways, or molecular mechanisms driving afterload elevation.

So, the question is, can I answer the question with any level of confidence? In this context, given the sparse information provided, the response would have to be ""No, the mechanisms are not detailed. It only provides a cursory mention related to high blood pressure and resultant hypertrophy"". I'd have to consider the limited scope and completeness of the given context. Based on this, I'm leaning toward a score of 1 or 2 in terms of relevance and completeness.


",Reasoning-Output Inconsistency,"Model B's internal reasoning concluded that the document warranted a score of 1 or 2 due to limited relevance and completeness, yet it ultimately outputted a final score of 0, likely conflating the negative answer to the detailed mechanism question with a completely irrelevant score."
182539,2909954,182539,"If the order ≤ {\displaystyle \leq } in the definition of monotonicity is replaced by the strict order < {\displaystyle <} , then one obtains a stronger requirement. A function with this property is called strictly increasing.",1,1,0,N/A,N/A,Over-reliance on Lexical Matching,"The query consists solely of an identifier or number ('182539'). Model B likely evaluated relevance based strictly on literal keyword overlap and rejected the document because the number does not appear in the text, whereas Model A properly handled the dataset context or identifier matching."
168216,3399720,168216,"Pontiac fever and Legionnaires' disease may also be called legionellosis (LEE-juh-nuh-low-sis) separately or together. Legionellosis is a term for any disease caused by Legionella bacteria.1  Causes & Transmission Explains the spread of the disease, environment, exposure...ontiac fever and Legionnaires' disease may also be called legionellosis (LEE-juh-nuh-low-sis) separately or together. Legionellosis is a term for any disease caused by Legionella bacteria.",1,1,0,"**Analyzing the Question's Scope**

Okay, here's how I'm approaching this. The question is explicitly drilling down into the *specific* virulence factors of *Legionella pneumophila* involved in causing pneumonia. My initial scan of the provided context, however, is leading me nowhere. I see discussions of Pontiac fever, Legionnaires' disease, and the general term ""legionellosis."" But, there is absolutely nothing in here directly mentioning, or alluding to, the actual **virulence factors** - the molecular mechanisms at play - that make *L. pneumophila* cause pneumonia.

Essentially, I'm finding that the question is completely unanswerable given this very limited information. The context just doesn't provide the necessary details. I'm going to have to make a note that this is a ""0"" as far as usefulness to answer this question.


","Okay, here's my take on that question and the information provided:

**Assessing the Virulence Factor Query**

Alright, let's break this down. The core of the question is about specific *virulence factors* of *Legionella pneumophila* that are involved in causing pneumonia. My initial scan of the provided context, which mentions Pontiac fever, Legionnaires' disease, and legionellosis, tells me immediately that the *specific* virulence factors aren't listed anywhere. It's giving me a high-level overview of the illness, its various forms, and likely the etiological agent, but it completely fails to dig into the molecular mechanisms of pathogenesis. Therefore, based on this provided snippet, I can't even *begin* to answer the question about the virulence factors. The context is simply insufficient. I’d be forced to give this a zero score, or at least a ""Not Answerable from Context"" designation.


",Overly Strict Relevance Threshold,"Model B demanded an exact, complete answer to the molecular mechanisms/virulence factors, failing to recognize that the document is marginally/partially relevant by providing topical context and definitions regarding Legionnaires' disease and Legionella bacteria."
168216,6061720,168216,legionnaires disease lee juh nares is caused by a type of bacteria called legionella the legionella bacteria are found naturally in the environment usually in waterthe bacteria grow best in warm water like the kind found in hot tubs cooling towers hot water tanks large plumbing systemsegionnaires disease lee juh nares is caused by a type of bacteria called legionella the legionella bacteria are found naturally in the environment usually in water the bacteria grow best in warm water like the kind found in hot tubs,1,1,0,"**Assessing the Context's Relevance**

Okay, so I'm trying to figure out if this provided text can give me the specific *L. pneumophila* virulence factors involved in pneumonia pathogenesis. It's a pretty straightforward question, and I'm looking for direct information on those specific factors. I skimmed the context and, no, it's not even close. It talks about Legionnaires' disease, correctly identifying *Legionella* as the culprit and mentioning some common environmental reservoirs like water systems and cooling towers. That's all background stuff, which I already know. It doesn't even touch on the mechanism, on the *how* of the infection. There's absolutely nothing in here about any virulence factors. So, based on the information provided, the context completely fails to answer the question. It's a zero. The context is irrelevant.


","Okay, here's my assessment of the situation:

**Analysis of Virulence Factor Question**

Right, the question specifically wants me to identify *Legionella pneumophila* virulence factors involved in pneumonia pathogenesis. My expertise tells me that this is a critical distinction – we're not just talking about the bacterium's presence, but *how* it causes the illness.

Now, the provided context… well, it's pretty thin. It mentions *Legionella* and Legionnaires' disease, correctly highlighting environmental sources like hot tubs and cooling towers. It correctly identifies the bacteria but it does *nothing* to address the question of virulence factors. It provides information about where the bacteria are found, but not how they cause disease. There's zero discussion of the molecular mechanisms or specific proteins, secretion systems, or any of the usual suspects.

Based on this limited information, I can't even begin to answer the question. It’s like asking for the blueprints of a building but only receiving a photograph of the location. Therefore, I have to rate the ability of the content to answer the question as a zero. It’s simply irrelevant.


",Hallucinated Requirement,"Model B hallucinated a specific, overly technical query requirement regarding molecular virulence factors and pathogenesis mechanisms rather than assessing the general topical relevance of the document, leading it to award a score of 0 instead of the human score of 1."
962179,8785375,962179,"Inevitably, the military spirit of the movement meant that The Salvation Army soon spread abroad. By the time Booth was 'promoted to Glory' in 1912 the Army was at work in 58 countries.",0,0,1,"**Evaluating the Question's Answerability**

Okay, here's the deal. I need to figure out if this question can be answered from this snippet. The question is a straight yes/no proposition, specifically: ""Does the information specify when The Christian Mission officially adopted the name 'The Salvation Army'?""

Alright, let's break it down. Does the context *actually* mention either ""The Christian Mission"" or the official name change to ""The Salvation Army""? Nope. Not a word. The passage dives straight into the spread of ""The Salvation Army"" abroad.

So, the answer to the core question, ""Does the information specify...?"", is unequivocally ""No."" I don't need to dig any deeper. Since the question itself is a meta-question about whether the context *specifies* something, the lack of that information *is* the answer. I'm confident in saying the context provides all I need to definitively say ""No"" here. This is a solid (5) for sure.


","**Analyzing the Question's Clarity and Contextual Relevance**

Okay, the question is a straightforward ""yes/no"": ""Does the information specify when The Christian Mission officially adopted the name 'The Salvation Army'?"" My initial reaction is to assess whether the provided text contains that specific date. The context mentions the Salvation Army's global spread and Booth's death, but there's no mention of the name adoption date. So, my initial, knee-jerk answer is ""No.""

However, I need to be precise. The question's wording, ""Does the *information* specify,"" is crucial. It's not asking if I *can infer* it, it's asking if the text *directly states* it. Given that focus, ""No, the information does not specify when..."" seems a technically correct answer, and it is.

Now I am considering the implicit meta-question - is the overall topic, the name change, addressable using this text? But the task seems to evaluate whether the context contains the specific answer to the stated question.

I need to look at this more like a benchmark task (RAG evaluation). They often phrase the evaluation as: ""Can the question be answered based on the available context?"" My answer is ""Yes,"" because the direct question can be accurately answered. This is essentially, can the question be answered with precision. The answer is ""No, the information does not specify...""

The prompt itself helps frame the evaluation: ""The answer is..."" It's about evaluating an *answer*, not constructing one. Since ""No"" is accurate, complete, and highly relevant, it aligns with a high grade. The question is answerable! My assessment is Grade: 5.


",Overthinking Meta-Answerability,"Model B fell into a meta-logic trap, rationalizing that because the document lacks the target information, it technically allows one to answer 'Does the text specify X?' with 'No.' By treating the absence of information as an answerable signal, Model B judged the irrelevant passage as relevant (score 1) instead of non-relevant (score 0)."
573724,394138,573724,The social determinants of health (SDOH) are linked to the economic and social conditions and their distribution among the population that influence individual and group differences in health status.,1,1,0,N/A,N/A,Failure to Resolve Query Identifier,"The query '573724' is an MS MARCO query ID representing the topic 'what are social determinants of health'. Model B treated the input as a literal numeric string with no keyword overlap with the document, failing to resolve the identifier to its underlying semantic topic as Model A did."
489204,7112941,489204,"For example, the following potentially serious conditions may include lower right back pain as one of the symptoms: Appendicitis. This condition occurs when the appendix, located in the lower right hand side of the abdomen, becomes inflammation and/or ruptures. It may cause sharp, intense lower right back pain and/or pain on the lower right side of the abdomen. Symptoms vary and may include nausea, vomiting, or fever. Symptoms may occur suddenly or develop gradually.",1,1,0,N/A,N/A,Failed to resolve query ID,"The query appears to be an unexpanded MS MARCO query ID (489204 corresponds to appendicitis/lower right back pain queries) rather than natural language text. Model B strictly evaluated lexical/surface relevance and scored it 0, failing to recognize or retrieve the underlying benchmark query context that Model A was able to handle."
146187,5965686,146187,Let’s take a quick look at what’s in a McDonald’s hamburger as outlined in their nutritional information. It shows a fairly harmless ingredient list: 100% beef patty. regular bun. pastuerized process American cheese. ketchup. mustard. pickle slices.,0,0,1,N/A,N/A,Spurious Relevance Attribution,"Model B assigned relevance to a document that has zero semantic overlap or connection with the purely numerical query '146187', failing to recognize the total irrelevance of the passage."
156493,750106,156493,"Can a goldfish live in a fish bowl or is the fish bowl to small for it? No, it is ok for goldfish to live in a gold fish bowl, but you should be able to look at the bowl and tell if it is too crowded.... depending on the size and amount of water i … n comparison to the number of fish that is :-)",0,0,1,"**Assessing the Question's Applicability**

Okay, so I'm looking at this question: ""Does it quantify age-dependent growth rate changes?"". My immediate thought is, can this even be answered *at all* based on the information I have? The context here, this goldfish-in-a-bowl scenario... it's just completely detached from the idea of quantifying anything related to age-dependent growth rates. There's nothing in here about tracking growth over time, controlling for age, or looking at how growth changes as the goldfish get older. It’s entirely irrelevant. Therefore, with a clear understanding of the parameters outlined in the question, I have no choice but to give this a resounding zero. It simply doesn't apply.


","**Assessing the Relevance of Context**

Okay, so the question is whether this context can help me quantify age-dependent growth rate changes. Let's see... the context is all about goldfish and whether they can survive in a fishbowl. Right off the bat, that feels unrelated. I'm looking for information or data that would allow me to *measure* and *model* how the growth rate of an organism changes over time – something quantitative. This discussion about goldfish habitats just isn't touching on any of those core requirements. No numbers, no age ranges, no growth metrics. It's a complete mismatch. The score is a resounding zero. This is a dead end.


",Score-Reasoning Contradiction,"Model B's internal reasoning correctly identified the document as completely irrelevant and explicitly concluded that 'The score is a resounding zero', yet it erroneously assigned a numerical score of 1 in the final output."
1113437,8050330,1113437,"All trees with needles have cones, and most trees with cones and needles are evergreens---but not all of them. Hundreds of species of trees with cones are found throughout the world, and these trees are known as conifers. FeaturesConifers are trees that produce cones to protect their seeds.",0,0,1,"**Evaluating the Context's Relevance**

Okay, so the question is whether the provided context tells us if persistent sterigmata are explicitly described *on the twigs*. I need to carefully assess if the context even touches on the key elements of the question.

Right off the bat, it's about trees, needles, cones, evergreens, conifers – the general characteristics of the subjects. But the terms I need to be concerned with, persistent sterigmata and the twigs themselves? They're completely absent. There's no mention of these features at all. Therefore, I can definitively conclude that the context *cannot* answer the question. It's simply not relevant to the specific anatomical detail I'm looking for.

My evaluation, therefore, gets a solid zero. It's a non-starter.


","Okay, here's my assessment of that question and the information provided, tailored for someone who understands botanical taxonomy:

**My Initial Assessment of the Question and Context**

Right, so the question hinges on whether we can find explicit descriptions of *persistent sterigmata* on twigs within the provided text. Let's break this down. The question's asking about a *very* specific anatomical feature – persistent sterigmata – in relation to a specific plant part, the twig. The context given deals with conifers, cones, needles, and evergreens. The problem? None of these terms suggest the presence or absence of *persistent sterigmata*. The context leans towards the morphology of the foliage and reproductive structures of the conifer, not the fine details of twig anatomy. We’re not getting anything even remotely close to a discussion of *sterigmata*, persistent or otherwise.

Therefore, given the lack of direct relevant information, I'm going to have to give this a resounding zero. The provided material is fundamentally unrelated to the question at hand. We need more data, plain and simple.


",Score-Reasoning Mismatch,"Model B's textual reasoning correctly deduced that the text was completely irrelevant and explicitly stated it should receive a 'resounding zero', but it erroneously output a final score of 1."
1113437,6455610,1113437,"Norway spruce is the most common spruce in the American landscape because it is the most adaptable, and it grows in most portions of the country except the Deep South and the desert west. Its usual form is that of a conical tree to 60 feet tall with a pyramidal habit 4 to 5 times taller than it is wide.",0,0,1,"**Assessing the Query's Scope**

Alright, let's break this down. The query is very specific: ""Are persistent sterigmata explicitly described on the twigs?"" My expertise in this field immediately tells me this calls for a very particular level of detail. I need to know if the provided text directly addresses the presence or absence of persistent sterigmata on the twigs of Norway spruce.

The provided context, however, is a very general overview. It discusses the Norway spruce's adaptability, height, and form – all crucial characteristics, of course, but it completely misses the mark when it comes to the required level of granularity. There's no mention of twigs at all, let alone the presence or absence of persistent sterigmata. It's a fundamental mismatch.

So, realistically, based on the material given, I've got nothing. The context offers no data to form an answer. This is a clear case of ""information not available"". We're operating at a 'zero' here.


","Here's my assessment of the situation:

**Analysis of the Provided Text and Its Limitations**

Alright, let's break this down. The text, as it stands, is providing only the barest of details regarding the Norway spruce. We're talking basic distribution – where it's found, its ability to thrive, its size, and a general description of its shape. That's it. It's essentially a rudimentary overview, and it is lacking in any specifics.

The crucial issue is this: the question being posed requires information that is simply *absent* from the provided context. I see no mention whatsoever of ""persistent sterigmata"" or even the subject of ""twigs."" It's like asking about a specific gear ratio in a car when all you have is a description of the car's color and the number of doors. It's just not there.

Based on the information given, or, more accurately, the *lack* of information given, any attempt to answer the question would be pure speculation. As such, I would have to give this an absolute zero grade. The text offers no support for addressing the inquiry. It would be entirely inappropriate to make any assertion on the subject based on the description presented.


",Score-Reasoning Contradiction,"Model B correctly determined in its reasoning that the document completely lacked the required information and explicitly stated it deserved an 'absolute zero grade', but contradicted its own rationale by outputting a score of 1."
130510,3390323,130510,The last segment of a majority or plurality opinion sets forth the judgment of the court. The judgment is the official decision of the court on the rights and claims of the parties and resolves the controversy between them.,0,0,1,N/A,N/A,Hallucinated Relevance,"The query consists solely of an arbitrary numeric string ('130510') that has no lexical or semantic overlap with the legal document text. Model B incorrectly assigned a non-zero relevance score to an entirely irrelevant document, failing to recognize the total absence of match that Model A correctly identified."
182539,8299659,182539,"In calculus, a function defined on a subset of the real numbers with real values is called monotonic if and only if it is either entirely increasing or decreasing. It is called monotonically increasing (also increasing or nondecreasing), if for all and such that one has, so preserves the order (see Figure 1). Likewise, a function is called monotonically decreasing (also decreasing or nonincreasing) if, whenever, then, so it reverses the order (see Figure 2).",1,1,0,N/A,N/A,Failure to Recognize Query ID Artifact,"The query '182539' is an unmapped dataset query ID (corresponding to a question about monotonic functions in benchmarks like MS MARCO). Model B failed to recognize or resolve the benchmark ID artifact and evaluated the query literally as an unrelated number, assigning a relevance score of 0 due to the complete lack of lexical overlap."
156493,6536126,156493,"The first year of life is a time of amazing change during which babies, on average, grow 10 inches (25 centimeters) in length and triple their birth weights. Given all the growth that happens then, new parents might be surprised when their child doesn't continue to grow so fast after the first year.",0,0,1,N/A,N/A,Hallucinated Relevance,"The query consists solely of an arbitrary numeric string ('156493') that has no connection to the document discussing infant growth. Model B erroneously assigned relevance to an entirely unrelated document, failing to recognize that the lack of any semantic or topical match warrants a score of 0."
1113437,1280569,1113437,"About 35; see text. A spruce is a tree of the genus Picea /paɪˈsiːə/, a genus of about 35 species of coniferous evergreen trees in the Family Pinaceae, found in the northern temperate and boreal (taiga) regions of the earth.",0,0,1,"Here's my analysis of the query:

**Analyzing the Sterigmata Question**

Okay, so the core question is whether the provided text explicitly describes ""persistent sterigmata"" on the twigs. My initial thought is to immediately check the context for that specific term. The text describes a genus of spruce trees, *Picea*, and indicates there are about 35 species. I'm already mentally cross-referencing this against my knowledge of *Picea* characteristics, but I'm primarily focused on the term ""persistent sterigmata.""

The text doesn't mention sterigmata – not directly, not indirectly, not even in relation to twig morphology or anything else related to needles. It simply outlines the genus and number of species. Given the absence of *any* mention, the answer is unequivocally ""no."" This context is not going to provide the answer, and, therefore, the correct grade is zero. It's a straightforward negative finding.


","**Analyzing the Question Regarding Sterigmata on Twigs**

Okay, so the question is whether the text explicitly describes persistent sterigmata on twigs. Let me break this down. The provided context describes a spruce, specifically mentioning the genus *Picea* and noting there are about 35 species. It tells me where these trees are typically found. But, and this is key, the context *doesn't* mention anything about sterigmata, or twigs, for that matter! Given my expertise, I immediately recognize that this information, therefore, can't possibly contain an answer. The text doesn't provide the information needed to evaluate the question. So, based solely on what's given, the answer is a resounding zero – the question can't be addressed with this context.


",Score Inconsistency,"Model B's internal chain-of-thought correctly concluded that the text does not answer the question and stated that 'the answer is a resounding zero', but it mistakenly emitted a final relevance score of 1 instead of 0."
264014,7775306,264014,To be successful flea control has to be done on 2 fronts. Treating the cat will get rid of the fleas and treating the bedding will get rid of the eggs larvae and some pupae. There is more need for flea control in the warmer months since conditions are better for flea development.,0,0,1,N/A,N/A,Spurious Relevance Assignment,"The query consists solely of an arbitrary numerical ID ('264014') with zero semantic overlap or relation to the document about flea control. Model B erroneously awarded relevance to completely unrelated text, whereas Model A correctly identified that the document is completely irrelevant to the query."
168216,3540200,168216,"For the treatment of atypical pneumonias, macrolides are likely to be equivalent to fluoroquinolones and are currently more cost-effective. Quinolones provide exceptional coverage against atypical pathogens when infection with these organisms is suspected in patients with community-acquired pneumonia.",0,0,1,"Here's my summary, as if I were thinking it:

**Assessing the Context's Relevance**

Okay, here's the deal. The prompt is laser-focused on *L. pneumophila* and its specific virulence factors involved in pneumonia. But, after re-reading, it's pretty clear that this given context is completely off-target. It's solely discussing treatment strategies, like macrolides and fluoroquinolones, for atypical pneumonias. There's not a single mention of the bacterial factors themselves, no discussion of any proteins, enzymes, or mechanisms that actually contribute to the disease process. Therefore, based on this information alone, there's absolutely no way to formulate a reasonable answer to the question about virulence factors. It's a straight-up mismatch. I have to give this context a big zero.


","**Assessing the Question's Answerability**

Okay, so I've got this question about *L. pneumophila* virulence factors and their role in pneumonia. I need to figure out if I can answer it based on the context provided. Let's see... the context here is all about treating atypical pneumonias with macrolides and fluoroquinolones. Hm, that's treatment, not pathogenesis. It's not delving into the mechanisms by which *L. pneumophila* actually *causes* pneumonia. I'm looking for specifics on virulence factors, and I'm not seeing any mention of those at all. Based on the material, I cannot answer the question. This one's a definite zero. No relevant information here.


",Score-Reasoning Contradiction,"Model B's internal reasoning correctly identified that the document had zero relevance to the target topic and explicitly stated the score should be a 'definite zero', but it contradicted its own evaluation by outputting a score of 1."
1124210,60863,1124210,Name two types of vascular tissue and identify their functions. Xylem provides support and conducts water from a plant's roots through its stem to its leaves. Phloem conducts organic compounds and some mineral nutrients throughout a plant's body.,0,0,1,N/A,N/A,Failure to Recognize Complete Irrelevance,"The query is an arbitrary numeric string with no semantic relation to the document about plant vascular tissue. While Model A correctly recognized the total absence of relevance and scored it 0, Model B exhibited leniency bias and incorrectly awarded a score of 1."
1113437,7368427,1113437,"Use these tips to identify coniferous trees: Pines and larches have needles in clusters of two, three, five or more. Firs and hemlocks have flat, single needles, sometimes with a slender leaf-stalk joining the main needle to the branch, and sometimes without one.The needles of spruces have edges.se these tips to identify coniferous trees: Pines and larches have needles in clusters of two, three, five or more. Firs and hemlocks have flat, single needles, sometimes with a slender leaf-stalk joining the main needle to the branch, and sometimes without one. The needles of spruces have edges.",1,1,0,N/A,N/A,Failure to Handle Identifier Query,"The query consists solely of an ID number ('1113437') associated with the passage. Model B failed to recognize the query as a document or task identifier lookup and rejected the document due to an apparent lack of semantic overlap, whereas Model A properly evaluated or preserved the ground-truth relevance."
131843,985993,131843,"Define AIRMET: a notice of potentially hazardous weather conditions (such as turbulence, icing, or low visibility) along a planned flight route that … a notice of potentially hazardous weather conditions (such as turbulence, icing, or low visibility) along a planned flight route that is provided…",1,1,0,"**Evaluating the Context's Completeness**

Okay, let's break this down. My goal here is to determine if the provided context actually answers the question. The question is pretty straightforward: does the context specify the issuing authority and geographical scope of an AIRMET? The text gives a definition, but it's truncated. It mentions ""along a planned flight route,"" which addresses the geographical scope *in part*, but not definitively. More importantly, it completely neglects the issuing authority.

So, the issue isn't even about *interpreting* ambiguous information; the context is simply incomplete. It doesn't *say* who issues the AIRMET. Now, typically, these prompts aim to assess if the information is explicitly *present* or can be *inferred*. In this case, it can't be inferred either. The question ""Does it specify..."" can be answered, albeit with a negative: ""No, it doesn't."" But, the objective of the overall prompt is about identifying if the key information is present or answerable. Thus, it's a clear 'zero'.


","**Analyzing the AIRMET Definition**

Okay, so the prompt is asking if the definition of an AIRMET explicitly states *who* issues it and *where* it applies. Let's break this down. The provided definition describes an AIRMET as a ""notice of potentially hazardous weather conditions...along a planned flight route."" Right away, I can see a problem. This is a very truncated definition. It tells me *what* an AIRMET is *about*, but it completely skips over critical details.

Does this snippet say *who* is responsible for issuing it? Nope. Does it detail the *geographic scope* beyond ""along a planned flight route""? Absolutely not. The definition provides insufficient information to address the question. It's incomplete and therefore useless for answering the query. My grade for this is a clear zero. The provided context utterly fails to give the information requested in the prompt.


",Hallucinated Requirement,Model B penalized the document and scored it 0 because it evaluated it against fabricated criteria (demanding that the text specify the issuing authority and precise geographic scope) rather than evaluating the document's baseline relevance or definition.
527433,3973286,527433,"Dysarthria is a speech impairment in which the child has difficulty producing sound and articulating words. Loss of speech from dysarthria (difficulty talking), hearing loss, and vision loss can occur.",1,1,0,"**Analyzing the Information Regarding Dysarthria and CP Subtypes**

Okay, so the question is pretty straightforward: does this text actually *detail* specific types of dysarthria and then connect them to spastic, dyskinetic, or ataxic Cerebral Palsy subtypes? Let's break this down. The context offers a general definition of dysarthria as a speech impairment, noting the difficulties in sound production and articulation, and acknowledging that hearing and vision loss are possible. Useful, but not specific.

Right off the bat, I can see this text doesn't explicitly *correlate* the two concepts. It just defines dysarthria. So, based on the text itself, the answer is a resounding ""No."" It simply doesn't provide the information needed to make that correlation. We can definitively say that the required information isn't present based on the provided context.

Thinking about grading this in a structured assessment, the context completely avoids any discussion of the CP subtypes (spastic, dyskinetic, ataxic). It's a fundamental lack of information. Following standard rubrics, where specifics are missing, or a ""no"" answer is required, I'd have to grade this as a 0. The context doesn't support the answer requested.


","**Analyzing the Query and Context**

Okay, so the question is pretty straightforward: does the provided information link specific types of dysarthria to spastic, dyskinetic, or ataxic cerebral palsy subtypes? My initial assessment is that the answer is no. The context defines dysarthria generally as a speech impairment, and mentions hearing and vision loss, but there's no mention of these specific CP subtypes or any correlation between specific dysarthria types and those subtypes.

But I need to be precise. The prompt also asks if the question can be answered, and offers a score from 0-5. So, am I evaluating the *answer* or evaluating the *context's ability to provide an answer*? This is crucial for benchmarks. I'm thinking... for RAG context relevancy/answerability, if the context is completely devoid of the target information...it cannot provide the answer. It's almost a trick question.

Given the criteria, and thinking about how these sorts of benchmarks work, the context *completely* lacks the necessary information to address the core of the question. The information requested is not mentioned anywhere. The correlation isn't there, and the context *cannot* provide details asked for. Therefore, the relevance is at the bare minimum, zero. That's a solid 0.


",Overly Strict Relevance Threshold,"Model B applied an overly strict, binary standard of answerability rather than recognizing marginal/topical relevance. Because the document did not completely answer the complex underlying query regarding specific cerebral palsy subtypes, Model B assigned a 0, missing the minimal relevance (score 1) captured by the human annotator and Model A."
1124210,8547687,1124210,"Xylem in plants is the water conducting tissue in vascular plants. Based on the stage and origin of growth, a xylem may be primary or secondary. Word origin: Greek xylon, wood. Compare: phloem ‘’See also:’’ softwood, hardwood. Related terms: primary xylem; secondary xylem; protoxylem; metaxylem",0,0,1,N/A,N/A,Failure to Identify Complete Irrelevance,"The query consists purely of an uncontextualized numeric identifier ('1124210') that has zero relationship to the biological text about plant xylem. Model B exhibited overly lenient scoring or assumed a spurious connection, failing to assign a score of 0 to a completely irrelevant document."
168216,5024308,168216,Legionnaires' disease is a common name for one of the several illnesses caused by Legionnaires' disease bacteria (LDB). Legionnaires' disease is an infection of the lungs and is a form of pneumonia. Legionnaires' disease bacteria (LDB),0,0,1,N/A,N/A,Hallucinated Relevance,"The query consists solely of an arbitrary number ('168216') with zero lexical, semantic, or topical overlap with the document about Legionnaires' disease. Model B failed to recognize the complete absence of a match and incorrectly assigned positive relevance, whereas Model A correctly identified it as entirely irrelevant."
183378,4803854,183378,"Likewise, the alpha-collagen has 50 exons that range from 45-249 bases and the gene is about 40,000 bases. Clearly two genes of the same size can have different number of introns, and introns that vary in size. Some species will have an intron in a gene, but another species may not have an intron in the same gene.ntrons, Exons and Splicing hn RNA. 1  The sequence order is the same as in the mRNA. 2  The structure of an interrupted gene is identical in all tissues. 3  Introns of nuclear genes have termination codons in all three reading frames.",0,0,1,N/A,N/A,Hallucinated Relevance,The query consists solely of an arbitrary numeric identifier ('183378') that has no mention or connection to the document's biological content about introns and exons. Model B incorrectly assigned a non-zero relevance score to a completely unrelated passage.
573724,394136,573724,Social determinants of health. The social determinants of health (SDOH) are the economic and social conditions and their distribution among the population that influence individual and group differences in health status.,1,1,0,N/A,N/A,Failure to recognize benchmark query ID,"The query '573724' is a benchmark query ID (from datasets like MS MARCO corresponding to social determinants of health) rather than natural language text. Model B strictly interpreted the numeric string literally and found no lexical overlap with the passage, whereas Model A correctly recognized or mapped the benchmark query identifier."
1121402,7125983,1121402,"Contour bunding, Catalonia, 2007. Contour plowing (or contour ploughing) or contour farming is the farming practice of plowing across a slope following its elevation contour lines. The rows form slow water run-off during rainstorms to prevent soil erosion and allow the water time to settle into the soil.",2,2,1,N/A,N/A,Over-penalized Keyword Mismatch,"The query consists solely of a numeric identifier ('1121402'), likely representing a benchmark passage or document ID. Model B failed to recognize the identifier/target match and penalized the document due to the absence of literal or semantic keyword overlap, whereas Model A correctly preserved the full relevance score."
1129237,4141012,1129237,"Hydrogen is certainly not a colorful chemical element. But it has one surpassing feature. The hydrogen atom happens to be the smallest and lightest of all atomic elements. At temperatures above minus 423 degrees Fahrenheit, it boils and becomes the lightest of the gases.ydrogen is certainly not a colorful chemical element. But it has one surpassing feature. The hydrogen atom happens to be the smallest and lightest of all atomic elements. At temperatures above minus 423 degrees Fahrenheit, it boils and becomes the lightest of the gases.",0,0,1,N/A,N/A,Hallucinated Relevance,"The query '1129237' is completely unrelated to the document about hydrogen, having no semantic, topical, or lexical connection. Model B failed to recognize complete irrelevance and improperly assigned a non-zero score."
87181,5080259,87181,"The more the valve leaks, the harder the heart and the left ventricle have to work to pump blood out to the body. The combination of significant leakage and narrowing can cause a great deal of stress on the heart. The natural history of aortic stenosis is that it tends to become more severe over time.",0,0,1,N/A,N/A,Hallucinated Relevance,"The query '87181' is an arbitrary number (likely a zip code or code identifier) with no connection to the document's content on aortic valve stenosis. Model B incorrectly inferred or hallucinated relevance where no semantic or lexical match exists, whereas Model A correctly recognized the complete lack of relevance."
1133167,3498426,1133167,"Virginia Beach is home to seasonal weather and a temperate climate. The summer months in Virginia Beach, from June to September, feature typically hot, sunny weather, with a fairly humid climate and cooler evenings, when temperatures drop. Summer weather in Virginia Beach peaks at around 31°C / 88°F during July and August, with many fine days. Wet weather in the Virginia Beach area is spread throughout the year, although more rain falls during the spring and summer months, often quickly followed by sunshine. The average annual precipitation / rainfall in Virginia Beach is around 45 inches / 114 cm.",0,0,1,N/A,N/A,Hallucinated Relevance,The query consists solely of an unexplained numeric string ('1133167') that has no apparent semantic connection to the passage describing Virginia Beach's climate. Model B likely assumed a tenuous link or defaulted to a lenient non-zero score instead of recognizing the complete lack of relevance as Model A and human raters did.
490595,7698199,490595,"The RSA cryptosystem - introduced by Rivest, Shamir, and Adlement in 1977 - relies for its security on the difficulty of working out the factors dividing large integers.",1,1,0,N/A,N/A,Over-reliance on lexical match,"Model B rejected the document due to a complete lack of literal text overlap with the numeric query, failing to recognize the semantic or dataset-specific association (such as a benchmark query ID or latent RSA factor/concept) that Model A and human annotators identified."
1114646,5417949,1114646,"These drugs can also reduce the severity and duration of symptoms when they do flare up. Drug therapy is not a cure, but it can make living with the condition easier. There are three major drugs commonly used to treat genital herpes symptoms: acyclovir (Zovirax), famciclovir (Famvir), and valacyclovir (Valtrex).These are all taken in pill form. Severe cases may be treated with the intravenous (IV) drug acyclovir.ost cases of genital herpes are caused by infection by the herpes simplex virus type 2 (HSV-2). Herpes simplex virus type 1 (HSV-1) is more often the cause of cold sores or fever blisters. But it can also be a cause of genital herpes.",1,1,0,N/A,N/A,Strict Keyword Matching,"The query consists solely of an ID or numeric string ('1114646'). Model B likely evaluated the document based on a strict lexical/keyword match and dismissed it as irrelevant because the numbers did not appear in the text, whereas Model A correctly retained relevance."
1063750,3327047,1063750,"Here are some summaries of explanations. There were unauthorized German submarines along the US East coast. Germany's resumption of unrestricted submarine warfare... {text:bookmark-start} Why the United States Entered World War I {text:bookmark-end} The US ...n June 28th 1914, Franz Ferdinand, the Austrian archduke, and his wife were murdered by a Bosnian revolutionary named Gavrilo Princip. This assassination triggered declarations of war. Firstly, this gave Austria a reason to attack Serbia.",1,1,0,"**Assessing the Response's Adequacy**

Okay, so the prompt wants me to identify specific U-boat actions that definitively shattered US neutrality, going beyond the *Lusitania* – a classic starting point, but not the whole story. The information given is fragmented; it's practically a whisper compared to what's needed. It highlights the presence of unauthorized German subs off our East Coast and Germany's return to unrestricted submarine warfare, but that's just the broad strokes.

Does it give me concrete specifics, like the actual ships targeted, dates, and details of these events that broke the camel's back? No, it doesn't. We're missing the meat and potatoes here. I'm left wanting a full account, not just general statements.

My expert judgment is that this isn't a complete answer. While it touches on relevant issues, it lacks depth and specific examples that would conclusively demonstrate how US neutrality was nullified. It only partially addresses the core of the question. I would grade this a 2, maybe a generous 3 at best, given the lack of detail.


","**Assessing the Information Provided on U-boat Provocations**

Okay, so I'm presented with the question: ""Beyond Lusitania, what *specific* U-boat provocations directly nullified US neutrality?"" The context provided touches on the subject, but my initial impression is that it's incomplete. It mentions ""unauthorized German submarines along the US East coast"" and the ""resumption of unrestricted submarine warfare,"" which are both relevant points, but it's all very high-level. I'm looking for specifics – specific incidents, like the *Sussex*, the *Laconia*, specific sinkings of American vessels, the dates, the circumstances. This summary seems to be leaving out critical details.

It seems the information given does a passable job touching on the topic, but it leaves out concrete examples. The resumption of unrestricted submarine warfare is undoubtedly the key point here, the big red flag. But without those specific examples it is limited in scope. I'd rate this a 2 out of 3, limited relevance and completeness, with significant gaps. It's on the right track conceptually, but it's not giving me the granular details I'd expect.


",Score-Reasoning Discrepancy,"Model B's internal reasoning recognized that the document was on the right track conceptually and possessed limited/partial relevance (explicitly stating it would rate it a '2 out of 3'), but it then incorrectly mapped this partial relevance to a final score of 0 instead of 1."
168216,2160687,168216,"Document and record the maximum hot water system temperatures using a calibrated thermometer in a cup within 6 inches of the fixture outlet at the farthest fixture every 15 seconds until the temperature stabilizes for five consecutive readings.9.. The minimum temperature of hot water to prevent Legionella bacteria growth-The minimum temperature to prevent Legionella Bacteria growth is 122°F. Above 122°F and up to 131°F, Legionella bacteria survives, but will not multiply. At 131°F, it takes about 5 to 6 hours for the bacteria to die.",0,0,1,N/A,N/A,Hallucinated Relevance,"The query is an opaque numeric identifier ('168216') with no connection or match to the document content regarding hot water temperatures and Legionella prevention. Model B incorrectly assigned positive relevance where no relationship exists, failing to detect total irrelevance."
156493,7112226,156493,"When a rapidly-growing cell divides into two smaller cells, what triggers the split? Is it the size the growing cell eventually reaches? Or is the real trigger the time period over which the cell keeps growing ever larger?",0,0,1,"**My Assessment of the Question's Scope**

Okay, so the query is straightforward: does the scenario quantify age-dependent growth rate changes? My initial thought, after considering the provided context, is a resounding no. The context dives into the fundamental question of what triggers cell division in rapidly growing cells. The core dilemma focuses on the *trigger* itself: is it reaching a critical size, or is it a time-dependent process, a measure of duration? We're exploring the *when* and *why* of the split.

I see mentions of the crucial elements – a rapidly growing cell, the split trigger, cell size, and the time period of growth – all relevant to cell division. However, I don't see anything explicitly quantifying growth *rate* changes dependent on age. The prompt presents the *question* of the trigger, but there are no details or data on specific growth rates, nor any age-related dependencies for the rates. Therefore, based solely on this information, I can't determine if the prompt is suitable for quantifying age-dependent growth rate changes. Thus, this question is unanswerable.


","**Analyzing the Question's Answerability**

Okay, so the user poses a specific question: ""Does it quantify age-dependent growth rate changes?"" My initial assessment, considering the provided context, is a straightforward ""no."" The context describes a fundamental biological question concerning cell division – specifically, the trigger for that division. It asks about size versus time and growth. However, it *doesn't* offer any methodologies, equations, experimental results, or theoretical frameworks that would allow for the quantification of age-dependent growth rate changes. The context simply raises the questions. Therefore, I can't derive an answer; there's nothing concrete there. The answer is zero.


",Score/Reasoning Mismatch,"Model B's reasoning correctly identified that the document does not contain the relevant information and explicitly concluded with 'The answer is zero', but it mistakenly outputted a final relevance score of 1, contradicting its own assessment."
146187,3886011,146187,"1 Medium-Well (a smidge of pink in the middle): 9 minutes total. 2  Well Done (no pink): 10 minutes total. 3  To make cheeseburgers: If making cheeseburgers, top the burgers with cheese as soon as you flip them. 4  If the cheese isn't melting fast enough, cover the pan with a lid or other dome to encourage the cheese to melt.",0,0,1,"Here's my thought process, distilled:

**Cheeseburger Cheese Quantification**

Okay, so the instructions are telling me how to make a cheeseburger, and it's got a point about adding cheese when the patties are flipped. My immediate question is: does it actually quantify the cheese? Does it say *how much* cheese? Let's be precise here, I need to know if the text explicitly states the number of cheese slices.

Alright, I've re-read the relevant part. No, it doesn't give a specific number, be that one slice, two, or whatever. The instruction is completely silent on that point.

Given that I can definitively answer the question with a simple ""No, it does not,"" based solely on the provided text, the context is entirely sufficient to answer my yes/no query. Therefore, this is a solid grade 5 scenario – the question is answerable with the information given, straightforward and unambiguous.


","**Analyzing the Context for Cheese Slice Specificity**

Okay, so the user is asking a pretty straightforward question: does the given context tell us *exactly* how many cheese slices should go on each burger? Let's break this down. The text talks about ""topping the burgers with cheese as soon as you flip them."" Alright, that's clear enough – we're dealing with cheese on burgers. But... does it *quantify* the cheese? Does it say ""one slice,"" ""two slices,"" ""a handful,"" or even imply a specific number in any way?

Nope. It's frustratingly vague. Therefore, the question: “Does it specify the number of cheese slices per item?” can be answered with a resounding ""No."" The provided context gives us *enough* information, to answer the initial question. I can answer it definitively. It's a clear ""No, it does not specify.""

The prompt then forces me to rephrase, and confirm that the question can, therefore, be answered based on the provided text, and I can confirm that the question is fully answerable. So, a grade 5, then. Done.


",Score Mapping Inconsistency,"Both models hallucinated an evaluation task about cheese slice quantification rather than evaluating relevance to the numerical query '146187'. However, while Model A ultimately emitted the correct relevance score of 0, Model B erroneously mapped its judgment to a non-zero score of 1, failing to assign complete irrelevance."
146187,32195,146187,"How to Cook a Cheeseburger. Community Q&A. Cheeseburger is a traditional, American favorite. It can be grilled, fried, or oven baked, and purchased at almost any corner or fast-food restaurant. For a tasty treat, try a homemade cheeseburger.",0,0,1,"**Analyzing the Cheeseburger Context**

Okay, so the user wants to know if this context – ""How to Cook a Cheeseburger. Community Q&A. Cheeseburger is a traditional, American favorite. It can be grilled, fried, or oven baked, and purchased at almost any corner or fast-food restaurant. For a tasty treat, try a homemade cheeseburger"" – tells us anything about the *number* of cheese slices per cheeseburger. And the answer is a resounding *no*. This context is all high-level. It's about *how* you can get a cheeseburger, not the specific ingredients or how they're assembled.

The question itself is perfectly clear. It's a straightforward factoid lookup. Does the text *explicitly* state the number of cheese slices? It doesn't. And that means a grade of zero. This isn't a case where we need to infer or calculate; the answer is simply ""not present."" We're looking for a direct, verifiable piece of information, and it's absent. I'd be looking for a more detailed recipe, like ""Place one slice of cheese on each burger patty.""


","**Analyzing the Cheese Slice Inquiry**

Okay, here's the deal. The core question is whether the provided text *explicitly* states how many cheese slices are in each item. The context, which is about cheeseburgers in general and their cooking, doesn't get into that level of detail at all. It's really more about the process.

Now, I paused to consider if the question itself can even be answered directly. My initial response was a quick, ""No, it doesn't specify."" But then I took a beat and thought, did the question mean ""What is the number of cheese slices?"" or was it a literal ""Does it say...?"" Usually, in evaluations like this, the goal is to assess whether *the context* has the necessary information, right? So, if the information isn't present, the answer is no and the answer must be zero.

Then, it hit me: the text doesn't even MENTION cheese slices. It's completely irrelevant to the question! That seals it. The context offers zero relevant information. Therefore, the answer is a score of zero.


",Reasoning-Output Discrepancy,"Model B's internal reasoning correctly determined that the context contained no relevant information and explicitly concluded that 'the answer is a score of zero', but it failed in final execution by outputting a score of 1."
87181,742425,87181,Aortic insufficiency causes both volume overload (elevated preload) and pressure overload (elevated afterload due to increased stroke volume) of the heart. The volume overload (due to elevated pulse pressure and the systemic effects of neuroendocrine hormones) causes left ventricular hypertrophy (LVH).,2,2,1,N/A,N/A,Failure to Resolve Query Identifier,"The query is presented as an ID ('87181', from MS MARCO corresponding to causes of left ventricular hypertrophy). Model B likely failed to resolve the underlying semantic query or over-penalized the passage due to the lack of literal lexical overlap with the numeric ID, downgrading an otherwise fully relevant document."
1133167,6504576,1133167,Weather Averages and Climate in US Virgin Islands. The US Virgin Islands have a tropical climate. Temperatures throughout the year are between 25 and 30 degrees Celsius (77-86° Fahrenheit). In August and September hurricanes may occur.,0,0,1,"**Analyzing the Severe Weather Inquiry**

Okay, so the user is asking about *current* severe weather advisories. The information provided is interesting – it gives me the typical climate conditions and hurricane history for the US Virgin Islands during August and September. That's good context, it helps me understand the *potential* for severe weather in the region. However, it's completely silent on the *actual* weather situation right now. There's nothing in this text that tells me if there are any active warnings, watches, or advisories currently in effect. Therefore, I simply can't answer the question based on this information. It's a clear miss; the grade has to be a zero. I need real-time data to address the user's need.


","**Analyzing the Information for Real-Time Severe Weather**

Okay, so the user's question is straightforward: Can I determine if there are any active severe weather advisories based on this provided context? Let's break this down. The context talks about the US Virgin Islands, mentioning their tropical climate and temperature ranges. It also alludes to the possibility of hurricanes during August and September. However, this is all historical and average climate data. It describes *potential* weather conditions, not *current* ones. My understanding is that ""active severe weather advisories"" requires *real-time* information. Since this context doesn't offer any such real-time or current data points, the answer is a definitive no. There's just no way to determine current alerts from averages and historical information. It's a clear miss – a score of zero is accurate here.


",Score-Reasoning Inconsistency,"Model B's internal reasoning completely matched Model A's logic, explicitly concluding that the document was a 'clear miss' and that 'a score of zero is accurate here.' However, it suffered a failure in final score generation by outputting a score of 1 instead of 0."
168216,8244850,168216,"Assume the average cold water supply temperature is 58.7°F. The tank will be set at 140°F, to avoid Legionella. The tank recovery is typical of a natural gas heater, so it can recover its volume in an hour (40 gph in this case).",0,0,1,"**Assessing the Relevance of Context**

Okay, I need to figure out if this provided context actually addresses my question: ""What specific virulence factors of *L. pneumophila* are implicated in pneumonia pathogenesis?"" I'm expecting to see a direct discussion of those factors – things like, say, the Dot/Icm secretion system, effector proteins, flagellin, or perhaps even outer membrane proteins. But, from what I can see, this doesn't appear to be it.

The context is talking about cold water supply temperatures, setting water heaters at 140°F, and tank recovery rates. All of this deals with *Legionella* control in water systems, which is important, but fundamentally, it's about environmental factors and prevention, not the bacterial mechanisms of disease.

Based on this limited information, it looks like this context is entirely unrelated to the actual virulence factors. Score: 0. This is a miss.


","Here's my assessment of the situation:

**Analysis of the Question and Context**

Okay, the prompt is straightforward; it wants me to identify *specific* virulence factors of *Legionella pneumophila* that play a role in pneumonia development. However, the accompanying text is all about water temperature control – specifically, the setting of a water heater to 140°F and recovery times for a natural gas heater as a measure to prevent *Legionella* growth in cold water supplies. While relevant to preventing infection, the context doesn't actually *discuss* the virulence factors themselves – things like effectors, surface proteins, or mechanisms of intracellular survival. It provides practical information about environmental control, not the molecular mechanisms of disease.

Therefore, given the lack of information directly related to virulence factors, I have to conclude that a satisfactory answer cannot be derived from the provided context. I'm assigning a grade of 0 to reflect this deficiency.


",Score-Reasoning Inconsistency,"Model B correctly deduced that the context does not answer the question and explicitly concluded in its reasoning that it was assigning a grade of 0, but ultimately output a final score of 1, contradicting its own assessment."
156493,2259183,156493,"A large tank gives your goldfish plenty of room to grow to their full potential. In a small 5-gallon aquarium, your goldfish will still grow. But growth will become stunted, and your goldfish won’t be able to develop properly. In such an environment, goldfish usually don’t last any more than a couple of years.",2,2,1,N/A,N/A,Lexical Overlap Bias,"Model B likely downgraded the document due to a complete lack of lexical overlap with the numerical query '156493' (an unmapped benchmark query ID), whereas Model A was able to retain the higher relevance judgment despite the missing explicit query text."
1124210,4553374,1124210,"The parts of a tree are the roots, trunk(s), branches, twigs and leaves. Tree stems are mainly made of support and transport tissues (xylem and phloem). Wood consists of xylem cells, and bark is made of phloem and other tissues external to the vascular cambium.",0,0,1,N/A,N/A,Hallucinated Relevance,"The query is an arbitrary numeric identifier ('1124210') with no conceptual or keyword overlap with the document discussing tree anatomy. Model B improperly assigned marginal relevance to completely unrelated text, whereas Model A correctly identified the absence of relevance and scored it 0."
962179,2017003,962179,"Answer Wiki. According to SHARING IS CARING Trademark of Salvation Army, The - Registration Number 2492693 - Serial Number 76180417 :: Justia Trademarks, the Salvation Army has had sharing is caring trademarked since 1950.",0,0,1,"**Analyzing the Prompt: A Binary Evaluation**

Okay, so the user's question is straightforward: does the provided context actually *specify* when ""The Christian Mission"" officially became ""The Salvation Army""? The context, as presented, talks about a trademark for ""The Salvation Army"" from 1950. Hmm... This seems fairly easy to dissect.

From my perspective, as an expert, I'd say the provided information is irrelevant to the question. It mentions *The Salvation Army*, but there's no reference to *The Christian Mission* or any date related to name adoption. The benchmark is about whether the *context* contains the information asked for, and clearly it doesn't. My response would be a definite ""No.""


","**My Assessment of the Provided Information**

Alright, let's break this down. My initial query concerned the specific date that The Christian Mission transitioned to using the moniker ""The Salvation Army."" The context I've been given, which deals with a trademark held by The Salvation Army since 1950, is entirely irrelevant to that question. It provides absolutely no information about the naming history of the organization or when the transition from ""The Christian Mission"" occurred. Therefore, based solely on this limited context, I can't determine the answer to my question. The context provided is not helpful. It's a dead end. Time to find a more appropriate resource.


",Score-Reasoning Inconsistency,"Model B correctly reasoned that the context was entirely irrelevant and a dead end, but contradicted its own logic by assigning a relevance score of 1 instead of 0."
915593,4566822,915593,"Cooking sous vide is easier than its fancy name might suggest. You simply seal the ingredients in a plastic bag (you can also use a canning jar) and place them in a water bath, a combi oven, or any other cooker that can set and hold a target temperature to within a degree or two.he other steak was cooked sous vide to the same temperature and then seared with a blowtorch to yield a juicier steak that is done to perfection from edge to edge.",1,1,0,"**Evaluating the Context's Relevance**

Okay, let's break this down. My goal is to determine if this context actually differentiates sous vide approaches for fibrous versus starchy vegetables. I need to be absolutely certain before I make any judgements. I read through the context, expecting some specific guidance that I know should be present given the question asked. 

Hmm... it seems the context dives into sous vide cooking in a general sense, even going so far as to mention steak. However, I'm not seeing *any* discussion, *no* differentiation, *nothing* about fibrous or starchy vegetables. The question is a very specific differentiation of techniques for very specific foods. Given the information I have in the context, I'm forced to conclude that this context is utterly incapable of answering the question posed. There's just no connection. I have to assign a grade of 0. It's simply not relevant.


","**Analyzing the Context for Relevance**

Okay, so the user's question is pretty specific: does the information given differentiate sous vide approaches for fibrous versus starchy vegetables? Let me break this down. From the provided text, I see that it discusses what sous vide is—sealing ingredients, using a water bath or combi oven—and then it mentions cooking steak sous vide, including searing it with a blowtorch. 

Essentially, this describes a general sous vide technique and then provides a specific example for steak. The critical point is that there's absolutely no mention whatsoever of fibrous or starchy vegetables, not even in passing. Therefore, based purely on this context, the answer is definitively no. This material doesn't address the nuance of cooking these different vegetable types with sous vide. A grade of zero is appropriate here.


",Hallucinated Requirement,"Model B evaluated the document against a hallucinated, overly specific query about fibrous versus starchy vegetables rather than the actual query intent, causing it to reject a genuinely relevant general definition of sous vide cooking."
1114646,5959593,1114646,a treatment with antiviral drugs can help people who are bothered by genital herpes outbreaks stay symptom free longer these drugs can also reduce the severity and duration of symptoms when they do flare up drug therapy is not a cure but it can make living with the condition easierthere are three major drugs commonly used to treat genital herpes symptoms acyclovir zovirax famciclovir famvir and valacyclovir valtrexhese drugs can also reduce the severity and duration of symptoms when they do flare up drug therapy is not a cure but it can make living with the condition easier there are three major drugs commonly used to treat genital herpes symptoms acyclovir zovirax famciclovir famvir and valacyclovir valtrex,1,1,0,N/A,N/A,Strict Keyword Matching,"Model B failed to recognize the numeric query as a valid identifier (such as a database ID or accession number) associated with the document, rejecting it due to the absence of direct lexical keyword overlap."
1113437,6765123,1113437,Evergreen Trees. An excellent time to prune spruce and fir is late winter when they are still dormant. Spruce and fir possess side or lateral buds. The pruning cut should be just above a side bud or branch.,0,0,1,"Okay, here's my assessment of that question and context, assuming I'm dealing with a user who has a solid botanical background:

**Analysis of Question Relevance**

Alright, let's break this down. The question boils down to whether the pruning context, which talks about late winter work on spruce and fir, explicitly addresses the presence and nature of *persistent sterigmata* on the twigs. My quick scan reveals a definite *no*. There's no botanical granularity in the passage, no discussion of twig morphology at that level of detail. It focuses on the practical aspects of pruning—lateral buds, pruning cuts, and timing—which are completely separate concepts. Therefore, with a score of 0, I conclude the context is entirely irrelevant for answering this specific question regarding the presence or lack of botanical description.


","Here's my summary, as the thought process you described:

**Analyzing the Query about Spruce and Fir Pruning**

Okay, so the question is specifically asking about ""persistent sterigmata"" on spruce and fir twigs, in the context of pruning. My first instinct, given my expertise, is to immediately check the provided text for any mention of the term ""sterigmata."" I know what they are and their importance for identification.

Scanning the text, I see nothing. Absolutely no reference to ""sterigmata"" whatsoever. The focus, from what I can gather, is on pruning techniques for these trees. Therefore, I can definitively conclude that the answer to the posed question cannot be found within this given context. There's simply no basis for a positive or even a tentative response. Therefore, a score of zero is appropriate.


",Score/Reasoning Inconsistency,"Model B correctly deduced in its reasoning that the text lacked relevant information and explicitly concluded that 'a score of zero is appropriate,' yet it contradicted itself by assigning a final score of 1."
146187,4777147,146187,"McDonald’s may have scaled back their Dollar Menu recently, instead replacing it with the “Dollar Menu & More” menu, which includes items that cost up to two dollars, but thankfully their breakfast Dollar Menu remained unaffected, and you can still get a handful of McDonald’s breakfast items for a buck.",0,0,1,"Okay, here's my assessment of that question and context, from my expert perspective:

**Analysis of Cheese Slice Specification in McDonald's Dollar Menu Context**

Right, let's break this down. The core query is whether the provided text specifies the *number* of cheese slices per item. Immediately, I zero in on the key terms: ""cheese slices,"" ""specifies,"" and the context of the McDonald's Dollar Menu and breakfast items. My immediate thought is, based on experience, that the Dollar Menu's descriptions are usually pretty basic and focus on the item's *existence* rather than detailed component quantification like the *exact* number of cheese slices.

Now, I reread the context, which mentions the Dollar Menu and breakfast items. And my suspicion is confirmed: there's absolutely no mention of cheese, let alone the number of slices. Therefore, from a purely informational standpoint, the context is completely silent on this matter. It does not provide the necessary data to ascertain the number of cheese slices per item. So, considering the information presented in the prompt I must grade it a zero. The question is unanswerable from the data supplied.


","**Analyzing the Dollar Menu Inquiry**

Okay, here's what I'm thinking. The core of the issue is whether the provided text about the McDonald's Dollar Menu tells us how many cheese slices are in each menu item. The text, as I read it, doesn't mention cheese or the specific number of cheese slices *anywhere*. 

So, initially, my instinct is to say definitively, ""No, it doesn't specify."" But I need to be precise. The criteria here focuses on context relevance and question answerability – standard RAG triage. 

Ultimately, my assessment comes down to this: *Can* the question be answered based on what's available? The answer is a clear ""No."" The text is completely silent on the topic of cheese slices. Therefore, the relevance score, in this context, is 0.


",Score-Reasoning Inconsistency,"Model B correctly deduced that the document does not answer the question and explicitly concluded in its text that the relevance score is 0, but it erroneously output a final score of 1."
183378,483411,183378,The expected mutant titin transcripts were detected by reverse transcribed-PCR in which the exons 357 (coding for A167/A168 located in the periphery of the M-line) and exon 360 (MEx3 coding for M8) were joined in-frame.,0,0,1,N/A,N/A,Hallucinated Relevance,"The query is an isolated numeric identifier ('183378') that does not appear anywhere in the document text. Model B hallucinated a connection or assumed relevance to the biological snippet without any textual or verifiable match, whereas Model A correctly identified that the document is completely irrelevant."
1113437,2001935,1113437,"1. a: any of a genus (Picea) of evergreen trees of the pine family with a conical head of dense foliage, flat or 4-sided needles, pendulous cones, and soft light wood b: any of several coniferous trees (as Douglas fir) of similar habit. 2.",1,1,2,"**Analyzing the Inquiry: Picea and Sterigmata**

Okay, so the prompt is straightforward: does the provided description of the *Picea* genus explicitly mention persistent sterigmata on the twigs? My initial assessment is that the context focuses on more readily observable characteristics – the foliage, needles, pendulous cones, and the wood's properties. While these are all relevant for genus identification and classification, my expert understanding immediately knows that the text is lacking the finer details needed to address the question. There is nothing about the specific presence, or absence, of sterigmata on the twigs. Therefore, I can confidently conclude that the information presented simply doesn't contain the data required to answer the question, as it is a characteristic that is not explicitly described. Thus, this question is unanswerable with this information.


","**Analyzing the Sterigmata Question**

Okay, so the question is straightforward: ""Are persistent sterigmata explicitly described on the twigs?"" My initial assessment, given my expertise, is to dissect the context. The provided definition, while describing *Picea* and similar conifers, focuses on their overall characteristics – the conical shape, foliage, cones, wood type, and habit. I'm looking specifically for any mention of persistent sterigmata, or even just twigs, in this description.

Upon careful review, the answer is a definitive ""no."" The context offered doesn't provide the level of detail necessary to address this specific morphological feature. The description is broad. It completely lacks the information I need. Therefore, based solely on the given context, there's absolutely no way to answer the question about the presence or absence of persistent sterigmata on twigs. This is a very clear case of insufficient information.


",Score-Reasoning Contradiction,"Both models correctly deduced that the document lacks the necessary information to answer the question, but Model B experienced a disconnect between its evaluation and rating scale, assigning a higher score of 2 despite concluding there is insufficient information."
1124210,1420740,1124210,"The xylem of a plant is the system of tubes and transport cells that circulates water and dissolved minerals. As a plant, you have roots to help you absorb water. If your leaves need water and they are 100 feet above the ground, it is time to put the xylem into action! Xylem is made of vessels that are connected end to end for the maximum speed to move water around. They also have a secondary function of support.",0,0,1,N/A,N/A,Hallucinated Relevance,"The query '1124210' is an arbitrary numeric string with no semantic or lexical relationship to the document about plant xylem biology. Model A correctly identified the complete lack of relevance (score 0), whereas Model B inappropriately assigned partial relevance (score 1) despite zero topical connection."
405717,5079486,405717,"Transport to and from Orly. The distance from Orly to central Paris (75001) is roughly 19 km or 12 miles (consult travel times for each arrondissement, or neighborhood). From Orly to Roissy-CDG is approximately 41 km (26 miles), and Orly to Disneyland is about 49 km (30 miles). There are a number of options for transferring from the airport to the City of Paris (postal codes 75001-75020), or to Roissy-CDG for connections with international flights.",0,0,1,N/A,N/A,Spurious Pattern Matching,"Model B likely misidentified the arbitrary numeric query '405717' as related to the postal codes (75001–75020) discussed in the document, finding spurious relevance where no actual match or semantic connection exists."
182539,8757178,182539,Monotonic Function. A monotonic function is a function which is either entirely nonincreasing or nondecreasing. A function is monotonic if its first derivative (which need not be continuous) does not change sign.,1,1,0,N/A,N/A,Strict Keyword Matching,"Model B rejected the document due to a complete absence of lexical overlap with the numerical query '182539', whereas Model A maintained the target ground-truth relevance despite the query being an opaque identifier."
1114646,1316103,1114646,"The shingles rash appears as painful skin blisters that appear on only one side of the face or body along the distribution of nerves on the skin. Typically, the rash occurs along your chest, back, abdomen, or face, but it may also affect other parts of the body like the limbs, neck, or lower back.rugs that fight viruses (antiviral drugs), such as acyclovir (Zovirax), valacyclovir (Valtrex), or famciclovir (Famvir), can reduce the severity and duration of the shingles rash if started early (within 72 hours of the appearance of the rash). In addition to antiviral medications, pain medications may be given.",1,1,0,N/A,N/A,Failure to Recognize Code/Identifier,"Model B likely treated the numeric query strictly on surface lexical overlap rather than recognizing it as a domain-specific identifier or benchmark query ID associated with the topic, causing it to dismiss a relevant passage."
168216,5298480,168216,Legionella Risk Assessment legal requirements explained – There is a legal obligation to carry out a legionella risk assessment of the water services in any work place or business connected premise! Down load our legionella legal obligations information document for more information.,0,0,1,"Okay, here's my assessment of this situation:

**Zeroing In on the Virulence Factor Deficit**

The question, as I understand it, is pinpointing specific *L. pneumophila* virulence factors that are directly involved in the development of pneumonia. Fine, a straightforward question in my field. But, the context provided? It's talking entirely about Legionella risk assessments and the legal requirements in a business setting. Completely unrelated! It's focused on compliance, not the molecular mechanisms. It's a disconnect, a non sequitur. There's no information about the pathogenesis of pneumonia caused by *L. pneumophila*, nor does it delve into any virulence factors that could give me some clues. Therefore, based purely on the information presented, I have to give it a score of zero. The provided context offers nothing of substance to answer the question posed.


","**Assessing the Relevance of Context**

Okay, so the user's question is pretty straightforward: they want to know *specifically* which virulence factors of *Legionella pneumophila* are involved in causing pneumonia. My initial assessment is: Does this context, which seems focused on legal aspects and risk assessment of *Legionella* in water systems, actually *provide* that answer? Scanning the provided text quickly confirms my suspicion. It's all about legal requirements, risk assessment protocols, and water services - which has nothing to do with molecular mechanisms of pathogenesis. Therefore, the context is completely irrelevant to the question at hand. I can confidently assign a grade of 0 here.


",Score-Reasoning Inconsistency,"Model B's internal reasoning correctly determined that the text was completely irrelevant and explicitly concluded that a grade of 0 was warranted, but it erroneously output a final score of 1."
573724,394142,573724,"The social determinants of health are linked to the economic and social conditions and their distribution among the population that influence individual and group differences in health status. They are health promoting factors found in one's living and working conditions, rather than individual risk factors that influence the risk for a disease, or vulnerability to disease or injury. According to some viewpoints, the distributions of social determinants are shaped by public policies that reflect",1,1,0,N/A,N/A,Failure to Recognize Identifier Query,"The query consists solely of an ID number ('573724') corresponding to the target passage. Model B evaluated relevance strictly through semantic or lexical matching, failing to recognize the query as a document/passage identifier lookup."
156493,5437919,156493,"Breeding Goldfish. and Raising Baby Goldfish Fry. This page is about Breeding Goldfish and has information about spawning Goldfish, about the difficulty of determining the gender of Goldfish, and about raising Goldfish fry.",1,1,0,N/A,N/A,Over-reliance on lexical matching,"The query consists solely of an identifier number ('156493', likely an unmapped benchmark query ID corresponding to goldfish breeding). While the human benchmark and Model A assigned positive relevance by accommodating dataset artifact context, Model B relied strictly on literal surface text matching and marked it irrelevant due to the complete lack of semantic or lexical overlap."
87181,4786305,87181,"Definition and Etiology. Hypertrophic cardiomyopathy (HCM) is defined as hypertrophy of the myocardium more than 1.5 cm, without an identifiable cause (Figure 1). Other causes of left ventricular (LV) hypertrophy, such as long-standing hypertension, amyloidosis, and aortic stenosis must first be excluded before HCM can be diagnosed.",2,2,1,"Here's my assessment of the question, as I see it:

**Answering the Afterload Question**

Okay, the question is straightforward: are the mechanisms of chronic afterload elevation detailed in this context? Let me think this through. The context is really about excluding other conditions before diagnosing Hypertrophic Cardiomyopathy (HCM). It specifically mentions hypertension, amyloidosis, and aortic stenosis as conditions that need to be ruled out.

Initially, I thought, ""Well, it mentions hypertension and aortic stenosis, so it's *related*."" But on further reflection, does it actually *detail* the mechanisms? No, it just *mentions* them as diagnostic considerations. It doesn't get into the underlying pathophysiologies of how chronic afterload is *elevated* in these conditions.

The question is, ""Are they detailed?"" and the context doesn't, in any meaningful way, address that specific point about mechanisms. The context, as presented, isn't really relevant to answering the question of *details*. It only mentions these conditions as differential diagnoses. I'm going to have to grade this as a zero. The information just isn't there to provide any meaningful answer on that aspect.


","**Analyzing the Depth of Detail Regarding Chronic Afterload Elevation Mechanisms**

Okay, so the question is whether the provided text details chronic afterload elevation mechanisms. My initial thought is to quickly scan the context for those mechanisms. The text defines hypertrophic cardiomyopathy (HCM) and mentions conditions like hypertension and aortic stenosis as potential causes of left ventricular hypertrophy, but *does* it delve into the mechanisms themselves? No, it doesn't.

Now, usually, when a question asks if something is ""detailed,"" a simple ""No, the context doesn't detail them"" would suffice. However, I need to consider how this kind of evaluation is typically scored. Often, a complete lack of information warrants a low score – maybe a 0 or 1, if the text doesn't even touch on the subject.

The question ""Are chronic afterload elevation mechanisms detailed?"" seems straightforward. Since the context *doesn't* detail them, the answer is technically ""No."" But the real test here is whether the text provides *enough* information for a definitive answer. Does the context offer even a partial explanation? Nope, it doesn't. It's almost as if the question is asking a binary 'yes' or 'no', although the QA in question needs to be more specific.

But hang on. This is a QA evaluation, and often a score of 0 indicates that the answer is completely missing or irrelevant. In this scenario, chronic afterload elevation is not even mentioned! So, I'm leaning toward a score of 0. I will not give it a simple ""No"" because this answer may be misleading. It's not a matter of the information being *absent*, but completely *irrelevant*, as there's absolutely nothing to answer in this context. It's not applicable!


",Reasoning-Output Disconnect,"Both models evaluated whether the passage detailed mechanisms of chronic afterload elevation and reasoned toward a negative evaluation, but Model B explicitly rationalized assigning a score of 1 based on an arbitrary assumption that absent information warrants a '0 or 1', leading it to output 1 instead of matching the target score of 2."
156493,1939302,156493,Steps. 1  1. Get the largest possible tank. Do not use a fish bowl; At least 75 liters (20 gallons) is necessary to make quality life for a single fish. 2  2. Set up the tank prior to the purchase of a goldfish. Getting it ready may take four or more weeks. 3  3. Provide mental and physical stimulation for the fish.,0,0,1,N/A,N/A,Hallucinated Relevance,"The query consists solely of an arbitrary numeric identifier ('156493') that bears no topical or lexical connection to the document about goldfish care. While Model A correctly identified the complete absence of relevance and scored it 0, Model B regressed by assigning a score of 1, likely hallucinating a hidden relation (such as assuming the number is an article ID) or being overly lenient on an opaque query."
168216,290819,168216,"Pneumonia can be caused by many types of germs. 1  The most common type of bacterium is Streptococcus pneumoniae (pneumococcus). 2  Atypical pneumonia, often called walking pneumonia, is caused by other bacteria. 3  The bacterium called Pneumocystis jiroveci can cause pneumonia in people whose immune system is not working well.",0,0,1,"Here's my assessment of the situation:

**Analysis of the Question and Context Regarding *L. pneumophila* Virulence Factors**

Alright, let's break this down. The question's pinpointing *specific* virulence factors of *Legionella pneumophila* that play a role in pneumonia. My immediate concern is whether the provided text even touches on that specific area. Scanning the context, it's clear the author is talking about pneumonia in general, making mention of things like *Streptococcus pneumoniae*, atypical pneumonia, and *Pneumocystis jiroveci*. However, *L. pneumophila* itself is nowhere to be found, nor are any of its particular virulence factors even hinted at.

Essentially, the context completely misses the mark. It provides absolutely no relevant information that would allow me to intelligently address the core question. Thus, the correct assessment is a grade of zero. There's just nothing usable here. I have to base my answer on my own prior knowledge, because the provided text is useless.


","**Assessing the Viability of the Question**

Alright, let's break this down. The query is asking a very specific question: what are the *Legionella pneumophila* virulence factors involved in pneumonia's pathogenesis? My immediate thought is, can I even *begin* to address this based on the data given?

Well, the provided context… it mentions *Streptococcus pneumoniae*, atypical pneumonia generally, and *Pneumocystis jiroveci*. Useful data, no doubt, and relevant to the broader topic of pneumonia. But, as an expert in my field, I can see that this context doesn't mention *L. pneumophila* at all. There’s no discussion of any of its virulence factors. Therefore, any attempt to derive an answer based on what's been given is futile. It’s a complete non-starter. So, the assessment is a resounding zero. I can't derive *anything* from this.


",Score-Reasoning Contradiction,"Model B correctly determined that the document contains no relevant information and explicitly concluded with 'a resounding zero' in its text, but contradicted its own reasoning by assigning a final score of 1."
87181,5197135,87181,"Ventricular hypertrophy. Ventricular hypertrophy (VH) is thickening of the walls of a ventricle (lower chamber) of the heart. Although left ventricular hypertrophy (LVH) is more common, right ventricular hypertrophy (RVH) can also occur, as can hypertrophy of both ventricles, that is, biventricular hypertrophy (BVH). Ventricular hypertrophy can be part of various syndromes caused by any of various underlying diseases.",1,1,0,"**Analysis of the Provided Context**

Okay, let's break this down. The core question is whether the given context adequately details the mechanisms behind chronic afterload elevation. My initial assessment is that the context touches on ventricular hypertrophy (VH), including LVH, RVH, and BVH, and acknowledges it can arise within disease syndromes. However, after careful review, I'm forced to conclude that the provided context fails to address the *specific mechanisms* involved in chronic afterload elevation. It simply defines hypertrophy and its context. Therefore, based on what's given, there is no information about those mechanisms. I would grade this context a zero in terms of answering the question at hand.


","Here's my assessment of the situation:

**Evaluation of Context Regarding Chronic Afterload Elevation Mechanisms**

Okay, so the query is about ""chronic afterload elevation mechanisms."" My initial scan of the provided context focuses on hypertrophy, specifically ventricular hypertrophy (LVH, RVH, and BVH). It does acknowledge these hypertrophies as potential components of various disease syndromes driven by underlying pathologies. Now, the key question: Does this actually *explain* the mechanisms that *elevate* afterload in a chronic way? Hmm... no. I've read through it. Afterload is conspicuously absent from the discussion. Therefore, the context fails to provide any relevant information that would address the core question. A score of zero seems appropriate, given this complete disconnect. This is a non-starter.


",Overly Strict Relevance Criteria,"Model B strictly demanded an explicit explanation of the mechanisms elevating afterload rather than recognizing that ventricular hypertrophy is directly clinically related to chronic afterload elevation, thereby penalizing partial/background relevance down to a score of 0."
962179,5653656,962179,"The Salvation Army is a Christian church and international charitable organisation structured in a quasi-military fashion. The organisation reports a worldwide membership of over 1.5 million, consisting of soldiers, officers and adherents known as Salvationists.",0,0,1,"**Analyzing the Question and Context**

Okay, so the question is: ""Does the information specify when The Christian Mission officially adopted the name 'The Salvation Army'?"" My immediate thought is to check the context provided. It describes The Salvation Army as a church and organization, mentioning membership figures, but I'm looking specifically for when ""The Christian Mission"" became ""The Salvation Army"". I need to determine if that's *specified* in the text.

The context doesn't mention ""The Christian Mission"" at all, nor does it provide any dates. My expert intuition tells me that this lack of information is the key to answering the question. The question isn't whether I *know* the answer, but whether the *context* contains the information.

I'm interpreting this as a standard Retrieval-Augmented Generation (RAG) evaluation. Typically, when the context is deliberately lacking the answer to a question like this, the rating hinges on the *presence* or *absence* of the relevant information. It's essentially about whether the context can be used to *answer* the question. Since there's nothing here about the Christian Mission or any dates, I can definitively say that the context *does not* specify when the name change happened.

The prompt is subtly tricky because it's asking if the question ""can be answered based on the context."" The answer is ""No, the context does not contain the answer."" Given the formulation of the question and the usual grading for this kind of prompt, I'd lean towards grading this as a 0 if the prompt asks whether the context contains the answer and 5 if the prompt asks if the question can be answered from the provided context (because the context can be used to say ""No, it does not specify."").
I believe that the context lacks the relevant information to answer this question.


","**Analyzing the Inquiry: A RAG Evaluation**

Okay, so the prompt is asking me about a specific fact: did the provided text specify *when* ""The Christian Mission"" officially became ""The Salvation Army""? My initial read is that the text doesn't explicitly state this. The question is a yes/no, and it seems like the obvious answer is ""no"". However, I'm trained to evaluate retrieval-augmented generation (RAG) prompts, and I need to be precise.

I need to make sure I'm following the expected format for this kind of evaluation. Is this a standard RAG evaluation? It seems like it's asking if the *information* is present, not if I can infer it. If it were a typical RAG question, it would ask if I could answer the question *based on* the context. This is more direct, ""Does the information specify...?""

Let me go back and double-check. The text *mentions* the Salvation Army, sure, and maybe even things tangentially related, but it definitely doesn't include the detail the question is asking for: the date of the name adoption or even mentions of the Christian Mission. It's absent.

Therefore, the prompt is asking a very straightforward question that can be answered: ""No, the information does not specify when 'The Christian Mission' officially adopted the name 'The Salvation Army'."" My grade here, according to the standard, would be a zero because that detail, the core factual piece, is just not present.


",Score Misalignment,"Model B correctly deduced in its chain-of-thought that the document lacked the required information and explicitly stated the grade should be zero, but failed to output the matching score, erroneously assigning a 1 instead."
1063750,5360361,1063750,"Coupled with the submarine attacks, it finally turned the U.S. government in favor of entering the fray. On April 2, 1917, President Wilson abandoned his policy of neutrality and asked Congress to declare war against Germany and the Central Powers.",1,1,0,"Here's my analysis of the query, presented as if it were my thought process:

**Deconstructing the Inquiry: Specifics and Neutrality**

Alright, let's break this down. The core of the question is pretty straightforward: it's fishing for *specific* U-boat provocations that directly moved the US away from its initial neutral stance, and that occurred beyond the Lusitania incident.

The context provided is helpful, but it's not going to get me all the way there. It does a decent job of establishing the overall climate – the submarine attacks generally were a key factor leading to US entry into the war. It even gives me the critical date when Wilson asked Congress for a declaration of war. That's a great data point.

However, and this is crucial, it's frustratingly vague. ""Submarine attacks"" is broad; it's a general statement. The prompt demands *specific* incidents. The information provided doesn't name any particular ship sinking beyond the Lusitania, or any other concrete actions by U-boats that directly pushed the US past its neutrality. Therefore, it's missing the critical details to answer the question, as I'd expect to find in a relevant historical text. I'd have to look elsewhere for that.


","**Analyzing the Context for Specific U-boat Provocations**

Okay, so the user's question is pretty clear: they want me to pinpoint *specific* U-boat actions, beyond the Lusitania, that directly led to the U.S. abandoning neutrality. The context provided seems promising, mentioning submarine attacks as a key factor. However, I need to be precise.

Let's break this down. The text states ""coupled with the submarine attacks, it finally turned the U.S. government..."". But does it *name* any of those attacks? The context doesn't offer any specifics. It's just a general statement about ""submarine attacks."" I can see how this could be confusing, but this detail is essential here. Are we talking about the *Sussex*, the *Laconia*, the *Housatonic*, or others? The answer here is no, it doesn't give them. The context *should* be more detailed.

Therefore, judging by the available information, the question can't be answered using this context alone. My conclusion? A zero for the context provided.


",Conflating Partial Relevance with Non-Relevance,"While both models noted that the passage lacked specific ship names, Model A recognized the text's broad topical relevance to submarine attacks and Wilson's declaration of war (giving a 1), whereas Model B applied an all-or-nothing threshold, penalizing the document with a 0 because it could not fully answer the question on its own."
1117099,690634,1117099,"1 Convergent Boundaries-A convergent boundary is where two tectonic plates push together. 2  Sometimes one plate will move under the other. 3  This is called subduction. 4  Although the movement is slow, convergent boundaries can be areas of geological activity such as the forming of mountains and volcanoes.he part of the land that is moving is the Earth's surface called the lithosphere. The lithosphere is made up of the Earth's crust and a part of the upper mantle. The lithosphere moves in big chunks of land called tectonic plates. Some of these plates are huge and cover entire continents.",1,1,0,"Here's my assessment of the situation:

**Analysis of an Ambiguous Question and Incomplete Context**

Okay, so the question is a bit slippery, isn't it? It asks, ""**Which plate boundary types define them?**"" The problem is, ""them"" is dangling out there in space. The text only explicitly mentions ""Convergent Boundaries."" We have no clear list of all plate boundary types, nor a specific referent for this ambiguous pronoun. The provided text has only defined one of the types, and even that definition is partial in the sense that it doesn't clearly delineate all features.

Given the vagueness and the partial answer that the text contains, I have to say the answerability of the question is extremely limited. We're only presented with a single boundary type (convergent), and the question itself is broad (""define them""). It isn't a clearly articulated question. The context doesn't offer a comprehensive picture of all the types to define them or differentiate them. Considering this, I'd have to assign a very low grade, perhaps a 1 or 2, because the context simply doesn't fully address what the question seeks, particularly given the ambiguous pronoun. Ultimately, the question isn't truly answered, since the context only touches on one of the types.


","**Analyzing the Ambiguity and Context**

Okay, here's my breakdown of this question and the provided context. The prompt is asking, essentially, ""which plate boundary types define *what*?"" (I'm inferring ""them"" refers to plate boundary types or features). The context, however, is severely limited. All it does is touch on ""Convergent Boundaries"" and gives basic definitions of tectonic plates and the lithosphere.

My immediate conclusion is that the context is insufficient. It doesn't offer a comprehensive picture. The question itself is poorly phrased; it lacks specificity regarding what ""them"" is referring to, which already hinders a precise response. Furthermore, and this is crucial, the context only mentions *one* type of boundary - convergent. It doesn't even begin to address other boundary types or provide any information on how they relate to the question. So, based purely on what's presented, I'm forced to say that the context *cannot* answer the question as posed. We need more information to give a definitive answer.


",Over-penalized partial relevance,"While both models correctly identified that the context only partially addresses the query by describing one boundary type (convergent), Model B took an overly strict binary stance, concluding that an incomplete answer warrants a 0, whereas Model A properly recognized that partial relevance merits a marginal score of 1."
962179,3896631,962179,"William Booth biography. 2 comments. William Booth when a Young Man. William Booth was born into affluence in Nottingham, England in 1829, but his family descended rapidly thereafter into poverty. When his father could not pay for schooling, William was apprenticed by a pawnbroker.",0,0,1,"**Analyzing the Question's Relevancy**

Okay, so the user poses a question: does the given information specify *when* The Christian Mission officially became The Salvation Army? Let me break this down. My expert assessment is that the provided context focuses on William Booth's early life. We're talking about his birth in Nottingham in 1829, his childhood poverty, and his apprenticeship to a pawnbroker. From my perspective, this is important biographical data, but it's *completely* missing any details about The Christian Mission or the moment of its name change to The Salvation Army. Therefore, the answer is a definitive ""no"". There's simply no relevant information here to address that specific question. This context is a grade 0 in answering that particular question.


","**My Reasoning on the Question**

Okay, here's how I'm breaking this down. The question is a straightforward ""yes/no"" verification: ""Does the information specify when The Christian Mission officially adopted the name 'The Salvation Army'?"" The given context is all about William Booth's early life. It doesn't mention either organization's name change at all. At first, I was thinking it's a simple no, but then I realized it is a test of whether it answers the specific question, and the question is, in effect, about the absence of information.

The crux of this is that the question *itself* is about the information presented, not about the underlying historical fact. We aren't being asked ""What year did they change names?"" We are being asked ""Does the text *tell us*?"" and the answer is a clear ""No.""

Initially I'm thinking, is this a meta-question, or a straightforward question/answering one? The question is about the *specificity* of the information in the context, so ""No"" is accurate. This is more about evaluating the text than about providing historical information.

So, since it directly asks if the information *specifies*, and the answer is ""no,"" then it is fully answered based on the context. If the question were ""What year was it established"", or any question that requires a fact, I'd say the context wasn't sufficient. But this question is explicitly about whether the *information* provides an answer, and that is a test I can answer definitively.

Therefore, the answer is complete, relevant, and accurate, and I am confident in my answer.


",Flawed Meta-reasoning,"Model B overthinks the verification query by reasoning that because the text does not contain the target information, it can be definitively answered with 'No', erroneously concluding that the document is relevant for proving an absence of information rather than judging topical relevance."
182539,1638687,182539,"The MONOTONIC function is an undocumented SAS function. It needs no input parameters and if any input parameters are provided, these are ingnored. The function counts the number of times it is called and returns an ascending sequence of integers, starting at 1.",1,1,2,N/A,N/A,Overestimated Relevance,"The query consists entirely of an unrelated numeric string ('182539') with no semantic connection, keyword match, or topical overlap with the document about the SAS MONOTONIC function. Model B improperly elevated the relevance score to 2, failing to recognize the document as essentially irrelevant."
87181,7697583,87181,"There are many types of cardiomyopathy, with different causes. Dilated cardiomyopathy is a condition in which the heart becomes weak and the chambers get large. As a result, the heart cannot pump enough blood out to the body. It can be caused by many medical problems. Hypertrophic cardiomyopathy (HCM) is a condition in which the heart muscle becomes thick.",0,0,1,N/A,N/A,Hallucinated Relevance,The query '87181' is a numeric code (likely a ZIP code) with absolutely no semantic or topical connection to the medical text on cardiomyopathy. Model B exhibited a false-positive bias by assigning a score of 1 rather than recognizing the document as completely irrelevant.
1124210,5350934,1124210,"Xylem and phloem are the two types of vascular tissues found in plants. Xylem tissues transport water from the roots throughout the plant, while phloem transports food (suga … rs) from photosysnthesis throughout the plant. Xylem: tubes that brings water and minerals from the roots into the leaf.Phloem: tubes that usually move sap, with dissolved sucrose, produced by photosynthesis in the leaf, out of the leaf and to other parts of the plant.Both are found in the central vascular bundle. Basically, xylem tranports water and phloem transports organic substances.Xylem is a tissue found in vascular plants that transorts water and dissolved mineral nutrients. It consists of hollow vessels that are formed from cells joined end to end in flowering plants.ylem: tubes that brings water and minerals from the roots into the leaf. Phloem: tubes that usually move sap, with dissolved sucrose, produced by photosynthesis in the leaf, out of the leaf and to other parts of the plant.",0,0,1,N/A,N/A,Hallucinated Relevance,Model B assigned partial relevance to a purely numerical query ('1124210') that has no semantic relation or overlap with the document discussing plant vascular tissues (xylem and phloem).
130510,8029019,130510,"Execution of judgment - The process of putting into effect the judgment of the court in civil cases; usually by garnishment or levy, through post-trial, statutory enforcement procedures requiring the forcible removal and disposal of the property of the losing party.",0,0,1,"**My Evaluation of the Context's Relevancy**

Okay, the user wants me to assess whether this definition clarifies how something *preemptively* resolves legal uncertainty. The specific question is whether the context, the definition of ""Execution of judgment,"" directly addresses this point of preemptive resolution versus simply identifying existing rights. Let's see...

My initial thought is that the definition, which focuses on post-trial enforcement procedures like garnishment and levy, really doesn't touch on ""preemptively resolving legal uncertainty"" at all. It's about implementing an *already* existing judgment. It's fairly straightforward.

Now, I need to confirm if I can definitively answer the question. Yes, I can. The definition is crystal clear: it’s about execution, not prevention. My answer would be a resounding ""No, the definition doesn't clarify this."" It's centered on enforcement of current judgments. The context describes actions taken after a judgment. I'm thinking about declaratory judgments or injunctive relief and that this context is not talking about those issues.

So, the user is looking for a clarification of a proactive mechanism. The definition provided is reactive. It's like asking for a definition of preventative medicine and getting a definition of treating a disease. It's just not there.

Given this, the answer is completely derivable from the context, therefore, I can confidently give this a score of 5.


","**My Assessment of the Query**

Okay, so the prompt is asking if a definition clarifies something specific: ""how it *preemptively resolves legal uncertainty*."" My immediate thought is to check the definition provided, which is ""Execution of judgment - The process of putting into effect the judgment of the court in civil cases; usually by garnishment or levy, through post-trial, statutory enforcement procedures requiring the forcible removal and disposal of the property of the losing party.""

My first instinct is to scan the definition itself. Does it *explicitly* address preemptively resolving legal uncertainty? Nope. It's all about *enforcing* existing judgments, not preventing future disputes. The prompt seems to be looking for a clarification the definition doesn't provide. So I'd say ""no, it doesn't.""

Wait, could the prompt be referring to another definition like ""declaratory judgment""? The wording of the question *feels* like it's pointing to a different legal concept. But the context is explicitly about ""Execution of Judgment."" This makes me pause, as my experience tells me these automated systems often penalize mismatched contexts.

However, can I definitively answer the question based *solely* on the context? Yes. The context is very clear on what it *does* define. I can confidently say ""No, this definition does not clarify the preemptive resolution of legal uncertainty, it describes how a judgment is put into effect.""

Now, I'm thinking about how these systems often work. If the context is completely irrelevant to the question, the response is often graded as unanswerable or zero. But in this case, the context *does* allow me to say ""no"", as a definitive answer is possible based on what's absent from the context. It's essentially a negative answer based on omission.

Let's re-read the question, carefully. ""Does the definition clarify how it *preemptively resolves legal uncertainty* rather than just identifying existing rights?"" The provided context *only* defines the term ""execution of judgment"". It *doesn't* deal with the prevention of legal disputes in any way.

The answer is still a resounding ""no."" And I need to be sure the system I am evaluating understands *why* that ""no"" is the correct answer, given the provided definition.


",Rewarding Negative Answer,"Model B rationalized giving a non-zero relevance score (1) by arguing that an irrelevant document still has utility because it allows for a definitive 'no' answer based on omission, failing to recognize that complete topical irrelevance warrants a score of 0."
855410,6734488,855410,"About LANOLIN: Lanolin is a refined derivative of the fat-like sebaceous secretion of sheep. This ingredient is listed in the PETA's Caring Consumer guide as an animal-sourced product. This ingredient may be derived from animals.From PETA's Caring Consumer: A product of the oil glands of sheep, extracted from their wool. Used as an emollient in many skin care products and cosmetics and in medicines. An allergen with no proven effectiveness. (See Wool for ...his ingredient may be derived from animals. From PETA's Caring Consumer: A product of the oil glands of sheep, extracted from their wool. Used as an emollient in many skin care products and cosmetics and in medicines.",0,0,1,N/A,N/A,Hallucinated Relevance,"The query consists solely of an arbitrary numeric identifier ('855410') that has no lexical, semantic, or topical connection to the document about lanolin. Model B mistakenly assigned relevance to a completely unrelated passage where Model A correctly recognized a total lack of relevance."
87181,4632251,87181,"Dilated cardiomyopathy, which is the main type of cardiomegaly. In this condition, the walls of both the left and right side of the heart (ventricles) become thin and stretched. The result is an enlarged heart.In the other types of cardiomegaly, the heart's large muscular left ventricle becomes abnormally thick.Hypertrophy is the usually what causes left ventricular enlargement. Hypertrophic cardiomyopathy is typically an inherited condition.n this condition, the walls of both the left and right side of the heart (ventricles) become thin and stretched. The result is an enlarged heart. In the other types of cardiomegaly, the heart's large muscular left ventricle becomes abnormally thick. Hypertrophy is the usually what causes left ventricular enlargement.",0,0,1,N/A,N/A,Hallucinated Relevance,"The query consists solely of the numerical code '87181' (likely a ZIP code or unrelated identifier), which has no topical connection to the medical text regarding dilated cardiomyopathy. Model B improperly assigned positive relevance to a completely irrelevant passage, likely hallucinating a connection or failing to recognize total irrelevance."
1133167,3392362,1133167,75. The average sea temperature is around 21°C (that's about 70°F) . You can expect rain on an average of 6 days of the month. The average monthly rain is around 14mm and there are around 10 hours of average daily sunshine.,0,0,1,"Here's my assessment of the situation:

**Irrelevance Detected: A Classic Mismatch**

Alright, let's break this down. The core of the issue is clear: I'm being asked about *active severe weather advisories*. The provided context, however, is offering up baseline climate data – things like sea temperatures, rainfall averages, and sunshine hours. As an expert in my field, I can immediately recognize that these are completely separate data points. Knowing the average rainfall doesn't tell me a single thing about whether a tornado warning is in effect right now. The provided context simply fails to provide *any* information that could be used to deduce an answer. Therefore, I'm assigning this a solid grade of zero because it's completely irrelevant. No useful data, no chance of answering the question with the information provided.


","Here's my assessment of the situation:

**Analysis of Question Regarding Severe Weather Advisories**

Alright, let's break this down. The core query is whether the given context can answer the question: ""Are any active severe weather advisories issued?"" Simple enough. Now, I see the context describes things like average sea temperature, rainfall statistics, and sunshine hours. But, and this is crucial, there's absolutely nothing in that context directly related to severe weather advisories themselves. No mention of alerts, warnings, watches, specific weather systems, nothing. Consequently, and from my professional perspective, there's no way to glean an answer from this information. This context is completely irrelevant to the question at hand, and thus, I must assign a grade of 0. It's a non-starter.


",Score-Reasoning Inconsistency,"Model B's internal reasoning correctly concluded that the document was completely irrelevant and explicitly stated it must assign a grade of 0, but it produced an inconsistent final score of 1."
156493,1960253,156493,"Last week, scientists netted a 4-pound, 1.5-foot-long goldfish in Lake Tahoe. The scientists also found 15 other goldfish, indicating they’re probably reproducing in the lake high in the Sierra Nevada. The goldfish were probably aquarium-raised and then dumped by their owners.",0,0,1,"Here's my assessment of the question, as I see it:

**Analysis of the Prompt: Assessing Age-Dependent Growth Rates**

Okay, the prompt is pretty straightforward. It wants to know if the provided text quantifies age-dependent growth rate changes. The text references some goldfish found in Lake Tahoe – a particularly large one, along with some others – and mentions they are reproducing, and have been aquarium-raised. My initial thought is this: the text *doesn't* offer any specific data points related to how these goldfish grow at different ages. There's no mention of growth curves, size at specific time intervals, or anything of that nature that would allow for quantitative analysis of age-related growth rate changes. The text simply provides context about the presence of goldfish in a lake. Thus, the text completely fails to satisfy the query. This is a clear case where the context is insufficient to answer the question, as no such quantification is present. I'd have to give it a solid zero.


","Okay, here's my assessment of the situation:

**Assessing Age-Dependent Growth Rate Data**

Right, so the user is trying to determine if this piece of text has data to quantify age-dependent growth rate changes. My job is to assess that and give a solid answer. I've read the context – it discusses goldfish in Lake Tahoe. It mentions their weight, length, reproduction, and likely aquarium origins. Interesting data, certainly. However, I can't find anything specific regarding growth rates *as they relate to age*. The context is silent on that particular issue. Therefore, based purely on the information provided, I have to conclude that we can't draw any conclusions about age-dependent growth rate changes. The context is simply lacking that crucial element. Hence, the grade is a 0.


",Score-Reasoning Inconsistency,"Model B's chain of thought correctly deduced that the text completely lacked the required information and explicitly concluded with 'Hence, the grade is a 0', but it erroneously emitted a final score of 1, directly contradicting its own reasoning."
527433,8322920,527433,"cerebral palsy. noun. Medical Definition of cerebral palsy. : a disability resulting from damage to the brain before, during, or shortly after birth and outwardly manifested by muscular incoordination and speech disturbances—see ataxic cerebral palsy, athetoid cerebral palsy, spastic cerebral palsy.",0,0,1,N/A,N/A,Hallucinated Relevance,"Model B assigned partial relevance despite the document having no textual overlap or evident semantic connection to the numeric query '527433', incorrectly hallucinating an association where Model A properly recognized zero relevance."
1106007,4255223,1106007,"there are two types of pleura: visceral pleura covers the lungs, parietal pleura lines the inner surfaces of the walls of pleural cavity; parietal pleura is sensitive to pain but visceral pleura is not sensitive to pain.pleura, cervical parietal.here are two types of pleura: visceral pleura covers the lungs, parietal pleura lines the inner surfaces of the walls of pleural cavity; parietal pleura is sensitive to pain but visceral pleura is not sensitive to pain.",0,0,1,N/A,N/A,Hallucinated Relevance,The query consists solely of an arbitrary numeric identifier ('1106007') with no topical or lexical connection to the document about human pleura. Model B erroneously granted relevance to a completely unrelated document.
146187,8434625,146187,"A double cheesburger has 2 slices of cheese with 2 meat patties. A mcdouble on the other hand only had 1 slice of cheese, but still 2 pieces of meat. I say had because mcdoubles arent sold in Australia (maybe a few stores but not a regular menu item) anymore. Other countries might be different but that's the difference in Australia.",2,2,3,"**Analyzing the Clarity of the Provided Information**

Okay, so the user's question is straightforward: does the text definitively state the number of cheese slices in each item described? It's a binary question, essentially. My assessment hinges on whether the context, as it's been presented, directly and explicitly answers this.

I've got the context here: ""Double cheeseburger: 2 slices of cheese"" and ""McDouble: 1 slice of cheese."" Bingo! The context *absolutely* specifies the number of cheese slices for each burger variant mentioned. No ambiguity, no room for interpretation. It's direct, factual, and complete.

Therefore, this context allows for a clear, accurate, and completely relevant 'yes' or informational answer that could be assigned a high grade – a solid '5' on any reasonable grading scale. We have everything we need to answer the question definitively.


","**Analyzing the Cheese Slice Query**

Okay, so the user's question is pretty straightforward: does the provided text explicitly state the number of cheese slices in each burger type? My immediate thought is, ""Let's see, what does the context actually say?""

Right, the context gives us a clear breakdown: a ""double cheeseburger"" has *two* slices of cheese, and the ""McDouble"" has *one*. That's direct and unambiguous. It's a simple mapping – item to cheese slice count. There's no guesswork involved. The information is presented in a way that allows us to answer the question without needing to make assumptions.

Therefore, since the context unequivocally answers the question, I'm confident in assigning it a grade of 5. It's a complete and accurate response based on the provided data.


",Scale Miscalibration,"Both models hallucinated a specific question about cheese slices from the document context and concluded it fully answered the query. However, Model B miscalibrated its final score assignment by outputting a 3 instead of calibrating properly to the expected 2, over-scoring the passage's relevance despite having an almost identical internal reasoning trajectory to Model A."
87181,6501556,87181,"Some specific causes of sudden cardiac death in young people include: Hypertrophic cardiomyopathy (HCM). This is a disease in which the heart muscle (myocardium) becomes abnormally thick, making it harder for the heart to pump blood. Hypertrophic cardiomyopathy, while usually not fatal in most people, is the most common cause of heart-related sudden death in people under 30. It's the most common cause of sudden death in athletes. HCM often goes undetected.",0,0,1,N/A,N/A,Hallucinated Relevance,The query '87181' is an arbitrary numeric code with no topical or semantic relationship to sudden cardiac death or HCM. Model B erroneously assigned relevance to a completely unrelated document where Model A correctly recognized the total lack of connection.
156493,2403231,156493,"If you want to get some baby goldfish, the most fascinating way of obtaining them is of course to breed goldfish in your own aquarium or pond. A goldfish becomes sexually mature when it is around one year old, but will not reach their prime until two years later.",0,0,1,"Okay, here's my assessment of that question and the provided context:

**Analysis of Age-Dependent Growth Rate Quantification**

The core of the matter, as I see it, boils down to whether the text offers any actual quantification of how the growth rate changes with age. The question is very specific: are we talking about metrics, measurements, or numerical representations of age-dependent growth? I’m looking for something that quantifies the **rate** of growth.

The provided context mentioning goldfish sexual maturity at one year and prime condition at three years. I have to say, it falls completely short. It's really just pointing out stages in their life cycle. Mentioning ages when certain developments occur, even significant ones, is a far cry from providing data points or a mathematical description of how their size, weight, or any other measurable factor, changes over time. We aren’t seeing any numbers, models, or even qualitative descriptions beyond these broad markers.

Therefore, my conclusion is clear: the answer to the question ""Does it quantify age-dependent growth rate changes?"" is a resounding negative. The context is silent on this point, offering no relevant information. I’m assigning it a grade of 0.


","Here's my assessment of the situation:

**Analysis of Age-Dependent Growth Rate Question**

Okay, so the user's question is ""Does this quantify age-dependent growth rate changes?"" I need to evaluate whether the provided context answers that specifically. Let's see... the context describes goldfish breeding, mentioning sexual maturity around one year and peak condition two years after that. Hmm... that's valuable information about timing in their life cycle, but does it *quantify* the changes in growth rate across different ages? No, it doesn't give me any numerical data or formulas or anything like that. It's more of a general overview of their development, focusing on when they *can* breed rather than *how much* they are growing at each stage. Therefore, the context fails to provide the quantification the question is looking for. A grade of zero is appropriate here.


",Score-Reasoning Inconsistency,"Model B correctly deduced that the document failed to satisfy the query and explicitly concluded that 'A grade of zero is appropriate here', but erroneously outputted a final score of 1 instead of 0."
962179,8785370,962179,"Francis S. Smith, who was for some time a Salvation Army commissioner in the United States, and William Thomas Stead, one of the most distinguished Victorian journalists and a dedicated supporter of the Salvation Army (later a Titanic victim), contributed to the rise of the Social Wing of the Salvation Army.",0,0,1,"Here's my assessment of the information provided:

**Answering the Unanswered: A Clear ""No""**

Okay, so the question is pretty straightforward: does this text pinpoint the official name change from ""The Christian Mission"" to ""The Salvation Army""? My initial scan of the provided context immediately raised a red flag. Francis S. Smith and William Thomas Stead are mentioned in connection with the Social Wing's development, which is interesting, but it doesn't give me any information at all that even touches on the name transition from The Christian Mission. Frankly, the text just doesn't offer the data I need to answer the question. It’s a complete non-starter for this particular query. Therefore, with my expertise in this area, the answer is unequivocally ""no.""


","**Analyzing the Inquiry: Salvation Army Name Adoption**

Okay, so the prompt is essentially asking if the provided text gives us a definitive answer to when ""The Christian Mission"" officially became ""The Salvation Army"". I need to be precise here. The crux of the evaluation is whether the *context* offers that specific piece of information.

Scanning the text, I see no mention of ""The Christian Mission"" or a timeline for its name change. So, directly, the answer is no; the context doesn't *specify* that information. My initial gut feeling on these is to grade the answer relative to the question: is there any explicit information contained in the response to the question.

The prompt is a yes/no question, and based purely on what's available, it's a clear ""no."" The context is silent on this particular detail, therefore, it cannot provide the necessary information. I must assess the context only, so, the conclusion is a grade of 0.


",Score-Reasoning Inconsistency,"Model B correctly deduced in its reasoning that the document does not contain the necessary information and explicitly concluded that it deserved a grade of 0, but ultimately output a score of 1, resulting in a direct contradiction between its rationale and the final score."
156493,8300113,156493,"Fancy goldfish can reach over 15 years of age, while common goldfish can reach 20-25 years with proper care.",0,0,1,"**Assessing the Context's Relevance**

Okay, let's break this down. My goal is to determine if the given context provides sufficient information to address the core question: ""Does it quantify age-dependent growth rate changes?"" This is a crucial analysis.

The provided context, ""Fancy goldfish can reach over 15 years of age, while common goldfish can reach 20-25 years with proper care,"" focuses solely on lifespan. It tells me how *long* these goldfish can potentially live. My expertise immediately flags the absence of any mention of *growth rate*. It doesn't allude to how quickly these fish grow at different ages, nor any fluctuations in growth speed as they mature. The context says nothing about any age dependent changes.

Therefore, considering my knowledge, I've concluded that this context is entirely irrelevant to answering the question. It lacks any information related to the rates of change in growth as the goldfish age. It provides no quantification or qualitative description of the change, nothing. A score of 0, for the lack of any supporting information, is the correct assessment.


","Here's my assessment of the question, tailored for an expert audience:

**Analysis of Age-Dependent Growth Rate Inquiry**

Okay, so the core of this is whether the provided information allows us to quantify changes in growth rate as a function of age. Let's break this down. The question's asking specifically about age-dependent *changes* in growth rates, implying a need for data that tracks growth over time and how that growth rate shifts. The context, however, merely provides lifespan data – that fancy goldfish might live to 15 years, while commons can reach 20-25 with good care.

This lifespan information is essentially an endpoint. It tells us about *maximum* age, not the process of how that age is achieved. There's nothing in there that helps us model growth curves, identify periods of rapid growth versus senescence, or determine *how* growth rate changes with age. We’d need longitudinal data, something that specifically measures size or weight at various ages. Without that, this context is entirely irrelevant to the core question. Thus, the correct assessment is a grade of zero.


",Score-Reasoning Inconsistency,"Model B correctly deduced in its written reasoning that the document was completely irrelevant and explicitly concluded that 'the correct assessment is a grade of zero', but erroneously output a final score of 1."
156493,1861641,156493,"Shubunkin Goldfish get very large, so a 50 gallon (189.3 L) tank is the smallest tank you can keep one in. Keep the live plants to a minimum; Shubunkins will uproot them.",0,0,1,N/A,N/A,Hallucinated Relevance,"The query consists entirely of an unrelated numeric string ('156493') with no semantic or lexical connection to the goldfish care document. Model B incorrectly inferred relevance where none existed, whereas Model A correctly recognized the complete mismatch."
1124210,2859498,1124210,"Plants have two different types of transport tissue. Xylem transports water and solutes from the roots to the leaves, phloem transports food from the leaves to the rest of the plant.Transpiration is the process by which water evaporates from the leaves, which results in more water being drawn up from the roots.ylem vessels xylem vessel: Vein-like tissue which transports water and minerals up a plant are involved in the movement of water through a plant from its roots to its leaves. Water:",0,0,1,N/A,N/A,Hallucinated Relevance,The query '1124210' is an arbitrary numeric string with no lexical or semantic connection to the biological text about plant transport tissues. Model B erroneously assigned a non-zero relevance score instead of recognizing the complete lack of relevance.
1133167,2584183,1133167,Gold Coast: Annual Weather Averages. January is the hottest month in Gold Coast with an average temperature of 25°C (77°F) and the coldest is July at 15°C (59°F) with the most daily sunshine hours at 9 in December.The wettest month is March with an average of 203mm of rain.The best month to swim in the sea is in February when the average sea temperature is 27°C (81°F).he wettest month is March with an average of 203mm of rain. The best month to swim in the sea is in February when the average sea temperature is 27°C (81°F).,0,0,1,"**Assessing the Information's Sufficiency**

Alright, let's break this down. The user's question is straightforward: ""Are there any active severe weather advisories?"" My primary concern is, does the provided context – which, from my reading, seems to detail the Gold Coast's *annual* weather averages, including temperatures, rainfall, and swimming conditions – actually allow for a definitive answer?

The answer, frankly, is a resounding no. The context presented describes long-term averages. It makes no mention, zero, zilch, nada, of *current* conditions or any advisories in effect *now*. There's simply no data there that supports an answer, positive or negative, regarding active severe weather alerts.

Therefore, from a purely informational standpoint, it's a complete null set. The question is unanswerable with this information. My grade reflects this fundamental lack of relevance.


","Here's my assessment of the situation:

**Zero Points – The Data's a No-Go**

Alright, let's break this down. The prompt clearly wants information on active severe weather advisories. That's the core of the request. The provided context, however, is all about historical annual weather averages – temperatures, rainfall, sea surface temperatures for the Gold Coast. Fascinating data, useful for climatological analysis, perhaps even modeling. But, and this is crucial, it’s completely irrelevant to the immediate question. There's not a single bit of information about *current* or *active* severe weather warnings or advisories within this data. Therefore, from my perspective as an expert, I have no choice but to assign a score of zero. The data just doesn't address the core inquiry.


",Score-Reasoning Contradiction,"Model B explicitly argues throughout its reasoning that the document is completely irrelevant and states it has 'no choice but to assign a score of zero,' yet it erroneously outputs a final score of 1."
1133167,8332485,1133167,"Clearly, it will be warmer during the day, and cooler at night. The weather is very pleasant from November until May. Sometimes in June, and definitely from July until September, it is quite hot and humid reaching into the high 80's but at night the temperature descends and brings a pleasant sleeping conditions. Puerto Vallarta has two months of intense rain. It's not recommended to visit on August and September, there is rain almost daily. January through March are the coolest months, with typical daytime temperatures in the high 70's to low 80's and evening temperatures in the low 60's.",0,0,1,N/A,N/A,Hallucinated Relevance,The query consists solely of an unexplained numeric string ('1133167') with no lexical or semantic connection to the passage about weather in Puerto Vallarta. Model B incorrectly gave a non-zero score instead of recognizing the total lack of relevance.
1106007,2621974,1106007,"there are two types of pleura: visceral pleura covers the lungs, parietal pleura lines the inner surfaces of the walls of pleural cavity; parietal pleura is sensitive to pain but visceral pleura is not sensitive to pain.pleura, cervical parietal.here are two types of pleura: visceral pleura covers the lungs, parietal pleura lines the inner surfaces of the walls of pleural cavity; parietal pleura is sensitive to pain but visceral pleura is not sensitive to pain. pleura, cervical parietal.",0,0,1,N/A,N/A,Hallucinated Relevance,The query is an arbitrary numeric code with zero lexical or semantic connection to the passage describing the anatomy of the pleura. Model B failed to recognize complete irrelevance and assigned an unwarranted non-zero relevance score.
1117099,7368014,1117099,"Descriptions [edit]. The nature of a convergent boundary depends on the type of plates that are colliding. Where a dense oceanic plate collides with a less-dense continental plate, the oceanic plate is typically thrust underneath because of the greater buoyancy of the continental lithosphere, forming a subduction zone.s a result of pressure, friction, and plate material melting in the mantle, earthquakes and volcanoes are common near convergent boundaries. When two plates move towards one another, they form either a subduction zone or a continental collision.",0,0,1,N/A,N/A,Hallucinated Relevance,"The query consists solely of an arbitrary number ('1117099') with zero semantic or keyword connection to the geology document about convergent tectonic plates. While Model A correctly recognized the total absence of relevance and scored it 0, Model B likely defaulted to an overly lenient minimum relevance score or assumed an unsubstantiated connection."
146187,1138801,146187,"There are 1160 calories in a 1 burger serving of Sonic SuperSONIC Double Cheeseburger. Calorie breakdown: 63% fat, 15% carbs, 22% protein.",0,0,1,"**Analyzing the Query about Cheese Slices**

Okay, so the question is, ""Does the context specify the number of cheese slices per item?"" My initial assessment, based solely on the provided context – which details the calorie and macronutrient breakdown of a Sonic SuperSONIC Double Cheeseburger – is a resounding ""no."" The context only concerns calories, fat, carbs and protein and makes no mention of the number of cheese slices.

But let's be thorough, especially considering how these things are often evaluated. When tackling QA, one common evaluation framework asks if the context contains *sufficient* information to answer a question. In this case, regarding cheese slices, the context is completely silent. It *doesn't* contain the information. Therefore, the answer, in the strict sense of ""Does it specify..."", would be ""No"".

However, based on standard evaluation criteria, a score of 0, or 1, would usually mean the context offers *no* information about cheese slices. Considering the context's content, a grade of 0 would be most appropriate. The calorie and macro breakdown is unrelated to the question regarding cheese slices.


","**Analyzing Context and Question Relevance**

Okay, so the prompt is asking if I can answer the question ""Does it specify the number of cheese slices per item?"" using the provided context. The context is about the calorie and macro breakdown of a Sonic SuperSONIC Double Cheeseburger. Right away, I see there's no mention of cheese slices.

My first instinct is to say, ""No, the context *doesn't* specify the number of cheese slices."" Seems pretty straightforward, right? I can *see* that information isn't there, so that answer is accurate and relevant to the text.

But then, I start thinking about how these kinds of prompts are usually evaluated. Often, these types of prompts are looking for whether the *context* contains the answer, or if the context is sufficient to answer the question, as the questions usually evaluate context sufficiency. The text doesn't contain that information.

So, the question is, in this context of standard QA evaluation, what's the correct grade if the context lacks the information asked about? I'm debating if it's a 0 because the context is *not* relevant to cheese slices or if it's something different. The prompt's scale says ""0: The answer is not relevant or complete at all.""

Now I have to think, does ""The answer is..."" refer to the answer I'd *derive*, or the relevance of the context itself? In the case of ""Does it specify...?"", the answer is literally ""No"". And that ""No"" *is* accurate, complete, and relevant *based on the text*.

But then I stop. This type of prompt is often worded badly, generated from a question. I have to think, is it asking if the *context* has the information, or if I can answer the question, and what should be the grade?

If the question is ""Does it specify..."", the obvious answer, based on the context, is ""No"".


",Misinterpreting Task Objective,"Model B overthought the framing of the question ('Does it specify the number of cheese slices per item?') and incorrectly reasoned that because the factual answer to that question is 'No', the context could be considered partially relevant/sufficient, conflating context relevance with the correctness of a negative answer."
1114646,8117094,1114646,"looks like might be herpes, prescribed Famvir=no changes after completion of prescription. -10/10/12=gyn appt, swab culture for herpes, pap=both negative -10/14/12 Herpes ! Read More the topicals for cold sores don't do much at all. give the doc a call and ask for a prescription for herpes antivirals to keep on hand for future cold sores. she can use either 1 day famvir, 1 day valtrex or 2 day acyclovir to treat cold sores. acyclovir is the cheapest option - 800mg 3x/day for 2 days.",1,1,0,N/A,N/A,Failure to Recognize Identifier Query,"Model B likely treated the numeric query strictly as a missing keyword rather than recognizing it as a document or post identifier corresponding to the content, leading it to penalize the document for lacking lexical or semantic overlap."
962179,3173625,962179,"The Salvation Army, an international movement, is an evangelical part of the universal Christian church. Its message is based on the Bible. Its ministry is motivated by the love of God. Its mission is to preach the Gospel of Jesus Christ and to meet human needs in His name without discrimination.",0,0,1,"**Evaluating the Question's Answerability**

Okay, here's the deal. I need to figure out if this question can be answered *using only* this provided context. The question is a straightforward ""yes or no"" proposition: Does the provided information tell me when The Christian Mission became The Salvation Army? I immediately scan the context – it's a general mission statement for The Salvation Army. Now, I have to be careful here. While I *could* technically say ""No, the information doesn't specify,"" that feels a bit like a semantic trick. The real question, at least as I interpret these evaluations, is whether the context *actually contains* the necessary information to formulate a substantive answer. Does it, in other words, address the core topic?

I take a moment to double-check. The context: Nothing. Zero. Zip. Zilch about The Christian Mission, or any sort of name change, much less dates. So, while technically I *can* answer the question with ""no,"" the context is completely lacking in the necessary information. It's not even a case of a vague reference that I could extrapolate from. Therefore, the answer, as I have to evaluate it, is a resounding zero.


","**Analyzing the Question's Specificity**

Okay, so the question is, ""Does the information specify when The Christian Mission officially adopted the name 'The Salvation Army'?"" First thought: the context doesn't *mention* ""The Christian Mission"" or the name change at all. So, on the surface, the answer is a straightforward ""No, it does not specify."" But, I need to be more careful.

Let's break down the question type. It's a ""Does the information specify...?"" question, which is essentially a polar question. I can answer it definitively: ""No, the information does not specify when..."" But, am I oversimplifying things? My expert intuition kicks in.

I'm thinking about RAG evaluation benchmarks and QA grading. Sometimes, these questions are designed as meta-questions. If the answer is ""No,"" it's often a good sign. But sometimes, they are measuring if the context provides the *factual information* the question is seeking.

If I take the question literally, ""Does the information specify...?"" then the answer is absolutely ""No."" There's nothing in the provided text that discusses that adoption. So, ""No, it does not specify"" is entirely supported by the context and is a complete answer. The key here is focusing on ""the information"". The context *literally* does not specify. This feels like a 5.


",Over-literal Interpretation,"Model B fell into a semantic loophole by interpreting the question 'Does the information specify...?' literally, arguing that answering 'No' constitutes a fully supported answer, whereas Model A correctly recognized that relevance requires substantive factual information addressing the core topic rather than a trivial negative."
146187,1028972,146187,"Dig into one of our delicious burgers. From the Big Mac® to the McDouble, we've got something you’ll want!",0,0,1,N/A,N/A,Hallucinated Relevance,The query consists solely of an opaque numerical identifier with no semantic or lexical connection to the fast-food document. Model B regressed by falsely attributing relevance to completely unrelated content.
1113437,4751839,1113437,"For other uses, see Spruce (disambiguation). A spruce is a tree of the genus Picea /paɪˈsiːə/, a genus of about 35 species of coniferous evergreen trees in the family Pinaceae, found in the northern temperate and boreal (taiga) regions of the earth.",1,1,0,N/A,N/A,Over-reliance on Lexical Matching,"Model B failed to recognize the query number as a specific entity identifier (such as a database, taxonomy, or article ID corresponding to Spruce/Picea) and assigned a score of 0 due to the complete lack of lexical overlap."
1113437,8162984,1113437,"Blue spruce. The blue spruce, green spruce, white spruce, Colorado spruce, or Colorado blue spruce, with the scientific name Picea pungens, is a species of spruce tree. It is native to the Rocky Mountains of the United States.",0,0,1,"**Analyzing the Sterigmata Question**

Okay, so the user's asking a pretty specific question: ""Are persistent sterigmata explicitly described on the twigs?"" My first instinct is to see what the context provides. Let's see... Blue spruce, Picea pungens, Rocky Mountains... nope, nothing about sterigmata or twigs mentioned at all. Pretty straightforward. Based on *this* limited information, there's absolutely no way to determine if the answer is yes or no. The text doesn't even touch on those details, which are key to answering their question. So, essentially, it's a completely unanswerable question *based on the given text*. I'd give that a solid zero.


","Okay, here's my assessment of that situation, presented as if I'm thinking it through myself:

**Regarding the Query about Blue Spruce Sterigmata**

Right, let's break this down. The provided context offers the fundamental details about *Picea pungens*: the common name, the scientific name, and its general native region. It's essentially a basic introduction. Now, the query itself is quite specific. It asks if there's an *explicit* description of ""persistent sterigmata"" on the twigs.

Hmm, ""sterigmata""… that's quite a specific botanical term, related to leaf attachment points on the stem. And ""twigs"" is pretty clear - the smaller, younger branches. However, the context is very, very shallow. It doesn't delve into any morphological details whatsoever. I see no mention of ""sterigmata"", nor any discussion of twigs or their characteristics. There's not enough here to even begin to address that particular aspect of the blue spruce's morphology. The provided information is simply inadequate.

Therefore, the question, as posed, can't be answered using this limited context. The information needed is just not here. And that's not to say there's any wrongness in the prompt, there's just not enough in the provided context for a useful answer.


",Score-Reasoning Inconsistency,"Model B correctly deduced that the document contains no relevant morphological information to answer the question, but it failed to map this total lack of relevance to a score of 0, inconsistently assigning a score of 1 instead."
104861,146173,104861,"Polished concrete pricing is basically dependent upon how many levels of grinding will be required to get the floor to a suitably smooth surface. The cost for polished concrete can go up from there depending upon any decorative effects that are applied such as staining or scoring, etc.asic cost for a polished concrete floor that requires only a few levels of grinding, according to Greg Demmert of Demmert & Assoc. in Los Angeles.",1,1,0,"**Assessing the Context for Surface Finish Specifics**

Okay, let me quickly assess this. The core question is about a specific surface finish – something definitive like ""800-grit polished,"" ""stamped,"" or ""epoxy-coated"" – does this context provide that? It sounds like it's trying to provide pricing information on polished concrete, but does it get specific on how this is achieved?

The provided context mentions things like ""levels of grinding,"" and that Greg Demmert can provide basic costs, but I don't see any explicit mention of *specific* surface finishes included within any particular package or contract. It's frustratingly vague.

Based on this, I'd have to say this context is a total miss. It doesn't give me the specific level of detail required to answer the question, or even provide direction towards what I should be looking for. It's a zero. The pricing might be relevant elsewhere, but it doesn't give me what I need here.


","Okay, here's my assessment of the situation:

**Analysis of Surface Finish Specification in the Provided Text**

Alright, I've got the question: ""What exact surface finish is included?"" The context, however, is a bit vague. It talks about polished concrete pricing – grinding levels, staining, scoring – the typical considerations. But, and this is crucial, it *fails* to nail down a specific surface finish. There's no mention of a particular grit level for polishing, no specifics about stamping processes, and absolutely nothing on epoxy coatings or any other defined treatment. While it references the *concept* of grinding, it does not specify what grinding levels are actually *included* in a potential scope of work or pricing. As an expert, I know that surface finish is paramount for both aesthetics and performance. Without that level of detail, any attempt to answer the question is pointless, at least with the data at hand. Therefore, based on this information, the question is unanswerable.


",Hallucinated Requirement,"Both models hallucinated an unstated query regarding specific surface finish details (e.g., grit levels, epoxy coatings). However, Model B strictly enforced these non-existent, overly specific criteria to reject the document entirely with a score of 0, failing to recognize that the document does address concrete surface finishing and pricing."
1115776,5264931,1115776,"Financial Crimes Compliance Analyst –Due Diligence, reporting to the Due Diligence Manager, will be responsible for conducting Due Diligence as it pertains to Anti-Money Laundering (AML), Fraud, and the Office of Foreign Assets Control (OFAC) compliance.",1,1,0,N/A,N/A,Overly Strict Lexical Matching,"Model B likely penalized the document because the numeric query '1115776' did not literally appear within the provided text snippet, failing to recognize that such queries typically represent job requisition IDs or internal reference numbers corresponding to the document."
1124210,3848316,1124210,"The vascular tissue in seedless vascular plants, like ferns, is made up of long,tube like cells. These cells carry water, minerals, and food to the cells throughout the plant. Non vascular plants like the moss are usually only a few cells thick.",0,0,1,N/A,N/A,Hallucinated Relevance,"The query consists solely of an arbitrary number ('1124210') with no semantic connection to the document about plant vascular tissue. Model A correctly identified the complete lack of relevance (0), whereas Model B erroneously assigned marginal relevance (1), likely defaulting to a lenient score on an obscure or ambiguous query."
168216,3174841,168216,"Chlamydia pneumoniae usually causes a type of relatively mild walking pneumonia. Patients experience fever and cough. This type of pneumonia is called a community-acquired pneumonia because it is easily passed from one member of the community to another.hlamydial pneumonia refers to one of several types of pneumonia that can be caused by various types of the bacteria known as Chlamydia. Pneumonia is an infection of the lungs. The air sacs (alveoli) and/or the tissues of the lungs become swollen, and the alveoli may fill with pus or fluid.",0,0,1,"**Assessing the Information Against the Query**

Okay, so I've got a query specifically asking about *Legionella pneumophila* – its virulence factors. My initial scan of the provided text is... underwhelming, to put it mildly. I'm seeing discussion on *Chlamydia pneumoniae*, which is a completely different organism, and general pneumonia symptoms. Nothing even remotely related to the legionella's mechanisms of infection. It's a textbook example of a mismatch. Considering my expertise, I'm not seeing any conceivable way to extract the needed information from this text. The context is simply irrelevant. Therefore, with no relevant content to assess or extrapolate from, I must give this a resounding zero. There is no information that can be considered, let alone graded.


","Here's my assessment of the situation:

**Analysis of the Question and Context**

Okay, so I'm presented with a question that's very specific – it wants me to identify the virulence factors of *Legionella pneumophila* that are involved in the development of pneumonia. Fine, that's a straightforward query in the world of microbial pathogenesis. However, the accompanying context is, frankly, completely useless. It's talking entirely about *Chlamydia pneumoniae* and chlamydial pneumonia. There's zero mention of *Legionella* or any of its associated virulence mechanisms. It's like asking about apples and getting a paragraph about oranges.

Therefore, given the blatant disconnect between the question and the provided information, any attempt to derive an answer from this context would be intellectually dishonest. The correct assessment is a big fat zero. The context is irrelevant and offers no insight.


",Score-Reasoning Inconsistency,"Model B correctly deduced in its reasoning that the document was completely irrelevant and explicitly concluded that 'The correct assessment is a big fat zero', but failed to align its final numerical score with its own judgment, outputting a 1 instead of 0."
156493,3288596,156493,"If the tank is not large enough to allow the goldfish to grow, it's growth will be stunted and this can cause the fish to become unhealthy and die. The fancy goldfish do not get as large as the common/comet/shubunkin/feeder goldfish. The more room you can give your goldfish, the faster it will grow.",2,2,1,"Here's my thinking:

**Assessing the Quantification of Age-Dependent Growth Rate Changes**

Okay, so the prompt is asking whether the provided text quantifies age-dependent growth rate changes. Let's break this down. My initial assessment is that the text touches upon factors that influence growth rate – specifically tank size and breed differences – but that it doesn't actually quantify the *change* in growth rate as a function of age. There's no numerical data presented, no equations, or even descriptive trends that would enable such quantification. The core issue is that age is not directly addressed in the provided context, nor is there any mention of a model. Therefore, I'm forced to conclude that the answer is negative. The text doesn't provide the information needed to support a positive response. Score is zero.


","**Analyzing the Question's Scope**

Okay, so the question is whether the provided context quantifies age-dependent growth rate changes. Let's break this down. The context mentions goldfish tank size and its impact on growth – specifically, that more space results in faster growth, and it also differentiates between fancy and common goldfish sizes. But does any of this actually *quantify* changes in growth rates that are *dependent* on age?

Honestly, no. The context is really just about tank size and a general comparison of goldfish types. There's no mention of specific ages, no data points linking age to growth rate, no attempt to model or measure how growth changes *over time* for individual fish. It's a very high-level description of influencing factors. Without any age-related parameters, it's impossible to quantify an age-dependent rate change from this information. Therefore, the answer is unequivocally 0. It's a complete mismatch between the question's specific demands and the information provided.


",Hallucinated Requirement,"Both models hallucinated an overly specific and ungrounded query requirement ('quantifying age-dependent growth rate changes') due to the opaque numeric query ID. While Model A's final assigned score matched the human relevance score despite its flawed thinking, Model B doubled down on this hallucinated criterion, concluding the document was completely irrelevant and regressing the score downward to 1."
87181,5876723,87181,"The bicuspid aortic valve may not be completely effective at stopping blood from leaking back into the heart. This is called aortic regurgitation. The aortic valve may also become stiff and not open up as well, causing the heart to have to pump harder than usual to get blood past the valve (aortic stenosis).",0,0,1,N/A,N/A,Hallucinated Relevance,"Model B assigned relevance to a document about bicuspid aortic valve disease for an unrelated numeric query ('87181'), failing to recognize the total absence of lexical or semantic connection."
1114819,3781416,1114819,"Medically necessary covered accessories and attachments to a DME necessary to make the DME “serviceable” for a particular disability. For example, a car lift that is an accessory to a wheelchair. Repairs to equipment that you own when needed to make the item serviceable.",1,1,0,"**My Assessment of the ""Durable"" Definition**

Okay, so the query is asking for a concrete definition, either in measurable terms or descriptive qualities, of what constitutes ""durable"" in this context. And the provided context, which seems to be about attachments to, or repairs of, Durable Medical Equipment (DME), completely misses the mark. It touches around the topic, with mentions of repairs and making equipment functional, but it doesn't give me any *definition* of durability, either as a quantity or as a quality.

Therefore, as far as *this* goes, there's absolutely no answer here, and I have to give it a failing grade. We need that definition to make any real progress.


","Okay, here's my assessment of this inquiry, presented as a first-person account:

**Analyzing the Durability Definition**

Right, let's break this down. The core question is: how is ""durable"" defined, either in terms of measurable quantities or descriptive qualities? That's the crux of it. The context provided – focusing on medically necessary accessories and repairs for Durable Medical Equipment (DME) – certainly touches on the concept of durability. However, upon closer inspection, it's immediately clear that the provided text doesn't actually *define* ""durable"" in any concrete or specific way. It presupposes an understanding of the term, rather than laying out its parameters. It just uses it.

The context discusses equipment being ""serviceable,"" repairs, and making equipment ""serviceable,"" but never provides any details on what makes it durable in the first place. Therefore, from a definitional standpoint, the question isn't answered. Hence, I'm assigning a grade of zero. There's simply no definition offered within the framework presented.


",Overly Strict Relevance Threshold,"Both models recognized that the document touches on the topic of Durable Medical Equipment (DME) without providing an explicit definition of 'durable.' However, Model B applied an overly strict, all-or-nothing standard, assigning a score of 0 because an exact definition was missing, whereas Model A awarded a score of 1 to reflect partial or tangential relevance."
359349,3739666,359349,"Using the midpoint formula, label the points as x 1 = -1, y 1 = -2, x 2 = -3, and y 2 = 5. To find the midpoint M of the line segment joining the points, use the midpoint formula :Test Yourself (Click HERE).sing the midpoint formula, label the points as x 1 = -1, y 1 = -2, x 2 = -3, and y 2 = 5. To find the midpoint M of the line segment joining the points, use the midpoint formula : Test Yourself (Click HERE).",0,0,1,"Here's my assessment of the situation:

**Analysis of the Prompt: A Non-Sequitur**

Okay, the question is clearly probing for information about parallel bases, either given explicitly or indirectly, within the context of a geometric shape – likely a trapezoid. I need to determine if that information is available or calculable. However, the supporting context provided discusses the midpoint formula and specific coordinates (-1, -2) and (-3, 5). This is a textbook example of a completely unrelated concept! There's absolutely no connection between finding midpoints and determining the lengths of parallel bases. Therefore, the information provided is irrelevant and I can't derive anything useful for answering the original question. My evaluation is a clear zero. This is a non-starter.


","**Analyzing the Irrelevance of the Question**

Okay, so the prompt threw a question at me about the lengths of parallel bases, essentially hinting at a geometric problem involving something like a trapezoid. However, the accompanying context is describing a completely different geometric situation: finding the midpoint of a line segment defined by the points (-1, -2) and (-3, 5). This is a simple coordinate geometry problem.

The problem, or more precisely the context, doesn't provide any information related to parallel bases. There's no mention of a trapezoid, or any other figure with parallel sides. The given context is entirely unrelated to the question of base lengths. Therefore, the context is fundamentally unable to address the question posed in any way, directly or indirectly. The answer is a resounding zero because the context is not germane to the question.


",Score-Reasoning Contradiction,"Model B correctly determined that the document was completely irrelevant and explicitly concluded in its reasoning that 'The answer is a resounding zero', yet contradicted itself by outputting a score of 1."
1124210,2494577,1124210,"Tracheids and vessel elements form tube-shaped structures that provide pathways for water and minerals to travel from the roots to the leaves. While tracheids are found in all vascular plants, vessels are found only in angiosperms. Phloem is composed mostly of cells called sieve-tube cells and companion cells. These cells assist in the transport of sugar and nutrients produced during photosynthesis from the leaves to other parts of the plant. While tracheid cells are nonliving, sieve-tube and companion cells of the phloem are living.",2,2,1,N/A,N/A,Over-reliance on Lexical Matching,"Model B likely downgraded the document due to a lack of literal keyword overlap with the numeric query string '1124210', failing to match the benchmark's ground-truth judgment (where the number represents a dataset query ID corresponding to the passage content)."
1103812,2750961,1103812,"In early December, Yeltsin and the leaders of Ukraine and Belarus met in Brest to form the Commonwealth of Independent States (CIS), effectively declaring the demise of the Soviet Union. On December 25, 1991, the Soviet hammer and sickle flag lowered for the last time over the Kremlin, thereafter replaced by the Russian tricolor. Earlier in the day, Mikhail Gorbachev resigned his post as president of the Soviet Union, leaving Boris Yeltsin as president of the newly independent Russian state.",1,1,2,N/A,N/A,Hallucinated Relevance,The query consists entirely of an ungrounded numeric string ('1103812') with no semantic connection or textual overlap to the historical text regarding the collapse of the Soviet Union. Model B improperly assigned partial or moderate relevance (score 2) instead of recognizing the complete lack of relevance.
168216,8731619,168216,"The genome of Legionella pneumophila str. Paris was found to contain 3,503,610 base pairs and contains about 3027 predicted protein-encoding genes. The genome is a circular chromosome with an average GC content of 38%.",0,0,1,"**Assessing the Relevance of the Provided Context**

Okay, so I'm looking at this and the task is clear: I need to determine if this text actually addresses the question about *L. pneumophila* virulence factors implicated in pneumonia. The question is very specific - I'm looking for *specific* virulence factors, their role in pathogenesis, not just a general mention of the organism or disease. I know my field, and I know the question requires a detailed answer.

The context is giving me basic genomic information about *Legionella pneumophila* str. Paris – the size of its genome, the number of genes, its circular chromosome, and GC content. That's all very interesting data in its own right, and could be useful for other questions, like evolutionary relationships, but it's completely missing the mark here. I am looking for something about specific toxins, enzymes, proteins – anything directly linked to how *Legionella* actually causes pneumonia. This text doesn't even come *close*. The score is accurate: it's a definite zero. There's nothing relevant here. I need to move on.


","Here's my assessment of the situation:

**Analysis of the Question and Provided Context**

Okay, so the question is directly asking about specific virulence factors of *Legionella pneumophila* that are involved in the process of pneumonia. My initial scan of the provided text, however, tells me that it's dealing with some basic genomic characteristics of *L. pneumophila* strain Paris. I'm seeing information about genome size, base pair count, predicted genes, chromosome shape, and GC content. But, I don't see anything regarding any specific virulence factors or how they contribute to causing pneumonia.

Therefore, given what's been given to work with, there is no way to answer the question, as the required information simply isn't present in the text provided. This should result in a grade of zero.


",Score-Reasoning Inconsistency,"Model B correctly identified that the text lacks the required information and explicitly concluded in its reasoning that it should receive a grade of zero, but contradicted itself by outputting a score of 1."
168216,3670943,168216,Legionella Reporting Legionella Water Risk Assessment – Legionella is an increasing health risk and as a result it is now a legal requirement for private landlords and/or agents (and anyone with ‘multi-occupancy’ properties) under the improvements to the L8 document (Approved Code of Practice for Legionnaires’ Disease) to have a 12 monthly checks done to demonstrate the water systems are clean and healthy.,1,1,0,"**My Assessment of the Query**

Okay, so the user's asking a very specific, clinically-relevant question about *Legionella pneumophila* – namely, what virulence factors are involved in causing pneumonia. That's a great question, highlighting a solid understanding of bacterial pathogenesis. However, the information I've been given is completely irrelevant to that specific request. It's all about Legionella risk assessment, landlord responsibilities, and the legal framework, which is important, but *completely* orthogonal to the mechanisms of infection. The text mentions things like the L8 document and water system checks – all things related to prevention, not the how the bacterium actually *does* its damage. So, based on the provided context, I'm at an absolute zero. I can't even begin to answer the question, because the relevant information simply isn't present. My response, therefore, must be that the answer is inaccessible with the given material.


","Here's my assessment of the situation:

**Addressing the Virulence Factor Query**

Okay, so I'm presented with a question that's right in my wheelhouse: identifying specific virulence factors of *Legionella pneumophila* involved in pneumonia development. Excellent! I'm ready to dive into that. However, the provided context... it's completely off-topic. I see mentions of Legionella reporting protocols, water risk assessments, legal obligations for landlords, and the frequency of inspections. While important aspects of controlling *Legionella* exposure, these topics have absolutely nothing to do with the molecular mechanisms by which this bacterium causes disease. The text fails to even brush upon the topic, let alone address the question's core. Therefore, there's simply no basis for extracting an answer. I have to give this context a resounding zero. It's just not relevant.


",Over-penalization of partial relevance,"Both models identified the target topic as Legionella pneumophila, but Model B applied overly strict filtering criteria—insisting on specific molecular virulence mechanisms and assigning a score of 0, thereby failing to credit the document for marginal or broad topical relevance (score of 1)."
87181,4632252,87181,"As enlargement progresses, though, the heart's pumping ability declines. Dilated cardiomyopathy is the main type of cardiomegaly. In dilated cardiomyopathy, the walls of both the left and right side of the heart (ventricles) become thin and stretched. The result is an enlarged heart.In the other types of enlarged heart, the heart's muscular left ventricle becomes abnormally thick.. An enlarged heart (cardiomegaly) may have various causes. But it's usually the result of high blood pressure (hypertension) or coronary artery disease. An enlarged heart may not pump blood effectively, resulting in congestive heart failure.",0,0,1,N/A,N/A,Hallucinated Relevance,"Model B assigned a non-zero relevance score to a medical passage about cardiomegaly for a query that is merely a five-digit number ('87181'), failing to recognize that the document has zero topical or lexical connection to the query."
1124210,5032711,1124210,"Xylem consists of three different types of cells: Xylem parenchyma cells and xylem fiber cells, which simply provide structural support for the most important xylem cells, the tracheary elements (TE). The TE are completely dead at maturity, and act like pipes to allow water and dissolved minterals to flow through them. There are two types of tracheary elements: vessel elements and tracheids. Though they have some structural differences, these two types function in the same manner.",2,2,1,"**Evaluating the Question's Answerability**

Okay, so the user wants me to determine if the question, ""Which primary vascular tissue type contains these cells?"" is answerable given the provided context. I need to break this down. First, I see the context explicitly details that ""Xylem consists of three different types of cells: Xylem parenchyma cells and xylem fiber cells... the tracheary elements (TE)..."". My expertise tells me that this phrase ""these cells"" is an anaphoric reference; it's pointing back to something previously mentioned. In this instance, ""these cells"" clearly refers to the three cell types mentioned within the structure of Xylem.

The question asks about a *primary* vascular tissue type. Xylem *is* a primary vascular tissue. And since the context *directly* identifies Xylem as containing the parenchyma, fiber, and tracheary element cells (vessels and tracheids), I can definitively say that the answer is provided within the text. Therefore, I'd give this a high grade. I'm going to give it a 5, or maybe a 4/5. The context is very direct.


","**Analyzing the Question: A Straightforward Answer**

Okay, so the prompt is asking me about a primary vascular tissue type and specifically, the cells it contains. It's a bit vague with ""these cells"" initially. However, the context clarifies things. It's listing out the cells found in Xylem: parenchyma, fiber cells, and the tracheary elements (TE). Hmm, I'm thinking, is the question answerable from what I've been given? Absolutely. ""These cells"" *have* to refer to cells within xylem given the way the prompt is structured. The answer is obviously Xylem. A Grade 5 level question, really.


",Internal Inconsistency,"Model B's reasoning concluded that the context directly and obviously answers the query, yet it experienced a score disconnect and assigned a score of 1 instead of the top score (2)."
915593,8178998,915593,"Sous-vide cooking involves cooking food in sealed plastic bags immersed in hot water for long periods of time. Depending on the cut, type, and thickness of the meat or the type of food in question, cooking sous-vide for several hours is not out of the ordinary. The key is managing the temperature of the water so it stays hot enough to cook the food thoroughly and evenly, and long enough to kill any food-borne pathogens that may be in the bag along with the food.",0,0,1,N/A,N/A,Hallucinated Relevance,"The query consists solely of an arbitrary number ('915593') with no connection to sous-vide cooking. Model B regressed by awarding a non-zero relevance score to a completely unrelated document, failing to recognize the total lack of topical overlap."
87181,3354162,87181,"hypertrophic subaortic stenosis (idiopathic hypertrophic subaortic stenosis) a cardiomyopathy of unknown cause, in which the left ventricle is hypertrophied and the cavity is small; it is marked by obstruction to left ventricular outflow.",1,1,0,"**Analyzing the Depth of the Explanation**

Alright, let's break this down. The core question is whether the provided text *details* the mechanisms behind chronic afterload elevation, specifically in the context of hypertrophic subaortic stenosis. My initial assessment is straightforward: the text offers a brief definition of the condition, highlighting left ventricular hypertrophy and outflow obstruction. However, it completely sidesteps any in-depth discussion of the underlying *mechanisms* that lead to chronic afterload elevation. It just *mentions* the obstruction, not how that obstruction translates mechanistically to sustained afterload elevation.

Therefore, the question, ""Are chronic afterload elevation mechanisms detailed?"" receives a resounding ""No."" The context, in essence, lacks the necessary granularity to provide a satisfactory answer to that particular query. This question is a yes/no question about whether mechanisms are detailed. The answer is no, meaning the evaluation should probably be graded a 0 or 1, as the context falls short of the requested level of detail regarding underlying mechanisms.


","**Analyzing the Presence of Chronic Afterload Elevation Mechanisms**

Okay, so the question is, ""Are chronic afterload elevation mechanisms detailed?"" and the context provided describes hypertrophic subaortic stenosis (HSS), a cardiomyopathy characterized by left ventricular hypertrophy and outflow obstruction. Hmm. Does this actually give me what I need? The context explicitly mentions obstruction to left ventricular outflow. But does this *detail* chronic afterload elevation mechanisms?

The initial thought is that the answer is straightforward, a simple ""No."" However, the wording of the prompt, ""Can the question be answered based on the available context?"" usually implies that the context must directly address the subject of the query. I have to be careful with my assessment here. The context certainly *implies* afterload elevation due to the outflow obstruction. But does it detail the *mechanisms*? No. It doesn't get specific and doesn't explicitly talk about afterload. It only briefly references the obstruction, which is related to afterload. Therefore, since there's no detailing of chronic afterload elevation mechanisms, the provided information does not address the question as asked, and the answer, in a detailed form, is: ""No, they are not detailed."" Therefore, the grade is a zero.


",Failure to Credit Partial Relevance,"Model B applied an overly strict threshold by conflating the absence of detailed mechanisms with total irrelevance (score 0), whereas Model A recognized that the document still partially addressed the subject matter (providing enough context for a minimal relevance score of 1)."
156493,3015801,156493,Cottonwoods and poplars can be 10feet in a year. Grow really fast. Most trees will grow about 3 to 6 feet in a year. Slow growing trees can grow a foot or less in a year.,0,0,1,N/A,N/A,Hallucinated Relevance,"The query consists of an ambiguous numerical identifier ('156493') with zero topical or lexical relation to the document about tree growth rates. Model B improperly assigned positive relevance to a completely unrelated document, whereas Model A correctly identified it as non-relevant."
1113437,8503453,1113437,"Spruce trees are both evergreens, meaning that they stay green all year, and conifers, meaning that they bear cones. There are about 40 species of spruce trees worldwide, all of which grow in the northern latitudes.",1,1,0,N/A,N/A,Failure to Resolve Query Identifier,"The query consists solely of an opaque dataset query ID ('1113437') rather than natural language text. Model B evaluated the text literally and found no semantic or lexical overlap with the passage about spruce trees, assigning a score of 0, whereas Model A correctly preserved relevance likely by memorizing or resolving the benchmark query artifact."
489204,6581779,489204,Injuries or abnormalities of the right side kidney usually cause pain on the right side of the waist as well. Various infections of the kidneys and kidney stones formed from excess calcium or uric acid are also connected to pain in lower abdomen and the lower back.,1,1,0,"Here's my assessment of the situation:

**Analysis of the Clinical Question Regarding Right-Sided Abdominal Pain**

Okay, so I've got this query about right-sided abdominal pain, and they're specifically asking about whether it's cyclic or related to pregnancy. The provided context, however, is laser-focused on kidney issues – injuries, abnormalities, infections, and stones – and how those can present with pain in the right waist, lower abdomen, and lower back. My expert knowledge tells me that those are all reasonable possibilities when considering the differential for this location, but the information isn't granular enough to give me more.

The crucial issue here is the lack of *any* mention of cyclical pain patterns or a connection to pregnancy status within the given context. This means I'm working with incomplete data. Based solely on the information at hand, there is no way I can offer an answer to the question regarding cyclicity or pregnancy. I have to give this a resounding zero, because the question cannot be answered from the provided information. I need more information.


","**Analyzing the Patient's Pain - A Quick Assessment**

Okay, so we're looking at a patient experiencing pain in their right waist, lower abdomen, and lower back. The clinical picture immediately points towards a possible renal involvement – kidney injury, abnormalities, or even kidney stones are all prime suspects given the location. The key question we need to address is whether this pain presents cyclically, which could point towards issues like menstrual cycle-related pain if the patient is female, or if the pain is associated with their pregnancy status.

However, the provided context is frustratingly silent on those crucial details! There's absolutely nothing in the information given that addresses the cyclicity of the pain or whether the patient is pregnant. Without that data, any further deduction would be pure guesswork, which is just not good practice. Therefore, based purely on the inadequacy of the provided information, I have to give this a resounding zero. We need more data.


",Hallucinated Requirement,"Model B penalized the document and scored it as 0 because the text failed to address specific, hallucinated criteria (cyclical pain and pregnancy status) that were not part of the actual query or context."
156493,6669867,156493,"1. Silver Dollars do grow large and fast so you will probably need a big tank to accommodate them. Because they grow to the size of a dinner plate (8 inches in diameter), a VERY large tank will be needed to house a shoal of 4-6 adult fish. A 300 gallon (1,135.6 L) or larger tank would be appropriate for these fish.",0,0,1,N/A,N/A,Hallucinated Relevance,"The query consists solely of an arbitrary number ('156493') with no semantic relation to the document about Silver Dollar fish care. Model B improperly awarded relevance to a completely irrelevant text, likely due to an overly lenient threshold or hallucinating a topical connection."
87181,2556153,87181,"While ventricular hypertrophy occurs naturally as a reaction to aerobic exercise and strength training, it is most frequently referred to as a pathological reaction to cardiovascular disease, or high blood pressure. It is one aspect of ventricular remodeling. While LVH itself is not a disease, it is usually a marker for disease involving the heart.",0,0,1,N/A,N/A,Hallucinated Relevance,The query '87181' is an arbitrary numeric code (likely a ZIP code) with zero relation to medical text about ventricular hypertrophy. Model B erroneously assigned weak relevance instead of recognizing the complete lack of topical overlap.
264014,2474341,264014,"Completely developed adult fleas can live for several months without eating, as long as they do not emerge from their cacoons. Newly emerged adult fleas live only about one week if a blood meal is not obtained. Optimum temperatures for the flea's life cycle are 70°F to 85°F and optimum humidity is 70 percent.",1,1,0,"**Analyzing the Question on Flea Development Time**

Okay, so the query is straightforward: how do different ambient temperatures influence the time it takes for a flea to go from egg to adult? The provided context offers a starting point, noting that the ideal temperature range for the flea lifecycle is between 70°F and 85°F, with 70% humidity. However, that’s where the detail stops.

The key issue here is that the context fails to provide any explanatory mechanism of *how* these temperatures actually affect development time. It doesn't offer a comparative analysis. Does warmer temperature accelerate the process up to a point, and if so, what's that point? Does cooler temperature inhibit it? Are there distinct developmental stages uniquely affected? Without that kind of granular information – without even a basic quantification or correlation between temperature and development duration across a spectrum of temperatures – the core question essentially goes unanswered, or is at best, very minimally addressed. I need more information to really dig into this one.


","Here's my assessment of the situation:

**Analyzing the Flea Development Question**

Right, so the query is straightforward: ""How do ambient temperatures affect the time it takes for a flea to go from egg to adult?"" The context helpfully gives us the optimal temperature and humidity parameters for a flea's life cycle – 70°F to 85°F and 70% humidity. However, and this is crucial, it *doesn't actually explain the mechanism* by which temperature impacts the development time. Does warmer mean faster? Colder, slower? Are there specific developmental durations at different temperatures? The provided information is silent on these details. It simply provides the comfort zone, the sweet spot.

Therefore, because the question requires a description of the *modification* of the development time as a *result* of changes in temperature, and no such modification information is given, this question is basically unanswerable based on the information provided. I'd have to give this a zero or a one, and honestly, probably a zero, since I can't really answer the question as posed.


",Over-penalizing partial relevance,"Both models accurately identified that the text provides optimal temperature conditions for the flea life cycle without explaining the exact developmental mechanism. However, Model B applied an overly strict, all-or-nothing standard, discounting the partial and topical relevance of optimal life cycle temperatures and dropping the score from 1 to 0."
156493,6357270,156493,"Taller running types, like Phyllostachys, usually grow 3-5 feet in height per year. Older, more established plants, usually at least 3 years in the ground, will grow faster than newly planted ones. Placement and care will influence how fast and tall a bamboo will grow.n general, bamboo will get as big as it can depending on how much space it has to grow, kind of like a goldfish in a goldfish bowl. If you want the bamboo to reach its full height, you need to be prepared to donate the space, an area at least 30 feet in circumference.",1,1,2,"**Analyzing the Context for Age-Dependent Growth Quantification**

Okay, so the core question is: does this context *quantify* changes in growth rate that are dependent on the age of the plant? I see the context explicitly states that ""Older, more established plants, usually at least 3 years in the ground, will grow faster than newly planted ones."" That much is clear. But does it provide any specific numbers? Does it give us a function, a formula, a table, anything that links a particular age with a corresponding growth rate? No. It offers a general baseline, a range (3-5 feet per year) for taller varieties, but it doesn't break down the growth rate changes *by* age. It just says older is faster.

Therefore, the direct answer to the question ""Does it quantify age-dependent growth rate changes?"" is a straightforward ""No."" The text *qualitatively* notes increased growth with age, but fails to provide any numerical quantification of the rate change.

The beauty of this is that the context is fully sufficient to answer the question, it is fully determinable from the text. I can answer the yes/no question directly from the text without needing any further information or inference. This is a very clear and concise answer.


","**Analyzing the Quantification of Age-Dependent Growth Rates**

Okay, so the question is whether the provided text quantifies age-dependent growth rate changes. Let me break this down. The context mentions that older plants, specifically those established for at least three years, exhibit faster growth compared to newly planted ones. That much is clear; we see a change in growth rate based on age. However, the critical point is whether this change is *quantified*.

The text offers a general growth rate – ""usually grow 3-5 feet in height per year."" But does this tell us how much *faster* the older plants grow relative to the younger ones? No, it doesn't. We have a qualitative statement: older plants ""will grow faster."" But there's no numerical comparison, no percentage increase, no specific rate differential linked to a specific age range.

Therefore, the question, as a simple Yes/No, can indeed be answered based on the context. The answer is, definitively, ""No."" The text acknowledges the age-dependent growth rate change (""will grow faster""), but it doesn’t actually quantify that change. It only qualifies the difference. The text gives a general growth rate (""3-5 feet"") but does not quantify how the growth rates change by age, making the answer ""No"" and the grading of 5 fair.


",Score Mapping Inconsistency,"Both models followed virtually identical reasoning paths, concluding definitively that the text does not quantify age-dependent growth rates. However, Model B failed to translate its conclusion into the correct score, even erratically referencing a 'grading of 5' in its text before outputting a score of 2 instead of 1."
359349,2293820,359349,"This segment's length is always equal to one-half the sum of the trapezoid's bases, or. Consider trapezoid ABCD shown below. The midsegment, EF, which is shown in red, has a length of. The measurement of the midsegment is only dependent on the length of the trapezoid's bases.",2,2,1,N/A,N/A,Unrecognized Identifier Query,"Model B likely penalized the document for lacking lexical overlap, failing to recognize that the purely numerical query '359349' represents a specific homework or database question ID that corresponds directly to the problem text described in the document."
1117099,5286535,1117099,the overall rate may be extremely slow one to ten centimeters per year but the long term effect is a continual re shaping of the surface of our planet an active continental margin is found on the leading edge of the continent where it is crashing into an oceanic platean excellent example is the west coast of south america active margins are commonly the sites of tectonic activity earthquakes volcanoes mountain building and the formation of new igneous rockhis is an easy one the earth s crust is broken into sections called plates there are two 2 basic types oceanic plates which are composed of basalt and continental plates which are mostly granite,0,0,1,N/A,N/A,Hallucinated Relevance,"The query consists solely of an arbitrary number ('1117099') with no semantic connection or relevance to the document discussing plate tectonics. Model B erroneously assigned a non-zero relevance score to completely unrelated content, whereas Model A correctly identified that there is zero relevance."
156493,6343401,156493,"It is a tetra 3 gallon tank with bubbles and a filter. I have 2 goldfish. Thanks! that's a very small tank for goldfish you should get a hundred gallon aquarium for 2, you can go to a hardware store and get a 50 gallon container for cheap and get 2 of them one for each goldfish.",0,0,1,N/A,N/A,Hallucinated Connection,"The query is an arbitrary numeric string ('156493') with zero topical or keyword overlap with the document about goldfish tank sizes. Model A correctly identified complete irrelevance (0), while Model B assigned partial relevance (1), falsely assuming a connection or applying an overly lenient baseline scoring threshold."
146187,6066658,146187,Calories in a Cheeseburger w/ Mustard & Ketchup. There are 400 calories in a Cheeseburger w/ Mustard & Ketchup from McDonald's. Most of those calories come from fat (39%) and carbohydrates (40%).,0,0,1,"**Analyzing the Clarity of the Information**

Okay, so the prompt is straightforward. It's asking a simple yes/no question: ""Does it specify the number of cheese slices per item?"" I'm presented with context: the calorie breakdown of a McDonald's cheeseburger. Immediately, my expertise kicks in – I can analyze the provided information and determine whether the specification of cheese slices is present or absent.

The context focuses on calories, fat, and carbohydrates, offering a numerical breakdown. It doesn't, however, delve into the composition of the burger beyond those macronutrient details. There's nothing about ingredients, component quantities, or even implied assumptions of slice number. The question is whether ""it"" specifies. The provided information absolutely does *not* specify the number of cheese slices.

Therefore, the answer is unequivocally ""No."" Given the clarity and directness of the context, and the ability to answer the question without any ambiguity, a grade of 5 is entirely appropriate. This assessment is based on a clear understanding of the information provided and what constitutes ""specification"" within this data.


","**Analyzing the Cheese Slice Inquiry**

Okay, so the prompt is asking if the provided context specifies the *number* of cheese slices in a McDonald's cheeseburger. The context itself is all about calories, fat percentage, and carbohydrate percentage in a cheeseburger with mustard and ketchup. It's a pretty straightforward yes/no question.

Initially, my instinct was to say, ""No, it doesn't specify the cheese slices."" But, to be meticulous, I should really re-read everything. The context *only* deals with nutritional information – calories, macronutrient breakdown, and the basic ingredients. It makes no mention of the physical components of the burger, such as cheese slices. Therefore, I can confidently answer ""No"" to the core question. The context definitely does *not* provide that information. So, my confidence level for this answer is a 5 – fully answered!


",Score mapping error,"Both models suffered from severe hallucination by evaluating an unrelated prompt about cheese slices rather than the query '146187'. However, Model B regressed by conflating its high confidence in answering 'No' ('fully answered') with positive document relevance, resulting in an erroneous score of 1 instead of 0."
1037798,4482918,1037798,"Many natural philosophers and mathematicians like Robert Boyle, Otto von Guericke, Stephen Gray and C.F. Du Fay investigated the phenomenon of electricity. In the 18th century, Benjamin Franklin is supposed to have first proved conclusively that lightning was indeed electricity, through some kite experiments.",0,0,1,N/A,N/A,Hallucinated Relevance,Model B assigned relevance to a document about the history of electricity despite the query being an ungrounded numeric identifier ('1037798') with zero semantic or lexical overlap.
1124210,7443583,1124210,"xylem tissue Cross section of xylem tissue from an oak tree (Quercus species). The large holes are wide vessel members, which serve as major water-conducting cells for the tree. J.M. Langham The xylem tracheary elements consist of cells known as tracheids and vessel members, both of which are typically narrow, hollow, and elongated.",2,2,1,"Here's my take on the thought process, summarized as you requested:

**Xylem Cells and Vascular Tissue: A Straightforward Deduction**

Alright, the question's pretty clear: ""Which primary vascular tissue type contains these cells?"" We're given the context: ""xylem tissue,"" and specifically, it lists ""vessel members,"" ""tracheary elements,"" and ""tracheids."" Now, that's a dead giveaway. The context *explicitly* states that these cells are *within* xylem tissue. There's no need for any further analysis or inferring here. It's a direct, literal match. Boom. Answered. Easy grade 5.


","Okay, here's my response, assuming I'm the expert and thinking this through:

**Deconstructing the Vascular Tissue Question**

Alright, this is straightforward. The question is explicitly asking about which *primary* vascular tissue contains the cells, likely referring to the water-conducting ones. The context hits me right away with the key term: ""xylem tissue."" And, the text states the xylem's job is water conduction. The description of tracheids and vessel members immediately tells me the answer. No tricky phrasing or implied meanings here, it's all laid out. Context is key, and it directly answers the question. Grade 5, no problem. Xylem it is.


",Score-Reasoning Misalignment,"Both models came to the exact same reasoning conclusion that the document directly and unambiguously answered the query ('Grade 5, no problem'). However, Model B suffered from an internal calibration/mapping error, outputting a score of 1 despite its own reasoning justifying the maximum relevance score."
1124210,5350932,1124210,"Both are found in the central vascular bundle. Basically, xylem tranports water and phloem transports organic substances. Xylem is a tissue found in vascular plants that transorts water and dissolved mineral nutrients.It consists of hollow vessels that are formed from cells joined end to end in flowering plants.ylem tissues transport water from the roots throughout the plant, while phloem transports food (suga … rs) from photosysnthesis throughout the plant. Xylem: tubes that brings water and minerals from the roots into the leaf.",0,0,1,N/A,N/A,Hallucinated Relevance,"The query consists solely of an arbitrary number ('1124210') with no semantic or contextual connection to the botanical text discussing xylem and phloem. Model A correctly identified the text as completely irrelevant, while Model B exhibited a false-positive judgment by hallucinating relevance or defaulting to an overly lenient score."
527433,7787755,527433,"While the other students are reading in small groups, she works with Pearl one on one, using the same storybook. Pearl has a speech disorder, too, but hers is called dysarthria. It causes Pearl’s speech to be slurred, very soft, breathy, and slow. Here, the cause is weak muscles of the tongue, lips, palate, and jaw.",1,1,0,N/A,N/A,Failure to Recognize Identifier Query,"The query appears to be a numeric identifier (e.g., passage or document ID) rather than a natural language question. Model B failed to recognize it as a valid retrieval lookup or identifier match, marking it as completely irrelevant due to the lack of surface-level semantic or lexical overlap with the text."
168216,4245223,168216,Legionnaires' disease is an acute respiratory infection caused by a common bacteria that results in a serious case of pneumonia. It first became a well-known disease in 1976 when a serious outbreak occurred among a large number of people attending an American Legion convention.,0,0,1,N/A,N/A,Hallucinated Relevance,"Model B attributed relevance to a medical text about Legionnaires' disease for a completely ungrounded, non-semantic numeric query ('168216'), incorrectly assigning a positive score despite zero topical connection."
962179,2274386,962179,"what is i’ll fight day? I’ll Fight Day is a servant evangelism day for youth of The Salvation Army that will take place all across the world on Saturday, December 2nd, 2017. It is inspired by the love of Christ and William Booth’s famous “I’ll Fight” message.",0,0,1,"**Analyzing the Question and Context**

Okay, so the prompt is asking about the specific date The Christian Mission became The Salvation Army. That's a pretty straightforward historical query. Now, let's see what the provided text offers. It's discussing ""I'll Fight Day"" for Salvation Army youth, referencing William Booth's influence. Hmm... that seems related to the *mission* of the organization, and I can see the connection. However, it specifically outlines a youth-focused event inspired by a founder's message. Crucially, though, it *doesn't* offer any specific information about the name change from ""The Christian Mission"" to ""The Salvation Army"". Therefore, as an expert, I can safely conclude that the passage doesn't provide the answer needed to fulfill the prompt. It's a clear no, and the response should be graded accordingly.


","**Analyzing the Prompt and Context**

Okay, so the prompt is asking if the provided information tells us *when* The Christian Mission officially became The Salvation Army. Right, let's break this down. The question hinges on a specific piece of information: the official adoption date of the name.

The context mentions ""I'll Fight Day,"" a youth evangelism event within The Salvation Army. It's related to William Booth and the ""I'll Fight"" message. However, the context *doesn't* actually specify anything about The Christian Mission directly, and therefore it doesn't give a date.

The question itself is a meta-question, asking if the information *specifies* the date, but it seems there may be an implicit understanding that the answer is evaluated based on whether the context contains the target information. The context doesn't mention ""The Christian Mission"".

So, does the information specify the adoption date? No. Therefore, the answer is ""No, the information does not specify when..."" and that's the final answer.


",Score-Reasoning Mismatch,"Model B correctly deduced that the document does not provide the required information and concluded 'No', but mistakenly assigned a positive relevance score of 1 instead of 0, resulting in a direct contradiction between its reasoning and final score."
1133167,7093512,1133167,"Today’s and tonight’s Montego Bay, Jamaica weather forecast, weather conditions and Doppler radar from The Weather Channel and Weather.com Today’s and tonight’s Montego Bay, Jamaica weather forecast, weather conditions and Doppler radar from The Weather Channel and Weather.com Connection restored! Show me the weather in... city, zip, or place",1,1,0,"**My Assessment of the Montego Bay Weather Information**

Okay, so I've been given a text snippet from The Weather Channel concerning weather information for Montego Bay, Jamaica. After a thorough review, I've confirmed that the provided text is essentially a placeholder or general navigation. It contains broad weather details but utterly lacks any specifics regarding severe weather advisories. It doesn't tell me whether there are any active warnings, watches, or advisories currently in effect for the region. As an expert, I need actionable data to assess risk or provide relevant forecasting insight. Without that critical information, I can't generate a meaningful response to a query about severe weather. Therefore, based solely on this limited context, it's impossible to answer any question that requires details about active severe weather. A grade of zero is appropriate here; the context is simply insufficient.


","Here's my assessment of the situation:

**Weather Forecast Analysis: Insufficient Data**

Okay, so I've been given some text about the weather in Montego Bay, Jamaica. However, all I'm seeing is header information and navigation elements for a weather website. There's absolutely nothing in this data that gives me any actual *weather* details, and critically, *no* mention of active severe weather advisories or warnings. It's like asking me to design a bridge with only blueprints for the welcome sign! I've got to rate this a flat zero because it's simply not possible to answer the question about severe weather based on this provided snippet. The context is completely devoid of the necessary information, which, frankly, is a pretty basic requirement. I'm left wanting more, especially if I'm supposed to make any reasonable assessment. I'm going to need some actual data to work with.


",Hallucinated Requirement,"Both models hallucinated that the task required answering a question about active severe weather advisories, but Model B strictly applied this fabricated constraint to downgrade the document to a score of 0, whereas Model A assigned a score of 1 matching the ground truth."
168216,4191388,168216,"Pontiac fever: Introduction. A mild from of legionellosis-the severe form is called Legionnaires disease. The condition is caused by a bacteria, usually only last for 2 to 5 days and treatment is generally unnecessary. Symptoms include fever, headache and muscle ache. mild from of legionellosis-the severe form is called Legionnaires disease. The condition is caused by a bacteria, usually only last for 2 to 5 days and treatment is generally unnecessary. Symptoms include fever, headache and muscle ache.",1,1,0,"**Assessing the Context's Relevance**

Okay, here's the deal. I need to figure out if this provided context has the goods to answer a very specific question: what *specific* virulence factors of *Legionella pneumophila* are implicated in pneumonia pathogenesis. It's not a general overview I'm looking for; I need the nitty-gritty details on the factors *directly* involved in causing pneumonia.

I'm presented with information that talks about Pontiac fever, a milder form of legionellosis. It mentions that it's caused by bacteria and lists some common symptoms – fever, headache, muscle ache. But the heart of the matter is this: does this context *actually* mention, in any way, the virulence factors themselves? Does it talk about the proteins, the enzymes, the mechanisms that *L. pneumophila* uses to infect and damage the lungs and cause pneumonia? Nope. Not even a whisper. So, from my expert perspective, this context is useless for answering the question posed. A score of zero, then. This doesn't help me at all.


","Here's my assessment of the situation:

**Analysis of the *L. pneumophila* Virulence Question**

Alright, so the question is drilling down on specific virulence factors of *L. pneumophila* and their role in causing pneumonia. My initial scan of the provided context, however, is a bit…underwhelming. It only briefly touches on Pontiac fever and Legionnaires' disease – the general disease manifestations and durations – but it doesn't give me any details at all about the actual virulence factors themselves, not even a whisper. It's like asking about the ingredients in a cake when all you've got is a description of the finished product's appearance and how long it took to bake. Without that crucial information, there's absolutely no way to determine which factors are at play. Therefore, I have to conclude that the information provided is simply insufficient to address the question. It’s a definite zero.


",Overly strict relevance threshold,"Model B used an all-or-nothing standard, completely dismissing the document because it lacked specific molecular virulence factors rather than recognizing partial relevance (score of 1) for discussing legionellosis and Legionnaires' disease manifestations."
1124210,2608221,1124210,"Lignin fills the spaces in the cell wall between cellulose, hemicellulose, and pectin components, especially in xylem tracheids, vessel elements and sclereid cells.",1,1,0,N/A,N/A,Misunderstood Identifier Query,"Model B failed to recognize that the purely numerical query '1124210' represents an entity or document identifier (such as a PMID or catalog ID) corresponding to the passage, incorrectly rejecting relevance due to a lack of surface lexical overlap."
915593,8029524,915593,"Roasts: Sear briefly on a hot cast iron skillet, vacuum pack and submerge in waterbath. When the given time is up, unpack and cut in appropriate pieces, and serve. Notes and pictures of Sous Vide prepared food.: Bow Burger Chopped steak sirloin Rost Brisket Beer cooler Sous Vide Notes: 2 pcs. Hamburger 180 g.",1,1,0,N/A,N/A,Failure to Recognize Identifier Query,"The query consists solely of an ID number (likely a passage or document identifier in a retrieval benchmark). Model B strictly evaluated semantic and lexical content overlap, failing to recognize the document as the target match for the numeric identifier."
1133167,4625148,1133167,"The Negril, Jamaica climate guide is perfect for planning your holiday. Monthly weather averages give the best indication of what the weather is usually like for every month of the year including figures for temperature, rainfall and sunshine.",1,1,0,"Here's my analysis of the situation:

**Assessing the Information Deficiency**

Okay, the prompt is straightforward: it wants me to determine if there's information about active severe weather advisories. The context provided, however, is completely irrelevant. It gives me *Negril, Jamaica's monthly climate averages*. That's helpful for understanding long-term weather patterns, but it's *useless* in answering a question about *current* severe weather. There's simply no connection. No mention of storms, warnings, watches, anything. Therefore, based on the material I was given, there's no basis to provide an answer. So, the evaluation defaults to a score of zero. It's a clear case of insufficient data.


","Here's my assessment of the situation:

**Analysis of the Query Regarding Active Severe Weather Advisories**

Okay, so the user's asking a pretty straightforward question: ""Are there any active severe weather advisories issued?"" My task is to determine if the given context allows for a definitive ""yes"" or ""no"" answer. Let's break it down.

The context provided is all about monthly weather averages for Negril, Jamaica – we're talking temperature, rainfall, and sunshine, all typical factors for holiday planning. I need to figure out if that particular context can give a definitive answer. Does the context contain any mention, even indirectly, of current severe weather alerts? The answer is a clear ""no."" The discussion centers exclusively around long-term averages, not real-time conditions or warnings.

Therefore, given the presented context, I'm forced to conclude that the original question *cannot* be answered. It's a fundamental lack of relevant information. My grade reflects this definitive inability to address the query. I have to assign a 0.


",Hallucinated Query,"Model B evaluated the document against a completely hallucinated query ('Are there any active severe weather advisories issued?') rather than the actual query ID/text '1133167', leading it to conclude there was no relevance and award a score of 0 instead of matching the ground truth."
359349,885427,359349,"1 Step 1: Line l divides AB into two equal parts and O is the midpoint of AB. [As the segment bisector passes through the midpoint of the segment.] 2  Step 2: AB = 2(AO) = 2(6) = 12 [Substitute AO = 6.]  Step 3: So, the length of AB is 12 units.",0,0,1,"Here's my analysis of the situation:

**Concerning Parallel Bases**

Okay, so the question is directly asking about whether we have enough information to determine the lengths of parallel bases. That's a very specific geometric concept, and the context provided is a simple segment AB, bisected by a line 'l' at a point O, where we know AO = 6, and thus AB = 12. There's *absolutely* no mention of any trapezoids, parallel lines forming bases, or anything remotely related to that kind of shape or dimension. The context provided is a fundamental one involving a straight line segment, bisected. The question is therefore completely unanswerable based on the information I've been given. The lack of any data regarding parallel bases means I have no basis upon which to make an assessment. Based on the context, it's a zero out of ten.


","Here's my analysis of the query, presented as a first-person account:

**Analyzing the Relevance of ""Parallel Bases""**

Okay, so the prompt threw a geometry question at me, asking if the lengths of parallel bases are provided or derivable. My first thought is to immediately check the context. The description talks about a bisected line segment AB, a midpoint O, and some lengths: AO = 6 and AB = 12. But wait a minute...where are the parallel bases? There's absolutely *no* mention of a trapezoid or any shape with parallel sides. It's just a simple line segment and its midpoint.

Therefore, since the context is entirely unrelated to parallel bases or any shape where they might exist, answering the question based on *this* specific context is impossible. It's a straight-up mismatch. I'd give this query a big fat zero, as in zero relevance to the provided information.


",Score-Reasoning Inconsistency,"Model B explicitly concluded in its reasoning that the query was completely irrelevant and deserved a score of zero, but it erroneously output a final score of 1 instead."
962179,6904859,962179,"The Salvation Army Northern Division has been serving people in need in Minnesota and North Dakota for more than 125 years. We provide basic needs assistance, housing, youth services, rehabilitation, disaster relief, counseling and more. Read More. The Northern Division is part of The Salvation Army International organization, which is dedicated to serving in Christ's name without discrimination. Whether you need help or want to make a difference for others, let us be your starting point.",0,0,1,"**Analyzing the Question's Answerability**

Okay, here's the breakdown. The user's question is ""Does the information specify when The Christian Mission officially adopted the name 'The Salvation Army'?"" It's a binary yes/no question. The context provided focuses on the Salvation Army Northern Division and its international affiliation, but the key is that it makes *no* mention of ""The Christian Mission"" or any information about the name adoption timeline.

My immediate assessment: the context doesn't explicitly *specify* the answer. I'd be inclined to give a 5, assuming the user's focus is on whether the context *directly answers* the question. Since the answer is a clear ""No,"" the question *can* be answered, in that we can clearly determine the information is not present.

However, I need to make sure I'm interpreting this correctly. The prompt is asking, ""Can the question be answered based on the available context?"" The crux is whether ""answering"" means providing the *factual* answer or stating that the context allows us to say ""No"" to the question. The benchmark is about specifying X, so, as written, it's about whether the context says it.

The context provides *zero* information about ""The Christian Mission"" or the name adoption date. Given that, and the way the question is framed, my definitive answer is ""No, the information does not specify when the name change occurred."" That means the question *can* be answered – with a negative response that's readily derived from the context's omissions. I'd grade this as a 5.


","**Analyzing the Question's Answerability**

Okay, so the user's question is: ""Does the information specify when The Christian Mission officially adopted the name 'The Salvation Army'?"" My initial thought is to assess if the provided context actually answers *that* question. And honestly, it doesn't even mention ""The Christian Mission"" at all!

Now, the question is phrased in a way that *could* be interpreted as a meta-question – is the *context* the thing that specifies the answer? But really, in this type of assessment, what we're looking for is: Does the information within the context allow us to answer the *core subject* of the question: when did the mission adopt the name? And the answer is clearly no. It's a straight up 'no'. The context is completely silent on this.

It's tempting to get caught up in the phrasing, but let's be pragmatic. The question essentially boils down to ""Does this document tell us X?"" and the answer is ""no, it doesn't.""

Therefore, given the usual expectations in these benchmarks, like RAG or context relevance tests, I'd score this as a zero. The context is irrelevant to the core question, so it doesn't provide the answer. Even if it *were* a meta-question, the answer is still no, because the context provides no relevant information.


",Score-Reasoning Inconsistency,"Model B correctly reasoned through the problem and explicitly concluded in its analysis that the context is irrelevant and should be scored as a zero ('I'd score this as a zero'), but inexplicably assigned a final score of 1 instead."
1117099,7595826,1117099,"In the case of a convergent boundary between two oceanic plates, one is usually subducted under the other, and in the process a trench is formed.The Marianas Trench (paralleling the Mariana Islands), for example, marks where the fast-moving Pacific Plate converges against the slower moving Philippine Plate.onvergent Boundaries between Tectonic Plates. Convergent boundaries where tectonic plates move toward each other generally result in the subduction of one plate into the mantle, consuming part of the lithosphere.",0,0,1,N/A,N/A,Hallucinated Relevance,"The query consists solely of an unrelated numeric string ('1117099') that has no semantic or lexical connection to the document discussing tectonic plates. Model A correctly recognized this complete lack of relation and scored it 0, whereas Model B assigned an unwarranted positive score, failing to reject an entirely irrelevant query."
359349,4344101,359349,"Area of a Trapezoid A trapezoid is a quadrilateral that has only one pair of sides that are parallel. To calculate the area of trapezoids, take the average of bases and multiply by its height. The area of a trapezoid is given by: A = (a + b) ∙ h /2. a: the length of the top. b: the length of the base.",1,1,2,N/A,N/A,Spurious Relevance Assignment,"The query '359349' has zero topical or lexical connection to a document about the geometric area of a trapezoid. While Model A correctly identified the document as completely irrelevant, Model B assigned marginal relevance without any justifiable link."
962179,2978865,962179,"In 1879, she held the first meeting of The Salvation Army in America, in Philadelphia. The Salvationists were received enthusiastically. Shirley wrote to General Booth, begging for reinforcements. None were available at first.",0,0,1,N/A,N/A,Spurious Pattern Matching,"Model B likely detected a spurious sub-string match between the query '962179' and the year '1879' in the document (or hallucinated an associative link), mistakenly assigning relevance to a document that is completely unrelated to the numeric query."
1103812,3843269,1103812,"In the adopted Declaration the participants of the Commonwealth declared their interaction on the basis of sovereign equality. At present the CIS unites: Azerbaijan, Armenia, Belarus, Georgia, Kazakhstan, Kyrgyzstan, Moldova, Russia, Tajikistan, Turkmenistan, Uzbekistan and Ukraine.",0,0,1,N/A,N/A,Hallucinated Relevance,"The query consists solely of an unexplained numeric identifier ('1103812') that has no relation to the document about the Commonwealth of Independent States (CIS). Model B erroneously assigned relevance to completely unrelated content, likely hallucinating a connection or exhibiting an overly lenient baseline threshold for ambiguous queries."
1113437,742044,1113437,"Generally, they do, but look closer. Feel the needles. Spruces have stiff, prickly needles, while Douglas-firs and true firs have soft, flexible needles. Each spruce needle springs from a tiny, woody peg; in fact, this peg is one of the best ways to identify a spruce. Spruce cones hang down from the branches like those of Douglas-fir while true fir cones stand up, but spruce cones do not have Douglas-fir's pitchfork bracts. The scales of most spruce cones are papery thin--yet another difference. And spruce bark is scaly--Douglas-fir and the true firs have smooth or ridged bark. There are approximately 40 different species of spruce in the world, but only 3 are native to the Pacific Northwest--and only 2 of those are common. Location is probably the best clue to their identity. : grows only along the Pacific coast, from northern California through southeastern Alaska, and only near sea level.",2,2,1,N/A,N/A,Keyword matching bias,"The query appears to be an unmapped query ID or numerical artifact. Model B likely downgraded the score because the document lacks literal lexical overlap with the numerical string, whereas Model A correctly preserved the benchmark's ground-truth association."
168216,3830854,168216,"They may seem weak, vomit, or have diarrhea. Less common symptoms include abdominal pain and a stiff neck. Streptococcus pneumoniae is the usual cause, but other bacteria (such as Staphylococcus aureus or Mycoplasma pneumoniae) Can cause pneumonia, too. Viral pneumonia typically starts out like a cold, but symptoms slowly and steadily get worse.",0,0,1,"**Evaluating the Relevance of the Context**

Okay, here's the deal. I've got this question – specifically, it's about *Legionella pneumophila* virulence factors and their role in pneumonia. My task is to assess whether the provided text has anything useful to say about this. 

I carefully examined the context, and it's a hard no. It talks about pneumonia symptoms, and it even lists some common culprits like *Streptococcus pneumoniae*, *Staphylococcus aureus*, *Mycoplasma pneumoniae*, and viruses. However, *Legionella pneumophila*? Crickets. And as for any *specific* virulence factors? Zilch. Nada. 

Therefore, my expert judgement dictates that this context is completely irrelevant to the question. A '0' rating is the only logical conclusion. It's simply not there. The question cannot be answered using this information.


","**Assessing the Context's Relevance**

Okay, so the question is very specific: I need to pinpoint which virulence factors of *L. pneumophila* are *actually* implicated in pneumonia pathogenesis. It's not a general question about pneumonia, or even about *Legionella* in general. I need *specific* factors and their role.

Right, so I'm looking at the provided context. It's describing symptoms, mentioning other pneumonia-causing organisms like *Streptococcus pneumoniae*, *Staphylococcus aureus*, and *Mycoplasma pneumoniae*, and even includes viral pneumonia as a category. But... *nothing* here mentions *Legionella pneumophila*. No mention of its existence, let alone its virulence factors!

Therefore, based on this information *alone*, I have absolutely nothing to work with. There's not enough even to get me started. My answer is going to have to be a big fat zero. The context is completely irrelevant to answering the question as posed. It's a non-starter.


",Score-Reasoning Mismatch,"Model B's reasoning correctly identified that the document was completely irrelevant and explicitly concluded that the rating should be zero, but it erroneously output a final score of 1."
1133167,5052505,1133167,"In June, the weather in Punta Cana can vary. It might not be as humid as other months but June is known as the beginning of hurricane season so you might expect a bit of rain. The normal temperature during the month of June is 86 degrees Fahrenheit during the day and 75 degrees Fahrenheit during the late evenings.",0,0,1,N/A,N/A,Hallucinated Relevance,"The query is an ungrounded numeric ID with no semantic connection or textual overlap with the passage about Punta Cana weather. While Model A correctly recognized the document as completely irrelevant (0), Model B assigned an unwarranted non-zero score, hallucinating relevance or defaulting to a false positive on an unanswerable query."
168216,4481323,168216,"Purulent sputum is characteristic of pneumonia caused by bacterial community-acquired pneumonia (CAP) pathogens and is not usually a feature of pneumonia caused by atypical pathogens, with the exception of Legionnaires disease.",0,0,1,N/A,N/A,Hallucinated Relevance,"Model B assigned a positive relevance score to a medical document that has absolutely no lexical or semantic connection to the numeric query '168216', failing to recognize complete irrelevance as Model A correctly did."
182539,7371259,182539,"In calculus, a function defined on a subset of the real numbers with real values is called monotonic if and only if it is either entirely increasing or decreasing. It is called monotonically increasing (also increasing or nondecreasing), if for all and such that one has, so preserves the order (see Figure 1).",1,1,0,N/A,N/A,Failed Identifier Recognition,"Model B strictly evaluated semantic and lexical overlap between the query and the document, rejecting the passage because the numerical query '182539' has no textual connection to calculus, failing to recognize that the query functions as an identifier or benchmark ID corresponding to that specific passage."
168216,6982715,168216,"Atypical pneumonias are bacterial lung infections that do not respond to commonly prescribed antibiotics. Examples include: 1  Mycoplasma pneumoniae —a common cause of upper respiratory infections, with an estimated 2 million cases in the U.S. each year; responsible for 15-20% of cases of community-acquired pneumonia.",0,0,1,"**Assessing the Relevance of the Context**

Okay, so I've got a question in my head: ""What specific virulence factors of *L. pneumophila* are implicated in pneumonia pathogenesis?"" My expert instinct is to dissect the context provided and see if it holds the key. I need to quickly scan for mention of *Legionella pneumophila* – that's the crucial organism – or, even more directly, any discussion of its specific virulence factors. I'm looking for things like the Dot/Icm secretion system, effector proteins, flagellin, proteases, or anything explicitly linked to *L. pneumophila*'s ability to cause disease.

Unfortunately, it looks like this context is a dead end. I'm seeing mentions of *Mycoplasma pneumoniae* and a broader discussion of atypical pneumonias, which is tangentially related, but nothing on the specific bug I'm interested in, *Legionella*, nor its weaponry. This isn't just a slight oversight; it's a complete absence of the relevant information. Therefore, I have to conclude that the context does not offer the answer. I have to assign this a grade of 0.


","Okay, here's my assessment of the situation:

**Zeroing In on the Virulence of *L. pneumophila***

Right, so the query is laser-focused on *Legionella pneumophila* and the specific virulence factors driving its pneumonia pathogenesis. I see what's being asked here. But, hold on a second... the provided context? It's like, a completely different conversation. We're talking about atypical pneumonias in a general sense, and then a brief mention of *Mycoplasma pneumoniae*. But *L. pneumophila* and its unique arsenal of virulence factors? Not a peep. Therefore, based on the material, I have absolutely no data to make an assessment on. I have to give it a big fat zero. No information, no answer. Period.


",Score-Reasoning Inconsistency,"Model B's internal reasoning correctly identified that the document contained no relevant information and explicitly concluded it deserved a zero ('I have to give it a big fat zero'), but it mistakenly emitted a final score of 1 instead."
1037798,835829,1037798,You cross a gray plant with a white plant; why are all the first generation plants gray? gray is ___ chromosomes Walter Sutton discovered that genes are located on,0,0,1,N/A,N/A,Spurious Relevance Attribution,"The query consists solely of an arbitrary number ('1037798') with no semantic or contextual connection to the biology text in the document. While Model A correctly recognized the complete lack of relevance and scored it 0, Model B erroneously assigned a non-zero score (1), likely falling prey to overly lenient baseline scoring or hallucinating a potential match for an ambiguous query."
156493,59106,156493,"Gorgeous Goldfish Tattoos. Goldfish are a form of Asian carp that have been bred for centuries to have specific physical characteristics. Since around 10 AD, fish keepers in China and Japan have coupled spawning goldfish with similar traits to create a wide variety of different goldfish breeds.",0,0,1,"Here's my assessment of the prompt and context:

**Analysis of Relevance to Age-Dependent Growth Rates**

Okay, here's what I've got. The core question before me is whether the provided context quantifies age-dependent growth rate changes. The context mentions Goldfish tattoos and the breeding of Goldfish with Asian carp dating back to 10 AD. Right away, my expert intuition kicks in and I can tell this is a classic misdirection. The context simply doesn't contain the data I'd need. I'm looking for metrics on how goldfish, or their hybrids, grow at different stages of their life cycle. This text provides zero information related to that. Therefore, based on a rigorous and expert understanding, the relevancy score is a flat zero.


","Here's my assessment of the question, as I see it:

**Analysis of Age-Dependent Growth Rate Quantification**

Okay, so the question is straightforward: Does the provided text quantify age-dependent growth rate changes? Let's break this down. My field requires precise analysis, and this type of query demands a direct answer derived from the information given.

The context revolves around goldfish, their history, breeding practices, and the development of specific physical traits. We're talking about selective breeding over centuries in China and Japan, resulting in diverse breeds. However, the critical aspect of the question is whether the text offers any actual *quantification* related to growth rates that change over time (age-dependent).

The answer is a resounding *no*. The provided information focuses on the history of goldfish breeding, the selection of traits, and a general description of the process. There's absolutely nothing in here about measuring growth at different ages, applying mathematical models, or analyzing any quantitative data concerning how growth rates might change. Without that data, there's no way to address the original question. So, I have to give it a score of zero.


",Score-Reasoning Contradiction,"Model B's internal reasoning correctly determined that the text contains no relevant information and explicitly concluded that it should receive a score of zero, but it contradicted itself by assigning a final score of 1."
1063750,5115489,1063750,"(Since the coded Zimmermann Telegram was originally written in German, the text below is a translation of the German message.). We intend to begin on the first of February unrestricted submarine warfare.",1,1,0,N/A,N/A,Over-reliance on Lexical Matching,"The query consists solely of a numeric identifier ('1063750'). Model B likely rejected the document due to a complete lack of lexical or surface semantic overlap with the Zimmermann Telegram text, failing to account for document/passage ID matching or benchmark retrieval contexts that Model A recognized."
156493,911791,156493,"Goldfish Development. Baby goldfish are born much darker than they will be as adults. This may be because dark colors helps these small, vulnerable fish escape the attention of predators. With proper husbandry, the fish gradually change color and develop orange or gold scales. Fancy goldfish may develop color patterns including white patches.",0,0,1,N/A,N/A,Hallucinated Relevance,"The query consists solely of an unrelated numeric string ('156493') with zero topical connection to goldfish development. Model A correctly assigned a score of 0, whereas Model B hallucinated relevance or defaulted to a lenient non-zero score despite the document being completely irrelevant."
131843,8710814,131843,"Customers who equip their helicopter with the GDL 69 will receive graphical weather depictions of NEXRAD, METARs, TAFs, TFRs, winds aloft, echo tops, precipitation type at the surface, lightning strikes, storm-cell data, AIRMETs, and SIGMETs.",1,1,0,N/A,N/A,Over-reliance on Lexical Matching,"Model B likely failed to recognize the numeric query ('131843') as a relevant product code, part number, or entity identifier matching the document, mistakenly treating the lack of surface-level textual overlap as complete irrelevance."
182539,2909960,182539,"In mathematics, a monotonic function (or monotone function) is a function between ordered sets that preserves or reverses the given order. This concept first arose in calculus, and was later generalized to the more abstract setting of order theory. 1 Monotonicity in calculus and analysis.",1,1,0,N/A,N/A,Strict Lexical Matching,"Model B likely relied on surface-level keyword matching and scored the document as irrelevant due to the absence of the numeric string '182539' in the passage, whereas Model A correctly recognized the document's relevance (often corresponding to an underlying dataset query ID for monotonic functions)."
1113437,4715377,1113437,"This Norway Spruce is located on the Fulufjaellet Fulufjället mountain Of dalarna province In sweden and was discovered by a professor Of Physical, Geography Leif. Kullman the tree has been Nicknamed Old tjikko after his. Dog The Old tjikko is is currently the oldest-single clonal tree in the world 9,550 9550 years. old",0,0,1,"Okay, here's my assessment of that question and the provided context.

**Answering a Very Specific Question with Insufficient Data**

Alright, let's break this down. The question boils down to whether the text explicitly *describes* ""persistent sterigmata"" on the twigs of Old Tjikko. Forget all the fluff about Old Tjikko being an ancient Norway Spruce in Sweden and its historical significance. My immediate focus is this: does the provided text *mention* twigs? Does it *mention* persistent sterigmata? The answer is a resounding *no*. The text is about the tree's age and discovery, nothing about its fine structural details. Therefore, answering this question based on the provided text is impossible. I have to give it a big fat zero. The text simply doesn't contain the information necessary to answer the question, as I would expect.


","**Analyzing the Relevance of Information**

Okay, so the user's question is pretty specific: ""Are persistent sterigmata explicitly described on the twigs?"" My initial assessment is, can the information given to me actually *help* answer that? Let's break it down. We're talking about Old Tjikko, a Norway Spruce. We know its location, who discovered it, its nickname, and its age (which is impressive). We also know it's clonal. But, and this is the critical point, the text is *completely* silent on the crucial details: the twigs themselves, the presence or absence of persistent sterigmata, or *any* detailed botanical description of the twigs. Therefore, based on the provided text, there's absolutely no way to determine if the answer to the question is contained here. This looks like a definite zero.


",Score-Reasoning Contradiction,"Model B's internal reasoning correctly determined that the document contains no relevant information and explicitly concluded that it deserved a 'definite zero', but it inexplicably outputted a score of 1 instead, directly contradicting its own analysis."
1124210,6306365,1124210,"Basically, xylem tranports water and phloem transports organic substances. Xylem is a tissue found in vascular plants that transorts water and dissolved mineral nutrients. It consists of hollow vessels that are formed from cells joined end to end in flowering plants.hloem is also a tubular structure which, on the other hand, is responsible for the transportation of food and other nutrients needed by plant.     Xylem: Hard wall cells transport water and mineral nutrients in a kind of tissue called Xylem.",0,0,1,N/A,N/A,Spurious Relevance Detection,"The query consists solely of an arbitrary number ('1124210') with no relation to plant biology. Model B exhibited an overly lenient baseline scoring bias, finding weak relevance where none exists, whereas Model A correctly identified the complete lack of topical overlap."
1113437,8336306,1113437,"Visit our tree of the week selection to see descriptions and photos of many of the trees that we carry. Choose from thousands of high quality full size evergreen trees grown at Trim Pines Farm: 6 varieties of pine, 6 varieties of spruce and 7 varieties of fir.",0,0,1,"**My Assessment of the Query**

Okay, so the user's question hinges on whether the text explicitly mentions persistent sterigmata on twigs. I need to figure this out before I can provide any useful insight. Let me re-read the provided context. Ah, I see: it's about ""tree of the week selection,"" ""Trim Pines Farm,"" and mentions different varieties of pines, spruces, and firs. Hmm, I can see that the context discusses specific tree types and a potential sales context. However, I don't see anything at all about twigs. There's also no mention of sterigmata, persistent or otherwise. The question requires information that isn't included in the provided text. Therefore, I can't derive the necessary information to answer their question. It's a clear miss on this one; the score should be a resounding zero.


","Here's my assessment of the situation:

**Analysis of Question Relevance to Provided Context**

Okay, so the question is whether the provided text explicitly describes persistent sterigmata on twigs. Let's see... the context is about Trim Pines Farm, which seems to focus on trees for sale – pine, spruce, fir, that kind of thing. It's talking about different varieties and a ""tree of the week"" presentation. I've read through it carefully, and... nope. Not a single mention of twigs, let alone anything about sterigmata, persistent or otherwise. The level of detail needed to answer that question simply isn't present in the context. Therefore, the context is completely irrelevant to the question. It's a clear miss.


",Score-Reasoning Contradiction,"Model B correctly deduced that the text was completely irrelevant to the query ('a clear miss'), but contradicted its own reasoning by outputting a score of 1 instead of 0."
490595,4737063,490595,"RSA involves a public key and a private key. The public key can be known by everyone and is used for encrypting messages. Messages encrypted with the public key can only be decrypted in a reasonable amount of time using the private key.n such a cryptosystem, the encryption key is public and differs from the decryption key which is kept secret. In RSA, this asymmetry is based on the practical difficulty of factoring the product of two large prime numbers, the factoring problem.",1,1,2,N/A,N/A,Hallucinated Relevance,"The query consists solely of an arbitrary number ('490595') with no textual, semantic, or conceptual link to the document discussing RSA encryption. Model A correctly recognized the complete lack of relevance, whereas Model B assigned partial relevance without any supporting evidence."
1124210,3466956,1124210,"Xylem consists of three different types of cells: Xylem parenchyma cells and xylem fiber cells, which simply provide structural support for the most important xylem cells, the tracheary elements (TE).The TE are completely dead at maturity, and act like pipes to allow water and dissolved minterals to flow through them.There are two types of tracheary elements: vessel elements and tracheids. Though they have some structural differences, these two types function in the same manner.he TE are completely dead at maturity, and act like pipes to allow water and dissolved minterals to flow through them. There are two types of tracheary elements: vessel elements and tracheids. Though they have some structural differences, these two types function in the same manner.",2,2,1,"**My Assessment of the Question and Context**

Okay, here's how I see this. The user presents a pretty straightforward question: ""Which primary vascular tissue type contains these cells?"" The context provided is crystal clear. It explicitly mentions ""Xylem"" and then lists the very cells in question: parenchyma cells, fiber cells, vessel elements, and tracheids. There's no ambiguity or hidden information here. The context *directly* answers the question. It's a textbook definition and identification task. Therefore, I'm giving this a perfect grade of 5. The answer is self-evident within the provided information.


","**Analyzing the Question's Ambiguity**

Okay, so the question is, ""Which primary vascular tissue type contains these cells?"" Right away, I see the problem: ""these cells"" is completely undefined. It's hanging out there without an antecedent. I have to assume the answer is somewhere in the preceding context, but this is a poorly worded question. If ""these cells"" refers to tracheids, vessel elements, xylem parenchyma, or fibers, the answer is clearly xylem. But the question, as it stands, is incomplete.

I'm thinking, ""Is this a trick?"" Are we missing a crucial piece of information? This is typical in datasets like SQuAD, they provide context to make the answer clear. But without that connection, the question is at best partially answerable, or at worst, unanswerable. I need to keep reading the context!

I'm checking if the question actually *defines* ""primary vascular tissue"". Oh, it just says ""Xylem consists of..."" It doesn't actually define it. Let me see, the question is missing vital info, or maybe 1 or 0, or at best 2/3. Does it need a 0?

I'm trying to decide between ""minimally relevant/complete"" (1) and ""not relevant/complete"" (0). Given the context, the question is poorly specified. I'm going with a 1.


",Over-penalizing query ambiguity,"Model B became overly pedantic regarding the phrasing of the question, fixating on the pronoun 'these cells' lacking an explicit antecedent instead of evaluating how well the document directly satisfies the intent of the query."
131843,8710812,131843,"This enhancement is in addition to the weather information already available such as NEXRAD Radar, METARs and TAFs displayed in text and graphic formats, panable weather maps, infrared and visible satellite loops, lightning data, SIGMETs, AIRMETs, PIREPs, NOTAMs, winds aloft and more.",1,1,0,"Here's my assessment of the question, as I understand it:

**Answering the Specifics of Authority and Scope**

Okay, so the query is pinpointing whether the weather information mentioned – NEXRAD, METARs, TAFs, satellite loops, SIGMETs, and so on – explicitly defines who issues it and what areas it covers. Scanning the context, I see that these different data types are mentioned, but I don't see any detail about the origin of this data or the area to which it applies.

Since the context is silent on those critical details about the issuing authority and geographical scope, I have to conclude that the answer is essentially ""no relevant information."" Therefore, based on the lack of specification, the question can't be answered affirmatively and warrants a score of zero.


","Here's my assessment of the situation:

**Analysis of the Question and Context**

Okay, the core query is whether the weather information in question explicitly identifies both the issuing authority *and* the geographical scope. Looking over the context, which mentions things like NEXRAD, METARs, and TAFs, I can see that it describes the *types* of weather data available. However, there's absolutely no mention of who is *providing* this enhanced information, nor where it's applicable. The context is purely a list of weather data, not an actual source or coverage specification for an enhancement. Therefore, the information needed to answer the question isn't present. My conclusion is that a ""0"" grade is warranted because the prompt can't be answered by the available data.


",Hallucinated Requirement,"Given an uninformative numerical query ('131843'), both models hallucinated that the query demanded details about issuing authority and geographical scope. Model B fully penalized the document for not meeting these fabricated requirements and scored it 0, whereas Model A preserved the relevant score of 1."
1124210,1649195,1124210,Xylem. Xylem vessels xylem vessel: Vein-like tissue which transports water and minerals up a plant are involved in the movement of water through a plant from its roots to its leaves. Water: 1  Is absorbed from the soil through root hair cells. 2  Is transported through the xylem vessels up the stem to the leaves.ylem vessels xylem vessel: Vein-like tissue which transports water and minerals up a plant are involved in the movement of water through a plant from its roots to its leaves. Water: 1  Is absorbed from the soil through root hair cells.,0,0,1,N/A,N/A,Hallucinated Relevance,"The query is an arbitrary number with no semantic or textual overlap with the biology document about xylem vessels. Model B failed to recognize the complete lack of relevance and incorrectly awarded a non-zero score, whereas Model A correctly identified it as entirely irrelevant."
168216,6282559,168216,"Atypical pneumonia, also known as walking pneumonia, is the type of pneumonia not caused by one of the more traditional pathogens.Its clinical presentation contrasts to that of typical pneumonia. A variety of microorganisms can cause it.typical pneumonia is atypical in that it is caused by atypical organisms (other than Streptococcus pneumoniae, Haemophilus influenzae, and Moraxella catarrhalis).",0,0,1,"**Assessing the Relevance of the Prompt**

Okay, so the question is a very specific one: pinpointing *Legionella pneumophila*'s virulence factors that contribute to pneumonia. My immediate assessment is that the provided context isn't going to be helpful at all. It talks generally about ""atypical pneumonia"" and the organisms involved, but there's no mention of *L. pneumophila*, and certainly no detail on its specific virulence mechanisms. This is a classic example of a question that requires direct information on a specific pathogen and its pathogenic strategies, and the provided background doesn't even enter that arena. Considering the expertise needed to answer this question accurately, I have to rate the given material as completely irrelevant. It's a ""zero"" in terms of providing any useful information for the task.


","Here's my assessment of the information provided, from my expert perspective:

**Analysis of Virulence Factor Inquiry**

Okay, so the user's question is pretty straightforward: they're asking about the specific *virulence factors* of *Legionella pneumophila* that are directly involved in causing pneumonia. A very relevant and important line of investigation. My initial thought is to scrutinize the context for any relevant data. However, the context is only broadly describing atypical pneumonia, defining it in terms of ""atypical organisms"" generally. Unfortunately, this isn't getting us anywhere. There's zero mention of *L. pneumophila* itself, let alone the nitty-gritty of its virulence factors, the mechanisms of action, and their role in pathogenesis. It's essentially a non-starter. This context is simply not helpful in addressing the question posed. I'm assigning this a solid 0. It's like asking for a recipe and getting a grocery list for a completely different meal.


",Score-Reasoning Inconsistency,"Model B's internal reasoning correctly determined that the document was completely irrelevant and explicitly concluded that it should be assigned a 'solid 0', but the model experienced an output contradiction by ultimately emitting a final score of 1."
1133167,7195802,1133167,"Get Negril, Jamaica typical February Weather including average and record temperatures from AccuWeather.com",1,1,0,"**Analyzing the Context for Relevant Information**

Okay, so the user wants to know about *active* severe weather advisories. The question is: ""Are any active severe weather advisories issued?"" My task is to determine if the given context allows me to answer it. The provided context is a request for Negril, Jamaica's typical February weather, including average and record temperatures, sourced from AccuWeather.com. 

Hmmm. The key here is the distinction between *typical* weather and *active severe weather advisories*. The context focuses solely on historical averages and anticipated temperatures, which are useful for understanding climate norms. But, nowhere does it mention anything *current* or *active* related to severe weather. It's a snapshot of what's *usually* happening, not what's happening *right now*. There's no way to infer, from this information, if any alerts are currently in effect. Therefore, I can't provide an answer. I'm assigning this a grade of zero, as the information required to answer the user's question is simply not present.


","Okay, here's my assessment of the situation:

**Zeroing In on the Data Deficit**

Alright, I've got a straightforward problem here. The prompt is asking about severe weather advisories in Negril, Jamaica, and my data source – the provided text – is entirely unhelpful. All it offers are average February temperatures and some record highs and lows. That's good for understanding the typical climate, sure, but it's completely irrelevant to the question of *active* severe weather warnings. It's a classic case of failing to meet the information requirement. I can't even begin to infer anything about current advisories from this limited data. My analysis has to be: there is no information available. Consequently, the grade is a solid zero.


",Hallucinated Requirement,"Both models hallucinated that the numeric query required information about 'active severe weather advisories.' However, Model B strictly penalized the document based on this non-existent requirement and assigned a score of 0, regressing from Model A's final relevance score of 1."
1133167,1748348,1133167,"Typical Weather in June. Temperatures in the Dominican Republic during June generally vary between an average high during the day of 86.0 degrees and an average low at night of 76.0 degrees. On a typical June day, during the early morning hours you will probably find the temperature will be around 78.6 degrees.",0,0,1,N/A,N/A,Hallucinated Relevance,"The query is an arbitrary numeric ID ('1133167') with no apparent connection or semantic relevance to Dominican Republic weather. Model B incorrectly inferred or hallucinated relevance, assigning a positive score instead of recognizing the complete lack of topical match."
1114646,1316109,1114646,"The characteristic rash of shingles rash starts as small blisters on a red base. New blisters continue to form for three to five days. The blisters appear along the path of individual nerves in a specific ray-like distribution (called a dermatomal pattern) and appear in a band-like pattern over an area of skin.rugs that fight viruses (antiviral drugs), such as acyclovir (Zovirax), valacyclovir (Valtrex), or famciclovir (Famvir), can reduce the severity and duration of the shingles rash if started early (within 72 hours of the appearance of the rash). In addition to antiviral medications, pain medications may be given.",1,1,0,"**Analyzing the Inquiry: Famciclovir and Viral Enzymes**

Okay, so the question before me concerns the specific viral enzymes that famciclovir targets. My initial assessment is that the provided context mentions famciclovir as an antiviral treatment for shingles, but it falls short of detailing the particular viral enzymes involved in its mechanism of action. The response doesn't give me any specific enzyme targets, such as viral DNA polymerase or thymidine kinase, for example. In short, based solely on this information, I can't provide a direct answer. It seems the data presented is insufficient for this level of detail. I'm going to have to mark this as a ""Grade: 0"" in terms of providing an answer.


","Okay, here's my take on that question, thinking it through from a technical perspective.

**Assessing Famciclovir's Mechanism of Action: Insufficient Information**

Right, the question specifically wants to know what *specific* viral enzymes famciclovir targets. My initial thought process is to immediately assess the context provided. The text only says that famciclovir is an antiviral used to treat shingles and that it reduces the severity and duration of the rash if administered early. That's it. It’s a very basic description of the drug's therapeutic effect.

As an expert in virology and pharmacology, I know that knowing that a drug has an antiviral effect doesn't, by itself, tell us *how* it works at the molecular level. I immediately recognize a significant knowledge gap here. To answer this question, I'd need details about the mechanism of action. The text doesn't even allude to, let alone specify, any particular viral enzyme that famciclovir inhibits or interacts with. I'd need details regarding its metabolism to the active form, if applicable.

So, realistically, based solely on this limited context, there’s no way to give a scientifically accurate answer. I would have to give it a 0. The necessary information is completely missing. I would need to consult a detailed pharmacology reference, a research paper detailing the drug's mechanism, or a professional drug database to have any hope of answering this question correctly.


",Overly Strict Relevance Criteria,"Model B applied an excessively strict, all-or-nothing standard to relevance judgment, requiring the document to fully explain the molecular pharmacology and specific viral enzyme mechanisms rather than crediting the document with partial/topical relevance for discussing famciclovir's antiviral use."
87181,8183982,87181,"To determine the frequency of right ventricular hypertrophy and its relation to increased left ventricular wall thickness in patients with left ventricular pressure overload, right ventricular wall thickness was measured using M-mode echocardiography with two-dimensional echocardiographic guidance in 65 patients with left ventricular pressure overload; 49 patients had essential hypertension and 16 had aortic valve stenosis.",1,1,2,"**Evaluating the Question's Answerability**

Okay, here's the situation: I need to determine if this text allows me to answer the question, ""Are chronic afterload elevation mechanisms detailed?"" The text provides data about 65 patients with left ventricular pressure overload, noting that 49 had essential hypertension and 16 had aortic valve stenosis. Now, does this *detail* the underlying mechanisms of chronic afterload elevation? No, it doesn't. It mentions *causes*, sure – essential hypertension and aortic valve stenosis are contributors to increased afterload. However, it doesn't delve into the *mechanisms* themselves.

So, can the question be definitively answered with a 'yes'? No, it can't. The prompt focuses on the presence and elaboration of information. I can answer the question with a simple 'no', but the context does not provide sufficient detail to be considered an acceptable response. I need to think about how this would be graded. If I were following a rubric, a score of 0 or 1 is appropriate here. The context simply does not contain the level of information necessary to answer the prompt with any degree of substance. It's essentially a list of contributing conditions.


","**Analyzing the Question Regarding Chronic Afterload Elevation Mechanisms**

Okay, so the user poses the question: ""Are chronic afterload elevation mechanisms detailed?"" I need to determine if I can answer this question definitively based on the provided text. Let's see...

The text itself describes a study on right ventricular wall thickness in patients experiencing left ventricular pressure overload, related to conditions like essential hypertension and aortic valve stenosis. Critically, it focuses on measurement and correlation, not on *mechanisms*. It doesn't get into the nitty-gritty of the processes that lead to afterload elevation.

The question is, can I answer the question about the level of detail provided regarding mechanisms, based on this short paragraph?

Yes. The context doesn't even touch upon those mechanisms. They are entirely absent from the description of the study and its methods. Therefore, the answer is a clear ""No, they are not detailed."" In this case, I'd say the score is a definitive 0; the information is simply not present.


",Score-Reasoning Inconsistency,"Model B explicitly concluded in its reasoning that the information was completely absent and that the score should be a 'definitive 0', yet it contradicted its own evaluation by outputting a score of 2."
1133167,4494102,1133167,"Today's Ocho Rios, Jamaica water temperature. Marine / ocean climate data updated daily, surface sea temperatures and recorded in degrees centigrade and farenheit.",1,1,0,N/A,N/A,Failed Identifier Resolution,"Model B failed to recognize that the numeric query '1133167' is a specific station, location, or marine data identifier corresponding to the Ocho Rios water temperature data, leading it to treat the document as completely unrelated."
962179,8785369,962179,"exists and is an alternate of . The salvation army was set up about 100 years ago to aid the poor people on the streets of London, this is a charitable foundation and you can contribute to this charity. This is not an army so do not be mistaken. It is simply a charity that help people in need. ",0,0,1,N/A,N/A,Hallucinated Relevance,The query is an arbitrary numeric code ('962179') with no semantic or lexical connection to the document about the Salvation Army. Model B erroneously awarded partial relevance (1) despite the complete absence of overlap or topical connection.
527433,1379238,527433,"Dysarthria In dysarthria, errors are consistent and predictable. There are no islands of clear speech; no matter what the speaking task or materials used, the patient will exhibit the same amount and types of errors. Errors are mainly distortions and omissions. Distortions are the most common type of error in dysarthria. Apraxia In apraxia, errors are inconsistent and unpredictable. Different error patterns occur in spontaneous speech versus repetition. Patients' spontaneous speech contains fewer errors than does his/her speech in repetition tasks.",0,0,1,N/A,N/A,Hallucinated Relevance,Model B assigned a non-zero relevance score to a completely unrelated numeric query ('527433') that has no lexical or semantic connection to the medical text on dysarthria and apraxia.
87181,2986227,87181,"Chamber Hypertrophy and Enlargment. In hypertrophy the heart muscle becomes thicker. This can have different causes. Left ventricular hypertrophy results from an increase in left ventricular workload, e.g., during hypertension or aortic valve stenosis. Right ventricular hypertrophy results from an increase in right ventricular workload, e.g., emphysema or pulmonary embolization. These causes are fundamentally different from hypertrophic obstructive cardiomyopathy (HCM), which is a congenital misalignment of cardiomyocytes, resulting in hypertrophy.",2,2,1,"**Analyzing the Level of Detail on Chronic Afterload Elevation Mechanisms**

Okay, so the question is whether the text *details* the mechanisms of chronic afterload elevation. My expert brain immediately recognizes that ""hypertrophy"" refers to the thickening of heart muscle. The examples given – hypertension, aortic valve stenosis, emphysema, pulmonary embolization – are all *causes* of increased workload on either the left or right ventricle, which *lead* to hypertrophy. They are consequences of afterload elevation, not the mechanisms themselves. The mention of HCM (hypertrophic cardiomyopathy) being congenital misalignment is a separate but relevant concept.

So, does the text *detail* those mechanisms? No. It gives examples of increased workload *related* to afterload, which in turn leads to hypertrophy, but it doesn't delve into the *biochemical, cellular, or molecular* pathways that actually *cause* the chronic afterload elevation. It's more about the *results* of the overload.

The question ""Can the question be answered based on the available context?"" requires me to assess how directly the context supports the answer. Even if it provides context, such as examples, the lack of detail on the underlying mechanisms means I'd give it a ""2"" or ""3"" at best on a rating scale. Essentially, the context allows for an answer, but not a very detailed or informative one. If the question implicitly asks for the mechanisms themselves, the answer is a ""1"" or ""0"". Thus, a direct ""No"" is the most accurate answer.


","**Analyzing the Question Regarding Chronic Afterload Elevation Mechanisms**

Okay, so the user's question is ""Are chronic afterload elevation mechanisms detailed?"" I need to figure out if that question can be answered based on the provided text. Let's see... The text mentions conditions like hypertension, aortic valve stenosis, emphysema, pulmonary embolization, and HCM, as causing hypertrophy, which implies they increase workload. However, the text *doesn't* actually go into the specific *mechanisms* of chronic afterload elevation.

Hmm, this is a simple yes/no question in essence. Can I say ""yes"" or ""no"" based on the text? Well, the straightforward answer seems to be ""No, they are not detailed."" But am I missing something? The prompt is asking if the *question* can be answered based on the context. Okay, so does the context itself (which is the provided text) allow me to determine if the mechanisms are detailed? The text itself doesn't contain that level of detail.

I'm thinking now about how these prompts usually work... Typically, these types of questions are about whether the context *can answer* the target question. If the question is about ""are X detailed?"" and the context doesn't detail them, then the answer is ""No,"" right? Or at least, the assessment should be ""No.""

Wait, am I misinterpreting the question? Is it asking if the context actually *provides* the details? That's probably it. And no, it doesn't. 

Based on my understanding of QA evaluations, if the context lacks the specific information being asked about (the mechanisms), the score is usually low or zero. So, re-reading the question, ""Are chronic afterload elevation mechanisms detailed?"" The answer I can derive from the text is ""No."" So the answer to the prompt can be answered by the text.


",Overly Strict Threshold,"Model B got caught in meta-reasoning about whether missing details justify a low score, overly penalizing the passage for not detailing exact molecular mechanisms and thus scoring it a 1 instead of recognizing that the broad clinical examples provided sufficient partial relevance for a score of 2."
182539,3760964,182539,"A function f (x) is concave over a convex set if and only if the function − f (x) is a convex function over the set. A differentiable function f is concave on an interval if its derivative function f ′ is monotonically decreasing on that interval: a concave function has a decreasing slope. Any affine function is both (non-strictly) concave and convex. 2  The sine function is concave on the interval. 3  The function, where is the determinant of a nonnegative-definite matrix B, is concave. 4  Practical example: rays bending in computation of radiowave attenuation in the atmosphere.",0,0,1,N/A,N/A,Failure to Recognize Irrelevance,The query is an arbitrary numeric identifier ('182539') with absolutely no textual or semantic connection to the document discussing mathematical concave functions. Model B was overly lenient and assigned a relevance score of 1 instead of recognizing complete irrelevance (score 0).
359349,8058868,359349,"The formula for the area of a trapezoid is A = (1/2)(h)(a + b), where: 1  h = height (This is the perpendicular height, not the length of the legs.) 2  a = the short base. 3  b = the long base.",1,1,2,N/A,N/A,Hallucinated Relevance,"The query is an arbitrary numeric string with no apparent connection to geometry or mathematics. Model B over-estimated relevance and assigned a higher score to an entirely unrelated document, whereas Model A correctly identified it as having minimal to no relevance."
1124210,2728447,1124210,"The tissue of vascular plants that conducts water and minerals, provides support, and consists of tracheary elements and parenchyma cells. Woody tissue is made of secondary xylem produced by the vascular cambium.",1,1,0,N/A,N/A,Failure to resolve query ID,"The query is an MS MARCO benchmark query ID ('1124210') rather than natural language text. Model B evaluated the numeric ID literally and marked the document as irrelevant, whereas Model A correctly associated the identifier with its underlying biology query (xylem definition)."
1114646,5229617,1114646,"You may unsubscribe at any time. Your Privacy Rights | About Us. Answer: The most effective way is to take an oral antiherpes drug, such as Acyclovir, Famvir, or Valtrex, within the first 24 to 48 hours of symptoms, says Kathleen Welsh, M.D., a dermatologist in San Francisco.",0,0,1,N/A,N/A,Hallucinated Relevance,"The query is an arbitrary numeric string ('1114646') with no discernible connection to the medical advice document provided. Model B incorrectly assigned positive relevance (1 instead of 0), likely hallucinating a relationship or being overly lenient on an ungrounded, non-informative query."
1124210,7942808,1124210,"Solute Transport in the Xylem. 1  Some solutes are transported in the xylem. 2  Water and dissolved ions are the main substances in vessels/tracheids. 3  These materials are transported via transpiration stream. 4  Xylem sap may also contain organic materials, usually in relatively low concentration (with a notable exception being maple sap in the spring 5  ... S Thus, plants transport substances in the phloem downward toward the roots. ( 2 2) Sophisticated girdling experiments, using tracers like 32P, 13C, and 14C demonstrate that substances in the phloem are transported downward towards the roots OR upwards toward the shoot meristem. 3  See data on overheads.",1,1,0,"**Analyzing the Question's Clarity**

Okay, so the question is ""Which primary vascular tissue type contains these cells?"" Right off the bat, I see a potential issue: ""these cells"" is incredibly vague. The text mentions xylem and phloem, and then the vessels and tracheids in xylem. Assuming, and it's a big assumption, that ""these cells"" is referring to vessels/tracheids, which is the only contextual clue. It's not explicitly stated, or the question is completely out of context.

Now, looking deeper, the text does mention ""Water and dissolved ions are the main substances in vessels/tracheids"" within the section on solute transport in the xylem. However, the ambiguous reference to the ""cells"" makes it impossible to confidently identify the vascular tissue type. Without knowing *which* cells are being referenced, this question is basically unanswerable, or poorly posed.

Therefore, given the ambiguity and lack of clear definition of what ""these cells"" are I'd have to grade the answer as very low; I'd lean towards a 0 or a 1.


","Here's my analysis of the query, presented as a personal reflection:

**Evaluating the Ambiguity in a Botanical Question**

Okay, so the question is a bit sloppy, to be honest. It's asking about a primary vascular tissue type and ""these cells."" My immediate reaction is, ""Which cells *exactly* are we talking about?"" The question's a bit of a train wreck because ""these cells"" is a demonstrative that is disconnected from the referent. I have to parse the context, and it mentions vessels and tracheids, clearly pointing toward xylem. But without a direct link, I can't be sure if that's what's intended.

Ultimately, I'm stuck: the question is fundamentally incomplete. ""These cells"" lacks a clear antecedent within the query itself. I'm being asked to determine the vascular tissue of a cell which has not been defined in the question. Thus, I've got to give it a zero. The question as it stands is unanswerable.


",Over-penalized ambiguity,"Both models recognized the latent query's ambiguity regarding the antecedent of 'these cells.' However, Model B took an overly strict approach by treating the missing referent as fatal, rating it 0 (unanswerable/irrelevant), whereas Model A appropriately accounted for the contextual clues pointing to vessels/xylem in the document and granted partial relevance (score of 1)."
168216,7034888,168216,"Mycoplasma Infection (walking pneumonia, atypical pneumonia)by Dr. Earl H. Eye, M.D. 6/16/98 What is a Mycoplasma infection? Mycoplasma infection is respiratory illness caused by Mycoplasma pneumoniae, a microscopic organism related to bacteria but lacking a cell wall.The organism is larger than a virus but smaller than a bacterium, thus it is called an Atypical bacteria. common result of mycoplasma infection is pneumonia (sometimes called walking pneumonia because it is usually mild and rarely requires hospitalization). Infections of the middle ear (otitis media) also can result. Less common finding are abnormalities of liver function, nausea, diarrhea, and rash.",0,0,1,"Here's my analysis of the situation:

**Addressing the Legionella Virulence Question**

Okay, so the prompt threw a specific question at me, targeting the virulence factors of *Legionella pneumophila* in pneumonia. That's a good, focused question. However, the context that was provided? Completely off-base. It dives into *Mycoplasma pneumoniae*, which, while also causing a form of pneumonia (often called ""walking pneumonia"" or atypical pneumonia), is a completely different organism than *Legionella*. I checked the provided text to see if the information was present. It’s a definite mismatch. There's zero relevant information to glean about *Legionella* virulence from this context. Looks like a solid zero.


","**Assessing the Relevance of Provided Context**

Okay, so I was posed a specific question: what *L. pneumophila* virulence factors are involved in causing pneumonia? My initial thought is to see if the provided context actually *addresses* this. Now, after a quick scan, it's clear: the context is discussing *Mycoplasma pneumoniae*, specifically ""walking pneumonia,"" and completely ignores *Legionella pneumophila*. Furthermore, it doesn't mention any virulence factors, let alone those specific to the bacterium I'm interested in. Essentially, there's zero relevance here. The context is a complete mismatch, so a grade of 0 is the only logical conclusion. This material is useless for answering the question at hand. I need a completely different source.


",Score/Reasoning Mismatch,"Model B's reasoning correctly determined that the document had zero relevance and explicitly concluded that a grade of 0 was the only logical score, but it contradicted its own evaluation by outputting a score of 1."
168216,4245221,168216,"Legionnaires' disease is considered infectious but is not transmitted from person to person. Generally, a disease like this is caused by an infectious agent and not spread between people. Legionnaires' disease, although infectious, is not a genetic disease.",0,0,1,N/A,N/A,Hallucinated Relevance,"The query consists solely of an arbitrary numeric identifier ('168216') that does not appear in or relate to the document on Legionnaires' disease. Model B likely assumed or hallucinated an ungrounded connection (e.g., treating the number as a related PMID or code) instead of recognizing the complete lack of relevance."
156493,8376847,156493,"Keep your goldfish in a fish tank no smaller than a 10 gallon (about 38 liter), and make sure that a minimum of 6 gallons (23 liters) of the space in that fish tank is dedicated to each goldfish (each goldfish should have 6-8 gallons or more (roughly 23-30 liters or more) space in the goldfish aquarium). 10 gallon fish tank is really only suitable for one goldfish. This will provide sufficient space for your goldfish, so he can remain healthy, and this will allow the aquarium to help you keep healthy goldfish. Goldfish should never be kept in a fish bowl.",0,0,1,"Here's my assessment of the situation:

**Analysis of the Question and Context**

Okay, so the query is explicitly asking if the provided context quantifies *age-dependent growth rate changes*. My initial thought is to immediately dive into the details, but I see a problem right off the bat. The context is all about goldfish tank size – you know, the usual gallon-per-fish recommendations, the importance of proper space for their health, and that tired old fishbowl warning. Absolutely nothing within that information stream touches on growth rates, changes that occur with age, or even the basic concept of measuring those things. My expertise immediately tells me that tank size directly affects parameters and not the growth rates. Therefore, based on the provided text alone, there's simply no basis to even *attempt* an answer. It's a non-starter. This is a clear-cut case of the context and question being completely unrelated.


","Here's my assessment of the situation:

**Analysis of the Goldfish Tank Question**

Okay, so I'm presented with a question about whether this goldfish tank information quantifies age-dependent growth rate changes. Immediately, my expertise kicks in, and I know I need to quickly analyze the context provided. I'm looking for specific data or discussion related to how a goldfish's growth rate alters as it ages. The tank size requirements themselves, while informative about *ultimate* size or space needs, are clearly not directly addressing the *rate* of growth at different life stages.

So, I meticulously check the context, but I find no mention of anything pertaining to age-dependent growth rates. No graphs, no formulas, no narrative describing developmental changes – nothing. Therefore, the question is entirely unanswerable based on the information provided. The answer is a resounding zero.


",Score-Reasoning Inconsistency,"Model B correctly deduced in its text analysis that the document was completely irrelevant and explicitly concluded that 'The answer is a resounding zero', yet it erroneously assigned a score of 1, contradicting its own reasoning."
527433,7182504,527433,"Home » Speech Therapy for Parkinson’s Disease Parkinson’s disease affects not only movement but also muscles in the face, mouth and throat that are used to speak. This may cause a person’s voice to change, as well as dysarthria, or difficulty in speaking, and dysphagia, or difficulty in swallowing.",0,0,1,"**My Assessment of the Query**

Okay, here's what I'm thinking. This question is asking for a direct correlation between specific types of dysarthria and the subtypes of Cerebral Palsy – spastic, dyskinetic, or ataxic. The provided text, however, focuses on Parkinson's Disease and touches on dysarthria as a general concept. Crucially, there's absolutely no mention of the different CP subtypes within this context. So, based purely on the given information, answering the question is a non-starter. There's simply no basis for a meaningful response here. Consequently, I’d have to grade this as a zero.


","Okay, here's my assessment of this.

**Navigating the CP Dysarthria Inquiry**

Alright, I'm looking at this question and immediately see the core issue. They're asking for a direct correlation between specific dysarthria types and the motor subtypes – spastic, dyskinetic, ataxic – of cerebral palsy. The problem? The provided context is entirely about Speech Therapy for Parkinson's Disease. It discusses dysarthria, yes, but *within the context of Parkinson's,* not CP subtypes. It's a fundamental mismatch. This information is completely irrelevant to the question's core. Therefore, based on the material, I would have to give this a resounding zero. There is no information to be found here to answer the question.


",Score-Reasoning Inconsistency,"Model B's reasoning logically deduced that the document was completely irrelevant and explicitly stated it deserved a 'resounding zero', but it erroneously output a final score of 1 instead of 0."
146187,744165,146187,"Review: Triple Cheeseburger from McDonald’s. When it comes to the various sizes of classic McDonald’s cheeseburgers, the prices might have you scratching your head. The price differences between a McDonald’s Cheeseburger, the beefier McDouble and the cheesier Double Cheeseburger now all fall within 50-cents of one another.",1,1,2,N/A,N/A,Over-estimated relevance for opaque query,"Model B assigned a score of 2 to an entirely unrelated document for an obscure numeric query ('146187') with no keyword or semantic overlap, whereas Model A correctly recognized the lack of relevance."
359349,1394085,359349,"The sides AC and BD above are called the legs of the trapezoid, and are usually not parallel, although they could be (see parallelogram note below). Every trapezoid has two legs. Altitude. The altitude of a trapezoid is the perpendicular distance from one base to the other. (One base may need to be extended).",1,1,2,"Here's my thought process, as if I were analyzing this problem:

**Analyzing the Trapezoid Base Length Inquiry**

Okay, so the question is straightforward: are the lengths of the parallel bases, directly or indirectly, given to me in this context? I immediately zoom in on the definitions – legs, altitude, trapezoid – but I see no numerical values, no specific dimensions anywhere. It's strictly about *definitions*.

My initial instinct is to simply say ""No, the lengths aren't provided."" But I have to be careful. Is the question implying a *problem* is presented and then answered by the context, or simply whether the *lengths* are stated? I analyze the phrasing, and no, there is not a problem being posed, only definitions are present.

The context is limited to the bare bones terminology. There's absolutely nothing in here about *any* specific trapezoid, its measurements, or whether the base lengths are even *relevant* to a problem the text is setting up. It's a fundamental description, devoid of any problem. Therefore, based on the phrasing of the question, the answer has to be: no, it does not provide us with the lengths. It has nothing to do with the specific dimensions being provided, or a problem using those dimensions. That's a definite 0.


","**Analyzing the Availability of Base Lengths**

Okay, here's the deal. The initial question is whether we're given, or can derive, the lengths of both parallel bases. Let's break this down systematically.

First, I look at the context provided: it's all about defining terms – legs, altitude, and trapezoid in general terms. No actual measurements are given. My initial reaction? No, absolutely not. The context itself is purely definitional; it doesn't offer any numerical values or relationships that would allow for deriving the base lengths of any specific trapezoid.

Then, I pause. Is the question referring to a *specific* trapezoid problem, or is it a more general meta-question about the information available to us? ""Are the lengths... provided?"" is often a preliminary check. We have to make a choice.

I reconsider the context: it's a *definition*. It doesn't contain any measurements, period. Therefore, regardless of whether there's a specific problem at hand, we don't have *the information needed to answer the question.* We cannot deduce those lengths from definitions alone. So, the question is *not* answerable based on the provided context alone. 

Ultimately, I'm rating this as a zero. The context is insufficient for determining whether the question can be answered. The provided information is purely definitional.


",Score-Reasoning Inconsistency,"Despite Model B's reasoning concluding that the passage does not provide the necessary information and explicitly stating 'Ultimately, I'm rating this as a zero', it erroneously assigned a higher relevance score of 2 instead of a low score matching its analysis and the ground truth."
168216,8252762,168216,"-Other serogroups (other than serogroup 1, which is detected by this assay) and other Legionella species (other than Legionella pneumophila) can cause disease. -Antigen may not be present in urine in early infection. -The level of antigen may be below the detection limit of the test.",1,1,0,N/A,N/A,Failed Entity Resolution,The query '168216' is a specific laboratory test code (Labcorp test code for Legionella pneumophila urine antigen). Model B failed to recognize the numerical identifier/entity association and dismissed the document because the keyword '168216' does not appear verbatim in the text.
489204,2268657,489204,"Some women develop serious complications during pregnancy that cause different types of pain. If you have pelvic pain that's coupled with certain symptoms, such as fever and bleeding, be sure to call your doctor right away. Here are the more serious causes of pelvic pain during pregnancy. Miscarriage.",0,0,1,N/A,N/A,Hallucinated Relevance,"The query is an opaque numeric string ('489204') with absolutely no semantic connection to pregnancy or pelvic pain. Model B erroneously assigned a non-zero relevance score, likely hallucinating a connection or defaulting to a baseline score instead of recognizing the complete lack of relevance as Model A correctly did."
527433,3835734,527433,"Neurological injury due to damage in the central or peripheral nervous system may result in weakness, paralysis, or a lack of coordination of the motor-speech system, producing dysarthria.ysarthria may affect a single system; however, it is more commonly reflected in multiple motor-speech systems. The etiology, degree of neuropathy, existence of co-morbidities, and the individual's response all play a role in the effect the disorder has on the individual's quality of life.",0,0,1,N/A,N/A,Hallucinated Relevance,"Model B assigned a non-zero relevance score to a completely unrelated medical text for an opaque numerical query ('527433'), likely defaulting to leniency or hallucinating an implicit connection where Model A correctly identified no relevance."
1124210,6737732,1124210,"Both xylem and phloem are vascular tissues found in a plant. Xylem is a tubular structure which is responsible for water transport from the roots towards all of the parts of the plant.hloem is a living tissue, composed of sieve tube cells, and its primary function is to transport nutrients (in sap) throughout the plant. As opposed to xylem which only transports water up the plant, phloem transports nutrients up or down, depending on where the nutrients are greatest.",0,0,1,N/A,N/A,Hallucinated Relevance,The query consists solely of an arbitrary numeric string ('1124210') with zero semantic connection to the document discussing plant biology (xylem and phloem). Model B improperly assigned non-zero relevance to a completely irrelevant and uninformative query.
1133167,5327657,1133167,"December weather is great! Tropical storm season ends November 30th and you will find it sunny and warm, little rain, day time highs in the low-80's, night time lows in the mid-60's and comfortable humidity.",0,0,1,N/A,N/A,Hallucinated Relevance,The query consists solely of an uncontextualized numeric ID ('1133167') with no lexical or semantic connection to the weather-related document. Model B erroneously awarded relevance despite the complete absence of any match or meaningful intent.
1124210,2825130,1124210,"This allows the leaves to obtain water and nutrients that are necessary for the manufacture of food from light energy (photosynthesis). Food made in the leaves is then transported down to the roots and to other parts of the tree for growth. The pipes in the trunk are known as vascular tissue.It is this vascular tissue which we exploit to make paper and other forest products. Wood is primarily made of xylem (tracheids in conifers, vessel elements in hardwoods) that behave very much like a bundle of straws. Try crushing a bundle of straws from the side.his allows the leaves to obtain water and nutrients that are necessary for the manufacture of food from light energy (photosynthesis). Food made in the leaves is then transported down to the roots and to other parts of the tree for growth. The pipes in the trunk are known as vascular tissue.",2,2,1,"**Analyzing the Question Regarding Primary Vascular Tissue**

Okay, so the question is asking me to identify the primary vascular tissue type that contains *these cells*. The text provides a pretty direct clue: ""Wood is primarily made of xylem (tracheids in conifers, vessel elements in hardwoods)..."" The catch, of course, is the unresolved deictic reference ""these cells."" Without further context, I can't be *completely* certain what ""these cells"" is referring to. It's possible the question relates to something outside this specific text, maybe an image or another part of the prompt.

However, based *solely* on this text, and given the common botanical understanding, the most likely interpretation is that ""these cells"" refers to tracheids and/or vessel elements, which are explicitly linked to xylem. The text clearly states xylem is the primary tissue that makes up wood, and immediately lists tracheids and vessel elements as specific cell types found within xylem.

Therefore, assuming the deictic term refers to tracheids/vessel elements, the question is mostly answered. Even with the ambiguity, the association is solid, as xylem contains these cells. My assessment would be a solid 4 or 5, given the association of xylem with tracheids and vessel elements, typical knowledge in this field, but I might consider a 3 because of the vagueness if the context is unclear. Ultimately, I'd lean towards 4 or 5 as the most appropriate answer.


","**Analyzing the Question's Clarity and Context**

Okay, so the question is ""Which primary vascular tissue type contains these cells?"" Right away, I see a potential issue: ""these cells"" is ambiguous without any prior reference. I'm trained to be precise, and this lack of an antecedent is a red flag. Let's see... the context mentions tracheids and vessel elements – ""Wood is primarily made of xylem (tracheids in conifers, vessel elements in hardwoods)."" Could ""these cells"" refer to those? The phrasing of the question implies an external reference point, but without knowing that, a complete, accurate answer is impossible, right?

Alright, let me step back. Can I *still* answer the question, even with the ambiguity? The context *does* state that wood, which contains tracheids and vessel elements, is primarily xylem. But, if the question intends for me to resolve ""these cells"" to something specific—perhaps a diagram or some earlier information—I'm stuck. It's a reading comprehension test, and the QA datasets typically provide the answer in the context. In this case, xylem.

However, the lack of complete clarity means the question has limited completeness. The question's wording (""Which primary vascular tissue type contains these cells?"") requires more information. Now, if I were using an LLM rubric to evaluate its answerability, I have a scale. Let's see... a 0-5 scale. So if ""these cells"" refers to cells that might have been mentioned earlier (e.g. from a test or diagram), it cannot be resolved; the answer is missing. The context mentions tracheids and vessel elements which are in xylem (a primary vascular tissue type). If a user asks ""Which primary vascular tissue type contains these cells?"", it's minimally answerable. I'm going to put the answer at 1 or 2 on the scale.


",Over-weighted specific aspect,"Model B excessively fixated on the missing antecedent in the deictic phrase 'these cells', treating the ambiguity as a fatal flaw and downgrading the relevance to 1, whereas Model A recognized the reasonable inferential link between the cells mentioned in the text (tracheids/vessel elements) and xylem."
1113437,6017945,1113437,"Least Concern (IUCN 3.1) The blue spruce, green spruce, white spruce, Colorado spruce, or Colorado blue spruce, with the scientific name Picea pungens, is a species of spruce tree. It is native to the Rocky Mountains of the United States.",0,0,1,"Here's my assessment of the question, tailored for an expert like yourself:

**Analyzing the Query: Picea pungens and Sterigmata**

Okay, the question is straightforward: does the provided context explicitly detail the presence of persistent sterigmata on the twigs of *Picea pungens*? My immediate thought is, let's dissect this. I have the IUCN status and some basic information on the spruces, but the descriptive information isn't rich. Based on my existing knowledge, persistent sterigmata are a key characteristic in conifer identification, so the question is relevant.

However, after a quick skim, the text *completely* lacks any specific morphological details beyond a basic description of the species. It's focused on geographical origin and conservation status, which is practically useless for this query. The terms ""sterigmata"" and ""twigs"" aren't even mentioned.

Therefore, given the provided context, I must conclude that the question cannot be answered. It's a clear miss.


","**Analyzing the Relevance of Information**

Okay, so the prompt is asking if the description of a *Picea pungens* explicitly mentions persistent sterigmata on its twigs. My initial thought is to immediately assess the provided context. The context is a basic description of the *Picea pungens*, its common names, and its native range. Now, I quickly scan the provided text. Nope, not a whisper about ""sterigmata"" or ""twigs."" It's a fundamental mismatch. The text is simply too broad. Therefore, based purely on the information given, I can say with absolute certainty that this question cannot be answered. It's a big, fat zero in terms of relevance. The context doesn't even begin to address the specifics required to answer the question, as far as the current information is concerned.


",Score-Reasoning Inconsistency,"Model B correctly deduced in its reasoning that the document had no relevant information ('a big, fat zero in terms of relevance'), but contradicted its own explicit conclusion by outputting a score of 1 instead of 0."
359349,7062671,359349,"and parallel to them: EF || AD and EF || BC. A trapezoid with equal lateral sides ( AB = CD ) is called an isosceles trapezoid. In an isosceles trapezoid angles by each base, are equal ( A = D, B = C ). A parallelogram can be considered as a particular case of trapezoid. Midline of a triangle is a segment, joining midpoints of lateral sides of a triangle.",1,1,2,"**Analyzing the Query: Are the Base Lengths Given?**

Okay, so the question is straightforward: are the lengths of the parallel bases of a trapezoid – explicitly provided or, potentially, derivable from other information in this context? Hmm, the context is just definitions – generic geometry stuff. No actual numbers, no specific trapezoid, nothing! My initial thought is a quick ""No, they're not provided,"" but I need to make sure I'm not missing something subtle.

Wait, is this part of a larger problem? A typical math problem often begins like this, and I need to determine if I *can* answer whether they are provided. Right, I get it now. Looking solely at *this* provided text, the answer is a definitive ""No"". There's simply no numerical data or any description which would allow me to determine the bases. It’s all definitions, and nothing more.

So, I can directly answer the question based solely on what's here: ""No"". The context offers no dimension. I'm going to give this a perfect grade!


","**Analyzing the Geometric Inquiry**

Okay, so I'm presented with a geometric question that boils down to whether or not the lengths of both parallel bases are given or can be calculated within a specific problem. But, wait a second... this is just an excerpt, a snippet of definitions and general concepts related to trapezoids, isosceles trapezoids, parallelograms, and triangle midlines. There's *no* actual problem here, no figure, no numerical values whatsoever!

The question, in this context, is entirely abstract. It's almost... philosophical, isn't it? One could *technically* answer ""no, they are not provided,"" which is true. But the question seems to imply that there *should* be dimensions given to evaluate. Essentially, without a specific problem to work with, the question itself is irrelevant. It's like asking if the ingredients for a cake are listed when the text is simply a cookbook table of contents. Therefore, based on the lack of a specific problem/figure with provided dimensions, the answer is irrelevant to anything concrete, so I'm assigning it a score of 0.


",Reasoning-Score Inconsistency,"Model B overanalyzed the query and concluded in its reasoning that the document was completely irrelevant and deserved a score of 0, but it erroneously output a final score of 2, directly contradicting its own evaluation."
1124210,5977964,1124210,1 Vascular tissues transport water and dissolved substances inside the plant and helps support the stem. 2  The 2 types of vascular tissue are xylem & phloem. 3  Xylem carries water and dissolved ions from the roots to stems and leaves.  Phloem carries dissolved sugars from the leaves to all other parts of the plant.,0,0,1,N/A,N/A,Superficial Number Matching,"The query consists solely of an arbitrary string of numbers with no semantic connection to the passage. Model B likely matched the numeric characters in the query to the numbered list format (1, 2, 3) in the document or hallucinated relevance, resulting in a false-positive score."
182539,3883077,182539,"In calculus, a function defined on a subset of the real numbers with real values is called monotonic if and only if it is either entirely increasing or decreasing. It is called monotonically increasing (also increasing or nondecreasing), if for all and such that one has, so preserves the order (see Figure 1).Likewise, a function is called monotonically decreasing (also decreasing or nonincreasing) if, whenever, then, so it reverses the order (see Figure 2).If the order in the definition of monotonicity is replaced by the strict order, then one obtains a stronger requirement.A function with this property is called strictly increasing. Again, by inverting the order symbol, one finds a corresponding concept called strictly decreasing.wo facts about these functions are: 1  if is a monotonic function defined on an interval, then is differentiable almost everywhere on, i.e. the set of numbers in such that is not differentiable in has Lebesgue measure zero.",1,1,0,N/A,N/A,Failed to handle identifier query,"The query consists solely of a numeric identifier ('182539'), typical of a dataset artifact or query ID mapped to this passage. Model B evaluated the query literally and saw no textual overlap with the calculus document, rating it irrelevant, whereas Model A recognized or maintained the benchmark's labeled relevance."
1124210,284020,1124210,"conduit. n. 1. (Building) a pipe or channel for carrying a fluid. 2. (Building) a rigid tube or duct for carrying and protecting electrical wires or cables. 3. an agency or means of access, communication, etc. 4. (Botany) botany a water-transporting element in a plant; a xylem vessel or a tracheid.",1,1,0,"**Analyzing a Vague Botanical Question**

Okay, so the question is a bit sloppy. It asks about the primary vascular tissue containing ""these cells,"" and immediately my botanist brain kicks in, parsing the reference. The definition, thankfully, mentions xylem vessels and tracheids when it defines the conduit. But the question's use of ""these cells"" is frustratingly deictic – it doesn't *specifically* point to xylem within the question itself. It's expecting me to make an inference.

My first thought is, can I even *answer* this as it's written? It's almost deliberately vague. The context helps by mentioning ""xylem,"" and it's almost certainly what's being implied by ""these cells,"" assuming they're talking about xylem vessels/tracheids.

Given the ambiguity of the question's wording, I can't definitively say the answer is complete. I'm leaning towards the score options: either a zero, because the question is insufficiently specific, or a one, *assuming* ""these cells"" implicitly refers to xylem vessels/tracheids. But honestly, it's poorly phrased. So, it's either unanswerable or weakly answerable.


","**Analyzing the Primary Vascular Tissue Question**

Okay, so the question is asking me to identify the primary vascular tissue that contains ""these cells."" Immediately, I recognize the need to understand what ""these cells"" refers to. Based on the context provided, it's clear that ""these cells"" relates to either a conduit, a xylem vessel, or a tracheid—all water-transporting elements within a plant.

The definition itself directly mentions ""xylem vessel,"" which strongly suggests that the answer is xylem. But, the vagueness of ""these cells"" is what's holding me back from giving a definitive ""5"" score. Is the reference to the cells clear enough, or is it partially unresolved?

I need to assess: Is there enough information given to clearly answer the question? The presence of ""xylem vessel"" points directly to xylem. If the question specifically asks about conduits, vessels, or tracheids, then the answer is xylem. But, since ""these cells"" is a bit ambiguous, I have to consider whether a ""2"" or ""3"" is warranted, or even a ""0"" or ""1"" if I'm being super strict.

In terms of benchmarks, if the context contains the answer (xylem), but the question uses ambiguous language (""these cells""), I am looking at a noticeable gap (3) or a mostly complete (4) or complete (5) if I treat ""these cells"" as ""vessels/tracheids.""

Okay, let's step back and look at the core question: *Can* the question be answered based solely on the context? The context defines a conduit, and the definition specifically mentions ""xylem vessel."" Based on that, I can definitively identify the primary vascular tissue as xylem.


",Score-Reasoning Inconsistency,"Model B concluded in its reasoning that the document provided enough context to definitively answer the question ('I can definitively identify the primary vascular tissue as xylem'), yet contradicted its own evaluation by assigning a score of 0 instead of aligning the score with its positive assessment."
962179,6901240,962179,Smith and Yandle offer a compelling illustration with their story of the Baptist (Methodist) and bootlegger (bar owner) coalition that opposed the Salvation Army in London in the late nineteenth century.,0,0,1,N/A,N/A,Hallucinated Relevance,"The query consists solely of an arbitrary numeric string ('962179') that has zero lexical or semantic connection to the historical text provided. Model B inappropriately assigned a non-zero relevance score, likely due to overly lenient default scoring on opaque queries, whereas Model A correctly recognized that the document is completely irrelevant."
156493,1939301,156493,Common goldfish in a pond. It is a common practice to keep common goldfish in a small bowl but this allows waste in the water to build up to toxic levels and does not provide enough oxygen. For every small/young goldfish there should ideally be at least 10 to 20 US gallons (38 to 76 l; 8.3 to 16.7 imp gal) of water.,0,0,1,N/A,N/A,Hallucinated Relevance,The query consists solely of an arbitrary numerical string ('156493') with zero topical or keyword connection to the document discussing goldfish care. Model B failed to identify complete irrelevance and erroneously assigned a non-zero score.
1114646,3056368,1114646,"Several medicines, acyclovir (Zovirax), valacyclovir (Valtrex), and famciclovir (Famvir), are available to treat shingles. You should start medication as soon as possible after the rash appears. That will help shorten how long the illness lasts and how severe the illness is. Pain medicine may also help with pain caused by shingles. Call your health professional as soon as possible to discuss treatment options.",1,1,0,N/A,N/A,Failure to Handle Query Identifier,"The query appears to be an unexpanded dataset query ID ('1114646') rather than natural language text. Model B evaluated the literal numeric string against the passage and rejected it due to a complete lack of lexical or semantic overlap, whereas Model A correctly preserved relevance."
1114646,2911039,1114646,"Several medicines, acyclovir (Zovirax), valacyclovir (Valtrex), and famciclovir (Famvir), are available to treat shingles. You should start medication as soon as possible after the rash appears. That will help shorten how long the illness lasts and how severe the illness is.",1,1,0,N/A,N/A,Failure to resolve numeric query identifier,"Model B rejected the document likely due to the lack of direct lexical overlap with the numeric query identifier ('1114646'), failing to recognize or resolve the underlying query/concept associated with the ID that Model A was able to evaluate as relevant."
131843,8554765,131843,"Information for up to 5 days ahead comes from the ECMWF model, presented at 6-hourly intervals. The official forecast may not always reflect the guidance charts illustrated; the forecasters also consider information from satellite, radar and weather observations, in addition to the application of their own experience.",1,1,0,"**Analyzing the Query: Issuing Authority and Geographical Scope**

Okay, here's how I'm breaking down this verification question. The core of it asks about whether the text explicitly defines the issuing authority and geographical scope of a forecast. I see ""ECMWF model"" mentioned, which points to the source of the model, and there's a general reference to ""forecasters."" This gives me *part* of the issuing authority picture, at least the model source, even if it's not the specific issuing authority of the *official* forecast. However, I can't find anything that explicitly nails down the geographical scope.

So, the text touches on the source, but it *fails* to specify the geographical scope. This means I can definitively answer the question using the information provided. The question is a straightforward yes/no type, asking if the information exists. Given what I've identified, it's easily verifiable based on the available text. Therefore, I can confidently rate this as a 5.


","**Analyzing the Context: Authority and Scope**

Okay, so the question is whether the context specifies the issuing authority and geographical scope. My initial thought is to quickly scan the provided text. I see the ECMWF model is referenced, but does that equate to an explicitly named issuing authority for the official forecast? And is there any mention of a specific region or area defining the geographical scope?

No, not really. It mentions ""the forecasters"" and ""the official forecast,"" and ECMWF provides the model, but it's not a clear identification of who is officially issuing it. The geographical scope is completely absent. Therefore, I'm leaning toward a ""no"" answer to the question.

The prompt now presents a slightly different interpretation and asks if the question itself can be answered based on the context. My initial instinct is correct; the text provides enough information to definitively answer the question. It does *not* specify those details. So, I can indeed answer the question with a simple and direct ""No, it does not.""

I am trying to determine the correct response to a grading task, in which I must determine the ""correctness"" of an answer. The context gives enough information to answer that question, and thus, I would assess a ""5"", the best score.


",Output Inconsistency,"Model B's reasoning concluded that the document provided enough information to answer the question and stated it would assess the best score ('5'), but it mistakenly outputted a final score of 0, directly contradicting its own reasoning."
156493,7566876,156493,The sand fleas do not get very big-most are around a half inch to an inch long. The females grow up to 2 inches long while the males only grow up to about 3/4 inches long. Mole Crabs have five sets of legs on their underbelly.,0,0,1,N/A,N/A,Spurious Relevance,"The query is an isolated number ('156493') with absolutely no textual or topical overlap with the document about sand fleas and mole crabs. Model A correctly assigned a score of 0 for total irrelevance, whereas Model B applied an overly lenient scoring threshold or hallucinated minimal relevance where none existed."
264014,4139113,264014,"In general, from hatch to feathering takes up to 12 weeks. First eggs are laid at about 5 months. First molt (the lose and change feathers) takes place at about 12 to 14 months old depending on the breed. Egg production stops about three years old and from there the chicken can live up to 10 years old.",0,0,1,"**Grading the Answerability of a Question**

Okay, so I've got this question: ""How do ambient temperatures modify egg-to-adult development time?"" My task is to evaluate how well the provided context answers that question. I'm essentially grading the relevance and completeness of the provided information.

I'm looking at the context, and it details a timeline for chicken development. It talks about hatch, feathering, the onset of egg production, molting cycles, the eventual cessation of egg production, and the chicken's lifespan. However, and this is crucial, there's absolutely *nothing* in there about temperature, ambient or otherwise, and its effect on development time. It's a developmental timeline, yes, but devoid of any thermal influences. I was looking for the effect of temperature on the rate of development.

Therefore, considering the utter lack of relevant information regarding the relationship between ambient temperatures and the developmental timeline, I have to give this a resounding zero. The context is simply insufficient to provide even a partial answer to the question. It's like asking about the effects of wind and only getting the definition of a boat. It just isn't there.


","Here's my assessment of the situation:

**Analysis of the Provided Context**

Okay, so I've been given a text about the chicken lifecycle – specifically, milestones like hatching, feathering, egg-laying initiation, first molting, and overall lifespan. It's a decent overview, but it's *missing* crucial data. I need to figure out the impact of ambient temperature on the time it takes for a chicken to mature from an egg to adulthood, right? And this text is silent on that critical point. There's simply nothing here about temperature influencing the developmental stages. My evaluation has to be based *solely* on the text provided; anything else would be conjecture. Therefore, with the information I have, the question is unanswerable. I have to grade this as a zero. It's a frustrating situation because I can probably apply some reasonable assumptions if the information was not withheld, but I must base my judgement on what is available.


",Score-Reasoning Inconsistency,"Model B correctly deduced that the text failed to answer the question and explicitly stated in its reasoning that it must give a score of zero, but contradicted its own conclusion by outputting a score of 1."
1124210,931165,1124210,"The xylem helps in the movement of water from the root to the leaves. Two types of cells in the xylem, tracheids and vessels, form tubes that allow water to move up the plant. Tracheids are found in all vascular plants, but vessels are only found in flowering plants. Full Answer >.",2,2,1,"**My Analysis of the Question**

Alright, let's break this down. The question's asking me to identify the primary vascular tissue containing these cells – clearly referring to tracheids and vessels, which I immediately recognize are xylem components. The passage itself makes the relationship *very* explicit. ""Two types of cells in the xylem, tracheids and vessels..."" That's a textbook definition. There's no ambiguity or implied complexity here. Based on this, I'd say the question is completely and correctly answerable directly from the provided context. My confidence level? Solid 5. No need to overthink it; the answer is right there.


","**Analyzing the Question's Ambiguity**

Okay, so the question is, ""Which primary vascular tissue type contains these cells?"" Right away, I see a problem: ""these cells"" is vague. Without knowing the original reference, how can I even begin to answer this? Let's assume, for argument's sake, that ""these cells"" refers to the tracheids and vessels mentioned in the xylem context. In *that* case, the answer would be xylem, obviously. But the core of the issue is the lack of a clear referent.

In standalone QA, questions with unresolved pronouns like this are a nightmare. I can't definitively say it's xylem with absolute certainty, and frankly, I can't trust the context to be correct. Without the complete context, the question is underspecified, therefore I cannot answer it reliably. Let's see... is this a 0 or 1 situation? Let me re-read the context again... Okay, the xylem moves water, it contains tracheids and vessels... ""Which primary vascular tissue type contains these cells?"" If the ""these cells"" refer to something not shown, then this can't be answered at all, and is a 0. If ""these cells"" refer to tracheids and vessels, then it's a 1.
So, the answer *could* be xylem if ""these cells"" is clarified, but as it stands, it's either unanswerable (0), or unreliable (1) because it requires that implicit, unstated context.
Therefore, it's either a 0 or a 1.


",Over-analyzed ambiguity,"Model B excessively fixated on the pronoun 'these cells' in the implied question, treating it as an unresolvable ambiguity instead of naturally mapping it to the cells explicitly discussed in the document (tracheids and vessels) as Model A did."
168216,6868730,168216,"The lungs are particularly vulnerable to bacterial infections. Pneumococcal pneumonia is a common example, although other types of bacteria and viruses can also cause pneumonia. Other examples of bacterial lung diseases include Legionnaire's disease, inhalation anthrax and whooping cough, also known as pertussis.",0,0,1,N/A,N/A,Hallucinated Relevance,The query consists solely of an arbitrary numeric identifier ('168216') that has no semantic or lexical overlap with the text about bacterial lung infections. Model B failed to recognize the complete absence of relevance and erroneously assigned a positive score.
962179,4257876,962179,"Booth abandoned the conventional concept of a church and a pulpit, instead taking his message to the people. His fervor led to disagreement with church leaders in London, who preferred traditional methods. As a result, he withdrew from the church and traveled throughout England, conducting evangelistic meetings.",0,0,1,"**Assessing the Information's Relevance**

Okay, so the question is straightforward: Does this text pinpoint *when* The Christian Mission officially became The Salvation Army? Right away, I see the issue. The provided context dives into Booth's departure from traditional church structures, his clashes with religious authorities, and his itinerant preaching across England. However, the text completely sidesteps the crucial details I need. It doesn't mention ""The Christian Mission,"" ""The Salvation Army,"" or any temporal markers that would indicate a name change. In essence, it lacks any pertinent information that would enable me to answer the question, or, at least, it isn't relevant to the matter at hand. Consequently, I must assign a failing grade.


","**Analyzing the Context: A Straightforward Evaluation**

Okay, so the user poses a question: does the given information specify *when* The Christian Mission officially became The Salvation Army? My first thought is to assess the context itself. I need to determine if it actually *mentions* either of those names, or any relevant details that might lead to a date. Scanning the provided text, I see no mention of ""The Christian Mission"" or ""The Salvation Army"". Therefore, it's immediately clear that the context is insufficient to answer the user's question. This is a simple case of the context being completely unrelated to the core of the query. Zero points, as the context is completely irrelevant.


",Score-Reasoning Inconsistency,"Model B's reasoning correctly concluded that the document was completely irrelevant and explicitly stated 'Zero points', but it erroneously output a final score of 1 instead of 0."
264014,3338824,264014,"Adult fleas prefer to live on the animal and their diet consists of blood meals courtesy of the host animal. The female flea lays white, roundish eggs. The adult female flea can lay up to 50 eggs per day1, 500-600 eggs2 over several months.",0,0,1,N/A,N/A,Hallucinated Relevance,"The query '264014' is an arbitrary numeric code with zero semantic relation to the document about flea biology. Model A correctly scored it as completely irrelevant (0), while Model B falsely assigned partial relevance (1) despite the complete absence of matching content or context."
156493,5549994,156493,"Koi grow a lot bigger than Goldfish so they will need a lot bigger pond than a goldfish pond. A koi pond should be no less than 1000 gallons in volume and at least 4 feet deep, the bigger the better. They will eat more of your plants so limiting the amount of plant life available to be grown.cclimatize your fish to new water by putting them into a bucket and add a little pond water bit by bit. Do this over as long a period as possible, until the bucket is completely full. You can then transfer your fish into the pond.",0,0,1,N/A,N/A,Hallucinated Relevance,"The query consists of an arbitrary number ('156493') with no semantic or lexical overlap with the document about koi pond care. Model A correctly judged the document as completely irrelevant (0), whereas Model B applied an overly permissive relevance threshold or hallucinated a connection, incorrectly assigning a relevance score of 1."
87181,5197130,87181,"Right ventricular hypertrophy. Description, Causes and Risk Factors: Abbreviation: RVH. Right ventricular hypertrophy is the increase or the enlargement in the size of the right ventricle of the heart. The right ventricle is responsible for pumping blood towards the lungs. In the lungs, blood is mixed with oxygen and then pumped back to the left ventricle to be eventually distributed to the brain and to other parts of the body. There are several possible causes of right ventricular hypertrophy.",0,0,1,N/A,N/A,Hallucinated Relevance,"The query consists solely of an arbitrary 5-digit number ('87181', likely a ZIP code or ID) with zero semantic connection or lexical overlap to the document discussing right ventricular hypertrophy. Model A correctly identified the complete lack of relevance (score 0), whereas Model B hallucinated marginal relevance (score 1) despite no basis in the text."
1113437,4016937,1113437,"spruce - any coniferous tree of the genus Picea. genus Picea, Picea - a genus of temperate and Arctic evergreen trees (see spruce) spruce - light soft moderately strong wood of spruce trees; used especially for timbers and millwork.",1,1,0,N/A,N/A,Over-reliance on lexical overlap,"The query '1113437' is an identifier (such as a WordNet synset ID) that directly corresponds to the definition in the document. Model B failed to recognize the ID reference due to the lack of surface lexical overlap, incorrectly scoring it as irrelevant, whereas Model A properly recognized the mapping."
1133167,7095374,1133167,"Arizona Weather > Tempe Weather. Tempe, AZ climate is hot during summer when temperatures tend to be in the 80's and cool during winter when temperatures tend to be in the 50's. The warmest month of the year is July with an average maximum temperature of 99.99 degrees Fahrenheit, while the coldest month of the year is December with an average minimum temperature of 39.50 degrees Fahrenheit.",0,0,1,"**Assessing the Information's Sufficiency**

Alright, let's break this down. The core question is: can I determine if there are any active severe weather advisories in effect based on the provided context? I'm looking at data describing the average temperatures and general climate conditions for Tempe, Arizona. Now, I understand weather patterns and how they relate to the possibility of severe weather. I also recognize that average climate data doesn't equal real-time weather alerts. The context gives *nothing* related to active advisories. Therefore, based on the information I've been given, a definitive answer to the question is absolutely impossible. It's a clear 'zero'. The data is simply insufficient.


","Here's my assessment of the situation:

**Analysis of the Severe Weather Inquiry**

Okay, so the query is straightforward: ""Are there any active severe weather advisories?"" I quickly review the provided context, which paints a picture of Tempe, AZ's typical climate – average temperatures, and the usual hottest and coldest months. It's a useful baseline, but it's absolutely missing the crucial piece of information: any current, active severe weather advisories. The context gives me historical climate data, not real-time weather alerts. Therefore, since the input lacks the necessary specifics about present-day weather alerts, it's impossible to answer the question as posed. I can only assign a grade of 0 to the attempt.


",Score-Reasoning Mismatch,"Model B's internal reasoning correctly determined that the document was completely insufficient and explicitly stated it should receive a grade of 0, but it contradicted itself by ultimately assigning a final score of 1."
1113437,8128798,1113437,"The Blue Spruce is the state tree of Colorado and Utah, plus the U.S. National Christmas Tree is also a Blue Spruce. Description Spruce trees are large, with some species maturing up to 200 feet tall.",0,0,1,"**Evaluating the Context for Relevance**

Okay, let's see. The user's question is pretty specific: ""Are persistent sterigmata explicitly described on the twigs?"" My job is to determine if the provided context actually *answers* that question. The context itself seems focused on general information about Blue Spruce trees – their height, their significance as state and national symbols. I'm scanning for any mention of ""persistent sterigmata"" or, crucially, ""twigs."" Ah, nope. Nothing. The description is broad, and doesn't dive into the micro-details of twig morphology. Therefore, the context is completely irrelevant to the question. It's a straight-up zero in terms of providing an answer. I'd give this one a big, fat ""inconclusive"". On to the next one.


","Okay, here's my assessment of this question and its provided context:

**Analysis of Question Regarding Sterigmata on Twigs**

The question is quite specific: ""Are persistent sterigmata explicitly described on the twigs?"" My expertise immediately flags that the key elements here are ""persistent sterigmata"" and ""twigs."" I need to determine if the given text addresses those features.

The provided context is woefully inadequate. It's essentially trivia about Blue Spruce being state symbols and their impressive height. This information has *nothing* to do with the microscopic details of twig structure, specifically the presence or absence of persistent sterigmata. There's zero overlap between the context and the question's core subject matter. It doesn't even hint at the relevant botanical characteristics.

Therefore, based on the provided text, there's no way to answer the question, as it does not contain the pertinent data. The correct assessment is a grade of 0.


",Score-Reasoning Inconsistency,"Model B's reasoning correctly concluded that the text was completely irrelevant and explicitly stated that 'The correct assessment is a grade of 0', but it erroneously outputted a final score of 1, resulting in a direct contradiction between its reasoning and its score."
1113437,8503446,1113437,"The spruce trees of North America include seven different species, all of them growing north of Mexico, mostly in cool climate locations. Spruce trees are important producers of lumber and are also useful in an ornamental capacity. The spruces all have evergreen needles, most are tall and they have a conical shape.",1,1,2,"Okay, here's my assessment of that question and context, based on my understanding:

**Initial Assessment: A Non-Starter**

Alright, the query is whether ""persistent sterigmata"" are explicitly described on twigs. My immediate reaction is, this is a non-starter. The surrounding text, dealing with North American spruce, species counts, lumber uses, evergreen needles, height, and conical shapes, doesn't even broach the subject of ""persistent sterigmata,"" let alone discuss them on twigs. The information provided is completely irrelevant to answering the question. It’s like asking if a recipe for apple pie mentions the chemical composition of a specific rock formation. The contexts are entirely disconnected. So, based on the provided material, the answer is a resounding zero. There's simply nothing here to work with. I need more information to even begin to consider the possibility of an answer.


","**My Assessment of the Query**

Okay, so the question is pretty specific: ""Are persistent sterigmata explicitly described on the twigs?"" I'm looking for a straightforward ""yes"" or ""no"" here, ideally supported by some direct evidence. The provided context, however, is a general overview of North American spruce trees. It talks about things like their species, climate preferences, uses (lumber, ornamental), and physical characteristics like evergreen needles and conical shape. But... and this is key... there's absolutely *nothing* in this description that mentions ""persistent sterigmata"" or even the word ""twigs."" Given the level of detail provided, I'd expect to see some mention if the answer was positive. Therefore, based purely on this context, I'm forced to conclude that the information needed to answer the question isn't present. My grade for this should be a resounding zero; there is no positive information, and thus, no way to give a positive response.


",Score-Reasoning Discrepancy,"Model B's internal chain-of-thought correctly identified that the document contained no relevant information and explicitly concluded it deserved a minimum grade ('resounding zero'), but it inexplicably output a higher score of 2, contradicting its own reasoning."
359349,8058867,359349,Every trapezoid has two legs. Altitude: The altitude of a trapezoid is the perpendicular distance from one base to the other. (One base may need to be extended). Median: The median of a trapezoid is a line joining the midpoints of the two legs. See Trapezoid median: Area: The usual way to calculate the area is the average base length times altitude. See Area of a Trapezoid: Perimeter: The distance a round the trapezoid. The sum of its side lengths. See Perimeter of a Trapezoid,2,2,1,N/A,N/A,Query artifact misinterpretation,"The query '359349' is an MS MARCO query ID (corresponding to 'how many legs does a trapezoid have') rather than natural language text. Model A correctly matched the benchmark ground truth by either resolving or memorizing the query ID context, whereas Model B failed to recognize the dataset artifact and penalized relevance due to the lack of literal lexical overlap."
1124210,2753154,1124210,Metatracheal (or apotracheal) parenchyma is axial parenchyma independent of the pores or vessels and is a morphological character that distinguishes some birches and alders (partially diffuse xylem parenchyma) from their relatives such as oaks and chestnut trees (exclusively metatracheal parenchyma).,0,0,1,"**My Analysis of the Vascular Tissue Question**

Okay, so the question is straightforward: ""Which primary vascular tissue type contains these cells?"" Right away, my expert eye hones in on the crucial clues embedded within the context. The mentions of ""xylem parenchyma"" and ""metatracheal parenchyma"" are practically flashing neon signs, pointing me directly toward the answer. We're talking about *xylem*, plain and simple. Those parenchyma cells are, by definition, intimately associated with xylem. No need to overthink this; the context delivers the answer on a silver platter. Therefore, the information provided is, thankfully, sufficient to nail down the answer (xylem) with absolute confidence.


","**My Analysis of the Question**

Alright, let's break this down. The question's straightforward: ""Which primary vascular tissue type contains these cells?"" The key is identifying the specific cells in question, and thankfully, the context gives us a clear clue. I see mention of ""Metatracheal (or apotracheal) parenchyma,"" immediately linking it to the xylem in some way. This is described as ""axial parenchyma independent of the pores or vessels,"" and it also tells me that this is a morphological characteristic used to distinguish some species, specifically birches and alders.

It's pretty clear where we're going with this. The context directly connects the parenchyma to the xylem, mentioning ""diffuse xylem parenchyma"" and vessels (pores). So, it's not a stretch to conclude the cells are part of the xylem. That's the primary vascular tissue type we're dealing with here. Simple. The answer has to be xylem.


",Hallucinated Query,"Model B evaluated relevance against a hallucinated external question ('Which primary vascular tissue type contains these cells?') associated with the query ID rather than the provided input query '1124210', leading it to assign a false positive score of 1."
156493,8277657,156493,"What size is the biggest Oscar fish? Answer: Oscars can grow up to 16 inches (40.64 cm) in length, weighing up to 3.5 pounds (1.58 kg). Always provide them with a large enough tank to grow out. When are Oscars mature enough to lay eggs?",0,0,1,N/A,N/A,False positive relevance,"Model B exhibited leniency bias by assigning partial relevance (score 1) to a document about Oscar fish that has zero semantic or lexical connection to the numeric query '156493', whereas Model A correctly identified it as completely irrelevant (score 0)."
1114819,2590449,1114819,"TRICARE also covers: 1  Medically necessaryTo be medically necessary means it is appropriate, reasonable, and adequate for your condition. customization or attachments to the DME to accommodate your medical disability, when your physician has prescribed the equipment as medically necessary and appropriate.",1,1,0,"**Assessing the Definition of ""Durable""**

Okay, let's break this down. My primary concern is pinpointing how the ""durable"" characteristic is actually *defined* – either quantitatively or qualitatively. The context, unfortunately, doesn't seem to offer anything concrete here. While it mentions terms like ""DME"" (Durable Medical Equipment) and ""Medically necessary,"" those are tangential to my actual query. It gives me *no* definition of ""durable"" itself. So, based on the lack of any supporting information I'm forced to conclude the context provides *zero* answer to my question. I would rate the context as failing to address the fundamental concept.


","Okay, here's my assessment of the situation:

**Analysis of ""Durable"" Definition in Context**

Alright, let's cut to the chase. The core of the issue I'm grappling with is whether the provided context sheds any light on *how* ""durable"" is specifically defined – either numerically or descriptively. I'm essentially looking for a measurable standard or a qualitative characteristic that sets the ""durability"" of something apart.

The context, while mentioning ""DME"" (Durable Medical Equipment), completely sidesteps the crucial question of what makes it ""durable"" in the first place. My immediate sense is that we are talking about DME implicitly through the acronym, however there is no explicit definition of ""durable"" present. It focuses on clarifying ""Medically Necessary"" and *not* ""durable"".

Therefore, from my expert perspective, the context is entirely unhelpful in addressing the original inquiry. It's a flat zero in terms of providing any useful information on the definition of ""durable."" This level of vagueness requires additional resources.


",Overly strict evaluation,"Model B applied an excessively strict binary criterion, requiring an explicit definition of 'durable' rather than recognizing the document's partial/marginal relevance regarding Durable Medical Equipment (DME) coverage, leading it to downgrade the score from 1 to 0."
264014,528377,264014,"In a humid environment, over 60% of newly hatched fleas can live without a host for 2 months. In a cool, dry environment, only 10% will live without an immediate host. Humidity is the key to flea survival.",1,1,0,"Here's my assessment of the situation:

**Analysis of the Question and Context**

Okay, the question is straightforward: ""How does ambient temperature affect the time it takes for an egg to develop into an adult?"" My immediate thought is to consider the biological processes involved in development, metabolic rates, and the impact of temperature on those rates. I'd be looking for data on incubation periods, growth rates at different temperatures, and potentially the effects of temperature extremes on survival and successful molting.

However, the provided context completely misses the mark. It's focused on flea survival after hatching, specifically the influence of humidity in different environments. We're talking about the survival of the *larval* stage, not the whole development cycle from egg. While humidity's role in the larval stage is interesting, it's irrelevant to the core question about *development time*. There's no mention of egg incubation, larval growth rates at different temperatures, or the time elapsed until adulthood.

Therefore, given that the context doesn't even touch on the crucial elements of the question, I have to conclude that it provides absolutely no information that answers the core query. It's a non-starter.


","**Assessing the Applicability of the Provided Context**

Okay, so the query is asking about the influence of ambient temperatures on the time it takes for an egg to develop into an adult. My initial reaction is to quickly scan the provided context and see if it even touches on that specific developmental process, and if the elements of temperature are linked. After reviewing the material, it is clear that the answer to the posed question isn't present at all. While the context discusses flea survival—specifically their ability to persist without a host—it focuses on humidity levels and cool, dry conditions as factors in their survival. There's simply nothing here that relates to the developmental timeframe from egg to adult, or how different ambient temperatures might accelerate or decelerate that process. Given that the provided text is entirely irrelevant to answering the question, the appropriate grade is a zero.


",Failed to recognize marginal relevance,"While both models noted that the document did not directly answer the specific question regarding development time, Model B was overly strict in grading it a complete zero, ignoring the marginal topical relevance concerning environmental conditions (cool temperatures) and flea life stages that justified a score of 1."
