query_id,corpus_id,query_text,document_text,human_score,score_model_a,score_model_b,thought_model_a,thought_model_b,error_category,explanation
264014,4139113,264014,"In general, from hatch to feathering takes up to 12 weeks. First eggs are laid at about 5 months. First molt (the lose and change feathers) takes place at about 12 to 14 months old depending on the breed. Egg production stops about three years old and from there the chicken can live up to 10 years old.",0,0,1,"Okay, here's my assessment of the situation:

**Analysis of Development Time Inquiry**

The core of the issue is the question posed – how ambient temperature *specifically* influences the time it takes for an egg to develop into an adult chicken. I've examined the provided text. While the text details various developmental milestones in chickens – from hatching and feathering to the onset of egg production and the eventual lifespan – there is absolutely *nothing* in the context about how temperature, that critical environmental factor, comes into play. No mention, no discussion, not even a hint of how warmer or cooler conditions might speed up, slow down, or otherwise impact those developmental stages.

Therefore, given the explicit lack of relevant information on temperature's effects, a response to the question cannot be constructed based on the supplied context. The answer is a resounding zero.


","Here's my assessment of the situation:

**Analysis of the Provided Context**

Okay, so I've been given a text about the chicken lifecycle – specifically, milestones like hatching, feathering, egg-laying initiation, first molting, and overall lifespan. It's a decent overview, but it's *missing* crucial data. I need to figure out the impact of ambient temperature on the time it takes for a chicken to mature from an egg to adulthood, right? And this text is silent on that critical point. There's simply nothing here about temperature influencing the developmental stages. My evaluation has to be based *solely* on the text provided; anything else would be conjecture. Therefore, with the information I have, the question is unanswerable. I have to grade this as a zero. It's a frustrating situation because I can probably apply some reasonable assumptions if the information was not withheld, but I must base my judgement on what is available.


",Score-Reasoning Inconsistency,"Model B correctly deduced that the document completely lacked relevant information and explicitly concluded in its text that it should be graded as a zero, but mistakenly output a final score of 1."
1114646,5229617,1114646,"You may unsubscribe at any time. Your Privacy Rights | About Us. Answer: The most effective way is to take an oral antiherpes drug, such as Acyclovir, Famvir, or Valtrex, within the first 24 to 48 hours of symptoms, says Kathleen Welsh, M.D., a dermatologist in San Francisco.",0,0,1,N/A,N/A,Hallucinated Relevance,"Model B assigned a non-zero relevance score to a document that has zero topical or semantic connection to the numeric query '1114646', failing to recognize that the text is completely irrelevant."
1121402,770456,1121402,"Excessive erosion leads to loss of soil, ecosystem damage, and a buildup of sediments in water sources. Building terraces and planting trees can help reduce erosion. Erosion through wind, water, and mass wasting is a very destructive force. Subduction zones are destructive, as those convergent boundaries are where crust is directly taken into the mantle and destroyed. Erosion strips away the topsoil of an area, leaving only clay, rock, and debris in it's path.",0,0,1,N/A,N/A,Hallucinated Relevance,"The query is an arbitrary numeric string with no semantic meaning or connection to the document about soil erosion. Model A correctly assigned a score of 0, while Model B incorrectly assigned a non-zero score despite the complete absence of relevance."
168216,13492,168216,"Pneumonia may be caused by: Bacteria. The most common cause of pneumonia is bacterial infection, and many different bacteria can cause the condition, producing mild to severe cases. Bacterial pneumonia can occur independently or following illnesses, such as colds, flu or upper respiratory infections. Fungi. Certain types of fungus can cause pneumonia.",0,0,1,"Here's my assessment of the situation:

**Analysis of the Question and Context**

Okay, so I'm presented with a question that specifically targets the virulence factors of *Legionella pneumophila*. However, looking at the provided context, I can see that the discussion is incredibly broad. It mentions pneumonia being caused by bacteria and fungi in general, but there's absolutely no direct reference to *L. pneumophila*, nor are there any specifics about its mechanisms of pathogenesis.

Considering my expertise, I'm forced to conclude that there's simply no basis within the provided text to formulate an even remotely accurate answer. Attempting to deduce anything about *L. pneumophila*'s virulence factors from this information would be pure speculation, and that's not something I'm willing to do. I need solid data to work with.

Therefore, given the lack of relevant information, I'm giving this one a solid zero. It's a non-starter based on the material at hand.


","Here's my assessment of the situation:

**Analysis of Virulence Factor Inquiry**

Okay, so the user's question is pretty straightforward: they're asking about the specific *L. pneumophila* virulence factors that are directly involved in causing pneumonia. That's a focused, mechanistic question, which is right in my wheelhouse. However, I need to check the context first to see if it even *addresses* the topic.

Based on the provided context, the text doesn't even *mention* *Legionella pneumophila*, let alone any of its virulence factors. It makes a general statement about bacteria and fungi potentially being causes of pneumonia, but there's absolutely no specificity. My conclusion is that this context is entirely irrelevant to the core question. Therefore, there's no way to extract a meaningful answer from it. My evaluation: a resounding zero.


",Score/Reasoning Inconsistency,"Model B's reasoning perfectly identified that the text was completely irrelevant and explicitly concluded with 'a resounding zero', but it suffered an execution mismatch by outputting a final score of 1 instead of 0."
1124210,4535489,1124210,"Flagellated sperm, xylem with tracheids, separated gametophyte and sporophyte generations with the sporophyte dominant, and no seeds. This plant is most closely related to",1,1,0,N/A,N/A,Failure on Identifier Query,"The query is an opaque numeric identifier (likely a question ID from an exam or benchmark dataset). Model B treated the query literally and penalized the document for lacking lexical or semantic overlap with the numbers, whereas Model A correctly recognized the association or handled the identifier lookup."
19335,1956669,19335,"What these different ecological research approaches share is the recognition that materials and energy flow through multiple systems on Earth, and that interactions among organisms and their environments are two-way: the environment influences organisms, and organisms alter their environment.",0,0,1,N/A,N/A,False Positive Relevance,"Model B exhibited leniency bias by assigning marginal relevance (score of 1) to a document that is completely unrelated to the numeric query '19335', whereas Model A correctly identified total irrelevance."
1124210,8547687,1124210,"Xylem in plants is the water conducting tissue in vascular plants. Based on the stage and origin of growth, a xylem may be primary or secondary. Word origin: Greek xylon, wood. Compare: phloem ‘’See also:’’ softwood, hardwood. Related terms: primary xylem; secondary xylem; protoxylem; metaxylem",0,0,1,N/A,N/A,Hallucinated Relevance,"The query is an arbitrary numeric string ('1124210') with zero semantic or factual overlap with the document discussing plant biology (xylem). Model B incorrectly assigned marginal relevance instead of identifying the document as completely irrelevant, likely due to overly lenient scoring thresholds or hallucinating a potential match."
87181,7139898,87181,How does left-sided heart failure (left cardiac failure) lead to dyspnea? Can left ventricular hypertrophy cause edema in legs and feet? How can pulmonary edema be treated?,1,1,0,"Okay, here's my assessment of the situation, framed as a first-person summary, keeping in mind my expertise:

**My Appraisal of the Query Regarding Left-Sided Heart Failure**

Right, let me break this down. We've got three questions: left-sided heart failure, left ventricular hypertrophy (LVH), and pulmonary edema. Sounds like a classic case of evaluating a cardiac-related problem. The key here, though, is the *absence* of something. The text doesn't explicitly mention ""chronic afterload elevation mechanisms,"" even though those mechanisms would most likely be key to evaluating and answering these questions. Without that crucial piece of information, I'm essentially left hanging. I can't build a robust, clinically relevant response based on this limited context. So, while the questions are valid, the provided data is insufficient to formulate a valid answer. Therefore, I have to assign this a grade of zero based on the available information.


","Here's my assessment of the situation:

**Evaluation of Contextual Adequacy**

Okay, so the question posed is whether the provided context details chronic afterload elevation mechanisms. I'm essentially looking for a ""yes"" or ""no"" answer based on the information given. However, upon reviewing the context, I see only a series of unrelated questions about left-sided heart failure and its symptoms and treatment. There's nothing about afterload specifically. Absolutely no mechanisms are described, let alone detailed. Therefore, given the complete lack of relevant information in the provided text, the answer is unequivocally zero. It's a non-starter.


",Hallucinated Requirement,"Both models hallucinated an unprompted task requirement regarding 'chronic afterload elevation mechanisms,' but Model B strictly followed this hallucinated criteria to reject the document and output 0, whereas Model A arrived at the correct score of 1."
962179,5653656,962179,"The Salvation Army is a Christian church and international charitable organisation structured in a quasi-military fashion. The organisation reports a worldwide membership of over 1.5 million, consisting of soldiers, officers and adherents known as Salvationists.",0,0,1,"**Analyzing the Context and Question**

Okay, so the user wants to know if this context tells us *when* The Christian Mission became The Salvation Army. I need to figure out if the context directly answers that specific question.

Hmm, this context talks about The Salvation Army *as it is now*, describing its structure and membership. It mentions it's a ""Christian church"" and gives a brief description. However, it doesn't mention ""The Christian Mission"" at all, or anything about a name change or adoption. It is silent about the historical point in time I'm looking for.

Right, so the context is totally irrelevant to determining the timeframe of the name change. It doesn't contain the necessary information. 

Okay, now let's think about *how* to answer the prompt. ""Can the question be answered based on the available context? choose one:"" Seems straightforward: Since there is no information about the name change, it cannot be answered. My initial thought of evaluating a *generated answer* is probably incorrect. I'm rating the context itself, right? And I think those options 0-5 are metrics. Let me re-read the specific question posed. 

Okay, ""Can the question be answered based on the available context?"" Since the answer is, resoundingly, *no* I'll respond with a ""0"".


","**Analyzing the Inquiry: A RAG Evaluation**

Okay, so the prompt is asking me about a specific fact: did the provided text specify *when* ""The Christian Mission"" officially became ""The Salvation Army""? My initial read is that the text doesn't explicitly state this. The question is a yes/no, and it seems like the obvious answer is ""no"". However, I'm trained to evaluate retrieval-augmented generation (RAG) prompts, and I need to be precise.

I need to make sure I'm following the expected format for this kind of evaluation. Is this a standard RAG evaluation? It seems like it's asking if the *information* is present, not if I can infer it. If it were a typical RAG question, it would ask if I could answer the question *based on* the context. This is more direct, ""Does the information specify...?""

Let me go back and double-check. The text *mentions* the Salvation Army, sure, and maybe even things tangentially related, but it definitely doesn't include the detail the question is asking for: the date of the name adoption or even mentions of the Christian Mission. It's absent.

Therefore, the prompt is asking a very straightforward question that can be answered: ""No, the information does not specify when 'The Christian Mission' officially adopted the name 'The Salvation Army'."" My grade here, according to the standard, would be a zero because that detail, the core factual piece, is just not present.


",Score-Reasoning Inconsistency,"Model B correctly identified that the necessary information was completely missing from the document and explicitly stated in its reasoning that the grade should be zero, but ultimately contradicted itself by outputting a score of 1."
962179,536178,962179,"THE SALVATION ARMY. The Salvation Army is an integral part of the Christian Church, although distinctive in government and practice. The Army's doctrine follows the mainstream of Christian belief and its articles of faith emphasise God's saving purposes.",0,0,1,"Here's my thought process on this one:

**Analyzing the Question and Context**

Okay, the question is straightforward: does the provided text say *when* The Christian Mission became The Salvation Army? The text seems focused on *what* The Salvation Army is, its purpose, and its beliefs, not the specifics of its naming timeline. I need to keep in mind, I'm not actually answering a question, I'm rating how answerable the question is *given the context*.

I see the prompt uses a 0-1 grading system. Zero means the answer is ""not relevant or complete at all."" The prompt keeps using the term ""answer,"" but there isn't actually an answer box. This makes me realize the question is about whether the *context* contains the answer.

If the context *doesn't* mention when the name was adopted, then I can't answer the question. It's missing the critical information. So, based on my understanding of how these prompts usually work, the score should be a 0. I need to base this entirely on the provided text's ability to supply an answer. The text falls short.


","**Analyzing the Context and the Question**

Okay, so the question is a straightforward yes/no: ""Does the information specify when The Christian Mission officially adopted the name 'The Salvation Army'?"" The context provided discusses The Salvation Army's relationship to the Christian Church, its doctrine, and articles of faith, but I don't see anything about the *timing* of the name change from 'The Christian Mission' to 'The Salvation Army'.

Initially, I thought, can this even be answered? The question seems answerable with a definitive ""no"". However, I need to check myself, because I have to make sure my interpretation aligns with the benchmark’s intention, is the question about answering ""when"" or is it about answering *the meta-question*: ""does the provided context contain the answer for when?"".

I'm starting to think this is a bit of a trick question, because I need to be exact here. The core of the question is not about figuring out the adoption date. It's whether the context provides this specific date.

So, let me rephrase that: ""Does the context provide an *explicit* date for the name adoption?"" And no, it doesn't. Therefore, the answer is undeniably ""No, the information does not specify when."" I’m comfortable with that, so the answer should be a solid ""5"" as the question can be fully and accurately answered.


",Task Misinterpretation,"Model B overthought the evaluation by treating the query as a meta-question that could be successfully answered with a definitive 'No' (i.e., 'No, the text does not contain this information'), rather than evaluating whether the document actually provides the underlying target information."
19335,1720395,19335,"Definition of Environment. Environment: The sum of the total of the elements, factors and conditions in the surroundings which may have an impact on the development, action or survival of an organism or group of organisms. Search MedTerms:",1,1,0,N/A,N/A,Failed to Recognize Document Identifier,"The query '19335' is an article or database identifier (such as a MedTerms article key for 'Environment'). Model B likely evaluated relevance purely on lexical overlap, treating the number as unrelated text, whereas Model A correctly identified or accommodated identifier-based retrieval."
19335,3045567,19335,"Full Definition of ANTHROPOLOGY. 1. : the science of human beings; especially: the study of human beings and their ancestors through time and space and in relation to physical character, environmental and social relations, and culture. the science of humans; especially: the study of humans in relation to distribution, origin, classification, and relationship of races, physical character, environmental and social relations, and culture. — an·thro·po·log·i·cal \-pə-ˈlaej-ˈläj-i\ kəl. adjective",1,1,0,N/A,N/A,Strict keyword matching,"Model B likely relied strictly on lexical overlap and rejected the document due to the absence of the number '19335', failing to capture the latent identifier, catalog code, or domain mapping that established relevance in the ground truth."
1133167,7486596,1133167,"Averages for Montego Bay in September. Although we class September in Jamaica as typically Autumn, it’s a ridiculous statement considering the temperatures only seem to fluctuate by a degree or so from the height of classical summer.",1,1,0,N/A,N/A,Failed to handle numerical identifier,"Model B likely failed because it evaluated relevance strictly based on lexical overlap, rejecting the document since the opaque numeric query ('1133167') does not appear directly in the text, whereas the query acts as a specific identifier or entity reference associated with the content."
359349,1394085,359349,"The sides AC and BD above are called the legs of the trapezoid, and are usually not parallel, although they could be (see parallelogram note below). Every trapezoid has two legs. Altitude. The altitude of a trapezoid is the perpendicular distance from one base to the other. (One base may need to be extended).",1,1,2,"**Analyzing the Prompt: A Deduction**

Okay, so the question is straightforward: are the lengths of both parallel bases given, either directly or indirectly? The provided text defines a trapezoid and its components, specifically legs and altitude, but it doesn't give *any* numerical values or dimensions. It's just a general definition.

Wait, let me reframe this as a reading comprehension task. Can I glean an answer to that specific question *from* this provided text? No. The text doesn't offer any lengths, specific to any instance. It's a general definition, devoid of numerical examples. So, it cannot answer the question of whether the lengths are provided or derivable.

Alright, so the answer is definitely not derivable from the context. Let's look at the possible answer options: 0 or 1. Can the context answer whether or not the lengths are provided? No, it cannot. Therefore, the most accurate answer is a ""0"".


","**Analyzing the Availability of Base Lengths**

Okay, here's the deal. The initial question is whether we're given, or can derive, the lengths of both parallel bases. Let's break this down systematically.

First, I look at the context provided: it's all about defining terms – legs, altitude, and trapezoid in general terms. No actual measurements are given. My initial reaction? No, absolutely not. The context itself is purely definitional; it doesn't offer any numerical values or relationships that would allow for deriving the base lengths of any specific trapezoid.

Then, I pause. Is the question referring to a *specific* trapezoid problem, or is it a more general meta-question about the information available to us? ""Are the lengths... provided?"" is often a preliminary check. We have to make a choice.

I reconsider the context: it's a *definition*. It doesn't contain any measurements, period. Therefore, regardless of whether there's a specific problem at hand, we don't have *the information needed to answer the question.* We cannot deduce those lengths from definitions alone. So, the question is *not* answerable based on the provided context alone. 

Ultimately, I'm rating this as a zero. The context is insufficient for determining whether the question can be answered. The provided information is purely definitional.


",Score-Reasoning Inconsistency,"Model B explicitly concluded in its reasoning that the document was completely insufficient and stated 'Ultimately, I'm rating this as a zero', but then contradicted its own deduction by assigning an output score of 2."
1117099,334615,1117099,"All three margins are seismically active, with volcanic activity at constructive and destructive margins. Some plate margins exhibit features of more than one of the three main types and are known as combined plate margins. See PLATE TECTONICS; and SEA-FLOOR SPREADING.",1,1,0,N/A,N/A,Over-reliance on Lexical Matching,"The query appears to be an unexpanded document or query ID ('1117099') rather than natural language text. Model B likely relied strictly on surface-level keyword overlap and rejected the document because the number does not appear in the text, whereas Model A correctly retained the benchmark relevance mapping."
1113437,742044,1113437,"Generally, they do, but look closer. Feel the needles. Spruces have stiff, prickly needles, while Douglas-firs and true firs have soft, flexible needles. Each spruce needle springs from a tiny, woody peg; in fact, this peg is one of the best ways to identify a spruce. Spruce cones hang down from the branches like those of Douglas-fir while true fir cones stand up, but spruce cones do not have Douglas-fir's pitchfork bracts. The scales of most spruce cones are papery thin--yet another difference. And spruce bark is scaly--Douglas-fir and the true firs have smooth or ridged bark. There are approximately 40 different species of spruce in the world, but only 3 are native to the Pacific Northwest--and only 2 of those are common. Location is probably the best clue to their identity. : grows only along the Pacific coast, from northern California through southeastern Alaska, and only near sea level.",2,2,1,N/A,N/A,Strict Lexical Matching,"Model B likely penalized the document for the total absence of lexical overlap with the query ID ('1113437'), failing to preserve the ground-truth relevance score when evaluating an opaque or benchmark-indexed query."
1124210,284020,1124210,"conduit. n. 1. (Building) a pipe or channel for carrying a fluid. 2. (Building) a rigid tube or duct for carrying and protecting electrical wires or cables. 3. an agency or means of access, communication, etc. 4. (Botany) botany a water-transporting element in a plant; a xylem vessel or a tracheid.",1,1,0,"Here's my thought process, summarized:

**Analyzing the Question and Context**

Okay, the question is a straightforward identification: ""Which primary vascular tissue type contains these cells?"" The crucial bit of context is definition number four, which states: ""a water-transporting element in a plant; a xylem vessel or a tracheid."" That immediately screams ""xylem,"" right? Xylem is *the* primary vascular tissue associated with water transport.

Now, I need to make sure I'm not jumping to conclusions prematurely. Can I answer this *solely* based on the provided text? Let me review...Yes, definition number four *explicitly* links ""xylem vessel or a tracheid"" to water transport. And we already know that xylem is a primary vascular tissue. Boom! That's enough to confidently identify xylem as the answer. It's all there, plain as day. No external knowledge needed. High grade, definitely a 5.


","**Analyzing the Primary Vascular Tissue Question**

Okay, so the question is asking me to identify the primary vascular tissue that contains ""these cells."" Immediately, I recognize the need to understand what ""these cells"" refers to. Based on the context provided, it's clear that ""these cells"" relates to either a conduit, a xylem vessel, or a tracheid—all water-transporting elements within a plant.

The definition itself directly mentions ""xylem vessel,"" which strongly suggests that the answer is xylem. But, the vagueness of ""these cells"" is what's holding me back from giving a definitive ""5"" score. Is the reference to the cells clear enough, or is it partially unresolved?

I need to assess: Is there enough information given to clearly answer the question? The presence of ""xylem vessel"" points directly to xylem. If the question specifically asks about conduits, vessels, or tracheids, then the answer is xylem. But, since ""these cells"" is a bit ambiguous, I have to consider whether a ""2"" or ""3"" is warranted, or even a ""0"" or ""1"" if I'm being super strict.

In terms of benchmarks, if the context contains the answer (xylem), but the question uses ambiguous language (""these cells""), I am looking at a noticeable gap (3) or a mostly complete (4) or complete (5) if I treat ""these cells"" as ""vessels/tracheids.""

Okay, let's step back and look at the core question: *Can* the question be answered based solely on the context? The context defines a conduit, and the definition specifically mentions ""xylem vessel."" Based on that, I can definitively identify the primary vascular tissue as xylem.


",Score-Reasoning Contradiction,"Model B excessively fixated on the ambiguity of the question's phrasing ('these cells'), but ultimately concluded in its final reasoning sentence that the document definitively identifies the answer. Despite reaching this positive conclusion, it inexplicably output a score of 0, resulting in a direct contradiction between its reasoning and final judgment."
146187,8434624,146187,"The McDouble is listed as a slice of American cheese between two 100% beef patties, topped with pickles, onions, ketchup and mustard. mcdonalds.com. The Double Cheeseburger is listed as two slices of golden American cheese with two 100% all beef patties, pickles, onions, ketchup and mustard.",3,3,2,N/A,N/A,Keyword Matching Bias,"The query consists of an unmapped dataset query ID ('146187') rather than natural language text. Model B likely regressed by penalizing the document for lacking direct lexical overlap with the numerical string, whereas Model A correctly preserved the gold relevance score associated with this query-passage pair."
130510,1494936,130510,"A declaratory judgment, sometimes called declaratory relief, is conclusive and legally binding as to the present and future rights of the parties involved. The parties involved in a declaratory judgment may not later seek another court resolution of the same legal issue unless they appeal the judgment.",2,2,1,"**Analyzing the Clarification of Preemptive Legal Resolution**

Okay, so the core of the matter is whether the definition *explicitly* clarifies how a declaratory judgment *preemptively resolves legal uncertainty*, rather than just stating its impact on existing rights. The definition itself highlights that a declaratory judgment is ""conclusive and legally binding as to present and future rights"" and prevents re-litigation. But, does this constitute a full explanation of *how* the uncertainty is preemptively resolved?

The question's phrasing is important here: ""Does the definition *clarify how* it preemptively resolves...?"" It is a Yes/No type question. The context defines the declaratory judgement and provides the basis to say ""No, the definition doesn't clarify the *how*..."".

Let's break this down further as a rating task. The definition mentions being ""conclusive and legally binding"" on rights and preventing re-litigation. While it *implies* preemptive resolution through those effects, it doesn't offer a detailed methodology on *how* that happens. It describes the outcome, not the mechanism of preemptive resolution. I can still confidently answer the question.

The context is sufficient to answer the question, even if the answer is negative, therefore, the context directly allows answering the question. The question is ""Does the definition clarify..."" and the context is the definition. A rating of 5 is appropriate.


","Here's my analysis of the provided text, from my expert perspective:

**Declaratory Judgments: A Quick Assessment**

Alright, let's break this down. The core concept is the declaratory judgment and its defining characteristic: it's legally binding on both present *and* future rights. Essentially, it locks things down, barring subsequent litigation on the same issue unless appealed. The immediate question arising in my mind is this: does this definition, as provided, illuminate *how* a declaratory judgment proactively addresses legal uncertainty, or does it simply state its finality with regards to existing rights?

My quick review of the definition confirms the latter. It explicitly notes the judgment's conclusive and binding nature on both present and future rights, but it doesn't offer any insight into the process of preemptively resolving legal uncertainty. My focus is always on the 'how' and this falls short.

So, can I answer the question posed? Absolutely. The context provides the complete definition. I can assess the definition and determine if it offers clarity to the primary question. The answer is a clear ""no"" – it doesn't. Thus, the question is directly answerable from the context given. It's a textbook evaluation exercise, and the question is answered with the context. Grade: 5.


",Score-Reasoning Inconsistency,"Both models evaluated the text using an internal 5-point scale and concluded it deserved the highest grade (5), but Model B suffered from an output mapping failure, assigning a final score of 1 instead of aligning with its own positive evaluation and the human benchmark."
359349,8058867,359349,Every trapezoid has two legs. Altitude: The altitude of a trapezoid is the perpendicular distance from one base to the other. (One base may need to be extended). Median: The median of a trapezoid is a line joining the midpoints of the two legs. See Trapezoid median: Area: The usual way to calculate the area is the average base length times altitude. See Area of a Trapezoid: Perimeter: The distance a round the trapezoid. The sum of its side lengths. See Perimeter of a Trapezoid,2,2,1,N/A,N/A,Over-penalizing Missing Keywords,"Model B regressed by likely requiring explicit lexical matching between the numeric query ID and the passage content, failing to recognize the document as a fully relevant answer and downgrading it to partially relevant."
489204,7112941,489204,"For example, the following potentially serious conditions may include lower right back pain as one of the symptoms: Appendicitis. This condition occurs when the appendix, located in the lower right hand side of the abdomen, becomes inflammation and/or ruptures. It may cause sharp, intense lower right back pain and/or pain on the lower right side of the abdomen. Symptoms vary and may include nausea, vomiting, or fever. Symptoms may occur suddenly or develop gradually.",1,1,0,N/A,N/A,Strict Lexical Matching on ID Query,"The query appears to be a benchmark query ID ('489204') rather than natural language text. Model B strictly evaluated literal lexical and semantic overlap between the numeric ID and the medical passage, finding no match and assigning a score of 0, whereas Model A likely recognized the benchmark mapping or handled numeric query artifacts appropriately."
156493,1960257,156493,"Goldfish Only Grow to the Size of Their Enclosure. There is an element of truth to this, but it is not as innocent as it sounds and is related more to water quality than tank size. When properly cared for, goldfish will not stop growing.",2,2,1,N/A,N/A,Under-graded relevance,"Model B downgraded the document from fully relevant (2) to partially relevant (1), likely due to an overly strict relevance threshold that failed to credit the passage as a direct, definitive debunking and answer to the underlying question."
146187,8434622,146187,"Although we previously reported that the McDouble would be on the Dollar Menu, in Manhattan the cheeseburger appears on the Dollar Menu while the McDouble is $1.39 and the double cheeseburger is $1.49.",2,2,1,N/A,N/A,Over-penalized Lexical Mismatch,"The query appears to be an unexpanded numerical ID (likely an MS MARCO query ID representing 'how much does a mcdouble cost'). Model B failed to identify the underlying intent or relevance of the document containing McDouble pricing, penalizing the score due to the lack of exact lexical overlap with the numeric string."
156493,2259183,156493,"A large tank gives your goldfish plenty of room to grow to their full potential. In a small 5-gallon aquarium, your goldfish will still grow. But growth will become stunted, and your goldfish won’t be able to develop properly. In such an environment, goldfish usually don’t last any more than a couple of years.",2,2,1,N/A,N/A,Over-reliance on lexical matching,"The query appears to be an unmapped benchmark query ID ('156493', representing 'do goldfish grow to the size of their tank' in MS MARCO). Model B likely downgraded the score to 1 due to the complete lack of literal lexical overlap between the number and the document, whereas Model A properly evaluated relevance based on the underlying benchmark context."
1124210,6541866,1124210,"In most plants, pitted tracheids function as the primary transport cells. The other type of tracheary element, besides the tracheid, is the vessel element. Vessel elements are joined by perforations into vessels. In vessels, water travels by bulk flow, as in a pipe, rather than by diffusion through cell membranes.n most plants, pitted tracheids function as the primary transport cells. The other type of tracheary element, besides the tracheid, is the vessel element. Vessel elements are joined by perforations into vessels. In vessels, water travels by bulk flow, as in a pipe, rather than by diffusion through cell membranes.",2,2,1,"**Analyzing the Vascular Tissue Question**

Okay, so the prompt is asking about which *primary* vascular tissue type contains certain cells, namely tracheids, vessel elements, and so on. My initial reaction is that the text is skirting around the obvious answer, which, based on this cell type list, would be xylem. However, the text doesn't *explicitly* state ""xylem"". It alludes to components of it, like transport cells and vessels, but it's not a direct declaration.

The real kicker is the format of the prompt, as it is asking for a numerical assessment of answerability, not an answer.

Given that the question can’t be answered definitively *from what's been provided*, and it’s likely intended to be a multiple choice exercise based on known biological facts, I’m left to determine if the explicit answer is available in the context. Since the crucial term “xylem” is missing, I must conclude that the context doesn’t actually contain the information needed to answer the question without additional knowledge. Therefore, a score of 0 seems correct.


","**My Assessment of the Question's Answerability**

Okay, so the question is asking me to identify the primary vascular tissue type housing certain cells. Right, I understand the principle. The specific example is about xylem. I've been given some contextual information, focusing on pitted tracheids and vessel elements. It talks about how water moves through them – bulk flow in vessels, and diffusion through cell membranes. It's a solid description of the cells, I'll give it that. However, the text carefully skirts around *naming* the tissue type itself. It describes the cells within the tissue, the function of those cells, and even differentiates between cell types but never actually explicitly tells me it is xylem. Therefore, based purely on this provided text, the question is unanswerable. I can't definitively say which vascular tissue type contains these cells, because it hasn't been named. Hence, a grade of 0 is appropriate.


",Score-Reasoning Inconsistency,"Both models identified that the document describes the components and functions of the vascular tissue (xylem) without naming it explicitly. However, while Model A ultimately aligned with the human relevance label of 2 despite its critical reasoning, Model B regressed to a score of 1, penalizing the document for missing the explicit term rather than recognizing its high topical relevance."
131843,5260758,131843,"When conditions appear favorable for tornado formation, a(n) ________ is issued for areas covering about 65,000 square kilometers.",1,1,0,N/A,N/A,Over-reliance on lexical/semantic overlap,"The query consists solely of an ID/numeric string ('131843') which has no lexical or semantic overlap with the document text. Model B strictly evaluated content similarity and deemed it irrelevant, whereas Model A properly captured the identifier mapping or benchmark context that justified relevance."
527433,6065681,527433,dysarthria A generic term for any speech disorder caused by an alteration of strength and control of speech muscles due to damage to the brain or nerves. Dysarthria may indicate increased posterior fossa pressure on the brainstem/medulla oblongata. Clinical findings Difficulty in speaking or forming words. dysarthria,1,1,0,"Here's my analysis of the provided context, broken down as you requested:

**Assessing the Scope of Dysarthria Information**

Okay, so I'm looking at this text, and it's describing dysarthria in a pretty general way. It lays out the basic definition and clinical presentations, and even throws in a reference to posterior fossa pressure. However, what I *don't* see are any specific details about how dysarthria types—specifically those linked to spastic, dyskinetic, or ataxic cerebral palsy subtypes—are classified or presented.

The question explicitly asks about the presence of specific dysarthria types. From a clinical perspective, I can understand this would be important for evaluating patients, as the subtype would help drive the differential diagnosis, and provide a clear framework for further assessment.

Since the information isn't present in the text, the answer is a clear ""No"" – the document doesn't delve into that level of detail. I'd grade this as a 0 – the requested information isn't present in the document. It's a fundamental lack of the information necessary to provide an answer.


","**My Assessment of the Information and Question**

Okay, here's how I'm breaking this down. The core of the question is whether the provided information links specific types of dysarthria to the different subtypes of Cerebral Palsy – spastic, dyskinetic, and ataxic. Right off the bat, I recognize that the context only defines dysarthria. It doesn't mention CP subtypes, and critically, it doesn't offer any correlation between the two.

So, the question is structured as ""Does the information detail...?"" My immediate, almost reflexive answer is ""No."" However, I need to go deeper than a simple ""yes"" or ""no"" answer, especially since these kinds of tasks often focus on how well the context *allows* us to address the core question of the correlation.

Wait a second, maybe I should rephrase the response? ""The information does not detail...""

The context is completely devoid of any mention of CP, its subtypes, or any relevant correlation to dysarthria. It's essentially irrelevant to the question's core. Given that, the best assessment is that the provided context is a ""Grade 0."" The information is completely insufficient and the context is unrelated to the request.


",Hallucinated Query Context,"Both models hallucinated an elaborate question regarding cerebral palsy subtypes instead of evaluating the actual numeric query ('527433', likely a concept/entity ID). Model B regressed by strictly adhering to this hallucinated premise to rate the document as completely irrelevant (0), failing to match the true relevance."
1133167,4625145,1133167,"The Jamaica climate guide is perfect for planning your holiday. Monthly weather averages give the best indication of what the weather is usually like for every month of the year including figures for temperature, rainfall and sunshine. The Jamaica climate guide shown below is for Montego Bay.",1,1,0,"Okay, here's my assessment of the situation:

**Zeroing In on the Information Gap**

Alright, the query specifically wants to know about *active severe weather advisories*. My initial read of the provided context – a climate guide and monthly weather averages for Montego Bay, Jamaica – immediately flags a problem. It's a completely different subject, focusing on long-term climate patterns and typical weather, not on *current* severe weather events. My expert intuition screams ""irrelevance"". The prompt needs data that's dynamic and real-time. I can't even begin to formulate an answer with the provided information; it simply doesn't address the core question in any way. This is a clear case of zero relevance, a complete mismatch of information and the prompt.


","**Analyzing the Information and the Question**

Okay, so the prompt is straightforward: ""Are there any active severe weather advisories out?"" My initial reaction, as I parse the provided text, is a quick ""Nope."" This is because the context I'm given is all about climate guides and monthly averages for Montego Bay, Jamaica. That kind of information is useful for understanding long-term patterns and planning trips, maybe, but it's completely irrelevant to the immediate question of active advisories. There's nothing in here about current conditions, warnings from official sources, or even mentions of past severe weather events. My expert knowledge tells me I need specific, real-time data for that, not general climate data. Therefore, I can confidently, and quickly, conclude that this text provides no answer to the question. It's a clear miss; the grade is a zero.


",Hallucinated Query,"Model B hallucinated the user query as 'Are there any active severe weather advisories out?' instead of the actual query '1133167', leading it to strictly evaluate the document against non-existent requirements and award a score of 0."
156493,2259182,156493,"Common goldfish, comet goldfish, and other single tail goldfish need ponds or huge tanks as they can grow up to a foot or more in length. Do not get single tails unless you have a 180 US gallon (681.4 liter) tank laying around or a pond into which you can transition them when they get too large. For decades goldfish were touted as being able to live in small bowls, and thus why they have a reputation of having short life spans.",2,2,0,"**Analyzing the Context for Age-Dependent Growth Rate Quantification**

Okay, here's how I'm approaching this. The core question is whether the provided text *quantifies* age-dependent growth rate changes. The text mentions goldfish size and lifespan, but that's just descriptive; it doesn't give us any actual numbers or specific rates related to how their growth *changes* over time.

So, the question itself, ""Does it quantify..."", can be answered. The answer is definitively ""No."" However, the typical evaluation methodology in these types of assessments throws in a twist. Often, the challenge is determining if the *context* provides enough information, *regardless* of whether it answers the question positively. The context, as it stands, *doesn't* contain the data necessary to answer this question.

Given the typical scoring criteria, if the context fails to provide information to affirm or deny something in a concrete way, the rating would be zero. I need to refocus: the key is if the question can be answered *based on the context*. In this case, ""Does it quantify age-dependent growth rate changes?"" The context is insufficient. Therefore, the answer is ""No, it does not,"" and the information is absent. This is a meta-evaluation, it's not simply looking for an answer, but for a supported answer.
This is a standard example of evaluating text against a question that is evaluating information retrieval.


","**Analyzing the Query and Context**

Okay, so the user's question is pretty specific: ""Does it quantify age-dependent growth rate changes?"" My initial read on this is that they're looking for a quantitative answer, meaning specific numbers or a formula related to how a goldfish's growth rate changes as it ages.

The provided context – goldfish tank needs, adult size, and the bowl myth – doesn't offer anything even remotely close to that. It talks about things like the appropriate size of a tank to keep a fish in, but there's absolutely nothing that relates to growth rates at different stages of life. We're missing any mention of measurement, and any mention of ""change"".

Therefore, in my professional opinion, the answer is a resounding *no*. The context is irrelevant to the question. It doesn't quantify age-dependent growth rate changes in any way, shape, or form. It's a zero.


",Conflating Negative Answer with Irrelevance,"Model B strictly demanded explicit quantitative growth rate data and conflated the fact that the text answers the question in the negative ('No, it does not quantify') with the text being completely irrelevant (assigning a score of 0), whereas Model A recognized that addressing the query's premise can still satisfy relevance criteria."
1133167,8255701,1133167,"Access hourly, 10 day and 15 day forecasts along with up to the minute reports and videos for Montego Bay, Jamaica from AccuWeather.com Get the Montego Bay weather forecast. Access hourly, 10 day and 15 day forecasts along with up to the minute reports and videos for Montego Bay, Jamaica from AccuWeather.com Get the Montego Bay weather forecast. Access hourly, 10 day and 15 day forecasts along with up to the minute reports and videos for Montego Bay, Jamaica from AccuWeather.com my recent locations °c",1,1,0,N/A,N/A,Identifier Resolution Failure,"Model B failed to recognize that the numeric query '1133167' is a specific location key or entity identifier (used by AccuWeather for Montego Bay, Jamaica), dismissing it as completely irrelevant due to lack of lexical overlap."
182539,7371259,182539,"In calculus, a function defined on a subset of the real numbers with real values is called monotonic if and only if it is either entirely increasing or decreasing. It is called monotonically increasing (also increasing or nondecreasing), if for all and such that one has, so preserves the order (see Figure 1).",1,1,0,N/A,N/A,Failure to Recognize Document Identifier,"The query is a passage identifier (likely from a retrieval benchmark such as MS MARCO) rather than a natural language question. Model B failed to recognize the query as a document ID lookup and scored it 0 due to an apparent lack of topical or semantic overlap with the calculus passage, whereas Model A correctly identified the match."
1113437,6017945,1113437,"Least Concern (IUCN 3.1) The blue spruce, green spruce, white spruce, Colorado spruce, or Colorado blue spruce, with the scientific name Picea pungens, is a species of spruce tree. It is native to the Rocky Mountains of the United States.",0,0,1,"Here's my analysis of the provided text, from a botanical expert's perspective:

**Contextual Analysis of *Picea pungens* Description**

Okay, so I've been given a text snippet about *Picea pungens*, the blue spruce. My immediate thought is, does this text actually tell me anything about twig morphology, specifically about persistent sterigmata? Let me see... nope. The text offers a general overview of the species, but it's clearly lacking in the level of detail a botanist like myself would need to address specific morphological features of twigs.

The core of the problem here is that the question specifically asks if the context explicitly *describes* persistent sterigmata on the twigs. We're not talking about inferences, we need explicit mention. I can conclude that the context *doesn't* mention sterigmata at all, which is the important point. Therefore, the question of whether this detail is present is a resounding ""no."" Given that the core of the matter is whether this is described, I'd score this as a zero for relevance and completeness. It's essentially useless for answering that specific question about the twigs. We're missing critical information.


","**Analyzing the Relevance of Information**

Okay, so the prompt is asking if the description of a *Picea pungens* explicitly mentions persistent sterigmata on its twigs. My initial thought is to immediately assess the provided context. The context is a basic description of the *Picea pungens*, its common names, and its native range. Now, I quickly scan the provided text. Nope, not a whisper about ""sterigmata"" or ""twigs."" It's a fundamental mismatch. The text is simply too broad. Therefore, based purely on the information given, I can say with absolute certainty that this question cannot be answered. It's a big, fat zero in terms of relevance. The context doesn't even begin to address the specifics required to answer the question, as far as the current information is concerned.


",Score-Reasoning Inconsistency,"Model B correctly deduced in its reasoning that the document has zero relevance ('a big, fat zero in terms of relevance'), but it inexplicably assigned a final score of 1, directly contradicting its own analysis."
168216,4191389,168216,"Pontiac fever is an acute, nonfatal respiratory disease caused by various species of Gram-negative bacteria in the genus Legionella. It causes a mild upper respiratory infection that resembles acute influenza.Pontiac fever resolves spontaneously and often goes undiagnosed.ontiac fever is an acute, nonfatal respiratory disease caused by various species of Gram-negative bacteria in the genus Legionella. It causes a mild upper respiratory infection that resembles acute influenza. Pontiac fever resolves spontaneously and often goes undiagnosed.",1,1,0,N/A,N/A,Identifier Mapping Failure,"Model B failed to recognize that the numeric query '168216' functions as a specific entity or document identifier (such as a medical/database ID) associated with Pontiac fever, instead treating the lack of surface lexical overlap as a lack of relevance."
489204,8737053,489204,"Chronic pelvic pain can be intermittent or constant. Intermittent chronic pelvic pain usually has a specific cause, while constant pelvic pain may be the result of more than one problem. A common example of chronic pelvic pain is dysmenorrhea or menstrual cramps. Other causes of chronic pelvic pain include endometriosis, adenomyosis, and ovulation pain. Sometimes an illness starts with intermittent pelvic pain that becomes constant over time, this is often a signal that the problem has become worse.",0,0,1,N/A,N/A,Hallucinated Relevance,"The query consists solely of an arbitrary number ('489204') that does not appear in or relate to the medical document on chronic pelvic pain. Model B spuriously attributed weak relevance to an entirely unrelated passage, whereas Model A correctly assigned a score of 0."
1113437,2001935,1113437,"1. a: any of a genus (Picea) of evergreen trees of the pine family with a conical head of dense foliage, flat or 4-sided needles, pendulous cones, and soft light wood b: any of several coniferous trees (as Douglas fir) of similar habit. 2.",1,1,2,"**Analyzing the Question and Context**

Okay, so the question is: ""Are persistent sterigmata explicitly described on the twigs?"" My first thought is to immediately check the provided context about *Picea* and coniferous trees. Does the context even *mention* ""sterigmata"" or ""twigs""? Nope, it doesn't. My initial instinct is to say ""No"" based on the absence of information, but these tasks are tricky. I need to be sure.

I need to confirm if these types of questions are scored on whether the information is present. If the answer is ""No"" because it's not present, is that a valid response? Let me double-check how these QA datasets usually work. I need to treat this like a standard question-answering format.

Let's assume the standard QA format: ""Does context answer the question?"". My context only provides info about *Picea*. My question is about ""sterigmata"" on ""twigs."" No mention! The answer, based on the context, is ""No, they are not mentioned.""

I’m thinking: Is the question implying a factual detail directly from the text? If the context lacks information, can it answer the question? ""No, it is not explicitly described."" It DOES directly answer the question, because the question requires that the context *describe* these things. If the context doesn't, the answer is no.

However, I'm second-guessing myself. Usually, if the core concept is missing, it's a 0 or 5 depending on the validity of ""No"".

Let's break it down again. ""Are persistent sterigmata explicitly described on the twigs?"" Answer: No. Is this answer accurate given the context? Yes, the context offers no description of them. It's a binary question ""Are X described?"", and X is not in the text, then the answer is ""No, they are not"". So it CAN be answered based on the context.

I'm confident in ""No"" now. I'm going to give this a 5.


","**Analyzing the Sterigmata Question**

Okay, so the question is straightforward: ""Are persistent sterigmata explicitly described on the twigs?"" My initial assessment, given my expertise, is to dissect the context. The provided definition, while describing *Picea* and similar conifers, focuses on their overall characteristics – the conical shape, foliage, cones, wood type, and habit. I'm looking specifically for any mention of persistent sterigmata, or even just twigs, in this description.

Upon careful review, the answer is a definitive ""no."" The context offered doesn't provide the level of detail necessary to address this specific morphological feature. The description is broad. It completely lacks the information I need. Therefore, based solely on the given context, there's absolutely no way to answer the question about the presence or absence of persistent sterigmata on twigs. This is a very clear case of insufficient information.


",Score-Reasoning Inconsistency,"Model B correctly determined that the text completely lacks the necessary information to answer the question and called it a clear case of insufficient information, but failed to assign the lowest relevance score (1), instead inflating the score to 2."
130510,8612908,130510,A binding judgment from a court defining the legal relationship between parties and their rights in the matter before the court.,0,0,1,N/A,N/A,Hallucinated Relevance,"Model B was overly lenient and assumed relevance between an opaque numeric query ('130510') and a generic legal definition, whereas Model A correctly identified that there is no meaningful connection between the two."
1114646,6484456,1114646,"Genital herpes is an infection of the genitals (penis in men, vulva and vagina in women) and surrounding area of skin. It is caused by the herpes simplex virus. Antiviral medicines such as aciclovir, famciclovir, and valaciclovir are used to treat genital herpes infection.They do not clear the virus completely from the body, so the symptoms may come back (recur).hey work by stopping the herpes virus from multiplying. They do not clear the virus from the body. If an antiviral medicine is started early in an episode of symptoms, it tends to reduce the severity and duration of symptoms during an episode of genital herpes.",0,0,1,N/A,N/A,Hallucinated Relevance,"The query consists solely of an arbitrary numeric identifier ('1114646') with no semantic connection or textual overlap with the medical text about genital herpes. Model B incorrectly inferred relevance where none exists, whereas Model A correctly recognized the complete lack of topical relevance."
156493,4527706,156493,"The common goldfish is typically sold for less than $0.25 as a “feeder” goldfish and sold when it is very small. However, though it may start out less than 1 inch long a typical comet can grow up to 1 foot in length and live as long as 20 years if healthy. And that fact alone should make it clear to you that a bowl is not a suitable home for your goldfish.",2,2,1,"**Analyzing the Quantifiable Nature of Age-Dependent Growth Rates**

Okay, so the question is essentially asking if the provided context quantifies age-dependent growth rate changes. The context gives some basic information about the goldfish: its size at the start (under 1 inch), its potential length (up to 1 foot), and its lifespan (up to 20 years). However, the context *doesn't* explicitly quantify how fast it grows at specific ages.

Initially, I was parsing the prompt assuming I was evaluating an *answer*, but there's no separate answer field. This suggests the system is evaluating whether the *context itself* allows answering the question. The wording of the question is, ""Does it quantify age-dependent growth rate changes?""

Given the information available, the answer is definitively ""No."" Even though the text tells us the goldfish's potential size and lifespan, it doesn't give any concrete growth rates at different ages.

So, taking a step back, the context allows me to answer the question, and the answer is ""No"".

My understanding is that this is similar to standard QA evaluation, where it's a yes/no query about the context.

Let me confirm the prompt: ""Question: Does it quantify age-dependent growth rate changes?"" and the context says, ""The common goldfish is typically sold..."" Can this question be answered? Yes, the answer is ""No"". Thus the context allows us to accurately answer the question (Answer: No).

Therefore, ""Does [the text/it] quantify age-dependent growth rate changes?"", the answer based on context is ""No"". Since the context does NOT quantify age-dependent growth rate changes, the answer to ""Does it quantify..."" is ""No."" So the score should be 5 because it's complete and accurate.


","**Analyzing the Quantification of Age-Dependent Growth Rate Changes**

Okay, so the user poses a question: ""Does the provided context quantify age-dependent growth rate changes?"" Let me break this down. The context offers these key pieces of information: the subject is sold small (under an inch), it can grow to a foot in length, and it lives for a maximum of 20 years. My immediate thought is, no, this isn't enough to answer the question affirmatively. The context defines starting size, maximum size, and maximum lifespan, but that's not the same thing as presenting growth rates at any specific ages, or any *changes* in those rates over time. This data doesn't offer any insights into whether the growth rate accelerates, decelerates, plateaus, or follows any other pattern throughout its lifespan. Therefore, based on the information given, the question cannot be answered. I'll assign a score of 0, as the context is insufficient.


",Equating Negative Answer with Insufficient Information,"Model B mistakenly assumed that because the text does not contain quantifiable growth rates, the question 'Does it quantify age-dependent growth rate changes?' cannot be answered. In contrast, Model A correctly recognized that a definitive 'No' is a valid answer supported by the text, whereas Model B treated a negative verification as a lack of sufficient context."
168216,3399720,168216,"Pontiac fever and Legionnaires' disease may also be called legionellosis (LEE-juh-nuh-low-sis) separately or together. Legionellosis is a term for any disease caused by Legionella bacteria.1  Causes & Transmission Explains the spread of the disease, environment, exposure...ontiac fever and Legionnaires' disease may also be called legionellosis (LEE-juh-nuh-low-sis) separately or together. Legionellosis is a term for any disease caused by Legionella bacteria.",1,1,0,"**Analysis of the Provided Context**

Okay, let's break this down. The information I've been given is essentially just a very high-level overview – Pontiac fever, Legionnaires' disease, and legionellosis. Fine, useful for basic context, but... completely useless for answering a question that dives into *L. pneumophila*'s specific virulence factors. They haven't mentioned anything – no Type IV secretion systems, no flagella, no lipopolysaccharides, absolutely nothing about dot/icm or any of the mechanisms I'd expect to see. So, based purely on this provided material, any attempt to answer the hypothetical question is dead in the water. I'm assigning this a solid score of zero because, frankly, there's nothing here to work with. It's a non-starter.


","Okay, here's my take on that question and the information provided:

**Assessing the Virulence Factor Query**

Alright, let's break this down. The core of the question is about specific *virulence factors* of *Legionella pneumophila* that are involved in causing pneumonia. My initial scan of the provided context, which mentions Pontiac fever, Legionnaires' disease, and legionellosis, tells me immediately that the *specific* virulence factors aren't listed anywhere. It's giving me a high-level overview of the illness, its various forms, and likely the etiological agent, but it completely fails to dig into the molecular mechanisms of pathogenesis. Therefore, based on this provided snippet, I can't even *begin* to answer the question about the virulence factors. The context is simply insufficient. I’d be forced to give this a zero score, or at least a ""Not Answerable from Context"" designation.


",Hallucinated Requirement,"Both models hallucinated an unprovided, overly specific query about Legionella pneumophila's virulence factors instead of evaluating against the provided numeric query. While Model A still matched the ground truth score of 1, Model B followed through on its hallucinated requirement and strictly penalized the document with a score of 0 for not detailing molecular pathogenesis."
1124210,5350932,1124210,"Both are found in the central vascular bundle. Basically, xylem tranports water and phloem transports organic substances. Xylem is a tissue found in vascular plants that transorts water and dissolved mineral nutrients.It consists of hollow vessels that are formed from cells joined end to end in flowering plants.ylem tissues transport water from the roots throughout the plant, while phloem transports food (suga … rs) from photosysnthesis throughout the plant. Xylem: tubes that brings water and minerals from the roots into the leaf.",0,0,1,N/A,N/A,Hallucinated Relevance,The query is an ungrounded numeric string ('1124210') with no semantic connection to the text about plant vascular tissues (xylem and phloem). Model B improperly assigned partial relevance to a completely irrelevant passage instead of correctly scoring it 0.
1124210,7443586,1124210,"1 The xylem tracheary elements consist of cells known as tracheids and vessel members, both of which are typically narrow, hollow, and elongated. Tracheids are less specialized than the vessel members and are the only type of water-conducting cells in most gymnosperms and seedless vascular plants.",2,2,1,"Okay, here's my take on those thoughts, tailored for an expert audience:

**Analyzing the Vascular Tissue Question**

Alright, so the question is a straightforward identification task: ""Which primary vascular tissue type contains these cells?"" The context provided is pretty much a textbook definition: ""...The xylem tracheary elements consist of cells known as tracheids and vessel members..."" Honestly, that's almost spoon-feeding the answer. The phrase ""xylem tracheary elements"" is right there, and it explicitly links the cells in question (tracheids and vessel members) to the tissue type ""xylem."" There's no room for ambiguity or inference here. It’s a direct match. The answer is immediately, and completely derivable from the supplied context. A solid 5.


","Okay, here's my breakdown of this question, framed as a thought process I'd have:

**Analyzing the Vascular Tissue Question**

Alright, let's dissect this. The question is pretty straightforward: ""Which primary vascular tissue type contains these cells?"" I'm immediately drawn to ""primary vascular tissue,"" which narrows the field considerably. It's not asking about secondary growth or anything like that, just the primary tissues.

The key here is the context provided: ""...The xylem tracheary elements consist of cells known as tracheids and vessel members..."" The wording is direct, almost textbook. ""Xylem"" is *right there*. It explicitly states the relationship between xylem and the tracheary elements mentioned in the question.

Essentially, the context directly defines the answer. It specifies that these cells (tracheids and vessel members) are *part* of xylem. Based on the information given, this is a clear-cut identification. There's no need for inference or recall of obscure details. It's a fundamental fact.

A grade of 5? Absolutely. This is a direct application of knowledge, not a complex analysis or higher-order thinking. It's a straightforward recall and application of basic vascular tissue anatomy.


",Score-Reasoning Inconsistency,"Both models strongly agreed in their reasoning that the passage directly and completely answers the underlying question (referencing a top rating of '5'). However, Model B suffered an internal contradiction or mapping failure when converting its evaluation to the numerical scale, producing an arbitrary and downgraded score of 1 instead of matching the high assessment reflected by Model A and human judgment."
1117099,8799096,1117099,"Convergent plate boundaries are locations where lithospheric plates are moving towards one another. The plate collisions that occur in these areas can produce earthquakes, volcanic activity and crustal deformation.",0,0,1,N/A,N/A,Spurious Relevance Attribution,"The query consists solely of an arbitrary numerical ID ('1117099') with no semantic connection to plate tectonics. Model B erroneously awarded a relevance point to an entirely unrelated document, failing to recognize that the text has no relevance to the query."
527433,7226291,527433,"Other symptoms may include, but are not limited to: 1  Abnormal or involuntary eye movements, called nystagmus. 2  Blurred vision, known as diplopia. 3  Difficulty speaking or slurred speech, called dysarthria. 4  Difficulty walking, known as ataxic gait. 5  Feeling faint.",1,1,0,N/A,N/A,Strict Lexical Matching,"Model B failed to recognize the numeric query as a valid identifier or dataset reference associated with the document, judging it irrelevant solely due to the complete lack of direct lexical overlap."
131843,4574277,131843,"A severe thunderstorm warning, on the other hand, is not issued until such a storm has been physically observed or is spotted on radar. A tornado watch is issued when conditions may produce a tornado, and a warning is issued when a tornado has been sighted, or when rotation is seen on radar.",1,1,0,N/A,N/A,Dataset Artifact Misinterpretation,"The query contains only a dataset ID number ('131843') rather than the natural language query text related to tornado watches and warnings. Model B failed to account for this benchmark artifact and evaluated the literal lack of semantic overlap between the number and the text, resulting in a false-negative rating."
962179,2329700,962179,"Founder of the Salvation Army. William Booth was born in Nottingham, England. He was converted to Christ through the efforts of a Methodist minister, and soon became interested in working with the outcasts and the poor people of Nottingham.illiam Booth was born of Church of England parents and was baptized when he was two days old. His mother was a devout Christian. His father, Samuel, even though he brought in considerable income, had the misfortune to lose money.",0,0,1,"**Analysis of the Provided Context**

Okay, so I've been given a text about William Booth's early life. I read through it, expecting to pull out some relevant details, but it seems I'm being led down a dead end. The text, while informative about Booth's upbringing, completely avoids any mention of ""The Christian Mission"" or the point at which it rebranded as ""The Salvation Army."" This means, as a direct result of the lack of information, the question posed cannot be answered using this source material whatsoever. It's a fundamental breakdown of the provided text's usefulness for the task at hand. The connection is simply not present. Therefore, I can't derive an answer; it's a clear 'zero'.


","**Analyzing the Question and Context**

Okay, so the question is: ""Does the information specify when The Christian Mission officially adopted the name 'The Salvation Army'?"" My initial thought is to scan the context for those specific terms. Right off the bat, I see the context *doesn't* mention ""The Christian Mission"" or the name change date.

My first instinct is to say the question can be answered with a direct ""No, it doesn't specify."" But I have to make sure I understand the prompt correctly. Is it asking if the context *contains* the answer to the name change event? No, it doesn't. But, the question *itself* is about the information provided.

I'm starting to think about this in terms of how this is usually graded. Typically, these prompts are about evaluating if the context supports answering the target query. And I have to keep the rubric in mind. Is the provided answer ""highly relevant, complete, and accurate""? Given the format of the question ""Does the information specify..."", a simple ""No"" would be a *perfectly* complete and accurate answer, directly addressing *what the text itself does* and does not say.

I'm running through potential edge cases, like, ""Does the context, *at all*, address the Christian Mission name change, even obliquely?"" No, it doesn't, so that's irrelevant. Since the question is directly asking about what the information provided specifies, the question can be directly answered, even if the information isn't present in the context.

So, I'm confident in saying the information doesn't specify the time of the name change. Answering ""No"" is a complete and accurate response to the question itself. Therefore, I'm going with a score of 5. It directly answers the question about the context.


",Convoluted Meta-Reasoning,"Model B overthought the evaluation by treating the query as a meta-question about the text ('Does the information specify...'). It incorrectly concluded that because the passage allows a user to answer 'No', the document is technically useful/relevant, failing to recognize that relevance evaluation requires the document to provide the actual target factual information."
1113437,3648205,1113437,"Before you become alarmed or treat the tree with a pesticide, you need to find out why the needles are dropping. Only then can you use appropriate treatment if the tree even needs one. Like all evergreen plants, both needled and broadleaf, spruce trees eventually drop foliage. An individual needle will naturally stay on a spruce branch for 2-3 years, and then turn brown before dropping. It is possible to mistake natural needle fall for a pest problem.",0,0,1,"**Analyzing the Prompt and Context**

Okay, so the prompt is asking about whether the presence of ""persistent sterigmata"" is explicitly mentioned on ""twigs"" within the provided context. I immediately see the term ""needle fall in spruce trees,"" but I don't see anything explicitly addressing sterigmata or twigs. Therefore, based on a cursory review, my initial instinct is that the context doesn't provide the answer.

But wait, I need to be precise here. Is the prompt asking if the *question* itself can be answered based on the context, rather than if the answer is present? And further, what is the evaluation criteria?

Okay, I see the evaluation criteria: if the context does not contain the answer at all or if the answer is not relevant, the grade is a 0. Since the context does not explicitly mention ""persistent sterigmata"" or ""twigs,"" and does not provide an answer to the question, and the question cannot be answered using the provided context, I'm confident in assigning a grade of 0. The context is entirely irrelevant to the core question.


","Here's my assessment of the question, as I see it:

**Analysis of the Query Regarding Sterigmata on Twigs**

Okay, so the prompt wants to know if the presence of persistent sterigmata is explicitly described on the twigs within the provided text. Let me break this down. First, the text itself is about spruce trees and shedding foliage, specifically addressing misinterpretations of needle fall and the natural shedding process. It's a fairly common issue, it seems. However, the text makes *no* mention whatsoever of ""sterigmata,"" nor does it detail anything about the physical characteristics of twigs, or any morphological features, for that matter. Based solely on the information given, there's absolutely nothing to connect with the question, making it impossible to answer. I can't even make an educated guess. In short, the answer is a definitive zero.


",Score/Reasoning Mismatch,"Model B correctly deduced that the document had no relevance to the query and explicitly concluded in its reasoning that 'the answer is a definitive zero', but it erroneously output a final score of 1 instead of 0."
527433,7787755,527433,"While the other students are reading in small groups, she works with Pearl one on one, using the same storybook. Pearl has a speech disorder, too, but hers is called dysarthria. It causes Pearl’s speech to be slurred, very soft, breathy, and slow. Here, the cause is weak muscles of the tongue, lips, palate, and jaw.",1,1,0,N/A,N/A,Failure to Handle Query Identifier,"The query '527433' appears to be an unmapped dataset query ID (likely from a benchmark like MS MARCO corresponding to a topic like dysarthria). Model B relied strictly on surface-level lexical matching and scored it 0 because the numeric string does not appear in the text, whereas Model A correctly identified the relevance associated with the query identifier."
156493,6139382,156493,"Common goldfish, comet goldfish, and other single tail goldfish need ponds or huge tanks as they can grow up to a foot or more in length. Do not get single tails unless you have a 180 US gallon (681.4 liter) tank laying around or a pond into which you can transition them when they get too large.",2,2,1,N/A,N/A,Strict Lexical Matching on Query Artifact,"The query appears to be a benchmark query ID ('156493') rather than natural language text. Model B likely penalized the passage due to a complete lack of lexical overlap with the numeric identifier, failing to align with the ground-truth relevance benchmark that Model A maintained."
1133167,4550242,1133167,"Any rain you experience may be a welcome event, to cool down in this heat, however swimming is also a good go-to, with an average July sea temperature of 29°C. Take a look at the weather forecast for Montego Bay.",1,1,0,"**Analyzing the Advisory Inquiry**

Okay, here's the deal. The user wants to know about active severe weather advisories. The context talks about rain, heat, and sea temperatures in Montego Bay, but *nothing* about advisories. So, initially, I'm thinking, ""No, I can't answer this. The context simply doesn't give me the data I need.""

But wait, I need to zoom out a bit. The evaluation's asking if the question can be *answered based on the context*. And since the context is silent on advisories, I can definitely answer *that* question, right? I can say, ""No, the context doesn't mention active severe weather advisories.""

Alright, let's step back, and check. Context is silent on the advisories. Therefore, I should score a 0. That's it.


","Okay, here's my assessment of this information.

**Analysis of Severe Weather Inquiry**

Alright, I'm presented with a question asking about active severe weather advisories. The prompt mentions a general tourist weather report for Montego Bay, highlighting things like rain, swimming conditions, and the July sea temperature. It specifically *tells* me to check the forecast. However, the critical detail here is that the provided context *doesn't actually contain any information about severe weather advisories*. There's no mention of warnings, watches, or any indications of hazardous conditions at all. It's all very general tourist fare. Therefore, based *solely* on the text I've been given, I am unable to answer the original question. I can't determine if any active severe weather advisories are issued because the information isn't present. The score has to be a zero.


",Over-penalizing Absence of Direct Answer,"Model B strictly demanded explicit mentions of severe weather advisories, failing to grant credit for relevant general weather context that implicitly indicates normal conditions, whereas Model A recognized that the context still meaningfully addresses the inquiry."
131843,7591291,131843,"Convection currents are found in many places and on many scales, from huge convection currents in the atmosphere, oceans, and even in the earth's interior to smaller convection currents found in a cup of hot cocoa or a fish tank. Meteorologists usually use convection to refer to up and down motions of air.",1,1,0,N/A,N/A,Failure to resolve query identifier,"The query '131843' appears to be an unmapped benchmark query ID (specifically from MS MARCO for 'where are convection currents found'). Model B failed to resolve the identifier or relied strictly on literal keyword matching, scoring it 0 due to lack of text overlap, whereas Model A correctly preserved relevance."
87181,8183982,87181,"To determine the frequency of right ventricular hypertrophy and its relation to increased left ventricular wall thickness in patients with left ventricular pressure overload, right ventricular wall thickness was measured using M-mode echocardiography with two-dimensional echocardiographic guidance in 65 patients with left ventricular pressure overload; 49 patients had essential hypertension and 16 had aortic valve stenosis.",1,1,2,"**Analyzing the Context for Information on Chronic Afterload Elevation Mechanisms**

Okay, so the question is whether the context provided details the mechanisms of chronic afterload elevation. Let me see... the context mentions things like right ventricular hypertrophy, left ventricular wall thickness, left ventricular pressure overload, essential hypertension, and aortic valve stenosis. Hmm, it lists conditions associated with afterload elevation, but I don't see any actual *mechanisms* described. The context seems more focused on outlining conditions and possibly study methodology, not explaining the underlying processes.

The initial answer is clearly ""No, the mechanisms are not detailed."" But wait, the prompt is about whether the question *can be answered* based on the context. Saying ""No"" is technically an answer, right? It's a binary response. Still, the underlying question is whether the context *has* the information about these mechanisms. It doesn't. My expertise tells me that in a Retrieval-Augmented Generation (RAG) evaluation, if the context simply lacks the information requested, it usually scores low, like a 0 or 1.

So, let me rephrase the question to my understanding of the prompt. Does the context contain details about the mechanisms? No, it doesn't. It's more of a study introduction or methods overview. Therefore, I'm confident in saying the context does not contain sufficient information to address the question of detailing the mechanisms. And given my understanding of the scoring, I'd have to grade it as a 0 in this case. The context is simply not sufficient to answer the question, even with a negative.


","**Analyzing the Question Regarding Chronic Afterload Elevation Mechanisms**

Okay, so the user poses the question: ""Are chronic afterload elevation mechanisms detailed?"" I need to determine if I can answer this question definitively based on the provided text. Let's see...

The text itself describes a study on right ventricular wall thickness in patients experiencing left ventricular pressure overload, related to conditions like essential hypertension and aortic valve stenosis. Critically, it focuses on measurement and correlation, not on *mechanisms*. It doesn't get into the nitty-gritty of the processes that lead to afterload elevation.

The question is, can I answer the question about the level of detail provided regarding mechanisms, based on this short paragraph?

Yes. The context doesn't even touch upon those mechanisms. They are entirely absent from the description of the study and its methods. Therefore, the answer is a clear ""No, they are not detailed."" In this case, I'd say the score is a definitive 0; the information is simply not present.


",Score-Reasoning Discrepancy,"Model B explicitly concluded in its reasoning that the information was entirely absent and warranted a 'definitive 0', yet it output a score of 2, directly contradicting its own evaluation."
156493,349643,156493,  Goldfish commonly grow to over 12 inches. The size of your tank would indicate that it is not really large enough for keeping goldfish in. The basic rule of fishkeeping … is 1 Inch of fish needs a minimum of 1 gallon of water.,2,2,1,N/A,N/A,Over-reliance on lexical match,"Model B likely penalized the document due to the complete lack of literal lexical overlap with the numerical query '156493' (likely an unmapped query ID from an IR benchmark), failing to match Model A's evaluation of the underlying benchmark relevance."
1133167,8250501,1133167,"The monthly mean water temperature over the year in Montego Bay, Jamaica. Show the average water temperatures in Montego Bay in Celcius ». Data from nearest weather station: Montego Bay, Jamaica (0.0 Miles). Weather and Climate offers all the information you need to know about the climate in Montego Bay.",1,1,0,"**Analyzing the Data and Question**

Okay, so I'm looking at data concerning monthly water temperatures in Montego Bay. That's fine, interesting even, but it's clearly not what I need to address the question at hand. The prompt *specifically* asks about active severe weather advisories. My expertise tells me these are distinct things. The data I've been given is completely irrelevant to that inquiry.

There's no mention of storms, hurricanes, high winds, or anything else that would trigger an advisory in this dataset. I'm left with absolutely no information to form an answer. It's a classic case of insufficient data. Therefore, based purely on this context, I have to give it a score of zero. There's just no way to connect the dots here.


","**Assessing the Relevance of Information**

Okay, so the user's question is ""Are any active severe weather advisories issued?"" My task is to determine if the provided context actually answers that. I see the context describes monthly mean water temperatures in Montego Bay, Jamaica. Hmm. Not even remotely relevant. Water temperature has nothing to do with active severe weather advisories, not directly anyway. I'm not seeing any connection here. No, this context doesn't provide an answer. Zero out of ten. Let's move on.


",Hallucinated Query,"Both models hallucinated a completely different query ('Are any active severe weather advisories issued?') instead of evaluating the actual query '1133167', but Model B strictly followed this hallucination to assign a score of 0, whereas Model A matched the human relevance score of 1."
915593,3485337,915593,"In the photo above, both salmon fillets were cooked to the same internal temperature of 48°C / 118°F. The fillet on the left was cooked sous vide (instructions below) while the fillet on the right was cooked in an oven.",1,1,0,"**Analyzing the Query: Sous Vide and Vegetable Differentiation**

Okay, let's break this down. The core of the question is whether the provided text distinguishes between sous vide techniques for fibrous versus starchy vegetables. I need to figure out if there is any differentiation mentioned, or even any reference to those vegetable types at all.

Immediately, I see a red flag. The text focuses on comparing two salmon fillets, one cooked sous vide and one in an oven. The focus is definitely not on vegetables. There is a comparison happening but is centered around the cooking of salmon.

Therefore, the context is completely irrelevant to the question. It’s like asking about apples and getting a discussion of oranges. The relevancy is zero. I can't provide an answer because the information isn't there. No differentiation, no vegetable discussion, just salmon and cooking methods. So, the grade would be a resounding zero. I'm moving on.


","Okay, here's my assessment:

**The Irrelevance of the Question to the Provided Context**

Right, so the question is probing whether the document distinguishes sous vide techniques for fibrous versus starchy vegetables. Seems straightforward. But the context? Forget it. It's all about salmon fillets – sous vide versus oven, nothing more. No vegetables. No discussion of fibrous or starchy anything. Absolutely nothing to work with. Honestly, it's a non-starter. The context doesn't even remotely touch upon the core elements of the question. So, considering my expert knowledge in this area, the question is entirely unanswerable based on the information provided. It's a clear zero. Move on.


",Hallucinated Query,"Both models hallucinated an unrelated query regarding sous vide techniques for fibrous versus starchy vegetables rather than evaluating the actual query. Model B followed this hallucinated reasoning to assign a score of 0, resulting in a false negative regression compared to the human ground truth of 1."
47923,4321228,47923,"Incoming signals from other neurons are (typically) received through its dendrites. The outgoing signal to other neurons flows along its axon. A neuron may have many thousands of dendrites, but it will have only one axon. The fourth distinct part of a neuron lies at the end of the axon, the axon terminals.These are the structures that contain neurotransmitters.his signal is then propagated along the axon (and not, say, back to its dendrites) until it reaches its axon terminals. An action potential travels along the axon quickly, moving at rates up to 150 meters (or roughly 500 feet) per second. Conduction ends at the axon terminals.",1,1,0,"Here's my assessment of the situation:

**Analysis of the Question and Context**

Okay, so the core of this question is pinpointing the specific ion responsible for kickstarting neurotransmitter exocytosis. Right away, my brain jumps to calcium, $Ca^{2+}$. It's the classic, well-established mechanism, but the provided text, while covering the relevant players – dendrites, axons, axon terminals, neurotransmitters, and action potentials – doesn't explicitly mention *any* ion influx, let alone calcium, nor does it use the term ""exocytosis"". In effect, the context is missing the crucial link between the action potential's arrival and the actual release of the neurotransmitter. Without that critical piece of information directly within the passage, there is no way to answer with any degree of certainty, using only the given material. This really is a straightforward deduction; the text simply doesn't contain the necessary information.


","Here's my assessment of the information provided:

**Analyzing the Exocytosis Trigger**

Okay, so the user's question boils down to identifying the specific ion influx responsible for triggering neurotransmitter exocytosis. I need to figure out if the given context even touches on that. I'm seeing mentions of dendrites, axons, axon terminals, neurotransmitters, and action potentials. That's all standard stuff, the usual players in neuronal communication. However, I'm not seeing any discussion of *ions* – specifically, the ones that are likely involved in exocytosis, like calcium (Ca2+). No mention whatsoever of ion channels, or any mechanism connecting the action potential arriving at the terminal to the actual release of neurotransmitter. Based on this very limited context, it's clear the necessary detail isn't present. My analysis is a resounding zero. The text doesn't provide the answer. We're missing critical pieces of the puzzle.


",Strict Binary Judgment,"Both models recognized that while the passage discusses related neuronal structures and neurotransmitters, it does not explicitly name the specific ion responsible for exocytosis. However, Model B applied an all-or-nothing standard, completely dismissing the text as irrelevant (score 0), whereas Model A appropriately recognized the partial topical relevance and assigned a score of 1."
168216,4191392,168216,"1 Legionnaires' disease is the more severe form and can be fatal. 2  Pontiac fever is the far milder form of the illness. 3  Symptoms of Legionnaires' disease include fever, chills, and a cough.he disease has two distinct forms: 1  Legionnaires' disease is the more severe form of the infection, which may involve pneumonia. 2  Pontiac fever is a milder illness that develops from hours to two days after initial infection and resolves spontaneously.",0,0,1,N/A,N/A,Hallucinated Relevance,"The query consists solely of an arbitrary numeric string ('168216') with zero semantic or lexical connection to the document discussing Legionnaires' disease. Model B incorrectly hallucinated relevance or exhibited over-generous scoring on an entirely unrelated query, whereas Model A correctly identified the complete lack of relevance."
87181,8144448,87181,Carvedilol is also used to prevent further worsening of congestive heart failure. It is also used to treat left ventricular dysfunction after a heart attack. Left ventricular dysfunction occurs when the left ventricle (the main pumping chamber of the heart) stiffens and enlarges and can cause the lungs to fill with blood.,1,1,0,N/A,N/A,Entity Resolution Failure,"The query consists solely of a numeric identifier ('87181'). Model B defaulted to strict keyword matching and rejected the passage due to zero textual overlap, failing to resolve the identifier/code to its underlying medical topic as Model A and human raters did."
87181,2713030,87181,"Losartan is used for three main purposes. First, it’s used to treat high blood pressure. Next, it’s used to reduce your risk of a stroke if you have high blood pressure and left ventricular hypertrophy (LVH). With LVH, the walls in the heart’s left ventricle thicken. The left ventricle is one of four chambers in the heart.",1,1,0,"**Analyzing the Information: Chronic Afterload Elevation Mechanisms**

Okay, so the core question here is whether the provided text delves into the mechanisms behind chronic afterload elevation. Let's break this down. The text discusses Losartan, mentioning its use in managing high blood pressure, reducing stroke risk, and addressing left ventricular hypertrophy. That's relevant to cardiovascular health, sure, but *importantly*, it doesn't actually provide any specific details about the mechanisms that *cause* chronic afterload elevation itself.

Therefore, given the scope of the context, the answer is a definitive ""No"". The text simply doesn't touch on those specific mechanistic details. I can't derive that information from here. The context is insufficient to answer the query's underlying topic. I’d have to grade that as a 0 – the context is simply not relevant to the question. It seems pretty clear. The context doesn't offer anything to support a ""yes"" answer, nor to even indirectly address these mechanisms. I will grade as a 0 in my evaluation.


","Here's my assessment of the question, as a seasoned professional:

**Analysis of the Query Regarding Chronic Afterload Elevation Mechanisms**

Okay, the prompt is straightforward: ""Are chronic afterload elevation mechanisms detailed?"" The provided context mentions Losartan, high blood pressure, and left ventricular hypertrophy (LVH). My immediate thought is, ""Where's the mechanism discussion?"" The context doesn't *actually* go into detail about the underlying mechanisms that lead to chronic afterload elevation. It touches on related concepts, sure, but it's not a direct answer. It's essentially talking *around* the question without explicitly addressing it. Therefore, based on this information, the answer is a resounding 'no'. This context provides zero specific detailing of those mechanisms. It's not the right material. So I'd grade this as a big, fat zero.


",Hallucinated Requirement,"Both models evaluated the document against a hallucinated or misretrieved query topic ('mechanisms of chronic afterload elevation'), but Model B strictly penalized the document for not detailing specific biochemical mechanisms rather than recognizing the relevance of hypertension and left ventricular hypertrophy to afterload elevation, resulting in a score regression to 0."
1133167,8484844,1133167,"Weather Overview for Montego Bay. Weather Overview. Montego Bay is situated on Jamaica’s northwest coast, with the inviting waters of the glittering Caribbean Sea lapping peaceful against its shores.",1,1,0,N/A,N/A,Unrecognized Entity Identifier,"The query '1133167' is the WOEID (Where On Earth ID) for Montego Bay, Jamaica. Model B likely relied on surface-level lexical matching and dismissed the numeric ID as unrelated, failing to resolve the identifier to its corresponding entity as Model A did."
527433,3973290,527433,"Anarthria is the most severe form of dysarthria, resulting in the loss of clear, articulate speech. Dysarthria is a speech deficit caused by problems controlling the muscles involved in speech production. Anarthria and dysarthria are not caused by problems with language comprehension or with problems thinking or finding the right words.",1,1,0,N/A,N/A,Over-reliance on Lexical Overlap,"Model B likely failed to recognize the numeric query ('527433') as an entity, passage, or database identifier associated with the document, defaulting to a score of 0 due to the complete lack of literal text overlap."
527433,8615714,527433,"aphasia, the inability to express and comprehend language. dysarthria, slurred or choppy speech. spasmodic dysphonia, which can cause your voice to be hoarse, airy, and tight. vocal disturbances, changes in the sound and ease of your speech causes by any factor that changes the function or shape of your vocal cords.",1,1,0,"**My Assessment of the Provided Information**

Alright, let's break this down. The question at hand touches upon the relationship between dysarthria and specific Cerebral Palsy subtypes: spastic, dyskinetic, and ataxic. The context provided does indeed *mention* ""dysarthria, slurred or choppy speech"". However, I've thoroughly reviewed the text, and it's crystal clear that it doesn't offer any details whatsoever about *correlations* – no specific dysarthria types are explicitly linked to those CP subtypes. There's simply no basis for drawing any conclusions here. Given the absence of supporting information, a grade of 0 is the only justifiable outcome. The question remains unanswered based on the provided material.


","**My Assessment of the Question's Answerability**

Okay, so the user's question is pretty specific: ""Does the information detail specific dysarthria types correlating with spastic, dyskinetic, or ataxic CP subtypes?"" My initial thought is to scan the text for those correlations directly. Right away, I see mentions of ""aphasia,"" ""dysarthria,"" ""slurred or choppy speech,"" ""spasmodic dysphonia,"" and ""vocal disturbances."" Interesting, but there's no mention of the *specific* subtypes of Cerebral Palsy – spastic, dyskinetic, or ataxic – nor any correlation between dysarthria types and those subtypes.

The question is formatted as a yes/no question, but the way these things work, the ""no"" answer is often the correct one in situations where the information simply isn't present in the provided context. My brain automatically processes this as an explicit search for the information. Since the CP subtypes aren't *present* in the text, then the answer is ""no"".

Now, I need to clarify what the question is asking... Is it about the *text* itself, or some external ""information""? Assuming it's about the text, then the answer is a resounding ""no."" If the question hinges on the text explicitly detailing these correlations, and it *doesn't*, I have to score it accordingly, which would be a zero score. That's the most logical and conservative approach here.


",Ignoring Partial Relevance,"Model B adopted an overly strict, all-or-nothing criterion, concluding that the complete absence of specific Cerebral Palsy subtypes warranted a score of 0, thereby failing to credit the document for its partial topical relevance regarding dysarthria."
131843,1398253,131843,"1 Security: Delays or cancellations caused by evacuation of a terminal or concourse, re-boarding of aircraft because of security breach, inoperative screening equipment and/or long lines in excess of 29 minutes at screening areas. Extreme Weather: Significant meteorological conditions (actual or forecasted) that, in the judgment of the carrier, delays or prevents the operation of a flight such as tornado, blizzard or hurricane.",1,1,0,"**Evaluating the Context's Sufficiency**

Okay, let's break this down. My task is to determine if the given context allows me to answer the question: ""Does it specify the issuing authority and geographical scope?"". The context provided deals with ""Security"" and ""Extreme Weather"" reasons for flight delays or cancellations. Hmm... neither of those seems to give any details about who is issuing the guidance or where it applies.

So, in terms of information to answer the question, the context is completely silent on the issuing authority or geographical scope. It simply does not contain the answer. I'm being asked to rate the ability of the text to answer the question with a number from 0 to 5. Since the context fails completely in providing an answer to the questions regarding authority or scope, I would give it a 0. That feels correct, given the definitions. The answer is not relevant or complete at all. It's essentially absent.


","**Analyzing the Context's Limits**

Alright, let's break this down. The core question is whether the provided text specifies the issuing authority and geographical scope of something – presumably related to flight delays, given the context's definitions of ""Security"" and ""Extreme Weather."" Now, I've got to be meticulous here. The context explicitly links those terms to *flight delays*, but it offers absolutely *nothing* about who's issuing anything or where this all applies geographically. It's a straight definition, nothing more. Therefore, the information required to answer the main question isn't present.

So, the prompt then asks for a grade, a score from zero to five, based on whether the question can be answered from context. Given that the context provides *zero* relevant information, the only logical conclusion is that the grade is a resounding *zero*. The answer is not present in the context.


",Overly strict evaluation,"Both models hallucinated an evaluation task regarding authority and scope and deemed the content absent, but Model B strictly rated it a 0, entirely dismissing any marginal relevance or baseline score (1) recognized by human annotators and preserved by Model A."
156493,2259179,156493,"1 Sadly, many goldfish never live long enough to even grow the 8 inches, 10 inches, or even 20 inches long their body was destined to be.  Water changes can be very stressful in a small goldfish tank. Goldfish prefer water that maintains a constant temperature. A small aquarium just can’t hold enough water mass.",2,2,1,"**Analyzing the Query about Age-Dependent Growth Rates**

Okay, so the core question is whether the provided text quantifies age-dependent growth rate changes. Initially, the goldfish example jumps out – the different lengths they *could* reach, the aquarium conditions, and the potential stress factors. However, on closer inspection, the text itself doesn’t *quantify* how growth rate changes as a function of age. It's more about potential sizes and influencing factors, not the rate of change itself.

Right, so I need to frame this within the standard evaluation. The prompt asks if the question can be answered *based on the context*. The context here is insufficient. There's no data, no analysis, nothing relating age to growth rate specifically. Therefore, the context is unable to answer the question, or the context is not sufficient.

So, the prompt seems to be asking me to rate the *context's* ability to answer, not the hypothetical *answer* itself. Given that, with this framing, I am going to have to rate this quite low on the scale. Given the lack of age-dependent data, and it is a 0.


","Here's my assessment of the question, as I see it:

**Analyzing the Question's Scope**

Okay, the prompt is straightforward: it wants to know if the provided text quantifies age-dependent growth rate changes. The central issue is the *quantification* – not just whether growth is mentioned, but whether there's hard data or a defined formula relating growth rate specifically to age.

The provided context jumps straight to goldfish and their potential length, which immediately flags potential factors like tank conditions and the stress that goldfish might experience. That much is relevant. However, the text doesn't actually provide any numbers, graphs, equations, or any concrete measure of how growth rate shifts as the goldfish matures. I'm not seeing any quantifiable information related to age and how it affects the rate of growth.

Therefore, my conclusion is that the provided text is utterly lacking in the information requested. There's simply no basis within the provided text to evaluate the answer's question; I'm giving this a zero.


",Overly Strict Criteria,"Model B imposed an overly rigorous standard by demanding hard data, equations, or formal quantification of growth rates, causing it to dismiss the document's partial relevance regarding goldfish size and growth potential."
915593,6142152,915593,"In general, your cod will be done when it reaches an internal temperature of 54°C (130°F), regardless of cooking method. Here are some times/temperatures that work for me: 1  Sous Vide: 10 minutes or more at 56°C, followed by a quick broiling/grilling/blow torch. 2  Baking (thick fillets): 15–20 minutes at 218°C (425°F).",1,1,0,"Okay, here's my take on that question, thinking it through from a culinary and scientific perspective:

**Contextual Disconnect: A Red Flag**

Alright, let's break this down. The core of this question is about applying sous vide techniques to fibrous and starchy vegetables. Seems straightforward enough – a classic comparison of textures and cooking times. However, the problem arises because the context is *fish* – specifically, cod. My immediate reaction is a flat zero. We're talking about two completely different subjects here. There's simply no connection, no basis for comparing the approaches based on the information provided. The question is fundamentally unanswerable in this framework. My expertise can't bridge that gap; it's like asking about apples and trying to discuss oranges without at least creating some meaningful comparison. The prompt is flawed.


","Here's my assessment of the situation:

**Analysis of the Query and Context**

Okay, so I'm presented with a question about sous vide techniques. Specifically, it wants a comparison for fibrous and starchy vegetables. However, I'm finding that the *entire* context is focused on the sous vide preparation of cod. This is a clear mismatch. The provided information is solely relevant to fish cookery.

Frankly, there's absolutely no data here that provides any insights into the cooking characteristics or necessary time/temperature adjustments for vegetables based on their starch or fiber content. Any attempt to answer the initial question would be a complete guess and entirely unsupported by the given material. It's a classic case of irrelevant context. Therefore, based on the information provided, a failing grade is the only rational conclusion.


",Hallucinated Query,"Model B evaluated the document against a completely hallucinated query regarding sous vide techniques for fibrous and starchy vegetables rather than the actual input, incorrectly concluding the document about cod was totally irrelevant and scoring it 0."
1113437,8503446,1113437,"The spruce trees of North America include seven different species, all of them growing north of Mexico, mostly in cool climate locations. Spruce trees are important producers of lumber and are also useful in an ornamental capacity. The spruces all have evergreen needles, most are tall and they have a conical shape.",1,1,2,"Here's my assessment of the situation:

**Analysis of the Question and Context**

Okay, the question is a straightforward one: ""Are persistent sterigmata explicitly described on the twigs?"" I'm immediately scanning for the presence of ""sterigmata"" and ""twigs"" in the provided context, which concerns itself with North American spruce trees. The description mentions their location, uses, evergreen needles, height, and characteristic conical shape. However, *nowhere* in this text are sterigmata or twigs even mentioned, not even in passing. Therefore, it's clear the necessary information to answer the question isn't present. The context provided is utterly silent on the subject. My assessment? This is a complete mismatch. The question can't be answered based on what's here. I'd have to give this a resounding 0.


","**My Assessment of the Query**

Okay, so the question is pretty specific: ""Are persistent sterigmata explicitly described on the twigs?"" I'm looking for a straightforward ""yes"" or ""no"" here, ideally supported by some direct evidence. The provided context, however, is a general overview of North American spruce trees. It talks about things like their species, climate preferences, uses (lumber, ornamental), and physical characteristics like evergreen needles and conical shape. But... and this is key... there's absolutely *nothing* in this description that mentions ""persistent sterigmata"" or even the word ""twigs."" Given the level of detail provided, I'd expect to see some mention if the answer was positive. Therefore, based purely on this context, I'm forced to conclude that the information needed to answer the question isn't present. My grade for this should be a resounding zero; there is no positive information, and thus, no way to give a positive response.


",Score-Reasoning Inconsistency,"Model B explicitly concludes in its reasoning that the document completely fails to answer the query and states that its grade should be a 'resounding zero', yet it inexplicably assigns a score of 2."
168216,5298480,168216,Legionella Risk Assessment legal requirements explained – There is a legal obligation to carry out a legionella risk assessment of the water services in any work place or business connected premise! Down load our legionella legal obligations information document for more information.,0,0,1,"Here's my thought process, distilled:

**Assessing the Question's Relevance**

Okay, so the question is a straightforward request for specific virulence factors of *Legionella pneumophila* involved in pneumonia. I understand the task. However, the accompanying context is throwing me a bit of a curveball. It's all about Legionella Risk Assessment and legal requirements in workplaces – interesting, but completely unrelated to the core question about virulence mechanisms. I see no mention, even tangentially, of the bacterial factors involved in pathogenicity within the provided information.

Given my understanding of the subject matter, the provided context simply doesn't contain the data required to formulate an answer regarding *L. pneumophila*'s virulence factors. Therefore, to answer the question as it is currently framed would be inaccurate, misleading, and essentially impossible based on the information provided. The only reasonable conclusion I can reach is that a proper response to the original question can't be made.


","**Assessing the Relevance of Context**

Okay, so the user's question is pretty straightforward: they want to know *specifically* which virulence factors of *Legionella pneumophila* are involved in causing pneumonia. My initial assessment is: Does this context, which seems focused on legal aspects and risk assessment of *Legionella* in water systems, actually *provide* that answer? Scanning the provided text quickly confirms my suspicion. It's all about legal requirements, risk assessment protocols, and water services - which has nothing to do with molecular mechanisms of pathogenesis. Therefore, the context is completely irrelevant to the question at hand. I can confidently assign a grade of 0 here.


",Score-Reasoning Inconsistency,"Model B's internal chain of thought correctly determined that the document was completely irrelevant and explicitly stated it would assign a score of 0, but it ultimately outputted a final score of 1, contradicting its own conclusion."
131843,7487352,131843,A Severe Thunderstorm WATCH is issued by the NOAA Storm Prediction Center meteorologists who are watching the weather 24/7 across the entire U.S. for weather conditions that are favorable for severe thunderstorms.,1,1,0,"**Assessing the Completeness of Information: Issuing Authority and Geographical Scope**

Okay, let's break this down. The core of this exercise is determining how well the given context addresses the query, ""Does it specify the issuing authority and geographical scope?"" We're aiming for a 0-5 rating, right?

Alright, let's dissect this. The context clearly states, ""A Severe Thunderstorm WATCH is issued by the NOAA Storm Prediction Center meteorologists..."" Bingo! That immediately answers the ""issuing authority"" component. NOAA Storm Prediction Center meteorologists – that's undeniably specific. No ambiguity there.

Then, moving onto the geographical scope, the text continues, ""...who are watching the weather 24/7 across the entire U.S. for weather conditions..."". There it is, crystal clear: ""across the entire U.S."" That's the geographical extent explicitly defined.

Therefore, since the context unambiguously pinpoints both the issuing authority *and* the geographical scope, the question can be answered in its entirety. It’s a clean and definitive ""Yes"". The information is there, complete and accurate. It's a textbook example of providing the necessary details. I'm confidently giving this a perfect 5. It couldn't be more direct.


","**Analyzing the Question's Clarity**

Okay, so the prompt is straightforward. It boils down to whether the provided context clearly identifies the issuing authority and geographical scope related to a Severe Thunderstorm WATCH. Let's break this down. The original question, ""Does it specify the issuing authority and geographical scope?"" is key. The context clearly states that the NOAA Storm Prediction Center meteorologists are the ones issuing the watch (that's the issuing authority), and their area of concern encompasses the entire United States (that's the geographical scope). Bingo! The information is right there, and it's crystal clear. Therefore, the context directly addresses and answers the question posed. A grade of 5 is appropriate - the question is fully answered. Simple. Efficient. Done.


",Score-Reasoning Contradiction,"Model B's reasoning fully endorsed the relevance of the document, concluding that the question was completely answered and explicitly stating that a top grade was appropriate. However, it contradicted its own reasoning by assigning a final score of 0 instead of 1."
1063750,8640242,1063750,"YES, the US should enter WWI because of German actions made during this time. The US made the right call by entering WWI. After the Lusitania was sunk, and thousands of American lives were lost, America had no other choice. Then the Germans sent the Zimmer telegram which told Mexico to attack the US.",1,1,0,N/A,N/A,Literal Matching on Query ID Artifact,"The query consists solely of a benchmark query ID ('1063750') rather than natural language text. Model B strictly evaluated relevance via literal token matching against the numeric ID and scored it 0, whereas Model A recognized the benchmark artifact and its associated topic regarding why the US entered WWI."
1113437,4981632,1113437,"Description: Douglas-fir trees, which are also called red firs, Oregon pines, and Douglas spruce, are neither true fir trees nor pines nor spruces!The scientific genus name Pseudotsuga means “false hemlock,” alluding to another kind of tree that Douglas-firs are similar too.ouglas-firs are evergreen trees, meaning that they keep their needle-like leaves year round. There are two varieties of this species, coast Douglas-fir and Rocky Mountain Douglas-fir, which are differentiated by their habitats, growth rates, and physical characteristics.",0,0,1,"Here's my thought process, summarized as you requested:

**Assessing the Information**

Okay, so the question is whether the text explicitly mentions persistent sterigmata on twigs. Let's see... The context talks about Douglas-fir, *Pseudotsuga* (which means ""false hemlock""), being evergreen, and even mentions two varieties. But hold on... it's just not addressing the specifics of the twigs or those persistent sterigmata. Absolutely nothing!

Therefore, based on the material, I cannot say yes or no. The question is unanswerable.

Now I have to think about the prompt. The instructions are to determine if the question *can* be answered based on the available context, and I must rate it 0 to 5. The prompt isn't asking if I can personally *figure it out* with my knowledge, or how I would assess the quality of an answer. It wants to know if the context itself provides the answer. Since the information is completely missing, the context is incapable of answering the question. Therefore, the rating must be a solid 0.


","Here's my take:

**Analyzing the Question's Specificity and Contextual Limitations**

Alright, so the task at hand is whether the provided text *explicitly* describes persistent sterigmata on twigs. Right away, I see a problem. My domain knowledge tells me what ""sterigmata"" and ""twigs"" refer to, but the text itself? Nope. It's completely silent on those terms, and by extension, anything related to leaf peg-like structures. No mention whatsoever. Therefore, based purely on the given context, I have to conclude that there's simply no basis for answering the question positively. It's a clean zero on this one, strictly because the necessary information isn't present. The question requires a negative response because the contextual data is absent.


",Score-Reasoning Mismatch,"Model B's internal reasoning correctly concluded that the text contained no relevant information and explicitly stated 'It's a clean zero on this one', but it failed to align its final output score with its conclusion, erroneously outputting a 1 instead of 0."
1129237,5831781,1129237,"For Hydrogen, the boiling point is -253 degrees Celsius; for Mercury it is 357 degrees Celsius, and for Iron it is 2,750 degrees Celsius. From these numbers you can see that at room temperature (and indeed for nearly any temperature found on Earth) Hydrogen is a gas, Mercury is a liquid, and Iron is a solid.",1,1,0,"**Evaluating the Context and the Question**

Okay, so the question is ""What pressure is assumed for this temperature?"" and I need to figure out if I can answer it using the information given. I'm looking at the context, which provides boiling points for hydrogen, mercury, and iron. It's comparing their states of matter at room temperature. Hmm, but there's no mention of pressure anywhere! Not a single word. My immediate thought is, the context doesn't explicitly state the pressure, nor does it make any inferences to a standard pressure (which, as an expert, I know is often assumed in these sorts of contexts, but is not stated.)

The prompt *specifically* asks if the *provided context* allows for an answer. Since the pressure isn't mentioned, I have to conclude that no, the question *cannot* be answered solely based on the given material. The answer is therefore completely absent. Let me quickly double-check the evaluation guidelines – yep, a score of ""0: Not answerable / not relevant at all"" is the correct classification. Therefore, grade 0 it is.


","Here's my assessment of the situation:

**Analysis of the Unspecified Pressure**

Okay, the question is straightforward: ""What pressure is assumed for this temperature?"" My initial thought is that the context provided, which deals with boiling points and states at room temperature for Hydrogen, Mercury, and Iron, doesn't actually *tell* me anything about the pressure in those scenarios. It's a fundamental oversight. We're talking about phase transitions and states, and pressure is a critical variable in determining those things. Without the pressure specified, I'm essentially flying blind.

Therefore, because the necessary information is completely absent, I can't even begin to derive an answer. The context is insufficient to formulate *any* meaningful response to the stated question. It's a clear-cut case where I have to grade based on the complete absence of useful data. So, for the record, my grade for this situation is a firm zero.


",Over-strict relevance criteria,"Model B strictly demanded an explicit mention of pressure to consider the document relevant, concluding with a score of 0. It failed to award partial relevance (score 1) for the implicit context provided by standard boiling points and room temperature phase descriptions."
87181,8534130,87181,"See the Mayo Clinic webpage Left ventricular hypertrophy (LVH). It’s the thickening of the muscle of the left ventricle, usually because pumping against a higher resistance (hypertension, aortic valve defects) or as part of a hereditary heart muscle disease (hypertrophic cardiomyopathy). It’s correlated with more heart failure, more heart attacks, more deaths.",2,2,1,"**Analyzing the Context's Depth**

Okay, so the context is talking about left ventricular hypertrophy (LVH) and how it's linked to pumping against higher resistance – things like hypertension and aortic valve defects. It *mentions* afterload elevation, but does it actually *explain* the mechanisms behind chronic afterload elevation? No, not really. It just throws out those two examples without diving into the details of how they actually increase afterload.

The prompt is asking if the question ""Are chronic afterload elevation mechanisms detailed?"" can be answered based on the given text.

So, can I answer the question itself based on the limited context? Absolutely, the answer is ""No, they are not detailed."" The text lists hypertension and aortic valve defects, but it doesn't elaborate on the underlying mechanisms. It's essentially surface-level information. Usually, these sorts of prompts are designed to get you to evaluate if the needed details are present, or if the question itself can be answered based on what's available.

Therefore, since the context barely touches on the mechanisms – just naming them – the answer is a resounding ""no"" to the question of detail. And, by looking at it, the answer to the prompt can be given.

Looking at the usual grading, if the context lacks the requested detailed information, then the grade is very low. In this case, I'd say the grade would be a 0 or 1. Given that mechanisms are not detailed at all, just named, a grade of 0 or 1 is applicable.


","**Analyzing the Afterload Question**

Okay, here's the deal. The core question is: ""Are chronic afterload elevation mechanisms detailed?"" The provided text touches on left ventricular hypertrophy and links it to higher resistance, like hypertension and aortic valve defects. It *mentions* the resistance, sure, but does it actually *detail* the underlying mechanisms of chronic afterload elevation? No, it doesn't. It's really just a surface-level attribution.

My initial thought was to consider whether an answer *could* be formulated, but re-reading the question is key. It's a direct yes/no: ""Are they detailed?"" The answer, based on the context, is a resounding ""No."" The text doesn't provide any mechanistic details. It simply says ""hypertension, aortic valve defects,"" which means the mechanisms are NOT detailed.

The scoring parameters are important. Am I evaluating the completeness of an answer, or the context's ability to provide an answer? It appears that the prompt is trying to evaluate whether the context contains enough information to answer the question, or grades the question answering.

So, if I answer, ""No, the mechanisms are not detailed (it only mentions higher resistance due to hypertension or aortic valve defects)"", that answers the question completely based on the available context. The context doesn't detail the *mechanisms*, it doesn't even come close to doing so, which is what the question specifically asked! And it's a direct ""are they/are they not?"" This isn't about missing *information*; it's about the presence or absence of detail. If the context directly addresses the question or allows a definitive answer, it is a high score.


",Score-Reasoning Inconsistency,"Model B explicitly argues in its final sentences that because the context allows for a definitive answer ('No'), it warrants a high score. However, despite concluding that a high score is deserved, it outputs a score of 1, failing to align its assigned numerical rating with its own reasoning."
1103812,2750961,1103812,"In early December, Yeltsin and the leaders of Ukraine and Belarus met in Brest to form the Commonwealth of Independent States (CIS), effectively declaring the demise of the Soviet Union. On December 25, 1991, the Soviet hammer and sickle flag lowered for the last time over the Kremlin, thereafter replaced by the Russian tricolor. Earlier in the day, Mikhail Gorbachev resigned his post as president of the Soviet Union, leaving Boris Yeltsin as president of the newly independent Russian state.",1,1,2,N/A,N/A,Over-estimated Relevance,"The query consists solely of an opaque numeric string ('1103812') with no semantic link to the document's historical content about the fall of the Soviet Union. Model B over-estimated relevance by assigning a score of 2, whereas Model A correctly mirrored human judgment by rating it minimally relevant."
183378,5391357,183378,"From a random pool of sequences that have been individually inserted in the alternative exon, specific ESEs can be isolated, amplified and reselected from the mRNA product pool generated by in vitro splicing or from transfected cells that contain the alternative exon.",0,0,1,N/A,N/A,Hallucinated Relevance,"Model B assigned relevance to a document that bears no textual or topical connection to the numeric query '183378', falsely assuming relevance where Model A correctly identified a complete lack of match."
104861,5652261,104861,"Polished Concrete Cost. Polished concrete pricing is basically dependent upon how many levels of grinding will be required to get the floor to a suitably smooth surface. The cost for polished concrete can go up from there depending upon any decorative effects that are applied such as staining or scoring, etc.osts for polished concrete will range depending upon the area of the country and the contractor. Many offer different price points for various levels and designs for polished concrete.",1,1,0,N/A,N/A,Over-reliance on Lexical Matching,"Model B likely rejected the document due to a complete lack of lexical overlap with the numeric query '104861', treating the uninformative or ID-based query as entirely irrelevant, whereas Model A correctly preserved relevance for this benchmark query-document pair."
359349,7062671,359349,"and parallel to them: EF || AD and EF || BC. A trapezoid with equal lateral sides ( AB = CD ) is called an isosceles trapezoid. In an isosceles trapezoid angles by each base, are equal ( A = D, B = C ). A parallelogram can be considered as a particular case of trapezoid. Midline of a triangle is a segment, joining midpoints of lateral sides of a triangle.",1,1,2,"**My Assessment of the Given Context**

Alright, let me break this down. The question posed is whether the lengths of the parallel bases are provided, either explicitly or implicitly through derivable dimensions. I'm examining this *given* context, and immediately I'm drawing a blank on specific numerical values. The text offers definitions and general properties of trapezoids, isosceles trapezoids, and midlines, but it doesn't contain any concrete measurements.

So, *directly*, the answer is a resounding ""no."" The context doesn't *provide* the lengths. Now, let's think a bit more abstractly. Can the question itself (whether lengths are provided) be answered *based* on the context? The answer, at least in the strict sense, remains ""no."" The context is merely conceptual definitions. It's not a specific problem statement with numerical data. It doesn't tell me whether I will *eventually* be given lengths. It lacks those dimensions entirely.

This feels like a metadata evaluation. The context doesn't contain the answer to a question *about* the presence of lengths. It's not about solving for them; it's about whether the information is *given*. Considering this, I'm inclined to grade it as a zero. The context is irrelevant or incomplete for answering whether any base lengths are, or are not provided.


","**Analyzing the Geometric Inquiry**

Okay, so I'm presented with a geometric question that boils down to whether or not the lengths of both parallel bases are given or can be calculated within a specific problem. But, wait a second... this is just an excerpt, a snippet of definitions and general concepts related to trapezoids, isosceles trapezoids, parallelograms, and triangle midlines. There's *no* actual problem here, no figure, no numerical values whatsoever!

The question, in this context, is entirely abstract. It's almost... philosophical, isn't it? One could *technically* answer ""no, they are not provided,"" which is true. But the question seems to imply that there *should* be dimensions given to evaluate. Essentially, without a specific problem to work with, the question itself is irrelevant. It's like asking if the ingredients for a cake are listed when the text is simply a cookbook table of contents. Therefore, based on the lack of a specific problem/figure with provided dimensions, the answer is irrelevant to anything concrete, so I'm assigning it a score of 0.


",Score-Reasoning Discrepancy,"Model B concluded in its reasoning that the document was completely irrelevant and explicitly stated it was assigning a score of 0, yet it outputted a final relevance score of 2, directly contradicting its own evaluation."
156493,5437919,156493,"Breeding Goldfish. and Raising Baby Goldfish Fry. This page is about Breeding Goldfish and has information about spawning Goldfish, about the difficulty of determining the gender of Goldfish, and about raising Goldfish fry.",1,1,0,N/A,N/A,Literal Interpretation of Query Identifier,"The query '156493' appears to be an unmapped benchmark query ID (from MS MARCO, corresponding to goldfish gender identification) rather than natural language text. Model B evaluated the literal numeric string against the text and found no lexical overlap, assigning a score of 0, whereas Model A successfully preserved the ground-truth relevance."
1133167,8415744,1133167,"Check the Weather in Jamaica in May before you book your next holiday. This gives the best indication of the weather in May and includes figures for temperature, sunshine and rainfall.",1,1,0,"Here's my assessment of the situation:

**Analysis of the Query Regarding Severe Weather in Jamaica**

Okay, so the prompt is asking about *active severe weather advisories* in Jamaica. My immediate thought is, does the provided context actually *address* that? No, it doesn't. I'm given general climate information for Jamaica in May, which is interesting, but completely misses the mark. It's like asking for the specific ingredients in a soufflé and getting a general recipe for baking. There's nothing here about any current advisories, warnings, or watches regarding severe weather events. I can't generate an informed response with this limited information. Therefore, the appropriate grade is a 0. I need actionable data to even begin to form an answer.


","Here's my assessment of the situation:

**Analysis of the Query Regarding Active Severe Weather Advisories**

Alright, let's break this down. The user's query is explicitly asking about *active severe weather advisories*. The surrounding context? It's just a general description of Jamaica's climate in May – temperature, sunshine, rainfall. It's the kind of information one might look at *before* booking a holiday. Crucially, the context *doesn't* contain any data related to the presence or absence of severe weather warnings. It's a disconnect. We're talking about broad climatic conditions versus *current* specific advisories. Therefore, I can't derive an answer from this information. It's a complete mismatch. The answer to the query is simply unavailable. So, in my considered evaluation, the grade has to be a resounding 0.


",Hallucinated Query Intent,"Model B evaluated the document against a hallucinated requirement for 'active severe weather advisories' rather than recognizing the document's relevance to Jamaica's weather, leading it to erroneously assign a score of 0."
19335,1017759,19335,Man and environment reciprocal relationship. The relationship between humans and environment has varied from the early periods of human settlement on the earth to the present … day. The relationship between environment and human beings has also being varying from place to place at any given period of time.,0,0,1,N/A,N/A,Hallucinated Relevance,"Model B failed to recognize that the purely numeric query ('19335') has no topical connection to the document regarding human-environment relationships, incorrectly assigning relevance to a completely unrelated passage."
1063750,8658918,1063750,"On Feb. 3, 1917, President Woodrow Wilson announced that the United States was breaking off diplomatic relations with Germany after it had reinstituted its policy of unrestricted submarine warfare. The U.S. would declare war on Germany two months later.",1,1,0,N/A,N/A,Over-reliance on Lexical Overlap,"The query consists solely of an ID number ('1063750'), which corresponds to the passage ID in the dataset. Model B evaluated relevance based purely on surface-level semantic and lexical overlap between the number and the historical text, failing to recognize it as an identifier/lookup query intended to match this specific document."
87181,8683181,87181,What is Left Ventricular Hypertrophy? Left ventricular hypertrophy is a disorder of the heart involving the enlargement or thickening of the wall of cardiac muscle situated in the chamber of the heart known as the left ventricle.,1,1,0,N/A,N/A,Failed Identifier Resolution,"The query '87181' is an unmapped dataset query ID corresponding to 'what is left ventricular hypertrophy'. Model B evaluated the literal surface text and found no semantic relevance to the medical definition, failing to resolve the query identifier or benchmark context recognized by Model A and human raters."
1121402,188213,1121402,"Contour plowing is the act of farming on a hill or a contoured area. The plow follows the contours of the land horizontally helping to reduce runoff of water. This practice helps to prevent soil erosion in hilly and contoured areas by capturing the water runoff using water breaks to keep water contained. Contour plowing is also known as contour farming, and is a sustainable form of agriculture.",2,2,1,"**Evaluating the Context's Ability to Address a Specific Question**

Okay, let me think this through. The core question is whether the provided context allows a specific question about ""sheet and rill erosion"" to be answered. My initial thought is to assess the question in relation to the context. The context talks about contour plowing, reduction of runoff, and soil erosion prevention in general, with water breaks, but it *doesn't* directly address ""sheet and rill erosion"" or explain how it curtails *those* specific types.

Now, I need to remember the purpose of this exercise. Am I evaluating an answer, or the context's capacity to provide an answer? It's the latter. It's the standard LLM-as-a-judge format: ""Can the question be answered based on the available context?""

Since ""sheet and rill erosion"" isn't explicitly mentioned, the question *cannot* be answered with any degree of accuracy or specificity based solely on this context. Or, at best, a minimal answer could be attempted.

Let me clarify my thinking. If the task is to *grade* how well the context allows the question to be answered, the focus is on whether the context contains the information needed to answer the question. The context addresses soil erosion generally, but not sheet and rill erosion specifically. So the context cannot directly address ""specifically curtail sheet and rill erosion"". My evaluation must be low. Let's see... the grading options are something like ""0: The answer is not relevant or complete at all"" or ""1"".

Wait, am I grading an answer or the context's capacity? Let's go back to the format ""Can the question be answered based on the available context?"" I re-read the context, and it's clear: sheet and rill erosion are not discussed. Therefore, the score is either 0 or 1. Given the complete absence of any discussion, I'll output 0.


","**Analyzing the Contour Plowing Question**

Okay, here's how I'm approaching this question. The core of the query focuses on understanding how contour plowing *specifically* mitigates sheet and rill erosion. However, the provided context, while mentioning contour plowing's role in hilly areas and runoff reduction, completely omits any direct discussion of ""sheet"" and ""rill"" erosion. Therefore, based purely on the information given, I cannot provide a specific answer addressing the question's central focus. The context only offers a general overview of contour plowing. It's essentially a high-level description. Thus, any attempt to link it directly to sheet and rill erosion would be speculative at best. Given the lack of relevant information on these specific erosion types, a grade of 0 or perhaps a very low 1 would be appropriate. The answer is, by necessity, incomplete and not truly relevant to the precise question posed.


",Overly Strict Specificity Requirement,"Model B excessively penalized the document for not explicitly naming 'sheet and rill' erosion, treating general explanations of water runoff reduction and soil erosion prevention as speculative and insufficient, leading it to downgrade the relevance score."
87181,2596279,87181,"Losartan is also used to decrease the risk of stroke in people who have high blood pressure and a heart condition called left ventricular hypertrophy – or enlargement of the walls of the left side of the heart, says the National Institutes of Health.",1,1,0,"**Assessing the Depth of Context on Afterload Elevation**

Okay, so the prompt is asking if the given context is sufficient to answer the question: ""Are chronic afterload elevation mechanisms detailed?"" I need to quickly evaluate the context for relevant information. The passage mentions Losartan, high blood pressure, and left ventricular hypertrophy (LVH). My immediate assessment is that while these are *related* to afterload, they don't explicitly delve into the *mechanisms* of chronic afterload elevation. Losartan, of course, is an angiotensin II receptor blocker, a common medication used in treating high blood pressure, but the context itself doesn't unpack the physiological cascades leading to chronic afterload elevation. LVH is a *consequence* of chronic afterload, but again, the text does not elucidate the specific biochemical or biomechanical pathways at play.

Therefore, the context, as it's provided, doesn't sufficiently *detail* those underlying mechanisms. I can confidently say that the answer to the core question is negative. This context provides a surface-level overview, but it doesn't provide enough granularity. I'm assigning this a grade of 0.


","**Analyzing the Context for Afterload Elevation Mechanisms**

Okay, so the user is specifically interested in whether the provided text delves into the *mechanisms* of chronic afterload elevation. My initial assessment is that the context focuses on a clinical application of Losartan—its use in patients with high blood pressure and left ventricular hypertrophy—as outlined by the National Institutes of Health. It references the condition, but doesn't, at this stage, seem to get into the nitty-gritty of the underlying physiological processes. My immediate suspicion is that the mechanism itself won't be explicitly described, but I need to be certain.

Let's break this down. The question hinges on whether the text *details* those mechanisms. Does it provide even a cursory explanation of how afterload becomes chronically elevated? Simply mentioning a condition linked to it (left ventricular hypertrophy) isn't enough; it doesn't equate to explaining the mechanism. I need to comb through the text to be completely sure. After a careful re-read, I confirm: the response lacks the *specific details* the user is after.

The context, while relevant to the clinical consequences of afterload changes, doesn't actually articulate how or why chronic afterload becomes elevated. It gives a clinical symptom, not a mechanistic pathway. Therefore, the answer is a definitive ""no"". This is an easy grade 0.


",Excessive Strictness,"Model B applied an overly stringent threshold by demanding explicit physiological and biochemical mechanisms for afterload elevation rather than recognizing the document's partial topical relevance to hypertension, left ventricular hypertrophy, and clinical outcomes, resulting in a false-negative score."
833860,7103434,833860,"All cuisines have their most popular dishes. English food is famous for fish and chips, Italian food is known for its amazing pasta dishes, and the Middle East is famous for hummus. But, of course, there's a lot more to all the world's cuisines. So below you will find the most popular and widely recognized Middle eastern dishes and their recipes. For an added bonus, check out the Middle Eastern Food Gallery, where you'll find enticing photos of new and favorite dishes!",0,0,1,N/A,N/A,Hallucinated Relevance,"The query is an arbitrary numeric string ('833860') that has no relation to the document content about Middle Eastern cuisine. While Model A correctly recognized the complete lack of relevance and scored it 0, Model B hallucinated a weak connection or improperly defaulted to a non-zero score."
156493,4940230,156493,"The Bubble Eye is an omnivourus goldfish species.It is very docile and is often fed vegetable/growth/protein mixtures.Bubble Eyes can grow to be up to 6 inches long, and 1 inch deep!Bubble Eyes have a fluid filled sac under each eye, which can be ruptured easily.",2,2,1,N/A,N/A,Strict Lexical Matching,"Model B likely downgraded the relevance score due to the absence of literal keyword overlap with the numeric identifier '156493', failing to recognize that the opaque ID refers directly to the entity described in the document."
1110199,5074862,1110199,"Wireless access points receive a signal from a wireless adapter requesting a connection. Wireless adapters can also be set up to act as wireless access points. This kind of setup is called ad hoc. Bluetooth adapters connect from one adapter to another, though this typically serves to pair the devices for a specific purpose, such as sharing a file or connecting a wireless earpiece to a phone. In order to mitigate problems from too many devices connecting to a single access point, wireless adapters use a Request To Send, or RTS.",0,0,1,N/A,N/A,Spurious Relevance,"The query consists solely of an arbitrary numeric string ('1110199') with zero semantic or keyword overlap with the document about wireless networking. Model B improperly assigned positive relevance to a completely unrelated document, demonstrating an overly lenient threshold or hallucinated connection."
87181,7666828,87181,"Left ventricular hypertrophy usually develops gradually. You may experience no signs or symptoms, especially during the early stages of the condition. As left ventricular hypertrophy progresses, you may experience: 1  Shortness of breath. 2  Fatigue. 3  Chest pain, often after exercising. 4  Sensation of rapid, fluttering or pounding heartbeats (palpitations). 5  Dizziness or fainting.",1,1,0,N/A,N/A,Failure to Resolve Identifier,"The query consists solely of an entity or dataset identifier ('87181') corresponding to left ventricular hypertrophy. Model B evaluated the input based purely on surface-level keyword overlap and rejected it, whereas Model A was able to resolve or recognize the identifier's underlying topical relevance to the document."
87181,8151919,87181,"Sound waves produce live-action images of your heart. Echocardiogram can reveal thickened muscle tissue in the left ventricle, blood flow through the heart with each beat, and heart abnormalities related to left ventricular hypertrophy, such as aortic valve stenosis. MRI. Images of your heart can be used to diagnose left ventricular hypertrophy.",1,1,0,"**My Assessment of the Provided Information**

Alright, let me break this down. The question boils down to whether the text actually *details* chronic afterload elevation mechanisms. The context, as I see it, mentions echocardiograms and MRIs detecting left ventricular hypertrophy – pretty standard diagnostic tools. But, and this is crucial, it *doesn't* actually go into the nitty-gritty of the mechanisms themselves. It’s like saying, ""We see the result, but we're not explaining the process.""

Therefore, my initial inclination is to say ""no,"" the mechanisms aren't detailed within this specific context. It's a straightforward yes/no or coverage check question, and the answer is that the required information isn't present, or detailed. The context's focus lies on detection, not explanation. The answer is based on a coverage check of the available information. Thus, I'm going with a Grade 0 assessment: the context simply doesn't contain the answer to the question about the specific details of these mechanisms. It's a negative finding in terms of information retrieval, and that's the end of it, for me.


","Here's my assessment of the question, phrased as if it were my thought process:

**Assessing the Depth of Afterload Elevation Mechanisms**

Okay, the prompt is straightforward: ""Are the chronic afterload elevation mechanisms detailed?"" My expertise tells me we're likely talking about the pathophysiology of left ventricular hypertrophy (LVH). The text mentions imaging modalities – echocardiogram and MRI – and throws in aortic valve stenosis as an example. But, hold on a second...it's not going into any *mechanistic* detail at all! It's just listing diagnostic tools and a condition associated with afterload elevation. This doesn't even begin to scratch the surface of the molecular, cellular, or even gross anatomical pathways involved in *how* chronic afterload actually drives LVH. Therefore, based on the provided text, there's no way I can answer the question affirmatively. It's a clear zero for providing any relevant mechanistic details. It's just a diagnostic context, not a pathophysiological deep dive.


",Overly Strict Relevance Threshold,"Model B demanded an excessively high level of detail (requiring molecular, cellular, and anatomical pathways) rather than recognizing partial topical relevance related to conditions causing afterload elevation like aortic valve stenosis, causing it to incorrectly downgrade the passage to completely irrelevant (0)."
156493,2123395,156493,"Big Fish in a Small Pond. To grow a big goldfish in a small pond, breeders focus on two main factors: food and temperature, according to Tropical Fish Data, a database on tropical fish.",2,2,1,"**Analyzing the Context for Age-Dependent Growth Rates**

Okay, so the prompt wants me to figure out if the provided context actually *quantifies* age-dependent growth rate changes. Let's break this down. The context talks about raising goldfish in a small pond. We have food, we have temperature... but *nowhere* does it mention anything about how their growth rates change as they age. No specific data, no mention of any modeling, nothing.

Therefore, can I answer the question ""Does the context quantify age-dependent growth rate changes?"" No. Absolutely not. The context simply doesn't contain that information. It's irrelevant to the question at hand.

So, the prompt then asks ""Can the question be answered based on the available context?"". It's asking for a simple ""yes"" or ""no"", and the answer is an immediate no. So, the score should definitely be 0. It's not applicable, it's not complete, it can't even remotely address the question.

Essentially, the context doesn't give me anything to work with regarding age-dependent growth, thus the context cannot support answering it. Score is 0.


","**Analyzing the Relevance of Context**

Okay, so the user's question is whether the provided context allows us to quantify age-dependent growth rate changes. Let me break this down. The context mentions ""Big Fish in a Small Pond,"" describing how breeders focus on food and temperature to grow goldfish. I'm focusing on ""age-dependent growth rate changes,"" and unfortunately, the context doesn't touch on this concept. It talks about *growing* big goldfish, sure, and mentions factors like food and temperature, but those aren't inherently linked to changes in growth *rate* across different *ages*. There's no information on how growth changes over the goldfish's lifespan, only how breeders attempt to maximize growth. Thus, based on this given information, the answer is a resounding zero. The context is simply irrelevant to the question at hand.


",Score Inconsistency,"Both models hallucinated an evaluation question about 'age-dependent growth rate changes' (likely due to the query being an unexpanded query ID), but Model B downgraded the final rating to 1, contradicting both the ground truth relevance score of 2 and its own conclusion that the text was completely irrelevant to the hallucinated task."
489204,2268657,489204,"Some women develop serious complications during pregnancy that cause different types of pain. If you have pelvic pain that's coupled with certain symptoms, such as fever and bleeding, be sure to call your doctor right away. Here are the more serious causes of pelvic pain during pregnancy. Miscarriage.",0,0,1,N/A,N/A,False Positive on Irrelevant Query,The query is an arbitrary numeric code with zero semantic or contextual connection to the document about pregnancy complications. Model B erroneously assigned a non-zero relevance score instead of recognizing the complete lack of relevance.
264014,4134250,264014,"The smokybrown cockroach is long lived requiring 2 or more years to reach adulthood under outdoor conditions. It takes 50-80 days for the egg case, which usually contains 20-26 eggs, to hatch under warm conditions (greater than 70°F).",0,0,1,N/A,N/A,Spurious Numerical Match,"Model B likely detected overlapping digits or arbitrary numbers in the document (such as '2' or '20-26') and incorrectly treated this as marginal relevance, whereas Model A correctly recognized that the numerical query had zero semantic relation or exact match to the cockroach lifecycle passage."
1114646,8327369,1114646,"Antiviral drugs, such as acyclovir, valacyclovir (Valtrex), or famciclovir (Famvir), may help stop progression of the rash, especially if used within 72 hours of the blister breakout. These drugs may also help stave off the painful after-effects of shingles known as postherpetic neuralgia.",1,1,0,N/A,N/A,Failure to resolve numeric identifier,"Model B likely failed to recognize or resolve the numeric query ('1114646') as an entity code, dataset ID, or medical identifier linked to the document's content, rejecting it due to an apparent lack of lexical overlap."
1133167,3023121,1133167,"Jamaica's rainy season coincides with ours here in Florida (I am in the Tampa area) for the most part. We have anywhere from 30-50% chance of rain daily until hurricane season is over. I didn't mean you have rain every day, all day from May to December in Jamaica, but I assume it is a lot like here in Florida.",1,1,0,N/A,N/A,Literal Interpretation of Query ID,"The query consists solely of an ID number (likely from an IR benchmark like MS MARCO). Model B failed to infer context or resolve the query ID, judging the document as irrelevant due to a total lack of literal match with the number '1133167', whereas Model A maintained the reference relevance judgment."
962179,3896631,962179,"William Booth biography. 2 comments. William Booth when a Young Man. William Booth was born into affluence in Nottingham, England in 1829, but his family descended rapidly thereafter into poverty. When his father could not pay for schooling, William was apprenticed by a pawnbroker.",0,0,1,"**Analyzing the Context for Information on the Salvation Army's Name Change**

Okay, so the task is to determine if this snippet about William Booth's early life tells me anything about when ""The Christian Mission"" became ""The Salvation Army."" Right off the bat, I can see this is a pretty straightforward information retrieval task. My expertise here isn't necessarily in Salvation Army history, but I *am* an expert in understanding context and identifying relevant information.

Let's break this down. The question is explicitly about a *name change*. The provided context discusses Booth's birth and early years. It's a biography snippet. Logically, those details are unlikely to contain the specifics of a later organizational naming decision. I'm looking for a date, a transition, *something* that connects those two names. It's simply not there. The prompt's question is ""Can the question be answered based on the available context?"". My professional judgment says, definitively, **no**. The context is simply insufficient. Therefore, the score is zero. It's that simple. Moving on.


","**My Reasoning on the Question**

Okay, here's how I'm breaking this down. The question is a straightforward ""yes/no"" verification: ""Does the information specify when The Christian Mission officially adopted the name 'The Salvation Army'?"" The given context is all about William Booth's early life. It doesn't mention either organization's name change at all. At first, I was thinking it's a simple no, but then I realized it is a test of whether it answers the specific question, and the question is, in effect, about the absence of information.

The crux of this is that the question *itself* is about the information presented, not about the underlying historical fact. We aren't being asked ""What year did they change names?"" We are being asked ""Does the text *tell us*?"" and the answer is a clear ""No.""

Initially I'm thinking, is this a meta-question, or a straightforward question/answering one? The question is about the *specificity* of the information in the context, so ""No"" is accurate. This is more about evaluating the text than about providing historical information.

So, since it directly asks if the information *specifies*, and the answer is ""no,"" then it is fully answered based on the context. If the question were ""What year was it established"", or any question that requires a fact, I'd say the context wasn't sufficient. But this question is explicitly about whether the *information* provides an answer, and that is a test I can answer definitively.

Therefore, the answer is complete, relevant, and accurate, and I am confident in my answer.


",Meta-Reasoning Fallacy,"Model B over-analyzed the task prompt, confusing the meta-evaluative question ('Does the text specify the information?') with the actual information retrieval goal. It mistakenly concluded that because it could definitively answer 'no' to whether the information was present, the document fully resolved the query and warranted a positive relevance score."
489204,6581779,489204,Injuries or abnormalities of the right side kidney usually cause pain on the right side of the waist as well. Various infections of the kidneys and kidney stones formed from excess calcium or uric acid are also connected to pain in lower abdomen and the lower back.,1,1,0,"Okay, here's my assessment of this case, thinking through it as if it were a consultation:

**Analysis of Pain Etiology – Limited Data, Zero Answer**

Right, the question here is whether this patient's pain has a cyclical pattern, or if it's connected to their pregnancy status. Straight away, the problem is the information provided. I'm seeing details about a right-sided kidney issue. We're talking injuries, potential abnormalities, possible infections, and of course, the ever-present threat of kidney stones. All of these *could* lead to lower abdominal and lower back pain, which is consistent with the presentation.

However, and this is the critical point, none of that provides me with a shred of data on *cyclical* pain patterns, nor any mention of the patient's pregnancy status, which is fundamental to an accurate diagnosis. It's a fundamental deficit that I need to point out.

Therefore, given the information, I can't even begin to answer the question posed. My grade is automatically a zero. We need a completely different, and more detailed, history to proceed.


","**Analyzing the Patient's Pain - A Quick Assessment**

Okay, so we're looking at a patient experiencing pain in their right waist, lower abdomen, and lower back. The clinical picture immediately points towards a possible renal involvement – kidney injury, abnormalities, or even kidney stones are all prime suspects given the location. The key question we need to address is whether this pain presents cyclically, which could point towards issues like menstrual cycle-related pain if the patient is female, or if the pain is associated with their pregnancy status.

However, the provided context is frustratingly silent on those crucial details! There's absolutely nothing in the information given that addresses the cyclicity of the pain or whether the patient is pregnant. Without that data, any further deduction would be pure guesswork, which is just not good practice. Therefore, based purely on the inadequacy of the provided information, I have to give this a resounding zero. We need more data.


",Hallucinated Requirement,"Both models hallucinated external constraints regarding cyclical pain and pregnancy status (likely from an unstated or misattributed query context), but Model B strictly penalized the document for not addressing these imagined criteria, ultimately returning an irrelevant score of 0 instead of recognizing the passage's relevance to the underlying topic."
87181,4786305,87181,"Definition and Etiology. Hypertrophic cardiomyopathy (HCM) is defined as hypertrophy of the myocardium more than 1.5 cm, without an identifiable cause (Figure 1). Other causes of left ventricular (LV) hypertrophy, such as long-standing hypertension, amyloidosis, and aortic stenosis must first be excluded before HCM can be diagnosed.",2,2,1,"**Evaluating the Context: Detailing Afterload Elevation Mechanisms**

Okay, let's break this down. My task is to figure out if the provided text sufficiently answers the question: ""Are chronic afterload elevation mechanisms detailed?"" I need to evaluate the context to see if it explains *how* chronic afterload rises.

Initially, I see the context mentions things like myocardial hypertrophy, hypertension, amyloidosis, and aortic stenosis. My first thought was, ""Does this *detail* the mechanisms?"" The answer is clearly no. The context only uses these conditions as exclusionary examples or considerations, not as detailed explanations.

Wait a second. I need to be precise here; I'm evaluating the *context's* ability to answer the question, not necessarily the presence or absence of afterload mechanisms in the world. So, does the context detail those mechanisms? No. So far so good.

Now, a standard evaluation task would be: Can we get to an answer from this context? The question ""Are chronic afterload elevation mechanisms detailed?"" is a simple yes/no question in this case. The answer is ""No, they are not detailed."" That should be the end of the analysis.

But wait, this is a bit nuanced, so I must consider this. In automated grading scenarios (RAGtriad / TruLens / RAGAS / Canvas), a lack of information in the context usually earns a 0 or 1 score. Looking at the context again, it mentions hypertension and aortic stenosis; these *are* related to increased afterload. But critically, the *mechanisms* themselves aren't explained.

So, the question is: Does the context answer the question? The context doesn't detail the mechanisms. Therefore, the answer is ""No"" (or the context doesn't contain the answer). The context provides 0/minimal information detailing chronic afterload elevation mechanisms, so the grade is 0 (or possibly 1 in some scoring systems where the lack of an answer is considered a low-score). The context doesn't contain the answer, and it doesn't give me the tools to derive it, so a 0 is the most appropriate score in most evaluation schemes.


","**Analyzing the Depth of Detail Regarding Chronic Afterload Elevation Mechanisms**

Okay, so the question is whether the provided text details chronic afterload elevation mechanisms. My initial thought is to quickly scan the context for those mechanisms. The text defines hypertrophic cardiomyopathy (HCM) and mentions conditions like hypertension and aortic stenosis as potential causes of left ventricular hypertrophy, but *does* it delve into the mechanisms themselves? No, it doesn't.

Now, usually, when a question asks if something is ""detailed,"" a simple ""No, the context doesn't detail them"" would suffice. However, I need to consider how this kind of evaluation is typically scored. Often, a complete lack of information warrants a low score – maybe a 0 or 1, if the text doesn't even touch on the subject.

The question ""Are chronic afterload elevation mechanisms detailed?"" seems straightforward. Since the context *doesn't* detail them, the answer is technically ""No."" But the real test here is whether the text provides *enough* information for a definitive answer. Does the context offer even a partial explanation? Nope, it doesn't. It's almost as if the question is asking a binary 'yes' or 'no', although the QA in question needs to be more specific.

But hang on. This is a QA evaluation, and often a score of 0 indicates that the answer is completely missing or irrelevant. In this scenario, chronic afterload elevation is not even mentioned! So, I'm leaning toward a score of 0. I will not give it a simple ""No"" because this answer may be misleading. It's not a matter of the information being *absent*, but completely *irrelevant*, as there's absolutely nothing to answer in this context. It's not applicable!


",Failure to Recognize Related Concepts,"While both models evaluated the passage against chronic afterload elevation mechanisms, Model A recognized that hypertension and aortic stenosis are directly related to increased afterload. In contrast, Model B failed to connect these conditions to afterload, erroneously declaring the document completely irrelevant and awarding a lower score."
527433,6215001,527433,"Dysarthria is a term used for a group of speech disorders caused by weakness, paralysis, rigidity, spasticity, sensory loss, or incoordination of muscle groups responsible for speech. All of the following Speech Disorders are caused by a pathology affecting the nervous system. Most neurogenic speech disorders fit into one of the dysarthria types.",1,1,0,"Here's my thought process, as if I were analyzing this:

**Initial Assessment: Question and Context**

Okay, the question is pretty straightforward: it wants to know if the provided information explicitly links dysarthria types to specific Cerebral Palsy subtypes (spastic, dyskinetic, or ataxic). My initial read of the context reminds me about dysarthria in general, and neurogenic speech disorders – important background for sure. But, I don't see anything *specific* about those dysarthria types tied to those CP subtypes.

**Digging Deeper**

I need to confirm if I can get an answer from the context provided, I need to evaluate the context carefully. Does it *implicitly* contain the information? Perhaps a subtle clue? Nope. It's missing that crucial piece of the puzzle. I'm focusing on ""correlating with."" This seems to be a very direct question of cause or association, and I'm not seeing any such information.

**Conclusion**

Alright, the context, as it stands, doesn't offer the necessary details to answer the question directly. There is a lack of information to correlate dysarthria to specific subtypes of Cerebral Palsy. That means the answer isn't in there (or the context is not sufficient), so the answer, in my professional opinion, would be a zero on this particular query.


","**Analyzing the Context for Specificity**

Okay, so the context is laying out what dysarthria *is* – weakness, paralysis, you know the drill – and how it relates to nervous system issues. The question's asking if the text connects specific dysarthria types to spastic, dyskinetic, or ataxic CP subtypes. Hmm, let me see... Nope, the context doesn't even *mention* CP subtypes, not at all! So, can I answer the question based on what's given? Well, the context clearly doesn't provide the information needed to say *yes*, it does detail it... but typically these kinds of prompts are asking if the context gives the information needed. It's a binary question... does the context give the answer to the question? The question asks whether the text *details* the types, and the text *does not* detail them. It's a zero. The context is completely devoid of that specific correlation. The answer is a resounding ""No."" Therefore, a grade of 0 is the most appropriate.


",Strict Answerability Assumption,"Model B regressed by treating relevance as a strict binary requirement for a complete answer rather than recognizing partial or topical relevance, explicitly justifying a score of 0 because the text does not directly answer the specific question."
87181,4639455,87181,"Glossary of Terms. Cardiac Hypertrophy. Cardiac hypertrophy is a thickening of the heart muscle (myocardium) which results in a decrease in size of the chamber of the heart, including the left and right ventricles. A common cause of cardiac hypertrophy is high blood pressure (hypertension) and heart valve stenosis.",1,1,0,"**Analyzing the Context: Chronic Afterload Elevation Mechanisms**

Okay, so the question is, ""Are chronic afterload elevation mechanisms detailed?"" Right off the bat, my gut says ""no."" The context mentions cardiac hypertrophy and gives a basic definition, along with the usual suspects for causes – high blood pressure and valve stenosis. But it doesn't *actually* delve into the underlying mechanisms that lead to this chronic afterload elevation. It just names the conditions, without explaining *how* they cause the problem.

So, if I'm being asked if the context *details* the mechanisms, the answer is a clear ""no."" It's not in there. It's almost like an incomplete picture.

The context provides the definition and causes, but not the specific steps, signaling pathways, or physiological changes that constitute the ""mechanisms"" themselves. When evaluated for answering the question, then the context is missing information to fully answer it, so I'm thinking a grade of 0 or 1 is appropriate here.


","**Evaluating the Relevance of the Context**

Okay, let me break this down. The question is, essentially, ""Does this text detail mechanisms of chronic afterload elevation?"" I need to determine if the context provided actually answers that question. My initial read-through highlights concepts like cardiac hypertrophy, and mentions causes like high blood pressure and heart valve stenosis. Now, while those conditions are *related* to afterload, the text doesn't explicitly describe the mechanisms of chronic afterload elevation itself. It's more of a superficial association. In fact, afterload isn't even mentioned!

So, the immediate answer is *no*, the context doesn't detail those mechanisms. But, I need to make sure I'm interpreting the question correctly. Is it asking if the context *contains* the answer, or if it generally knows the answer, which would be normal. In typical QA retrieval scenarios, the provided context isn't expected to explicitly *contain* the answer, but to provide clues towards an external source.

Based on that, I can confidently assign a Grade 0. The context is completely irrelevant and insufficient for answering the question in any meaningful way. It's a non-starter.


",Ignored Partial Relevance,"Model B recognized that the conditions mentioned (hypertension, valve stenosis) are related to afterload, but applied an overly strict, all-or-nothing standard because the specific term 'afterload' and detailed mechanisms were not explicitly detailed, dismissing topical relevance entirely and rating it a 0."
527433,6038411,527433,"Cerebral palsy (CP) refers to a group of chronic, nonprogressive disorders of movement, posture, and tone due to central nervous system damage before cerebral development is complete. The prevalence of CP is approximately 2 per 1,000 live births. The different types of CP vary from series to series, with the spastic type being the most frequent, while periventricular leukomalacia and/or cortical/cerebral atrophy represents the main neuropathological correlates [1].",1,1,0,"**Analyzing the Context for Dysarthria Information**

Okay, so the prompt is asking me if this text provides specific details about dysarthria types and how they relate to different Cerebral Palsy (CP) subtypes – spastic, dyskinetic, and ataxic. Let me see... the text mentions CP subtypes, noting that spastic is the most common, but, hold on a second... there's *no* mention of dysarthria at all. Nothing. Not a word.

Now, am I being asked if the *context* itself answers the question directly, or is this about evaluating a possible *answer*? I need to stay focused on what the prompt wants me to do. It says: ""Can the question be answered based on the available context? choose one:"" So it is about the *context* alone.

Right. So, if the specific question is ""Does the information detail specific dysarthria types...?"", the answer is a resounding ""No."" The context is silent on dysarthria. It doesn't even touch on it. Therefore, there's no way to answer the question, or the answer is a clear ""No"" if asking a meta-question about the availability of the information. No information about dysarthria, and hence no correlation with CP subtypes can be found in the text. I'm going to have to grade this as a 0 – the context is completely irrelevant to the question.


","**My Assessment of the Question's Answerability**

Okay, so the question is asking if the provided information correlates specific types of dysarthria with spastic, dyskinetic, or ataxic CP subtypes. My initial thought is that the context mentions cerebral palsy, its prevalence, and that spastic CP is the most common subtype, and even touches on neuropathological correlates. However, and this is crucial, it makes *no* mention of dysarthria or different dysarthria types whatsoever.

So, the question is, can I answer the question based on *this* available context? Let's clarify; if the question is simply ""Does the information detail specific dysarthria types...?"", the answer is a straightforward and unequivocal ""No, it does not.""

But, I need to parse the *intention* of the question as I've seen in these sorts of QA evaluation tasks. Am I simply answering a direct, factual query about what the context contains? Or, is it a topical question - can the information, in its entirety, be used to arrive at a conclusion of whether various dysarthria types can be associated with certain CP subtypes? Because the context is silent on dysarthria, it's pretty clear that, from a topical perspective, it can't.

Considering how these questions are typically graded, I can definitively say that the context *does not* detail the information the question is asking for. Therefore, I can answer ""No, the information does not detail..."" and likely score it a zero. The context simply lacks the necessary data points.


",Overly Strict Relevance Criteria,"Model B over-analyzed the topical absence of a specific sub-concept (dysarthria) and strictly concluded that the lack of exhaustive detail rendered the document completely irrelevant (score 0), whereas the context broadly discusses Cerebral Palsy subtypes and retained sufficient baseline relevance to warrant a positive score (score 1)."
131843,7176532,131843,"SPC Convective Outlook Products Page Severe weather, tornado, thunderstorm, fire weather, storm report, tornado watch, severe thunderstorm watch, mesoscale discussion, convective outlook products from the Storm Prediction Center. weather.gov",1,1,0,"**Analyzing the Context for Scope and Issuing Authority**

Okay, so the prompt is asking if the provided context specifies the issuing authority and geographical scope. Let's break this down. The context mentions ""SPC Convective Outlook Products Page"" and lists various SPC products, all hosted on weather.gov. Alright, the issuing authority seems pretty clear: the Storm Prediction Center (SPC) and by association weather.gov. That's a check.

Now, the geographical scope... Hmm. It's not explicitly stated. The mention of weather.gov *implies* the United States, but it doesn't *define* a specific geographical boundary. We're left to infer based on the website. The question is, does the context directly answer the question of geographical scope, or does it leave us guessing?

So, while the context *does* mention the issuing authority – the SPC – it's somewhat vague on geographical scope. The question is answerable, at least partially. I can say, definitively, the SPC is the issuing authority. I can also say the geographical scope is *implied* by the weather.gov domain but not explicitly stated. It seems like the context allows me to answer the question, but the answer isn't *complete*.

Let's evaluate how well the context allows me to answer the question. This is where I have to be careful. The context gives a partial answer, so this isn't a ""completely unanswerable"" situation. It's not a complete answer either. Based on the grading scale, a grade of 3 for partially relevant/complete seems right. A grade of 2 would be limited, and I'd say that is less accurate. Therefore, I will grade the answer as a 3.


","**Analyzing the Context: Authority and Scope**

Okay, so I'm looking at this text snippet: ""SPC Convective Outlook Products Page Severe weather, tornado, thunderstorm, fire weather, storm report, tornado watch, severe thunderstorm watch, mesoscale discussion, convective outlook products from the Storm Prediction Center. weather.gov"". The question posed is whether this context specifies both the issuing authority and the geographical scope of these products.

Let's break it down. The issuing authority, clearly, is the Storm Prediction Center (SPC), and we also have ""weather.gov"" which points to the NOAA. That's a definite yes – the authority is explicitly stated.

Now, the geographical scope. Hmm... it doesn't *explicitly* spell it out. I don't see anything in the context that gives me a clear indication of a particular region or area covered. Therefore, no, the geographical scope is not specified within this text.

Considering the question is whether both are specified, with a definitive ""yes"" for one and ""no"" for the other, I would conclude that we can answer the question. It's not a complete specification. My score would be a 5 (or perhaps a 4), as the context provides enough information to answer definitively yes or no (even if it's both).


",Score Inconsistency,"Model B concluded in its internal reasoning that the document was sufficient to answer the question, suggesting a high score of 4 or 5, but then inexplicably output a final score of 0, creating a direct contradiction between its reasoning and its final rating."
1124210,2608221,1124210,"Lignin fills the spaces in the cell wall between cellulose, hemicellulose, and pectin components, especially in xylem tracheids, vessel elements and sclereid cells.",1,1,0,N/A,N/A,Failure to Resolve Identifier,"Model B likely treated the numeric query '1124210' as uninterpretable noise or relied strictly on surface lexical matching, failing to recognize it as an identifier or concept reference corresponding to the biological content in the document."
87181,47212,87181,"Ventricular hypertrophy. Ventricular hypertrophy (VH) is thickening of the walls of a ventricle (lower chamber) of the heart.[1][2] Although left ventricular hypertrophy (LVH) is more common, right ventricular hypertrophy (RVH), as well as concurrent hypertrophy of both ventricles can also occur.",1,1,0,N/A,N/A,Unrecognized Entity Identifier,"The query consists of a numerical entity/page identifier (Wikipedia page ID 87181 corresponds to Ventricular hypertrophy). Model B failed to recognize or resolve the identifier to the underlying entity and judged it as irrelevant due to lexical mismatch, whereas Model A correctly identified the match."
1113437,2001933,1113437,"a: any of a genus (Picea) of evergreen trees of the pine family with a conical head of dense foliage, flat or 4-sided needles, pendulous cones, and soft light wood b: any of several coniferous trees (as Douglas fir) of similar habit. 2. : the wood of a spruce. See spruce defined for English-language learners.",1,1,2,"**Analyzing the Context for ""Persistent Sterigmata""**

Okay, the prompt wants to know if the context *explicitly* addresses ""persistent sterigmata"" on twigs. Let's see... the context defines *Picea* (spruce), focusing on its overall characteristics: evergreen nature, conical shape, needles, cones, and wood. *Nowhere* in that definition is there any mention of twigs or, crucially, persistent sterigmata. So, based purely on the given information, there's absolutely nothing to go on. This is pretty straightforward.

Now, wait a second, let me check the rating scale for the answer. The prompt asks if the *question* can be answered based on the context. Okay, this sounds like I'm supposed to be evaluating whether the information is available, not providing an answer myself. Usually, these questions either want me to evaluate a hypothetical answer, or assess if the prompt itself can be answered.

Therefore, since the context is silent on the topic of ""persistent sterigmata,"" the context offers no information to help with this question. A rating of zero is appropriate.


","**Analyzing the Inquiry: Persistent Sterigmata**

Okay, so the prompt is straightforward: ""Are persistent sterigmata explicitly described on the twigs?"" and I have to assess if the provided context answers the question. The provided context dives into spruce trees and their characteristics, things like the general shape, needles, cones, and wood properties. It even mentions Douglas fir for comparison. Now, does any of this even *mention* sterigmata? Nope, not a peep. 

The question's pretty clear; can the available information definitively answer the central question about twigs and sterigmata? The prompt forces me to give a grade, specifically from 0 to 5, reflecting the ability of the material to provide a direct answer. Considering the complete lack of information on the subject of sterigmata, I have to conclude that the provided text simply cannot address the question. My response is a zero.


",Score-Reasoning Inconsistency,"Both models concluded in their reasoning that the text provided zero relevant information, but Model B suffered from an internal contradiction between its reasoning and final output, assigning a score of 2 despite concluding 'My response is a zero'."
156493,1960259,156493,Genetics are the predetermined factor in how big your fish will grow. Goldfish sold as tank suitable will grow to about 10 inches while those sold as pond suitable will reach a maximum of about 18 inches.,2,2,1,N/A,N/A,Unresolved Query ID / Dataset Artifact,"The query '156493' represents a raw dataset query ID (corresponding in MS MARCO to a question about goldfish size/growth) rather than natural language text. Model A was able to resolve or appropriately associate the query ID with the relevant document content, whereas Model B failed to handle this artifact and downgraded the relevance score."
156493,3288595,156493,"A Goldfish will grow quicker if you increase its metabolism slightly. This can be done by keeping the water at summer temperatures of around 65F to 70F. Goldfish kept at this higher temp will also need added space (2 gals per inch of fish), air bubbles and a really good filtration system.",2,2,1,N/A,N/A,Failure to Recognize Query Identifier,"The query '156493' is a dataset query ID (likely from MS MARCO) rather than natural language text. Model A likely recognized the benchmark artifact or associated the ID with the underlying goldfish query topic, whereas Model B downgraded the passage due to a lack of literal lexical or semantic match with the numeric ID."
131843,988472,131843,"Note that a watch is not required for a warning to be issued; tornado warnings are occasionally issued when a tornado watch is not active (i.e. when a severe thunderstorm watch is active, or when no watches are in effect), if a severe thunderstorm develops and has a confirmed tornado or strong rotation.",1,1,0,N/A,N/A,Strict Keyword Matching,"The query appears to be an unexpanded numerical identifier or artifact ('131843') rather than natural language. Model B failed by relying strictly on literal lexical matching and scoring it 0 due to the absence of the digits in the text, whereas Model A aligned with human judgment by recognizing or accommodating the implicit benchmark context."
1133167,6103292,1133167,"Averages for Montego Bay in September. Although we class September in Jamaica as typically Autumn, it's a ridiculous statement considering the temperatures only seem to fluctuate by a degree or so from the height of classical summer.",1,1,0,N/A,N/A,Over-reliance on Lexical Matching,"The query consists solely of an ID number ('1133167') from the benchmark dataset without semantic search keywords. Model B failed to recognize the identifier/passage lookup context and penalized the document for having zero lexical overlap, whereas Model A properly evaluated or accepted the ID-based match."
182539,8757178,182539,Monotonic Function. A monotonic function is a function which is either entirely nonincreasing or nondecreasing. A function is monotonic if its first derivative (which need not be continuous) does not change sign.,1,1,0,N/A,N/A,Literal Semantic Over-reliance,"The query appears to be an unmapped numeric query ID or benchmark artifact (e.g., from MS MARCO) rather than natural language text. Model B strictly evaluated semantic and lexical overlap between the number and the text about monotonic functions, scoring it 0, whereas Model A recognized or tolerated the benchmark identifier structure corresponding to the passage."
573724,6084690,573724,Abstract. This paper looks at New Zealand perceptions of poverty and inequality and the implications for health and social outcomes. Changes in economic and social policies have contributed to increased economic and social inequalities in Aotearoa New Zealand over the past 20 years.Research shows that such inequalities have strong implications for health and social outcomes.hanges in economic and social policies have contributed to increased economic and social inequalities in Aotearoa New Zealand over the past 20 years. Research shows that such inequalities have strong implications for health and social outcomes.,0,0,1,N/A,N/A,Hallucinated Relevance,"The query consists solely of an arbitrary numeric identifier ('573724') that is entirely absent from and unrelated to the document about poverty and inequality in New Zealand. Model B improperly assigned positive relevance to a completely disconnected query, whereas Model A correctly rated it as 0."
87181,8165404,87181,"The enlarged left ventricle can: Weaken; Stiffen and lose elasticity, preventing the chamber from filling properly and increasing pressure in the heart; Compress the chamber's blood vessels (coronary arteries) and restrict its supply of blood; As a result of these changes, complications of left ventricular hypertrophy include:",1,1,0,"**Evaluating the Context's Relevance to the Question**

Okay, so the task is to determine if I can answer the question ""Are chronic afterload elevation mechanisms detailed?"" using this provided context. My immediate assessment is that the context doesn't *directly* detail these mechanisms. It talks about an enlarged left ventricle, and some of the consequences, which could potentially *result* from afterload elevation, but doesn't explicitly discuss the *mechanisms* themselves.

Initially, my instinct is to simply say ""No, they are not detailed."" However, I need to be more precise in my evaluation. I have to assess whether the context allows me to answer the question, even if the answer is negative.

The question is a meta-question: ""Are they detailed?"". So, if the context fails to provide details, then the context supports a ""No"" answer.

In QA evaluations, a lack of information usually results in a low score, or even a zero, because the context doesn't support the answer, but the question is if the context supports *an* answer.

The context mentions changes associated with left ventricular hypertrophy. But, it does *not* talk about the mechanisms of chronic afterload elevation. So, technically, based on the context, I cannot answer the question about chronic afterload elevation mechanisms. Thus, I'm going to assign a zero to this, as the context fails to provide the relevant details, thus I cannot answer the question.


","Okay, here's my assessment of that question and context, keeping in mind my expertise in this area:

**Assessment of Afterload Elevation Mechanisms**

Alright, the question is straightforward: *Are chronic afterload elevation mechanisms detailed?* I immediately think about what defines afterload – the force the left ventricle has to work against during ejection. The context, however, merely mentions the consequences of an *enlarged* left ventricle. It talks about its potential effects: weakening, stiffening, and the compression of coronary arteries, alongside complications stemming from left ventricular hypertrophy.

My critical thinking then guides my thoughts to the conclusion that this context doesn't actually **explain** *how* chronic afterload gets elevated in the first place, or detail the specific mechanisms driving that elevation. It describes the *result* of elevated afterload, but not the *process*. Essentially, this section is a description of the downstream effects, not the upstream causes. It's missing the critical pathophysiology. Therefore, based on the provided material, the question absolutely *cannot* be answered affirmatively. Consequently, my grading would be a resounding 0.


",Demanded Affirmative Answer,"Model B penalized the document because it could not be used to answer the question affirmatively ('cannot be answered affirmatively'), demanding explicit upstream mechanisms rather than recognizing the document's topical relevance to afterload consequences (left ventricular hypertrophy)."
962179,6901240,962179,Smith and Yandle offer a compelling illustration with their story of the Baptist (Methodist) and bootlegger (bar owner) coalition that opposed the Salvation Army in London in the late nineteenth century.,0,0,1,N/A,N/A,Hallucinated Relevance,"The query consists solely of an arbitrary numeric identifier ('962179') with no semantic relationship or keyword match to the document. Model B incorrectly assigned positive relevance where no connection exists, while Model A correctly evaluated it as completely irrelevant (0)."
833860,1026570,833860,"Some of the most common foods eaten in Italy include cheese, pasta, rice, cured meats and vegetables. Food choices in the country also vary by region.",0,0,1,"Here's my assessment of the situation:

**Analysis of ""Popular"" within the Italian Food Context**

Okay, so the core issue here is the definition of ""popular."" The question hinges on how we're measuring popularity – is it based on how often people eat a dish (frequency), how culturally recognizable it is (recognition), or maybe just straight-up sales figures (volume)? The provided context, however, is silent on this crucial point. It gives a general overview of Italian foods and touches on regional differences, but it completely sidesteps the *criteria* for determining what constitutes ""popular"" in this context. Without a definition, or even a hint of one, there's absolutely no way to formulate a reasonable answer. The context simply doesn't provide the necessary information to address the question as it's been posed. Thus, the assessment results in a zero.


","Here's my assessment of the situation:

**Analysis of ""Popular"" in the Italian Food Context**

Okay, so the question is straightforward: how are we *defining* ""popular"" in this context? Are we talking about how often something's consumed, its cultural impact, or maybe just sales figures? The provided context gives me a list of common Italian foods – cheese, pasta, rice, cured meats, and vegetables. It also acknowledges regional variations in food choices, which is important. However, and this is crucial, the text **completely fails** to define ""popular"" or even allude to any kind of criteria that we can assess against. It's a fundamental lack of information. Therefore, I can't even begin to answer the question as it's currently posed. The context is insufficient for any meaningful analysis, which means I have to give it a big, fat zero. It’s like being asked to measure something with no ruler.


",Score-Reasoning Contradiction,"Model B's internal chain-of-thought explicitly concludes that the document warrants a 'big, fat zero' due to insufficient information, but it erroneously outputs a score of 1, contradicting its own reasoning."
156493,6139387,156493,"Goldfish get big (usually around 20cm, but fancy varieties normally get to a smaller size like 15cm) and can live 15-30 years. Sadly, millions die each year due to improper care and myths (goldfish bowls, etc). Be kind to your fish and your fish will live a long, long time.",2,2,1,N/A,N/A,Literal Keyword Matching,"The query appears to be an unexpanded benchmark query ID rather than a natural language question. Model A correctly identified the high relevance of the document (likely through learned associations or semantic grounding of the ID context), whereas Model B regressed by treating the numerical string literally or under-scoring the passage due to the lack of explicit keyword overlap."
156493,1101607,156493,"Goldfish can live for many years if properly cared for, a bowl is not large enough. My goldfish lived 10 years in a 27 gallon tank but may have lived longer in a pond. 1 liter won't be enough - goldfish can grow to 10 inches long or even larger than that. Thanks guys I was so worried but not anymore.",2,2,1,N/A,N/A,Failure to Resolve Query ID,"The query represents an MS MARCO dataset identifier (qid: 156493, 'how long do goldfish live'). Model A successfully resolved the ID or matched the implicit benchmark context to evaluate the goldfish lifespan passage as highly relevant, whereas Model B likely evaluated the numerical query literally or penalized the lack of exact lexical overlap."
1106007,4382104,1106007,"Somatic pain and visceral pain are actually two very different types of pain. Somatic pain comes from the skin and deep tissues, while visceral pain comes from the internal organs. Both somatic pain and visceral pain are detected the same way. Nociceptors, or pain-detecting nerves, send an impulse from the painful site up through the spinal cord and to the brain for interpretation and reaction.",0,0,1,N/A,N/A,Hallucinated Relevance,"The query consists solely of an unexplained numeric identifier ('1106007'), which has no explicit semantic connection to the passage about somatic and visceral pain. Model B erroneously assigned relevance to a document that has no clear or verifiable relation to the query."
156493,26129,156493,"If you’re not interested in breeding your goldfish then you should keep your temperature at a steady temperature all year round. A tank temperature of approximately 23°C/74°F will be high enough to encourage a good rate of growth in your goldfish, without being so high that your goldfish become stressed.",2,2,1,"**Analyzing the Context's Relevance to Age-Dependent Growth Rates**

Okay, the question is asking if the provided context quantifies age-dependent growth rate changes. The context seems to be about temperature and goldfish growth, which is a good starting point, but I'm not seeing any actual quantification of how growth rates change *specifically* with age. It's a key distinction.

The prompt is directly asking if the question can be answered from the context. It's not about if the *answer* is directly given, but whether the information needed to form an *answer* is present. Based on the usual framework for these evaluation tasks, they're typically looking at how well the context allows me to answer the question, or if any answer derived from the context resolves the original query.

So, if the context is silent on *age-dependent* growth rates – and it is – then the question ""Does it quantify age-dependent growth rate changes?"" is a hard ""No."" The context simply doesn't address that aspect. Thinking about it in standard retrieval-QA terms: Can the question be answered based on the available information? Nope. The information isn't there.

Therefore, the only reasonable grade is a zero. The context is completely unhelpful, irrelevant, and insufficient.


","**Analyzing the Relevance of Context**

Okay, so the user's question is pretty specific: ""Does it quantify age-dependent growth rate changes?"" My initial assessment is, can I even answer this question given the context provided? The context seems to be about maintaining a Goldfish tank at a specific temperature to optimize growth – around 23°C/74°F. That's it.

Let me break this down further. The question's asking if *something* (""it"") quantifies these age-related growth changes. Does the context provide any information regarding this ""it"", or quantifying these changes? Nope. It's completely silent on the topic of age-dependent growth. It's not discussing some study, model, or any kind of analysis. It doesn't discuss growth patterns with respect to age, or how any such patterns are measured.

Therefore, considering the information I've got, the context doesn't provide any usable information. It's irrelevant to answering the core question. I'll have to give this a score of zero. The context is simply not relevant.


",Score-Reasoning Inconsistency,"Both models hallucinated a specific question from the query ID ('Does it quantify age-dependent growth rate changes?') and concluded in their reasoning that the text deserved a score of zero. However, their numerical outputs contradicted their written rationale: Model A ultimately emitted the correct score of 2, whereas Model B regressed by outputting an uncalibrated score of 1."
405717,5079486,405717,"Transport to and from Orly. The distance from Orly to central Paris (75001) is roughly 19 km or 12 miles (consult travel times for each arrondissement, or neighborhood). From Orly to Roissy-CDG is approximately 41 km (26 miles), and Orly to Disneyland is about 49 km (30 miles). There are a number of options for transferring from the airport to the City of Paris (postal codes 75001-75020), or to Roissy-CDG for connections with international flights.",0,0,1,N/A,N/A,Hallucinated Relevance,"The query consists solely of the number '405717', which has zero connection to the document about airport transportation in Paris. Model B likely established a spurious match with numbers or postal codes mentioned in the document and incorrectly awarded relevance."
1133167,4926199,1133167,"The Ocho Rios, Jamaica climate guide is perfect for planning your holiday. Monthly weather averages give the best indication of what the weather is usually like for every month of the year including figures for temperature, rainfall and sunshine.",1,1,0,"Here's my assessment of the situation:

**Analysis of the Ocho Rios Weather Query**

Okay, so I've been given a question about the current weather situation in Ocho Rios. I immediately zero in on the provided context, which seems to be some kind of climate guide or historical average data. However, after careful review, I see it's missing the critical piece of information: any real-time, active weather advisories or warnings. It's frustrating, actually. Historical averages are great, but they don't tell me what's happening *right now*. For all I know, a hurricane could be bearing down on the place, and this ""context"" would be utterly useless. Therefore, given the information at hand, I simply can't answer the question accurately, or responsibly. The context, as presented, fails to provide the relevant data needed to make any sort of determination. I have to assign this a grade of zero, based on the information provided.


","Here's my assessment of the situation:

**Analysis of the Severe Weather Inquiry**

Okay, the query is straightforward: ""Are there any active severe weather advisories out?"" My initial reaction is to analyze the provided context. I see a climate guide and monthly weather averages for Ocho Rios, Jamaica. However, the context is strictly focused on historical weather patterns. I'm not seeing *anything* about real-time, active advisories. Therefore, I can't possibly answer the question with the information at hand. It's a clear miss; the context just doesn't address the core inquiry. I'm going to have to grade this as a solid zero. It's a basic mismatch between the query and the available data.


",Hallucinated Query,"Model B completely hallucinated the query text as 'Are there any active severe weather advisories out?', leading it to incorrectly conclude that the historical climate guide was completely irrelevant and grade it a 0."
131843,8710812,131843,"This enhancement is in addition to the weather information already available such as NEXRAD Radar, METARs and TAFs displayed in text and graphic formats, panable weather maps, infrared and visible satellite loops, lightning data, SIGMETs, AIRMETs, PIREPs, NOTAMs, winds aloft and more.",1,1,0,"**Evaluating the Context for Answerability**

Okay, let me think. The core of this is figuring out if I can definitively answer the question: ""Does it specify the issuing authority and geographical scope?"" The context throws out a bunch of weather information types – NEXRAD, METARs, TAFs, SIGMETs, AIRMETs, all familiar terms – but it’s silent on *who* issues this stuff and *where* it applies.

Wait a second, can I even *answer* the question? It's asking if the context *specifies* something. Given what I've read, the immediate response is ""No, the context does *not* specify the issuing authority or geographical scope."" Simple enough.

But then I start to overthink. ""The answer..."" in the prompt – is it about providing a *response*, or is the prompt implying that I'm assessing the *quality* of an answer? Generally, these evaluations are about whether the given information enables me to provide *an* answer at all.

If I'm asked, “Does it specify X?” and the context doesn’t include X, the correct answer is inherently ""No"". Therefore, based on the context, I can indeed provide a complete answer: 'No, it does not specify.' So, I am confident in my assessment. This is a clear case where the context allows for a definitive 'No' answer, warranting a Grade 5.


","Here's my assessment of the situation:

**Analysis of the Question and Context**

Okay, the core query is whether the weather information in question explicitly identifies both the issuing authority *and* the geographical scope. Looking over the context, which mentions things like NEXRAD, METARs, and TAFs, I can see that it describes the *types* of weather data available. However, there's absolutely no mention of who is *providing* this enhanced information, nor where it's applicable. The context is purely a list of weather data, not an actual source or coverage specification for an enhancement. Therefore, the information needed to answer the question isn't present. My conclusion is that a ""0"" grade is warranted because the prompt can't be answered by the available data.


",Conflating Negative Answer with Unanswerability,"Model B failed to realize that for a verification question ('Does it specify X?'), the absence of that information allows for a definitive, complete answer of 'No'. Instead, Model B conflated the lack of information about the topic with the document being unanswerable, mistakenly assigning a score of 0."
183378,1886705,183378,"potassium voltage-gated channel, Isk-related family, member 2. KCNE2 (NM_172201.1) encodes a voltage gated potassium channel protein (also called MiRP1) that assembles with the KCNH2 pore-forming protein (also called HERG) to alter its function.The KCNE2 gene contains 2 exons (1 coding exon) and is located at 21q22.Loss of function mutations in KCNE2 account for approximately 1% of all individuals with Romano-Ward syndrome, an autosomal dominant form of long QT syndrome (LQTS) (Splawski et al. 2000.he KCNE2 gene contains 2 exons (1 coding exon) and is located at 21q22. Loss of function mutations in KCNE2 account for approximately 1% of all individuals with Romano-Ward syndrome, an autosomal dominant form of long QT syndrome (LQTS) (Splawski et al. 2000.",0,0,1,N/A,N/A,Hallucinated Connection,"The query is an isolated numeric identifier ('183378') that does not appear anywhere in the document. Model B likely assumed an unverified external knowledge link (such as an OMIM or database ID) to the medical text, whereas Model A correctly identified that the document does not mention or verify the query identifier."
1133167,2613294,1133167,"This report describes the typical weather at the Sangster International Airport (Montego Bay, Jamaica) weather station over the course of an average November. It is based on the historical records from 1974 to 2012.",1,1,0,"Here's my assessment of the situation:

**Analysis of the Query Regarding Severe Weather Advisories**

Right, the query is specifically about *current* and *active* severe weather advisories. The context I've been given is historical weather data for Sangster International Airport, but that data covers a period from 1974 to 2012. It's retrospective. Crucially, there's absolutely nothing in this data feed that provides *real-time* or *current* advisories, warnings, or even the conditions that might trigger them. There's no synoptic analysis, no METARs, no satellite imagery, nothing. Therefore, based purely on this provided information, I can't possibly answer the question about *current* severe weather advisories. It's a fundamental mismatch between the prompt and the data. I'd have to grade that as a complete and utter zero. It's just not possible.


","Okay, here's my assessment of that query, rendered as a first-person account:

**Analyzing the Severe Weather Advisory Question**

Alright, let's break this down. The question boils down to: ""Is there an active severe weather advisory out *right now*?"" My expert eye immediately flags the key phrase ""active severe weather advisories."" Then I've got the context – historical November weather data for Sangster International Airport. My immediate assessment is that this context is irrelevant. We're talking historical averages spanning almost four decades, not real-time conditions or advisories. It’s a comparison that would be useless in this scenario.

The context provided gives historical averages. It doesn't contain a single shred of real-time information. It doesn’t mention any alerts, warnings, or watches currently in effect, or any information that would be pertinent. Since it lacks the necessary information about active weather advisories, I'm forced to conclude that the context *cannot* be used to answer the question, as it is, at the present time. The answer is a resounding ""0"" for relevance.


",Overly strict relevance criteria,"Both models hallucinated or inherited a premise that the query asked about active severe weather advisories; however, Model B strictly penalized the document for containing historical rather than real-time data and gave it a 0, failing to award credit for topical relevance to the airport's weather."
146187,6561118,146187,"Try limiting your meat, cheese and dairy intake to one item per meal and avoid items with multiple sources of cholesterol (like chicken with ham and cheese, breakfast sandwiches with sausage and cheese, or bacon cheeseburgers).",0,0,1,N/A,N/A,Hallucinated Relevance,The query is an arbitrary numeric string with no semantic connection to the dietary advice provided in the document. Model B failed to recognize the complete lack of relevance and incorrectly assigned a positive score instead of 0.
156493,2411918,156493,"Goldfish Size and Life Expectancy. If kept in a suitable environment, single tail goldfish normally grow to 10 inches (25cm) and can sometimes reach 12 inches (30cm). Fancy goldfish normally grow to 8 inches (20cm). The normal life expectancy of a single tail goldfish is about 20 years.f kept in a suitable environment, single tail goldfish normally grow to 10 inches (25cm) and can sometimes reach 12 inches (30cm). Fancy goldfish normally grow to 8 inches (20cm). The normal life expectancy of a single tail goldfish is about 20 years.",2,2,1,N/A,N/A,Strict Lexical Matching,"Model B likely downgraded the score because the query consists solely of an ID number ('156493') with no explicit textual overlap with the goldfish document, failing to capture the underlying benchmark mapping or latent relevance recognized by Model A and human raters."
87181,8332551,87181,"Ventricular hypertrophy is the thickening of the ventricular walls (lower chambers) in the heart. Although left ventricular hypertrophy is more common, enlargement can also occur in the right ventricle, or both ventricles. 1 Physiology.",1,1,0,N/A,N/A,Failure to Resolve Entity Identifier,"The query is a numeric identifier (such as a Wikipedia Page ID or database concept code) mapping directly to Ventricular Hypertrophy. Model B failed to resolve this identifier and dismissed the document due to the lack of surface-level lexical overlap, whereas Model A correctly recognized the relevance."
1133167,4467246,1133167,"The island has over 300 days of sunshine each year. Although officially in the hurricane belt, hurricanes rarely hit the Bahamas, they usually pass to the west and head towards the U.S. mainland or south towards Cuba and Jamaica. See climateandweather.com for more detail on the weather in the Bahamas.",1,1,0,N/A,N/A,Strict Semantic Matching,"Model B rejected the document because the query '1133167' consists solely of an opaque numerical ID with no visible semantic or lexical overlap with the text about the Bahamas, failing to preserve the ground-truth benchmark mapping."
182539,2909954,182539,"If the order ≤ {\displaystyle \leq } in the definition of monotonicity is replaced by the strict order < {\displaystyle <} , then one obtains a stronger requirement. A function with this property is called strictly increasing.",1,1,0,N/A,N/A,Literal Lexical Matching,"The query '182539' is a dataset passage identifier rather than a semantic search string. Model B likely penalized the document due to the absence of the literal number in the text, failing to recognize or handle the document ID retrieval context that Model A correctly evaluated as relevant."
1063750,2768426,1063750,"Woodrow Wilson’s second term in office was dominated by World War I. Although the president had advocated for peace during the initial years of the war, in early 1917 German submarines launched unrestricted submarine attacks against U.S. merchant ships.oodrow Wilson (1856-1924), the 28th U.S. president, served in office from 1913 to 1921 and led America through World War I (1914-1918).",1,1,0,"**Analyzing the Context for Specific U-boat Provocations**

Okay, so the question is asking me about *specific* U-boat provocations, going beyond the Lusitania incident, that ultimately nullified U.S. neutrality. Right, the context mentions ""unrestricted submarine attacks against U.S. merchant ships"" in early 1917. My initial thought is, does the context actually provide the names of specific ships, or specific incidents? It doesn't, other than the general policy.

Wait a minute, I need to focus. The prompt wants me to evaluate if the question is answerable *based on this given context*. Yes, the context *does* provide an answer, though it’s a general one: the launch of ""unrestricted submarine attacks against U.S. merchant ships."" It's not *specific* with names, but it does address the core of the issue.

Now to the rating. I'm considering if it's a 3 or a 4. Is the answer partially or mostly relevant and complete? It gives a general, partially complete answer, but with some noticeable gaps since no ships or details are given, which is a key part of the question. Given the ""noticeable gaps"" in the detail, I'm leaning toward a 3. The context does provide an answer, but it's not specific in the way that the question demands. Yes, I'll go with a 3.


","**Analyzing the Nuances of the Question and Context**

Okay, so the prompt wants me to identify specific U-boat provocations that violated US neutrality, *excluding* the Lusitania. The provided context points to ""unrestricted submarine attacks against U.S. merchant ships"" in early 1917. Hmm, that's broad. The context *doesn't* offer specific ship names like the *Housatonic* or *Algonquin* – the nitty-gritty details I'd expect to see.

Can I answer the question definitively based on *this* limited information? Not really. It gestures in the right direction, mentioning the *type* of provocation, but it's not specific enough to meet my standards. It's a broad category, an umbrella term, but not the concrete details.

Looking at the grading choices, I need to decide between 2 and 3. Considering the options: ""partially relevant and complete, with noticeable gaps"" (3) versus ""limited relevance and completeness, significant gaps"" (2), the first description seems more accurate. It's *partially* relevant because it touches on the right *type* of incident, but it has significant gaps because it lacks the specific names and dates I'd need. I lean towards 3.


",Overly Strict Specificity Requirement,"Model B demanded overly granular details (such as specific ship names like the Housatonic or Algonquin) and concluded that the passage could not definitively answer the question, ultimately assigning a score of 0 despite recognizing partial relevance in its deliberation."
962179,3896629,962179,"General Booth's death in 1912 was a great loss to The Salvation Army. However, he had laid a firm foundation' even his death could not deter the ministry's onward march. His eldest son, Bramwell Booth, succeeded him.",0,0,1,"**Assessing the Context's Sufficiency**

Alright, let's break this down methodically. My objective here is to determine if the given context allows for a definitive answer to the question: Did ""The Christian Mission"" officially become ""The Salvation Army""?

I'm carefully examining the provided information. I see mentions of General Booth's death in 1912, Bramwell Booth, and potentially other related figures or events, but... I'm not seeing the *critical* piece of data I need. The context, as it stands, completely neglects to state *when* the name change from ""The Christian Mission"" to ""The Salvation Army"" occurred.

Therefore, regardless of any other details presented, this context is fundamentally insufficient. It lacks the core piece of information necessary to determine the answer. I can't confidently answer the question because the crucial date is missing. The grade I assign to this context in terms of its ability to answer the question is a resounding zero.


","**Analyzing the Question and Context**

Okay, so the question is a straightforward yes/no: ""Does the information specify when The Christian Mission officially adopted the name 'The Salvation Army'?"" My initial thought is to quickly scan the context for that specific information. It mentions General Booth, his death, and his son, but nothing about *when* the name change happened. So, my immediate gut reaction is ""No, the information doesn't specify.""

However, I need to be precise. These prompts often test whether the context allows for an answer, not necessarily if it *directly* provides it. The question *itself* is about whether the *information* specifies, and the answer ""No, the information doesn't specify"" is a perfectly valid and accurate response to *that* question.

But wait, typically, RAG evaluations use a model where if the context doesn't contain the answer, it's a 0 or a 1. But in this case, the question's literally asking if the context has the content.

So, here's the nuance: the standard RAG evaluation would likely score this context low because it doesn't contain the answer to the underlying information need. However, the question itself is a meta-question, asking about the *presence* of the information, not whether the information is accurate.

And if we're evaluating based on whether the *context* can answer the question: 0 or 5? If the context completely lacks that specific detail, the context lacks the content, and it's a ""No."" My internal debate is whether to frame this as a test of the context's *content* or whether the *information need* can be answered. I think I'm leaning toward the former.

So, the question is ""Does the information specify?"" And the answer is ""No."" So, the answer to the question ""Does the context specify"" is a clear ""No."" And that is an accurate answer.


",Flawed Meta-Reasoning,"Model B overthinks the phrasing of the evaluation question, concluding that because the context allows one to answer 'No, the information is not specified,' it technically answers the question. It confuses answering a meta-question about information presence with actually satisfying the underlying information need, resulting in an incorrect score of 1 instead of 0."
1115776,4049233,1115776,"(e) management of the BSA/AML program by a qualified compliance officer, who is supported by adequate staffing levels and resources, and who is responsible for. overseeing and monitoring compliance by the New York Branch with all applicable BSA/AML. requirements and the institution’s internal policies and procedures.",0,0,1,N/A,N/A,Hallucinated Relevance,"The query is an isolated numeric identifier ('1115776') that does not appear anywhere in the document. Model B erroneously inferred or hallucinated relevance to an unrelated regulatory text on BSA/AML compliance, whereas Model A correctly recognized that there was no connection."
168216,1860841,168216,"While a majority of bacteria in the human body are countered by the immune system, there are a few that are pathogenic in nature. Pathogenic bacteria cause infectious diseases like leprosy, cholera, anthrax, and bubonic plague. They are also responsible for the spread of respiratory infections like tuberculosis.he disease spreads by inhaling the bacteria or through contact with a person suffering from the disease. Legionella also cause a flu-like illness called Pontiac fever. Yaws disease is a relatively lesser known disease caused by the bacteria Treponema pertenue.",1,1,0,"Okay, here's my assessment of the situation:

**Concerning the *Legionella* Question**

Right, so the provided context touches on *Legionella* and Pontiac fever, but it's completely silent on the specific virulence factors of *L. pneumophila* that are directly involved in causing pneumonia. The question, naturally, is asking for precisely those pneumonia-specific virulence factors, and the context *fails completely* to deliver. There's simply no information there to even begin to address the core of the query. Therefore, from an expert standpoint, I have to give this a resounding zero. It's a non-starter.


","**Assessing the Viability of the Question**

Alright, let's break this down. The user's question, ""What specific virulence factors of *L. pneumophila* are implicated in pneumonia pathogenesis?"" is the central point. I need to determine if this text segment provides a sufficient basis for a reasoned answer.

The context given mentions *Legionella* causing Pontiac fever, a flu-like illness. However, this is where the trail goes cold. There's absolutely *nothing* here about specific virulence factors of *L. pneumophila* or, crucially, their *role in pneumonia pathogenesis*. We're talking about a significant gap in the necessary information. Without that information, I'm essentially left guessing, which isn't the point of a reasoned assessment.

Therefore, given the absence of relevant information regarding virulence factors and their specific involvement in pneumonia, the context is entirely inadequate to address the question. My assessment is clear: a zero.


",Overly Strict Relevance Threshold,"Model B applied an all-or-nothing criterion, demanding a complete answer about specific virulence factors and pneumonia pathogenesis rather than recognizing the document's partial/topical relevance regarding Legionella."
87181,7203296,87181,Losartan is used alone or in combination with other medications to treat high blood pressure. Losartan is also used to decrease the risk of stroke in people who have high blood pressure and a heart condition called left ventricular hypertrophy (enlargement of the walls of the left side of the heart).,1,1,0,N/A,N/A,Unrecognized Domain-Specific Identifier,"Model B failed to recognize '87181' as a medication-related identifier (such as an NDC package segment or pill identification code associated with Losartan), incorrectly rejecting the document due to a perceived lack of lexical overlap."
1133167,4625148,1133167,"The Negril, Jamaica climate guide is perfect for planning your holiday. Monthly weather averages give the best indication of what the weather is usually like for every month of the year including figures for temperature, rainfall and sunshine.",1,1,0,"Here's my assessment of the situation:

**Analysis of the Provided Context**

Okay, so I've been given a text that's essentially a climate guide for Negril, Jamaica, with monthly weather averages. I'm looking for information on active severe weather advisories. The text, in its current form, *doesn't* contain any data regarding that. It's a fundamental mismatch. I can't derive an answer regarding current weather advisories from a document that simply details historical averages. It's like asking for the current location of a specific person based on their address from five years ago. Useless. Based on this very limited context, I have to assign a grade of zero. I need more, more *specific* information.


","Here's my assessment of the situation:

**Analysis of the Query Regarding Active Severe Weather Advisories**

Okay, so the user's asking a pretty straightforward question: ""Are there any active severe weather advisories issued?"" My task is to determine if the given context allows for a definitive ""yes"" or ""no"" answer. Let's break it down.

The context provided is all about monthly weather averages for Negril, Jamaica – we're talking temperature, rainfall, and sunshine, all typical factors for holiday planning. I need to figure out if that particular context can give a definitive answer. Does the context contain any mention, even indirectly, of current severe weather alerts? The answer is a clear ""no."" The discussion centers exclusively around long-term averages, not real-time conditions or warnings.

Therefore, given the presented context, I'm forced to conclude that the original question *cannot* be answered. It's a fundamental lack of relevant information. My grade reflects this definitive inability to address the query. I have to assign a 0.


",Hallucinated Query,"Both models hallucinated an unrelated query regarding 'active severe weather advisories' instead of evaluating the actual input query '1133167'. Model B followed through on this hallucinated premise to penalize the document and assign a score of 0, failing to match the target relevance."
1106007,3530021,1106007,"As a result, the treatment of visceral pain frequently results in suboptimal outcomes and adverse effects on the GI tract. Frequently diffuse, poorly localized and associated with autonomic and emotional reactions and alterations in visceral function, visceral pain is common across a range of clinical populations.",0,0,1,N/A,N/A,Hallucinated Relevance,"Model B assigned relevance to a document about visceral pain for an arbitrary numerical query ('1106007') that has zero lexical, semantic, or topical overlap with the text, failing to recognize complete non-relevance."
1133167,8403745,1133167,"The reduced shear environment there was conducive for. hurricane development, and on October 22 a tropical depression was formed approximately 305. nautical miles south-southwest of Kingston, Jamaica; Tropical Storm Sandy formed 6 hours later. The southwestern Caribbean is a common place for tropical cyclone formation in late October, and Sandy initially followed the typical north and northeast motion at this time of year toward. Jamaica.",1,1,0,N/A,N/A,Strict Lexical Overlap Failure,"The query is an arbitrary numeric identifier ('1133167') typical of passage retrieval evaluation datasets. Model B failed to recognize the dataset retrieval context or map the identifier, strictly penalizing the passage for having zero lexical or semantic overlap with the number, whereas Model A correctly preserved relevance."
1133167,6157112,1133167,"Access hourly, 10 day and 15 day forecasts along with up to the minute reports and videos for Montego Bay, Jamaica from AccuWeather.com my recent locations °c Montego Bay, Jamaica 25°",1,1,0,N/A,N/A,Failure in Entity Resolution,"Model B failed to recognize that the numeric string '1133167' functions as a specific location identifier/key (such as an AccuWeather location code) for Montego Bay, Jamaica. Due to the absence of direct lexical overlap, Model B mistakenly concluded the document was completely irrelevant."
156493,3288597,156493,You will see your goldfish grow fast. The goldfish food that you feed them plays a part in their growth as well. If you want your goldfish to grow fast consider feeding them a wide variety of food. Also high growth food will help as well maximizing the growth of your goldfish.,2,2,1,N/A,N/A,Failure to Resolve Query ID,"The query consists solely of an ID number ('156493', an MS MARCO query ID related to goldfish growth). Model B likely penalized the document due to the complete lack of lexical overlap, failing to recognize or resolve the benchmark query ID that Model A successfully mapped."
527433,8371764,527433,"Cerebral Palsy Types. Cerebral Palsy and Gait Disorders. Typically diagnosed between the ages of 9 months and 3 years old, cerebral palsy is an irreversible neurological disorder that causes significant musculoskeletal impairments, along with difficulty thinking, speaking and coordinating movement.",1,1,0,N/A,N/A,Failure to Resolve Numeric Identifier,"The query is an opaque numeric identifier that does not lexically match the document text. Model B likely defaulted to a non-relevant score due to the absence of surface text matching, failing to recognize or retrieve the intended document associated with the ID."
168216,3034382,168216,"A. Unlike Legionnaires disease, which can be a serious and deadly form of pneumonia, Pontiac fever produces flu-like symptoms that may include fever, headache, tiredness, loss of appetite, muscle and joint pain, chills, nausea, and a dry cough.",0,0,1,N/A,N/A,Hallucinated Relevance,The query consists solely of an opaque numeric ID ('168216') with no connection to the medical content in the document. Model B failed to recognize the complete lack of relevance and incorrectly assigned a positive score to an entirely unrelated passage.
1113437,6792385,1113437,"It is used considerably for Christmas trees and blue northeastern US – these probably the source of escapes reported for several states far from its native range (Maine, Massachusetts, New York, Pennsylvania, Maryland). Blue spruce is the state tree of Colorado and of Utah. Status Please consult the PLANTS Web site and your State Department of Natural Resources for this plant’s current status, such as, state noxious status and wetland indicator values. Description General: Pine Family (Pinaceae).",0,0,1,"**Analyzing the Context for Relevant Information**

Okay, so the question is whether the provided context explicitly describes ""persistent sterigmata"" on twigs. My initial assessment is that the context seems completely unrelated to that topic. It focuses on the use of a tree for Christmas decorations and its geographic distribution. No mention of botanical features like sterigmata or even the structure of twigs.

However, the prompt is a little peculiar. It's asking if the *question* can be *answered* based on the context. That's not the typical evaluation setup I'm used to. Usually, I'd expect an answer to be provided, and I'd be evaluating *that* answer's relevance or completeness *given* the context. But there's no answer, just a question and context.

So, if the question is ""Can the question be answered based on the available context?"" and the answer is not present, is the answer ""No, the answer is not described""? Thinking this way: If I can't derive an answer from the context, the context *doesn't* answer the question. This is a crucial distinction. The prompt seems to be asking if the context provides the answer, which is a key concept in many tasks, like RAG evaluation.

Then it makes sense. The ""answer"" isn't an explicit statement, it's whether the context is sufficient to answer the question, or provide the information to answer the question. Since it doesn't mention the specifics I'm looking for at all, the answer is *zero* relevance.


","Here's my assessment of the question, thinking through it as if I were evaluating this information myself:

**Regarding the Query on Sterigmata and Twig Description**

Okay, so the question wants to know if the presence of persistent sterigmata on twigs is *explicitly* described. The context provided is about blue spruce – its uses, status, a general classification as ""Pine Family (Pinaceae)."" Right away, my expert brain is screaming, ""No way!"" There's absolutely nothing in that provided information that delves into any specific morphological details of the twigs, much less the microscopic features like sterigmata. It's a broad overview. My conclusion is definitive: the context completely fails to address the question's core criteria. Therefore, based on the information provided, the answer is a resounding zero. I can't even offer a speculative response; it's simply absent.


",Score-Reasoning Inconsistency,"Model B correctly deduced in its reasoning that the context completely failed to address the query and explicitly concluded that 'the answer is a resounding zero', but it inexplicably output a final score of 1 instead of 0."
1124210,5350934,1124210,"Xylem and phloem are the two types of vascular tissues found in plants. Xylem tissues transport water from the roots throughout the plant, while phloem transports food (suga … rs) from photosysnthesis throughout the plant. Xylem: tubes that brings water and minerals from the roots into the leaf.Phloem: tubes that usually move sap, with dissolved sucrose, produced by photosynthesis in the leaf, out of the leaf and to other parts of the plant.Both are found in the central vascular bundle. Basically, xylem tranports water and phloem transports organic substances.Xylem is a tissue found in vascular plants that transorts water and dissolved mineral nutrients. It consists of hollow vessels that are formed from cells joined end to end in flowering plants.ylem: tubes that brings water and minerals from the roots into the leaf. Phloem: tubes that usually move sap, with dissolved sucrose, produced by photosynthesis in the leaf, out of the leaf and to other parts of the plant.",0,0,1,N/A,N/A,Hallucinated Relevance,"The query consists entirely of an arbitrary numeric string ('1124210') with no topical or semantic relation to the document about plant vascular biology. Model B failed to recognize the query as completely irrelevant/noise, incorrectly assigning partial relevance."
527433,3774355,527433,"Symptoms of dysarthria. A child or adult with dysarthria may have: slurred, nasal-sounding or breathy speech. a strained and hoarse voice. excessively loud or quiet speech. problems speaking in a regular rhythm, with frequent hesitations. gurgly-sounding or monotone speech. difficulty with tongue and lip movements.",1,1,0,N/A,N/A,Lexical Mismatch Bias,"Model B likely rejected the document due to the complete lack of surface-level or semantic overlap with the numeric query '527433', failing to handle or recognize it as a valid identifier or query code matching the document."
156493,2598787,156493,"A goldfish can grow up to 12 inches(30cm) plus. The minimum size pond is 8 feet X 6 feet and 3 feet deep(2.5m X 2m X 1m). The larger the pond the better for your goldfish. Being tempted to economise, some people end up building 2 or 3 ponds to get to the desired size.",2,2,1,N/A,N/A,Literal Keyword Bias,"The query appears to be a benchmark query ID ('156493') rather than natural language. Model B likely penalized the document due to the complete lack of lexical overlap, whereas Model A correctly preserved the gold-standard relevance score despite the opaque query."
183378,4089638,183378,"Pre-mRNAs must be processed before they can. leave the nucleus and be translated at a ribosome. Three separate series of reactions play a part in pro-. ducing a mature mRNA: (1) intron removal and. exon splicing, (2) 5′ capping, and (3) addition of a. poly-A tail.",0,0,1,N/A,N/A,Hallucinated Relevance,Model B marked the document as relevant despite the query being an arbitrary numeric identifier ('183378') with no semantic connection or textual overlap with the biological passage about pre-mRNA processing.
87181,5197135,87181,"Ventricular hypertrophy. Ventricular hypertrophy (VH) is thickening of the walls of a ventricle (lower chamber) of the heart. Although left ventricular hypertrophy (LVH) is more common, right ventricular hypertrophy (RVH) can also occur, as can hypertrophy of both ventricles, that is, biventricular hypertrophy (BVH). Ventricular hypertrophy can be part of various syndromes caused by any of various underlying diseases.",1,1,0,"**Analyzing the Context's Adequacy**

Okay, so the core question is: does this text specifically detail the mechanisms behind chronic afterload elevation? The provided context clearly defines Ventricular Hypertrophy (VH), its various forms (LVH, RVH, BVH), and mentions it can be associated with underlying diseases. But, and this is crucial, it *doesn't* delve into the mechanics of chronic afterload elevation at all. 

Now, let me rephrase the key question I need to answer, *Can the original query be answered based on the provided context?*

Since the text is completely silent on the specifics of those elevation mechanisms, the answer is unequivocally ""no."" The context simply doesn't contain the information necessary to address the initial question. This is a pretty straightforward evaluation. I need to give this a 0. The context is not relevant and certainly incomplete when it comes to answering the core question. It's a clear case of information absence, thus a failing grade is completely appropriate.


","Here's my assessment of the situation:

**Evaluation of Context Regarding Chronic Afterload Elevation Mechanisms**

Okay, so the query is about ""chronic afterload elevation mechanisms."" My initial scan of the provided context focuses on hypertrophy, specifically ventricular hypertrophy (LVH, RVH, and BVH). It does acknowledge these hypertrophies as potential components of various disease syndromes driven by underlying pathologies. Now, the key question: Does this actually *explain* the mechanisms that *elevate* afterload in a chronic way? Hmm... no. I've read through it. Afterload is conspicuously absent from the discussion. Therefore, the context fails to provide any relevant information that would address the core question. A score of zero seems appropriate, given this complete disconnect. This is a non-starter.


",Hallucinated Requirement,"Model B evaluated the document against a hallucinated topic ('chronic afterload elevation mechanisms') completely unrelated to the numeric query, leading it to find no relevant information and incorrectly assign a score of 0 instead of matching the human ground truth score of 1."
1133167,8003295,1133167,"Temperature. During the early morning hours of an average December day in the Caribbean, you can expect the temperature will be in the vicinity of 73.9 degrees. The temperature will rise over the course of the typical December day, reaching somewhere around 81.9 degrees by early afternoon.emperature. During the early morning hours of an average December day in the Caribbean, you can expect the temperature will be in the vicinity of 73.9 degrees. The temperature will rise over the course of the typical December day, reaching somewhere around 81.9 degrees by early afternoon.",1,1,0,"**Evaluating the Question's Answerability**

Okay, so I've been presented with a question: ""Are any active severe weather advisories issued?"" My job is to determine if I can answer that question based solely on the provided context. I immediately see the context is talking about *typical December temperatures in the Caribbean*. Hmm. Temperatures… December… my intuition is already telling me this is a dead end.

I'm scanning the text, looking for any mention of advisories, warnings, hurricanes, thunderstorms – anything related to *severe weather*. Nothing. It's all about climate, average conditions. This context, in its entirety, is irrelevant to the question. It doesn't even come close to providing the information I need. So, my evaluation is simple and clear: I have absolutely nothing to go on. Based on the data, I am unable to answer this question. The context fails to help me in any way. Therefore, my evaluation is a big fat zero.


","Here's my analysis of the situation:

**Zeroing in on the Weather Question**

Alright, so the task is straightforward: pinpoint if there's information about active severe weather advisories. But the text provided? It's all about December temperatures in the Caribbean. Completely unrelated. There's simply nothing in this context that touches upon weather warnings or advisories. Therefore, I can't derive an answer; the information needed is absent. It's a clear 0 score, from my perspective.


",Hallucinated Query,"Model B evaluated the document against a completely hallucinated question ('Are any active severe weather advisories issued?') rather than the actual query, leading it to dismiss the text as irrelevant and regress to a score of 0."
1124210,60863,1124210,Name two types of vascular tissue and identify their functions. Xylem provides support and conducts water from a plant's roots through its stem to its leaves. Phloem conducts organic compounds and some mineral nutrients throughout a plant's body.,0,0,1,N/A,N/A,Hallucinated Relevance,"Model B awarded a non-zero relevance score to a biology passage for a purely numeric query ('1124210') with which it shares zero semantic or lexical connection, whereas Model A correctly recognized the complete lack of relevance."
359349,1394087,359349,"The segment EF, joining midpoints E and F of the lateral sides, is called a midline of a trapezoid. A midline of a trapezoid is equal to a half-sum of bases: and parallel to them: EF || AD and EF || BC. A trapezoid with equal lateral sides ( AB = CD ) is called an isoscelestrapezoid. In an isosceles trapezoid angles by each base, are equal ( A = D, B = C ). A parallelogram can be considered as a particular case of trapezoid. Midline of a triangle is a segment, joining midpoints of lateral sides of a triangle.",2,2,1,N/A,N/A,Over-weighted lexical match,"Model B likely failed to recognize the query as an entity or document identifier corresponding to the target passage, penalizing the document because it lacked a direct topical or textual keyword match with the numeric ID."
146187,6430260,146187,"No, The McDonald's McDouble Is Not The 'Greatest Food In Human History'. McDonald's. 800. I may be a little late to this, but it is never too late to point out how stupid it is to argue that the McDonald's McDouble cheeseburger is the greatest food in human history..",1,1,0,N/A,N/A,Over-reliance on Lexical Matching,"Model B likely failed because the query is an obscure numeric identifier ('146187') with no apparent semantic or lexical overlap with the text of the document, leading the model to strictly judge it as irrelevant (0) instead of recognizing it as a targeted document ID lookup or dataset match."
1133167,6020865,1133167,"Typical Weather in February. During February the temperatures in the Caribbean typically vary between a daily high of about 82.4 degrees and a daily low of approximately 72.1 degrees. During the month of February, it rains an average of 8.7 days. Total precipitation during the month averages 1.9 inches.ypical Weather in February. During February the temperatures in the Caribbean typically vary between a daily high of about 82.4 degrees and a daily low of approximately 72.1 degrees. During the month of February, it rains an average of 8.7 days. Total precipitation during the month averages 1.9 inches.",1,1,0,"**Evaluating the Question's Answerability**

Okay, so I'm looking at this question: ""Are any active severe weather advisories issued?"" and trying to figure out if the given context can answer it. The context I'm given is all about typical February weather patterns in the Caribbean. Now, my understanding of weather is pretty strong, and I know that ""typical"" doesn't necessarily mean anything about *active severe weather advisories*. In fact, it doesn't mention them at all. So, based on this information, I *absolutely* cannot answer that question. There's just no data there to help me. It's a clear cut case. I'm assigning this a solid zero.


","Here's my assessment of the situation:

**Initial Evaluation: Assessing Contextual Relevance**

Okay, so the question is, ""Are any active severe weather advisories issued?"" My immediate concern is whether the provided context even *allows* for an answer. The text given describes ""Typical Weather in February"" for the Caribbean, focusing on averages, temperatures, and rainfall patterns. Hmm, sounds like a very high-level description of climatological data.

Does the context *contain* any information about active severe weather advisories? No. There's nothing about specific warnings, watches, or advisories for hurricanes, thunderstorms, or anything else considered ""severe."" It's just generic weather. Therefore, I'm assigning a grade of 0 to the likelihood of being able to answer the question based solely on this context. It's simply not relevant.


",Hallucinated Query,"Both models hallucinated an unrelated query ('Are any active severe weather advisories issued?') instead of interpreting or looking up the numeric query ID ('1133167', which corresponds to Caribbean weather in February). While Model A accidentally outputted the correct ground truth score of 1 despite its negative reasoning, Model B followed through on the hallucinated query and penalized the document with a score of 0."
1124210,2728447,1124210,"The tissue of vascular plants that conducts water and minerals, provides support, and consists of tracheary elements and parenchyma cells. Woody tissue is made of secondary xylem produced by the vascular cambium.",1,1,0,N/A,N/A,Over-reliance on Lexical Matching,"Model B evaluated the numerical query literally without recognizing it as an identifier or query ID associated with the definition, resulting in a false-negative relevance judgment due to a total lack of surface-level keyword overlap."
527433,6667277,527433,"Children with Cerebral Palsy may have only minor difficulty with fine motor skills, such as grasping and manipulating items with their hands. Severe Cerebral Palsy could involve significant muscle problems in all four limbs, mental retardation, seizures, and difficulties with vision, speech, and hearing.",1,1,0,N/A,N/A,Failure to Handle Identifier Query,"The query consists solely of an opaque numeric identifier (likely a query ID or medical code from a benchmark dataset). While Model A maintained the positive association from the ground truth annotation, Model B strictly evaluated semantic and lexical overlap between the raw number and the text, incorrectly concluding the document was irrelevant."
359349,5547389,359349,Then you're looking for the midpoint! The midpoint of a line segment is the point located midway between the endpoints of the line segment. This tutorial tells you about the midpoint of a line segment.,1,1,0,N/A,N/A,Over-reliance on lexical match,"Model B likely penalized the document due to the complete lack of lexical overlap with the numerical query '359349', failing to account for it being a specific topic, problem, or document identifier that directly corresponds to the passage."
915593,4910037,915593,"Help with sous vide boneless skinless chicken breasts. Hi all this is my first post! I was hoping to get some help with chicken breasts and sous vide cooking. I just purchased the anova circulator and tried the past 2 nights to cook skinless breasts, actually pieces of breasts probably 1 inch thick but only 3 inches long.",1,1,0,N/A,N/A,Over-reliance on lexical matching,"Model B likely failed because the query is an opaque numeric string/ID ('915593') with zero lexical overlap with the document text. While Model A correctly preserved relevance (likely handling it as an ID-based or benchmark dataset lookup), Model B strictly penalized the document for the complete absence of matching keywords."
183378,1497008,183378,"What is the rule of alternative splicing? The genes are always in a numerical order-exons are not moved around Example: Gene - 1,2,3,4,5,6,7 1,2,4,6,7 - YES 2,3,5,6,7 - YES 1,3,4,5,7 - YES 4,2,7,5,6 - NO.",0,0,1,N/A,N/A,Spurious Pattern Matching,"Model B likely associated the purely numeric query ('183378') with the numerical sequences and digit examples present in the document about alternative splicing, mistaking a superficial presence of numbers for topical relevance."
131843,4751877,131843,Forecast Discussion. SPC AC 160543 Day 2 Convective Outlook NWS Storm Prediction Center Norman OK 1243 AM CDT Sun Apr 16 2017 Valid 171200Z - 181200Z ...THERE IS A MARGINAL RISK OF SEVERE THUNDERSTORMS FOR WESTERN PORTIONS OF NEBRASKA AND SOUTHWEST SOUTH DAKOTA... ...SUMMARY...,1,1,0,"Here's my assessment of the situation:

**Answering the Specifics**

Alright, let's break this down. The question boils down to whether the relevant text actually *specifies* the issuing authority and the geographical scope. The context is right there, and it's pretty explicit. ""NWS Storm Prediction Center Norman OK"" – that's the issuing authority, undoubtedly. And ""WESTERN PORTIONS OF NEBRASKA AND SOUTHWEST SOUTH DAKOTA"" – that nails down the geographical scope.

No ambiguity, no need to dig for implicit clues. It's all right there, front and center. Therefore, the question is definitely addressed completely and accurately within the provided context. I'd give this a solid 5; it's a textbook example of a question perfectly answered by the information at hand. There's nothing missing, nothing that requires inference beyond the straightforward. It's all there.


","**Analyzing the Context for Specificity**

Okay, let me break this down. The user's question, ""Does it specify the issuing authority and geographical scope?"" immediately jumps out. Given the context provided – that Forecast Discussion from the SPC – I have to assess whether that information is, in fact, available and clearly defined. The wording is precise, so it should be straightforward.

Let's see... the text itself gives us ""NWS Storm Prediction Center Norman OK."" Bingo, that's the issuing authority clearly identified. Then, the geographical scope is explicitly described as ""WESTERN PORTIONS OF NEBRASKA AND SOUTHWEST SOUTH DAKOTA.""

Given that we have both the ""NWS Storm Prediction Center Norman OK"" clearly indicating the issuing authority, and ""WESTERN PORTIONS OF NEBRASKA AND SOUTHWEST SOUTH DAKOTA"" clearly denoting the geographic area in question, the answer is an unequivocal ""yes."" Both are fully specified. That's a solid, complete answer, and warrants a top grade.


",Score-Reasoning Inconsistency,"Model B's reasoning concluded that the document fully satisfied the criteria, calling it an 'unequivocal yes' that 'warrants a top grade', but contradicted its own reasoning by outputting a final score of 0 instead of 1."
1114646,7196954,1114646,"US Brand Name. Descriptions. Valacyclovir is used to treat herpes virus infections, including herpes labialis (also known as cold sores), herpes zoster (also known as shingles), and herpes simplex (also known as genital herpes) in adults. It is also used to treat chickenpox and cold sores in children.",0,0,1,N/A,N/A,Hallucinated Relevance,The query consists solely of an arbitrary numeric identifier ('1114646') that does not appear in the document and shares no contextual or topical connection to the medical text about Valacyclovir. Model B erroneously predicted partial relevance despite the complete lack of overlap.
1114646,1884059,1114646,"Treatment. Shingles is often treated with oral antiviral drugs: acyclovir (Zovirax), famciclovir (Famvir) or valacyclovir (Valtrex). These medicines should be started within the first 3 days of the onset of the rash. In fact, the sooner the medication is started the better. These medications are generally safe and well tolerated.",1,1,0,N/A,N/A,Strict Lexical Matching,"The query consists solely of an opaque numeric identifier ('1114646'). Model B likely rejected the document due to a complete lack of lexical overlap or semantic clarity in the query text, failing to recognize or resolve the identifier (such as a benchmark query ID or medical code) to its underlying topic of shingles treatment."
527433,1404580,527433,"Dysphonia is classified as either an organic or a functional disorder of the larynx. Another type of communication problem, dysarthria, encompasses a group of motor speech disorders caused by a disturbance in the neuromuscular control of speech.",1,1,0,N/A,N/A,Failure on Identifier-based Query,"The query consists solely of an ID/numeric identifier ('527433'). Model B evaluated relevance strictly based on semantic or lexical overlap between the number and the medical text, failing to recognize the query as a valid passage or entity identifier matching the document."
1124210,8026740,1124210,"have xylem (but not wood!) - they have small groups of vessels arranged in a circle around the outer part of the stem. You might think that large trees would have wide vessels and tracheids, so that water filters fast through the tree, but actually its the opposite. Trees have narrow vessels and tracheids so that water filters slowly up the tree. This indeed is less efficient at carrying water, but wider vessels are more likely to cavitate. In a woody plant, the trunk is almost entirely composed of vessels and tracheids. Tracheids differ from vessels in being much narrower",2,2,1,N/A,N/A,Over-reliance on lexical matching,"The query consists solely of an identifier number ('1124210') with no natural language text. Model B likely penalized the document due to the complete lack of lexical overlap with the botanical passage, whereas Model A correctly preserved the benchmark ground-truth association despite the query being a numeric ID."
527433,8737880,527433,"Speech Difficulties. Dysarthria is the most common speech disorder experienced by people with ALS and by people with MS. They may speak slowly, softly, in strange rhythms, or slur their words. Although this can make it difficult to understand their speech, the meaning of what they are saying is normal. In people with ALS, the dysarthria tends to get progressively worse.",1,1,0,N/A,N/A,Dataset Artifact Misinterpretation,"The query '527433' is a dataset query ID rather than natural language text. Model B evaluated the query literally as a numeric string, finding no lexical or semantic overlap with the medical passage and scoring it 0, whereas Model A was robust to the identifier artifact or recognized the underlying benchmark mapping."
1121402,7125983,1121402,"Contour bunding, Catalonia, 2007. Contour plowing (or contour ploughing) or contour farming is the farming practice of plowing across a slope following its elevation contour lines. The rows form slow water run-off during rainstorms to prevent soil erosion and allow the water time to settle into the soil.",2,2,1,N/A,N/A,Literal Interpretation of Query ID,"The query '1121402' appears to be an unmapped benchmark query ID (e.g., from MS MARCO) rather than natural language text. Model B regressed by treating the numeric identifier literally or penalizing the match, failing to replicate the gold label relevance (score 2) of the document to the underlying topic."
264014,3338824,264014,"Adult fleas prefer to live on the animal and their diet consists of blood meals courtesy of the host animal. The female flea lays white, roundish eggs. The adult female flea can lay up to 50 eggs per day1, 500-600 eggs2 over several months.",0,0,1,N/A,N/A,Hallucinated Relevance,"The query consists solely of an arbitrary number ('264014') with no lexical or topical connection to the text about flea biology. Model B inappropriately assigned relevance to a completely unrelated document, failing to recognize the total absence of shared context."
1106007,2621974,1106007,"there are two types of pleura: visceral pleura covers the lungs, parietal pleura lines the inner surfaces of the walls of pleural cavity; parietal pleura is sensitive to pain but visceral pleura is not sensitive to pain.pleura, cervical parietal.here are two types of pleura: visceral pleura covers the lungs, parietal pleura lines the inner surfaces of the walls of pleural cavity; parietal pleura is sensitive to pain but visceral pleura is not sensitive to pain. pleura, cervical parietal.",0,0,1,N/A,N/A,Hallucinated Relevance,"Model B assigned relevance to a document about thoracic anatomy for a purely numeric query ('1106007') with which it shares no semantic overlap, likely hallucinating an ungrounded connection or applying an overly lenient scoring baseline."
1113437,8162984,1113437,"Blue spruce. The blue spruce, green spruce, white spruce, Colorado spruce, or Colorado blue spruce, with the scientific name Picea pungens, is a species of spruce tree. It is native to the Rocky Mountains of the United States.",0,0,1,"**Assessing the Context's Ability to Answer**

Okay, so the prompt gives me some basic info on the blue spruce – its scientific name, other names, where it's found, that kind of thing. But hold on, the question specifically asks about ""persistent sterigmata"" and ""twigs,"" and those terms *aren't* mentioned anywhere in the provided context. So, strictly speaking, the context is completely useless in directly answering the question.

Hmm... the prompt wants me to rate the *answer*, but there *is* no answer. It's asking if the context even allows *forming* an answer. Usually, the instructions are straightforward, assess the context relative to an answer, but the options are about the quality of *an answer*.

Wait, if the context doesn't contain the information needed for an answer, then the context itself gets a score of zero.

Let's see… a score of zero means ""The answer is not relevant or complete at all"" or that you ""cannot answer."" I can't construct an answer with this, so the context scores a zero.


","Okay, here's my assessment of that situation, presented as if I'm thinking it through myself:

**Regarding the Query about Blue Spruce Sterigmata**

Right, let's break this down. The provided context offers the fundamental details about *Picea pungens*: the common name, the scientific name, and its general native region. It's essentially a basic introduction. Now, the query itself is quite specific. It asks if there's an *explicit* description of ""persistent sterigmata"" on the twigs.

Hmm, ""sterigmata""… that's quite a specific botanical term, related to leaf attachment points on the stem. And ""twigs"" is pretty clear - the smaller, younger branches. However, the context is very, very shallow. It doesn't delve into any morphological details whatsoever. I see no mention of ""sterigmata"", nor any discussion of twigs or their characteristics. There's not enough here to even begin to address that particular aspect of the blue spruce's morphology. The provided information is simply inadequate.

Therefore, the question, as posed, can't be answered using this limited context. The information needed is just not here. And that's not to say there's any wrongness in the prompt, there's just not enough in the provided context for a useful answer.


",Score-Reasoning Disconnect,"Model B correctly deduced that the context was completely inadequate and lacked any mention of the required information, but it failed to translate this conclusion into a score of 0, mistakenly awarding a score of 1 despite finding zero relevance."
489204,417344,489204,"The kidneys sits towards the back of the upper part of the abdomen. Kidney pain is usually experience in the flanks or back but may also present with abdominal pain. Kidney stones, kidney infections and kidney cysts are some of the conditions that can cause pain.",0,0,1,N/A,N/A,Spurious Relevance / False Positive,"The query is an arbitrary numeric identifier with no semantic relationship or match to the medical document about kidney anatomy and conditions. Model A correctly assigned a score of 0, whereas Model B exhibited over-leniency and hallucinated relevance where none exists."
87181,6521366,87181,Left ventricular hypertrophy can occur when some factor makes your heart work harder than normal to pump blood to your body. Factors that can cause your heart to work harder include: High blood pressure (hypertension). This is the most common cause of left ventricular hypertrophy. More than one-third of people show evidence of left ventricular hypertrophy at the time of their diagnosis with hypertension. Aortic valve stenosis.,2,2,1,N/A,N/A,Strict lexical matching bias,"Model B likely penalized the document due to the complete lack of lexical overlap with the raw numeric query ('87181'), failing to handle or infer the underlying query intent/context that Model A aligned with the human relevance score."
168216,4324486,168216,"1 Pontiac fever is the far milder form of the illness. 2  Symptoms of Legionnaires' disease include fever, chills, and a cough.  At its worst, Legionnaires' disease can cause severe pneumonia and respiratory failure.",0,0,1,N/A,N/A,Hallucinated Relevance,"Model B awarded a positive relevance score despite having no lexical, conceptual, or semantic connection between the numeric query '168216' and the medical passage describing Legionnaires' disease and Pontiac fever."
1113437,1280565,1113437,"any evergreen, coniferous tree of the genus Picea, of the pine family, having short, angular, needle-shaped leaves attached singly around twigs and bearing hanging cones with persistent scales. 2. any of various allied trees, as the Douglas fir and the hemlock spruce.",1,1,2,"**Analyzing the Context's Answerability**

Okay, so the question is whether the context explicitly describes ""persistent sterigmata"" on the twigs. The provided context defines Picea trees, describing their needles, twigs, and cones. It mentions ""twigs"" and ""persistent scales"" (on cones), but notably *doesn't* mention ""persistent sterigmata"" *at all*. The initial interpretation was straightforward: since it's not mentioned, the answer is ""no.""

However, now I'm questioning the prompt's intent. Am I supposed to evaluate how *well* the context answers a question, or evaluate an answer itself? There's no separate ""Answer"" provided, just the Question and Context. The prompt phrasing is important: ""Can the question be answered based on the available context?""

Wait, is this a standard Retrieval-Augmented Generation (RAG) evaluation? If the answer isn't in the context, the evaluation usually scores context relevance or answerability as very low (0 or 1). I know that is very typical, but I need to focus on what the prompt asks.

So, if the context doesn't mention persistent sterigmata, can the question about their explicit description be answered? Yes, the question can be answered *in the negative* ""No, the context does not explicitly describe persistent sterigmata on the twigs."" Therefore, I believe the answer is ""No"".


","**Analyzing the Sterigmata Question**

Okay, so the question is: ""Are persistent sterigmata explicitly described on the twigs?"" My first thought is to dissect this. The context provided is a definition of something – it *mentions* features like needle-shaped leaves and hanging cones with *persistent scales*. Crucially, it *doesn't* mention sterigmata at all. The question is very specific: ""explicitly described.""

Therefore, my initial reaction is, based purely on the given context, the answer is a resounding ""No."" The definition doesn't contain the information to answer a factual question. The absence of information *is* information in this case, particularly when the question centers around whether something is explicitly mentioned.

I have to consider the nuances of these rubrics. If the question were more general, such as ""Does this description mention sterigmata?"", the answer would still be ""No."" Because it is very literal and explicit, the answer is No because it isn't ""explicitly"" described in the provided context. If it asked, ""Can the question be answered based on the context?"", the answer is also No, because the context does not discuss sterigmata. If it is asked whether the context provides the answer to whether they exist, grade is a 0 because the context does not discuss sterigmata. Therefore, I can confidently conclude that the context does not allow me to determine if persistent sterigmata are explicitly described. The context is irrelevant in determining the answer.


",Score-Reasoning Inconsistency,"Model B correctly deduced that the context does not mention or describe 'persistent sterigmata' and concluded that the context is irrelevant (even noting it warrants a 0), but inexplicably assigned a higher score of 2 instead of the correct low score of 1."
1113437,4016937,1113437,"spruce - any coniferous tree of the genus Picea. genus Picea, Picea - a genus of temperate and Arctic evergreen trees (see spruce) spruce - light soft moderately strong wood of spruce trees; used especially for timbers and millwork.",1,1,0,N/A,N/A,Failure to Recognize Identifier,"Model B failed to recognize that the numerical query ('1113437') represents a specific synset or database identifier directly corresponding to the definition of 'spruce', leading it to dismiss the document due to a lack of surface lexical overlap."
156493,1277728,156493,"The maximum life expectancy of shubunkins and many other goldfish is approximately 30 years, although this is not the norm. Expect 10 years in an aquarium and 25 years in a pond. During this time, the 3- to 5-inch-long shubunkin you purchased can grow to 12 inches.",2,2,1,N/A,N/A,Over-reliance on lexical match,"The query appears to be a dataset query ID ('156493') rather than natural language text. Model B regressed by strictly penalizing the passage for lacking literal lexical overlap with the numeric string, whereas Model A remained robust and aligned with the ground truth evaluation."
1117099,1758014,1117099,The Pacific Ocean is surrounded by a hotbed of volcanic activity referred to as the Ring of Fire; an arc of volcanoes formed around its borders. Almost the entire boundary of the Pacific Ocean is a subduction zone; a boundary between two tectonic plates. The volcanoes on the west coast of North America are a result of the Pacific Plate (under the Pacific Ocean) colliding with the North American Plate.,0,0,1,N/A,N/A,Hallucinated Relevance,"The query consists solely of an arbitrary numeric identifier ('1117099') with no semantic relation to the document's content on the Pacific Ocean's Ring of Fire. Model A correctly recognized complete irrelevance (0), while Model B assigned relevance (1), likely due to a spurious association or an overly lenient default scoring threshold on ungrounded queries."
131843,8710814,131843,"Customers who equip their helicopter with the GDL 69 will receive graphical weather depictions of NEXRAD, METARs, TAFs, TFRs, winds aloft, echo tops, precipitation type at the surface, lightning strikes, storm-cell data, AIRMETs, and SIGMETs.",1,1,0,N/A,N/A,Over-reliance on Exact Keyword Match,"The query '131843' appears to be an identifier, part number, or technical reference code associated with the GDL 69 system. Model B likely penalized the document due to the absence of direct lexical overlap, failing to recognize the implicit entity/code relationship that Model A and human evaluators captured."
148538,1736918,148538,"BSN degree nurses are better prepared to meet patient needs. The main difference in study between an ADN and BSN is the emphasis on additional education in leadership and management, wellness, and community nursing.",1,1,0,N/A,N/A,Overly Strict Lexical Matching,"The query appears to be a benchmark query ID (e.g., from MS MARCO) rather than natural language text. Model A likely leveraged dataset context or memorization to recognize the relevance of the document, whereas Model B strictly evaluated semantic or lexical overlap between the numeric ID '148538' and the text, resulting in a false-negative relevance score of 0."
87181,2528294,87181,"Other conditions associated with an enlarged heart include: High blood pressure. Your heart may have to pump harder to deliver blood to the rest of your body, enlarging and thickening the muscle. High blood pressure can cause the left ventricle to enlarge, causing the heart muscle eventually to weaken.",1,1,0,"**Evaluating the Context: Afterload Mechanisms**

Okay, so I'm looking at this text and my immediate thought is whether it truly answers the question: ""Are chronic afterload elevation mechanisms detailed?"" I see the context mentions high blood pressure, and how that forces the heart to work harder, leading to enlargement and thickening of the muscle. That *relates* to afterload, sure, but it's not a deep dive into the underlying mechanisms. It's really just touching the surface.

The key here is the *detail*. The prompt specifically asks about *detailed* mechanisms. The text doesn't explicitly use the term ""afterload"" and doesn't provide the level of depth I'd expect from a detailed explanation of chronic afterload elevation.

Hmm, this is an evaluation task, so the prompt is ""Can the question be answered based on the context?"" I need to determine if the answer is a simple ""No, not really"" or if the information provided is sufficient.

The context *does* describe high blood pressure, which *is* a cause of increased afterload. But does it *detail* the mechanisms? Not really. It does briefly explain that high blood pressure causes the heart to work harder and the muscle to thicken, but not in a detailed manner. I'm left with the question of whether this is ""partially relevant"" or just ""limited relevance""

The question itself is binary: ""Are they detailed?"" The answer is essentially, ""No, not really, but high blood pressure is mentioned as a factor, with a brief explanation of the impact on the heart.""

So, Grade 3 seems to fit better. The answer is not ""detailed"", but does have ""limited relevance"" in describing ""mechanism"". Grade 2 implies there is no relevance.
The context provides some context, but it does not fully detail the mechanisms, so the rating should be a 3. I'm going with a Grade 3. It's not a complete answer, but it's not entirely irrelevant, either. There's a partial explanation.


","**Assessing the Depth of Afterload Elevation Mechanisms**

Okay, so the query is asking if the mechanisms of chronic afterload elevation are detailed within the provided text. Let me dissect this. The text is pointing to high blood pressure as a scenario that leads to the heart working harder, causing that left ventricular hypertrophy, but does it really delve into the *mechanisms* of chronic afterload elevation, or simply acknowledge it as a consequence of high blood pressure?

I need to focus on whether the *mechanisms* are detailed. The provided description is remarkably superficial. It basically says elevated blood pressure = harder pumping = heart muscle thickening. That's a very high-level overview of hypertrophy, not a detailed examination of the intricate physiological processes, signaling pathways, or molecular mechanisms driving afterload elevation.

So, the question is, can I answer the question with any level of confidence? In this context, given the sparse information provided, the response would have to be ""No, the mechanisms are not detailed. It only provides a cursory mention related to high blood pressure and resultant hypertrophy"". I'd have to consider the limited scope and completeness of the given context. Based on this, I'm leaning toward a score of 1 or 2 in terms of relevance and completeness.


",Overly Strict Threshold,"Model B demanded an excessively high level of detail (such as molecular mechanisms and signaling pathways) rather than accepting the superficial explanation of high blood pressure as partially relevant, ultimately concluding the passage had zero relevance despite internally acknowledging it had limited relevance."
527433,1379238,527433,"Dysarthria In dysarthria, errors are consistent and predictable. There are no islands of clear speech; no matter what the speaking task or materials used, the patient will exhibit the same amount and types of errors. Errors are mainly distortions and omissions. Distortions are the most common type of error in dysarthria. Apraxia In apraxia, errors are inconsistent and unpredictable. Different error patterns occur in spontaneous speech versus repetition. Patients' spontaneous speech contains fewer errors than does his/her speech in repetition tasks.",0,0,1,N/A,N/A,Hallucinated Relevance,"The query consists solely of an arbitrary number ('527433') with no connection to the medical passage discussing dysarthria and apraxia. Model B incorrectly assigned a non-zero relevance score to a completely unrelated document, likely due to overly lenient grading or hallucinating topical overlap."
168216,3174841,168216,"Chlamydia pneumoniae usually causes a type of relatively mild walking pneumonia. Patients experience fever and cough. This type of pneumonia is called a community-acquired pneumonia because it is easily passed from one member of the community to another.hlamydial pneumonia refers to one of several types of pneumonia that can be caused by various types of the bacteria known as Chlamydia. Pneumonia is an infection of the lungs. The air sacs (alveoli) and/or the tissues of the lungs become swollen, and the alveoli may fill with pus or fluid.",0,0,1,"Here's my assessment of the situation:

**Analysis of the Question and Context**

Okay, so the query is pinpointing specific virulence factors of *Legionella pneumophila* that are directly involved in the development of pneumonia. My initial scan of the provided text, however, is a red flag. The entire context revolves around *Chlamydia pneumoniae* and its associated pneumonia. There's not a single mention, not even a tangential reference, to *L. pneumophila* within the text.

Therefore, given the explicit focus of the question on *Legionella* virulence factors and the complete absence of any relevant information about it, it is impossible to formulate a credible response based on this material. There's simply nothing here to draw from. A satisfactory answer cannot be derived from the available context. I'm assigning a grade of zero.


","Here's my assessment of the situation:

**Analysis of the Question and Context**

Okay, so I'm presented with a question that's very specific – it wants me to identify the virulence factors of *Legionella pneumophila* that are involved in the development of pneumonia. Fine, that's a straightforward query in the world of microbial pathogenesis. However, the accompanying context is, frankly, completely useless. It's talking entirely about *Chlamydia pneumoniae* and chlamydial pneumonia. There's zero mention of *Legionella* or any of its associated virulence mechanisms. It's like asking about apples and getting a paragraph about oranges.

Therefore, given the blatant disconnect between the question and the provided information, any attempt to derive an answer from this context would be intellectually dishonest. The correct assessment is a big fat zero. The context is irrelevant and offers no insight.


",Score-Reasoning Discrepancy,"Model B's internal reasoning was actually aligned with Model A and accurately concluded that the document was completely irrelevant ('The correct assessment is a big fat zero'), but it experienced an output discrepancy and incorrectly mapped its judgment to a score of 1 instead of 0."
490595,4737063,490595,"RSA involves a public key and a private key. The public key can be known by everyone and is used for encrypting messages. Messages encrypted with the public key can only be decrypted in a reasonable amount of time using the private key.n such a cryptosystem, the encryption key is public and differs from the decryption key which is kept secret. In RSA, this asymmetry is based on the practical difficulty of factoring the product of two large prime numbers, the factoring problem.",1,1,2,N/A,N/A,Hallucinated connection,"The query is an isolated number ('490595') that does not appear in or clearly relate to the document on RSA cryptography. Model B likely assumed an ungrounded mathematical or contextual connection between the arbitrary number and encryption keys, incorrectly elevating its relevance score."
87181,6774305,87181,"Featured Stories about bone hypertrophy causes. High Blood Pressure Dangers: Hypertension's Effects On Your Body www.lifescript.com/health/a-z/mayo/h/high_blood_pressure_dangers_hypertensions_effects_on_your_body.aspx. This causes the left ventricle to thicken or stiffen (left ventricular hypertrophy). ... That excessive elimination of calcium may lead to loss of bone density (osteoporosis), which in turn can lead to broken bones. The risk is especially increased in older women.",1,1,0,"**Analyzing the Context: Chronic Afterload Elevation Mechanisms**

Okay, so the context touches on ""High Blood Pressure Dangers"" and mentions the link between high blood pressure and left ventricular hypertrophy. But it doesn't actually *detail* the mechanisms underlying chronic afterload elevation itself. It's focused more on the general effects of high blood pressure and, oddly, mentions bone hypertrophy and osteoporosis in a way that seems off-topic.

Now, let's step back and consider the *specific* question: ""Are chronic afterload elevation mechanisms detailed?"" The answer, based *solely* on this context, is a resounding ""No."" The context briefly points toward a consequence of increased afterload but doesn't explain the underlying biological processes. It would be disingenuous to claim otherwise.

The prompt is asking if the question can be answered from the provided context, and I think I know the prompt well enough to know what is expected here. The answer is *the context doesn't contain the information necessary to answer the question.* Therefore, I should select the response corresponding to that.


","Here's my assessment of the information provided:

**Answering the Afterload Question**

Okay, so the prompt is asking if the given context details the mechanisms behind chronic afterload elevation. My immediate thought is to scan the text looking for any mention of ""afterload"" itself, or a direct discussion of mechanisms contributing to it. The provided snippet talks about left ventricular hypertrophy and calcium loss, but there's absolutely no connection being made to afterload in any way, shape, or form. Therefore, considering the limitations of this short text, it's a definite ""no."" The context fails to address the specific question about the mechanisms. I'd have to assign it a grade of zero – it's simply not relevant to the query.


",Overly Strict Matching,"Model B applied an overly strict, keyword-dependent criterion by requiring explicit mentions of 'afterload', failing to recognize the topical connection between hypertension, left ventricular hypertrophy, and afterload elevation that makes the passage marginally relevant (Score 1)."
130510,1494932,130510,That is especially true in situations where a non-. practicing entity has sent a licensing offer to a potential infringer. Cases Finding Declaratory Judgment Jurisdiction. A patent owner wrote to its licensee alleging that a product sold by the licensee was subject to. a license agreement. The licensee paid the requested royalties under protest and filed a. declaratory judgment suit.,1,1,0,N/A,N/A,Over-reliance on Lexical Overlap,"Model B likely failed to find the query string '130510' directly in the passage and defaulted to non-relevant (0), whereas Model A recognized the latent relevance or handled the numerical/identifier query without penalizing the lack of direct lexical match."
1113437,4715377,1113437,"This Norway Spruce is located on the Fulufjaellet Fulufjället mountain Of dalarna province In sweden and was discovered by a professor Of Physical, Geography Leif. Kullman the tree has been Nicknamed Old tjikko after his. Dog The Old tjikko is is currently the oldest-single clonal tree in the world 9,550 9550 years. old",0,0,1,"**My Assessment of the Query**

Okay, so I've been given a question that hinges on a very specific detail – the presence of ""persistent sterigmata"" on the twigs of ""Old Tjikko,"" a Norway Spruce. The context I've been provided, however, only discusses the location and identification of the tree. There's absolutely nothing in this material that talks about the morphology of its twigs, and certainly no mention of these specific structures. Therefore, as an expert, I'm forced to conclude that the query, as stated, is unanswerable with the given information. It's a clear case of insufficient data. My evaluation of the response should reflect this.


","**Analyzing the Relevance of Information**

Okay, so the user's question is pretty specific: ""Are persistent sterigmata explicitly described on the twigs?"" My initial assessment is, can the information given to me actually *help* answer that? Let's break it down. We're talking about Old Tjikko, a Norway Spruce. We know its location, who discovered it, its nickname, and its age (which is impressive). We also know it's clonal. But, and this is the critical point, the text is *completely* silent on the crucial details: the twigs themselves, the presence or absence of persistent sterigmata, or *any* detailed botanical description of the twigs. Therefore, based on the provided text, there's absolutely no way to determine if the answer to the question is contained here. This looks like a definite zero.


",Score-Reasoning Contradiction,"Model B correctly deduced in its chain of thought that the document provided no relevant information and explicitly concluded 'This looks like a definite zero', but contradicted its own reasoning by ultimately outputting a score of 1."
130510,203714,130510,"Judgment (law) In law, a judgment is a decision of a court regarding the rights and liabilities of parties in a legal action or proceeding. Judgments also generally provide the court's explanation of why it has chosen to make a particular court order.",0,0,1,N/A,N/A,Hallucinated Relevance,"The query consists solely of an arbitrary numeric string ('130510') with no lexical, topical, or conceptual connection to a legal document defining 'Judgment'. Model B improperly assigned positive relevance to a completely unrelated document, whereas Model A correctly recognized that there was no match."
1037798,3162279,1037798,"Astoria is a port city and the seat of Clatsop County, Oregon, United States. Situated near the mouth of the Columbia River where it meets the Pacific Ocean, the city was named after John Jacob Astor, an investor from New York City whose American Fur Company founded Fort Astoria at the site in 1811, 206 years ago.",0,0,1,N/A,N/A,Hallucinated Relevance,"The query consists solely of an opaque numerical string ('1037798') with no semantic connection to the passage about Astoria, Oregon. Model A correctly recognized the complete lack of relevance and scored it 0, whereas Model B assigned a 1, incorrectly assuming marginal relevance or failing to penalize an entirely ungrounded match."
183378,7805473,183378,"DNA is wrapped around proteins (histones in chromatin); the DNA then unwinds, allowing transcription by one of the three RNA polymerases, forming a primary (nuclear) RNA transcript that is then processed to remove the intervening RNA sequences (introns), yielding a mature mRNA molecule.",0,0,1,N/A,N/A,Hallucinated Relevance,The query consists solely of an unexplained numeric identifier ('183378') with no clear relationship or lexical overlap with the document describing DNA transcription. Model B inappropriately assigned relevance despite the complete lack of topical connection or entity match.
168216,1860844,168216,"Tuberculosis is an infectious disease. The bacteria that cause tuberculosis are called mycobacterium tuberculosis. People with TB or tuberculosis cough excessively and suffer a terrible pain in the chest. They cough up blood and display excessive weight loss, fatigue, loss of appetite, and persistent fever.he disease spreads by inhaling the bacteria or through contact with a person suffering from the disease. Legionella also cause a flu-like illness called Pontiac fever. Yaws disease is a relatively lesser known disease caused by the bacteria Treponema pertenue.",1,1,0,N/A,N/A,Over-reliance on literal lexical match,"The query is an opaque numeric string (likely an unexpanded dataset query ID). Model B failed to recognize the context or underlying entity and scored the document as 0 due to an apparent complete lack of lexical overlap, whereas Model A maintained alignment with the ground truth relevance."
156493,59106,156493,"Gorgeous Goldfish Tattoos. Goldfish are a form of Asian carp that have been bred for centuries to have specific physical characteristics. Since around 10 AD, fish keepers in China and Japan have coupled spawning goldfish with similar traits to create a wide variety of different goldfish breeds.",0,0,1,"**Analyzing the Context's Relevance**

Okay, so the question is essentially probing whether the provided text allows for quantifying changes in growth rate related to age. Hmm, let's see... The context, this ""Gorgeous Goldfish Tattoos"" snippet, seems completely unrelated. It's talking about the subject's history and breeding, but there's absolutely nothing in there about age-dependent growth rates. In fact, there's no data to be found. 

Wait a minute, is this metric evaluating if the *answer* is provided or if the *ability* to answer is available? Right, it's about the ability to answer. Given that I can't even begin to approach a calculation or qualitative assessment of age-related growth changes based on this information, the answer is unequivocally ""no."" The context offers zero usable information. Therefore, the numerical score is a resounding 0.


","Here's my assessment of the question, as I see it:

**Analysis of Age-Dependent Growth Rate Quantification**

Okay, so the question is straightforward: Does the provided text quantify age-dependent growth rate changes? Let's break this down. My field requires precise analysis, and this type of query demands a direct answer derived from the information given.

The context revolves around goldfish, their history, breeding practices, and the development of specific physical traits. We're talking about selective breeding over centuries in China and Japan, resulting in diverse breeds. However, the critical aspect of the question is whether the text offers any actual *quantification* related to growth rates that change over time (age-dependent).

The answer is a resounding *no*. The provided information focuses on the history of goldfish breeding, the selection of traits, and a general description of the process. There's absolutely nothing in here about measuring growth at different ages, applying mathematical models, or analyzing any quantitative data concerning how growth rates might change. Without that data, there's no way to address the original question. So, I have to give it a score of zero.


",Score-Reasoning Inconsistency,"Model B correctly analyzed that the document contained no relevant information and explicitly concluded in its text that it had to give a score of zero, but it contradicted its own reasoning by ultimately assigning a score of 1."
1113437,8503453,1113437,"Spruce trees are both evergreens, meaning that they stay green all year, and conifers, meaning that they bear cones. There are about 40 species of spruce trees worldwide, all of which grow in the northern latitudes.",1,1,0,N/A,N/A,Lexical Matching Bias,"Model B likely failed to recognize the numeric query '1113437' as an entity identifier or dataset ID associated with the topic, rejecting the passage due to an apparent complete lack of lexical overlap, whereas Model A correctly preserved relevance for the identifier."
131843,1795993,131843,"How do meteorologists forecast the weather? Weather forecasting is a prediction of what the weather will be like in an hour, tomorrow, or next week. Weather forecasting involves a combination of computer models, observations, and a knowledge of trends and patterns. By using these methods, reasonable accurate forecasts can be made up to seven days in advance.",1,1,0,N/A,N/A,Failure to Recognize Query Artifact,"The query '131843' appears to be a benchmark query ID rather than a natural language query. Model B evaluated the literal numeric string against the meteorology passage and found no semantic relevance, failing to recognize or resolve the query artifact that Model A and the human annotator matched."
156493,4542584,156493,"Koi and other goldfish can grow very large, sometimes reaching lengths of over 3 feet (0.9 m)! They're best housed in large ponds with a TON of filtration and weekly water changes. With the right size pond, filter and other equipment, caring for koi and goldfish can be lots of fun.",2,2,1,N/A,N/A,Over-reliance on literal keyword matching,"Model B likely penalized the document for lacking a literal text match to the numeric query string '156493', failing to capture the underlying semantic relevance or benchmark query-document mapping that Model A and the human annotator correctly assessed as fully relevant."
1113437,3518300,1113437,"Sitka spruce, (Picea sitchensis,) known also as tideland spruce, coast spruce, and yellow spruce, is the largest of the world's spruces and is one of the most prominent forest trees in stands along the northwest coast of North America. Alaska didn't become a state, officially, until 1959. House Bill No. 325 proposed the Sitka spruce, the most valuable tree species in Alaska, as the official state tree of Alaska.",1,1,0,N/A,N/A,Failure to Handle Query ID,"The query consists solely of an unexpanded dataset query ID ('1113437') rather than natural language text. Model B evaluated the literal text and found no keyword or semantic overlap with the passage about the Alaska state tree, scoring it 0, whereas Model A preserved the ground-truth benchmark association."
168216,3830854,168216,"They may seem weak, vomit, or have diarrhea. Less common symptoms include abdominal pain and a stiff neck. Streptococcus pneumoniae is the usual cause, but other bacteria (such as Staphylococcus aureus or Mycoplasma pneumoniae) Can cause pneumonia, too. Viral pneumonia typically starts out like a cold, but symptoms slowly and steadily get worse.",0,0,1,"Okay, here's my assessment of the situation:

**Analysis of Virulence Factor Question**

Right, the question specifically targets *L. pneumophila* virulence factors in the context of pneumonia. But, looking at this provided context, it's completely irrelevant. I see mentions of *Streptococcus pneumoniae*, *Staphylococcus aureus*, *Mycoplasma pneumoniae*, and even viral pneumonia, but not a single word about *Legionella pneumophila* or any of its crucial virulence factors. I mean, it's pretty clear: there's absolutely nothing here to help me answer the question. It's like asking about the fuel efficiency of a diesel engine and only giving me data on electric vehicle charging times. Not applicable. Therefore, based on the material provided, I have to conclude that a zero score is the only logical conclusion here.


","**Assessing the Context's Relevance**

Okay, so the question is very specific: I need to pinpoint which virulence factors of *L. pneumophila* are *actually* implicated in pneumonia pathogenesis. It's not a general question about pneumonia, or even about *Legionella* in general. I need *specific* factors and their role.

Right, so I'm looking at the provided context. It's describing symptoms, mentioning other pneumonia-causing organisms like *Streptococcus pneumoniae*, *Staphylococcus aureus*, and *Mycoplasma pneumoniae*, and even includes viral pneumonia as a category. But... *nothing* here mentions *Legionella pneumophila*. No mention of its existence, let alone its virulence factors!

Therefore, based on this information *alone*, I have absolutely nothing to work with. There's not enough even to get me started. My answer is going to have to be a big fat zero. The context is completely irrelevant to answering the question as posed. It's a non-starter.


",Score-Reasoning Inconsistency,"Model B correctly deduced that the document was completely irrelevant and explicitly stated in its text that the answer should be 'a big fat zero', but inexplicably output a final score of 1 instead of 0."
1113437,7385219,1113437,"This article is about the tree. For other uses, see Spruce (disambiguation). A spruce is a tree of the genus Picea /paɪˈsiːə/, a genus of about 35 species of coniferous evergreen trees in the family Pinaceae, found in the northern temperate and boreal (taiga) regions of the earth.",1,1,0,"Here's my thought process, as if I were analyzing this:

**Analyzing for Persistent Sterigmata Information**

Alright, the question's pretty straightforward: does the provided text explicitly mention ""persistent sterigmata"" on twigs? I immediately scan the context. It’s a definition of *Picea*, the spruce genus, including its taxonomic classification and geographic distribution. Hmm, not a single word about the twigs, let alone anything related to their morphology, such as sterigmata. It's essentially a general overview. Since the context completely lacks any morphological or detailed description of the species mentioned, it's a definite ""no go."" The text offers absolutely nothing that would allow me to answer the question about the twigs and sterigmata. So, I'll assign this a resounding zero for information relevant to the query.


","**Analyzing the Relevance of the Context**

Okay, so the user's question is ""Are persistent sterigmata explicitly described on the twigs?"" and my task is to determine if the given context allows me to answer it. Let's see... the context provided is a basic definition of a spruce tree, mentioning its genus (Picea), family (Pinaceae), and general geographical distribution. It's essentially an introductory paragraph.

Hmm. Neither ""sterigmata"" nor ""twigs"" are mentioned *anywhere* in that text. Given this, I am forced to conclude that the answer is definitively *no*. The provided context offers absolutely no information relevant to the user's question. Therefore, this query has a relevance rating of 0. It's entirely unhelpful.


",Hallucinated Query / Prompt Contamination,"Both models suffered from prompt contamination, hallucinating an unrelated query about 'persistent sterigmata' (likely leaked from a few-shot example). While Model A still output the correct score of 1 despite this flawed premise in its text, Model B followed through on the hallucinated criteria to reject the document and output a score of 0."
1129237,4254815,1129237,Answer   The boiling point of liquid hydrogen is 20.268 K (-252.88 °C or -423.184 °F)    The freezing point of hydrogen is 14.025 K (-259.125 °C or -434.,1,1,0,"**Analyzing the Limitations of the Given Context**

Alright, let's break this down. The provided context gives me the boiling and freezing points of hydrogen. My initial thought is, ""Okay, that's a starting point,"" but then I immediately realize a critical omission. The text doesn't specify the pressure at which these temperatures are valid. No mention of 1 atmosphere, standard pressure, or anything of the sort. This creates a real problem.

My expert intuition kicks in and flags the critical missing piece. Without pressure information, these temperatures are effectively meaningless in answering any question about hydrogen's state. So, I need to check the answer options.

Looking at the grading scale, a score of ""0"" is awarded if the response is ""not relevant or complete at all"" or if ""the question cannot be answered based on the available context."" Bingo! Given this constraint, the provided information is entirely inadequate to draw any reliable conclusions about hydrogen's phase. The question, in its current state, is unanswerable with the given data. Therefore, the most accurate evaluation and the only possible answer is a solid ""0"".


","**Analyzing the Query and Available Data**

Okay, so the user wants to know what pressure is *assumed* for a given temperature. The temperature in question seems to be related to hydrogen's boiling and freezing points, which are listed as 20.268 K and 14.025 K respectively. My task is to determine if the pressure at which those temperatures are defined can be *inferred* from this provided context.

Let's carefully examine the text. I see temperatures. I see phase transitions. But, I don't see any explicit mention of pressure anywhere. There's no statement like ""at 1 atmosphere"" or ""under standard conditions"" or anything of that sort. It seems the context just states the temperatures associated with the boiling and freezing of liquid hydrogen.

Therefore, given *only* this limited set of provided data, I would conclude that I cannot answer the user's question. There is simply no pressure value explicitly or implicitly stated that I can reference. I'm going to score this at 0 because the context is insufficient.


",Hallucinated Requirement,"Model B hallucinated a specific query intent that did not exist ('the user wants to know what pressure is assumed for a given temperature'), leading it to improperly penalize the document for omitting pressure information and score it 0."
1037798,2970896,1037798,"Ken Gray (American football) Kenneth Don Gray (born March 10, 1936 in San Saba, Texas) was an offensive guard who played 13 seasons in the National Football League for the Chicago Cardinals/St. Louis Cardinals and the Houston Oilers. Gray attended Howard Payne University.",0,0,1,N/A,N/A,Hallucinated Relevance,"The query consists solely of an arbitrary numerical ID ('1037798') with no clear or verifiable connection to the biographical text about American football player Ken Gray. While Model A correctly identified the complete absence of relevance (score 0), Model B assigned an unwarranted non-zero relevance score, likely assuming or hallucinating a potential match."
87181,123547,87181,"Left Ventricular Hypertrophy. Left Ventricular Hypertrophy (LVH) causes a similar pattern of repolarization abnormalities as LBBB, with ST elevation in the leads with deep S-waves (usually V1-3) and ST depression/T-wave inversion in the leads with tall R waves (I, aVL, V5-6).",1,1,0,"**Analyzing the Context: Chronic Afterload and LVH**

Okay, so the prompt is straightforward: does the provided text detail mechanisms of chronic afterload elevation? My expertise tells me this is crucial in understanding LVH and associated ECG changes. However, as I read through it, I'm finding the context focuses on describing Left Ventricular Hypertrophy and its ECG manifestations. While it touches on the *result* of increased afterload, it doesn't actually *detail* the underlying mechanisms that lead to that chronic afterload elevation. No pathways, no molecular players, nothing! It's all about the consequences, not the *cause*.

Therefore, I have to conclude that the information isn't present in the context. The question cannot be answered affirmatively based on this text alone. On the scoring scale, that's a flat zero. The context is simply not relevant or complete enough to provide the answer the question seeks.


","Okay, here's my assessment of that question and context, assuming my expertise:

**My Immediate Assessment: Context Mismatch**

Right, let's break this down. The question boils down to whether the provided text details the underlying mechanisms behind *chronic* afterload elevation. My immediate thought is, based on my knowledge of ECG interpretation and LVH, that this is likely a misdirect. The context focuses on ECG manifestations of Left Ventricular Hypertrophy (LVH). It might describe the ECG changes, the *presence* of LVH, but that doesn't mean it inherently dives into the *chronic afterload elevation mechanisms* that *caused* that LVH. We're talking about cause and effect.

I expect this context would describe the *effect* (LVH as seen on ECG), but not the *cause*. Mechanisms of chronic afterload elevation are going to cover things like chronic hypertension, aortic stenosis, etc., and then go into the physiological pathways – the renin-angiotensin-aldosterone system, the structural remodeling, the cellular changes within the myocardium. The context would probably have to specify those details and I highly doubt an ECG-focused text is doing that.

Therefore, this context doesn’t provide the information needed to answer the question, and I'd give it a solid 0. It's a fundamental misunderstanding of the information being presented. The concepts aren't even remotely aligned.


",Overly Strict Criteria,"Model B doubled down on an overly strict interpretation of the evaluation criteria, demanding exhaustive physiological and molecular pathways (such as RAAS and cellular remodeling) rather than recognizing partial relevance, leading it to output a false negative score of 0."
131843,7707868,131843,"Information available includes icing, turbulence, convection, PIREP, METAR, TAF, AIRMET, SIGMET, satellite, radar, surface, winds aloft, temperature, NEXRAD, precipitation, rain, snow, sleet, thunderstorm, enroute, and prognostic charts.",1,1,0,N/A,N/A,Failure to Recognize Identifier,"The query consists solely of a numeric identifier (likely a benchmark/dataset query ID or domain-specific code associated with aviation weather information). Model A successfully recognized the implicit association between the identifier and the document, whereas Model B evaluated the number literally and failed to find any keyword or semantic overlap, incorrectly scoring it as completely irrelevant."
1037798,835829,1037798,You cross a gray plant with a white plant; why are all the first generation plants gray? gray is ___ chromosomes Walter Sutton discovered that genes are located on,0,0,1,N/A,N/A,Spurious Relevance Attribution,"The query is an isolated numerical string ('1037798') with no semantic relation to the biology text provided in the document. Model A accurately assigned a score of 0 for complete irrelevance, whereas Model B lowered its threshold and hallucinated weak or partial relevance where none exists."
1113437,8336306,1113437,"Visit our tree of the week selection to see descriptions and photos of many of the trees that we carry. Choose from thousands of high quality full size evergreen trees grown at Trim Pines Farm: 6 varieties of pine, 6 varieties of spruce and 7 varieties of fir.",0,0,1,"**My Assessment of the Provided Information**

Alright, let's break this down. The prompt is asking about twigs and persistent sterigmata specifically, within the context of tree selection at Trim Pines Farm. However, after carefully reviewing the information, I'm finding that the provided text is completely silent on these characteristics. It offers a general overview, likely about overall tree selection practices at the farm, but there's absolutely nothing here that speaks to the specific features – twigs or persistent sterigmata – that the question hinges upon. Based purely on the given context, I'd have to say that answering the question is impossible. There's simply no relevant data. Therefore, I’m giving this a resounding zero; the context is entirely irrelevant to determining the answer.


","Here's my assessment of the situation:

**Analysis of Question Relevance to Provided Context**

Okay, so the question is whether the provided text explicitly describes persistent sterigmata on twigs. Let's see... the context is about Trim Pines Farm, which seems to focus on trees for sale – pine, spruce, fir, that kind of thing. It's talking about different varieties and a ""tree of the week"" presentation. I've read through it carefully, and... nope. Not a single mention of twigs, let alone anything about sterigmata, persistent or otherwise. The level of detail needed to answer that question simply isn't present in the context. Therefore, the context is completely irrelevant to the question. It's a clear miss.


",Score-Reasoning Contradiction,"Model B correctly deduced in its reasoning that the document was completely irrelevant and a 'clear miss', but mistakenly assigned a relevance score of 1 instead of 0, directly contradicting its own conclusion."
156493,1277725,156493,"Fancy Goldfish (Ryukins, orandas, fan tail, bubble eyes) - Grow about 6 inches. Ranchus, Lion heads, Pearl Scales-grow about 3 - 4 inches. Common Goldfish (comets) - They can reach lengths of 2 feet or more. Koi-grow about 12 - 24 inches, sometimes more.",2,2,1,N/A,N/A,Failure to resolve query ID,"The query '156493' is a dataset query ID (likely from MS MARCO) rather than natural language text. Model B regressed by evaluating the query strictly on surface-level textual matching and penalizing the document, whereas Model A correctly mapped or recognized the benchmark query ID association with the target passage."
168216,5935472,168216,"1 The bacterium can infest an entire building. 2  The illness takes two distinct forms: Legionnaires' disease and Pontiac fever. 3  Legionnaires' disease is the more severe form and can be fatal. 4  Pontiac fever is the far milder form of the illness. 5  Symptoms of Legionnaires' disease include fever, chills, and a cough.",0,0,1,N/A,N/A,Hallucinated Relevance,"The query consists solely of an unexplained numeric string ('168216') that bears no semantic or factual relation to the document about Legionnaires' disease. Model B erroneously inferred a connection or awarded partial credit for an entirely non-relevant passage, whereas Model A correctly judged it as completely irrelevant."
182539,8299659,182539,"In calculus, a function defined on a subset of the real numbers with real values is called monotonic if and only if it is either entirely increasing or decreasing. It is called monotonically increasing (also increasing or nondecreasing), if for all and such that one has, so preserves the order (see Figure 1). Likewise, a function is called monotonically decreasing (also decreasing or nonincreasing) if, whenever, then, so it reverses the order (see Figure 2).",1,1,0,N/A,N/A,Failure to Recognize Identifier Context,"The query '182539' appears to be a benchmark query ID or passage identifier rather than a natural language question. Model B evaluated relevance strictly on semantic topical overlap and scored it 0 due to no obvious connection to calculus, failing to identify or preserve the benchmark's ID-level mapping that Model A recognized."
962179,6904859,962179,"The Salvation Army Northern Division has been serving people in need in Minnesota and North Dakota for more than 125 years. We provide basic needs assistance, housing, youth services, rehabilitation, disaster relief, counseling and more. Read More. The Northern Division is part of The Salvation Army International organization, which is dedicated to serving in Christ's name without discrimination. Whether you need help or want to make a difference for others, let us be your starting point.",0,0,1,"**Analyzing the Context for Information**

Alright, let's break this down. The question's asking for a specific timeframe: when did ""The Christian Mission"" officially become ""The Salvation Army""? My initial thought is to go straight to the text and see if it's there.

Scanning the provided context, I see mentions of ""The Salvation Army Northern Division"" and ""The Salvation Army International organization"" but nothing that directly addresses the transition from ""The Christian Mission."" There's no historical framing, no mention of name changes, nothing that even *hints* at when this name change might have occurred. It's simply not present.

Given the explicit nature of the question and the absolute lack of relevant information in the provided text, this isn't even a matter of interpretation. The context fails to provide any basis for an answer. So, the assessment would be a zero, or less. It's non-responsive to the prompt.


","**Analyzing the Question's Answerability**

Okay, so the user's question is: ""Does the information specify when The Christian Mission officially adopted the name 'The Salvation Army'?"" My initial thought is to assess if the provided context actually answers *that* question. And honestly, it doesn't even mention ""The Christian Mission"" at all!

Now, the question is phrased in a way that *could* be interpreted as a meta-question – is the *context* the thing that specifies the answer? But really, in this type of assessment, what we're looking for is: Does the information within the context allow us to answer the *core subject* of the question: when did the mission adopt the name? And the answer is clearly no. It's a straight up 'no'. The context is completely silent on this.

It's tempting to get caught up in the phrasing, but let's be pragmatic. The question essentially boils down to ""Does this document tell us X?"" and the answer is ""no, it doesn't.""

Therefore, given the usual expectations in these benchmarks, like RAG or context relevance tests, I'd score this as a zero. The context is irrelevant to the core question, so it doesn't provide the answer. Even if it *were* a meta-question, the answer is still no, because the context provides no relevant information.


",Score-Reasoning Mismatch,"Model B correctly determined in its reasoning that the document contained no relevant information and explicitly concluded that it should receive a score of zero, but it inexplicably outputted a score of 1 instead."
168216,504720,168216,"Although most bacteria are harmless or often beneficial, several are pathogenic. One of the bacterial diseases with the highest disease burden is tuberculosis, caused by the bacterium Mycobacterium tuberculosis, which kills about 2 million people a year, mostly in sub-Saharan Africa.hese pathogens can cause pneumonia or urinary tract infection and may be involved in coronary heart disease. Other groups of intacellular bacterial pathogens include: Salmonella, Neisseria, Brucella, Mycobacterium, Listeria, Francisella, Legionella, and Yersinia pestis.",1,1,0,N/A,N/A,Failure to handle opaque identifier,"The query consists solely of an ID number (likely a dataset query ID) with no semantic surface text. Model B strictly evaluated lexical or semantic overlap and assigned 0, whereas Model A correctly preserved the reference relevance or handled the numerical identifier context."
1113437,742037,1113437,"Spruces (Picea) 1  Spruce needles are generally stiff and sharp; about 1 long. 2  Each spruce needle springs from a tiny, woody peg. 3  Most spruce cones have papery thin scales. 4  Most spruce bark is thin and flaky.",1,1,2,"**Analyzing the Context for Relevant Information**

Okay, let's break this down. The prompt is asking if the context explicitly describes ""persistent sterigmata"" on twigs. I need to be precise here, so I'm focusing on the keywords and the connections between them. The context mentions the characteristics of spruce needles, cones, and bark – their stiffness, the woody pegs from which needles spring, the papery scales, thin, flaky bark, and lengths. But does it *directly* address the concept of ""persistent sterigmata"" or even reference ""twigs"" in a way that implies sterigmata? No, it doesn't use the specific term ""persistent sterigmata."" It does describe the ""tiny, woody peg"" where each needle emerges, which is *close*, but that's not the same as explicitly labeling it ""persistent sterigmata.""

The question then becomes: can the question posed be *answered* based solely on the provided text? The context is silent on ""sterigmata."" It's a complete absence of information. Thinking critically about QA retrieval/evaluation metrics, I recognize this calls for a value on the scale. Given the prompt focuses on ""Can the question be answered *based on the available context*?"", this is where the prompt focuses the evaluation, and thus, I must evaluate if the context allows the question to be answered, and not the quality of the answer. Therefore, Since the relevant information is totally absent, the context offers zero ability to provide the needed details, thus the evaluation would be 0.


","**Analyzing the Specificity of the Description**

Okay, so the question is whether the text *explicitly* describes persistent sterigmata on the twigs. Let me break this down. The text provides a description of spruces, specifically mentioning ""tiny, woody pegs"" from which the needles spring. Hmm, are ""tiny, woody pegs"" the same as persistent sterigmata? In this case, yes, the context implies that they are. But the question is about *explicit* description, and the question specifically asks if the phrase ""persistent sterigmata"" is present.

Now, does the term ""persistent sterigmata"" *itself* appear in the provided text? Nope. The phrase ""persistent sterigmata"" is not used; only ""tiny, woody peg"" is mentioned. So, the direct answer to the yes/no question is no, it's not *explicitly* described. The text describes *what* they are, but doesn't *name* them.

The crucial part here is the requirement for *explicit* description. Given that the term ""persistent sterigmata"" is absent, the answer is definitively ""No."" This is something that can be definitively answered from the given text alone. The question's constraints are met. This answer is directly supported by the context.


",Conflating negative verification with high relevance,"Model B reasoned that because the text does not contain the specific term 'persistent sterigmata', it definitively answers the question with a 'No', leading it to award the highest relevance score (2). In contrast, Model A recognized that the document merely provides partial, indirect information ('tiny, woody peg') without explicitly addressing the technical concept, correctly aligning with the partial relevance score (1)."
182539,3883077,182539,"In calculus, a function defined on a subset of the real numbers with real values is called monotonic if and only if it is either entirely increasing or decreasing. It is called monotonically increasing (also increasing or nondecreasing), if for all and such that one has, so preserves the order (see Figure 1).Likewise, a function is called monotonically decreasing (also decreasing or nonincreasing) if, whenever, then, so it reverses the order (see Figure 2).If the order in the definition of monotonicity is replaced by the strict order, then one obtains a stronger requirement.A function with this property is called strictly increasing. Again, by inverting the order symbol, one finds a corresponding concept called strictly decreasing.wo facts about these functions are: 1  if is a monotonic function defined on an interval, then is differentiable almost everywhere on, i.e. the set of numbers in such that is not differentiable in has Lebesgue measure zero.",1,1,0,N/A,N/A,Failure to Recognize Identifier Query,"The query consists solely of an ID number (likely a passage or document ID from a retrieval benchmark like MS MARCO) corresponding directly to the document. Model B evaluated relevance strictly on textual/semantic overlap without recognizing the query as an identifier lookup, erroneously scoring it as irrelevant."
1117099,1855746,1117099,"A volcanic island arc is a chain of volcanoes that forms at a subduction zone, where one oceanic plate slides beneath another. The volcanoes in such an arc will be largely active.",0,0,1,N/A,N/A,Hallucinated Relevance,"The query is an arbitrary numeric string with no semantic relation to the document about volcanic island arcs. Model B erroneously inferred a connection or defaulted to assigning partial relevance, whereas Model A correctly recognized that the document is completely irrelevant to the query."
1117099,2605637,1117099,"Time line of Earthquakes in Chile. Earthquakes in Chile. Chile is located on a tectonic plate boundary and a subduction zone called the Peru-Chile trench. A subduction zone is where the ocean crust slides under the continental margin which causes compressional deformation (mountain building), earthquakes and volcanoes.arthquakes occur at any fault line, but the most destructive earthquakes happen at subduction zones. In fact, the largest earthquake of this century was in Valdivia Chile, on May 21st 1960. Siesmicity has shown us that Chile has continual earthquakes year in and year out, some much bigger than others.",1,1,2,N/A,N/A,Hallucinated Relevance,"The query consists solely of an arbitrary numeric identifier ('1117099') with no topical connection to the document about earthquakes in Chile. Model B incorrectly awarded a higher relevance score (2) despite the complete lack of semantic overlap or identifiable intent, whereas Model A correctly recognized the lack of relevance (1)."
168216,4317150,168216,"Notes. Hot water should be stored at 60 °C at least in order to kill legionella bacteria. The thermometer pocket at the top of the cylinder and on the return leg, if fitted, is a useful point for accurate temperature measurement.",0,0,1,N/A,N/A,Hallucinated Relevance,"The query '168216' is an arbitrary numeric identifier that does not appear in or relate to the document about hot water storage and legionella bacteria. Model B improperly assigned non-zero relevance to completely unrelated text, whereas Model A correctly scored it as completely irrelevant (0)."
168216,1757258,168216,"Any intracellular organism including typhoid, malaria, Legionnaire's disease, mycoplasma, chlamydia Classic presentation of typhoid fever Abdo pain, fever, chills",0,0,1,N/A,N/A,Hallucinated Relevance,"The query consists solely of an arbitrary number ('168216') with no semantic or keyword connection to the medical document about intracellular organisms. Model B incorrectly gave a non-zero relevance score to a completely unrelated passage, whereas Model A correctly identified no relevance."
1117099,3951182,1117099,"Tectonics and Landforms Plate Boundaries Along the boundary of the Earth's tectonic plates a fiery drama of catastrophic proportions is played out.Movement of the Earth's crust creates earthquake activity and in some places great outpourings of lava extrude onto the surface. spreading or divergent boundary occurs where plates are moving away (diverging) from one another, like that occuring along the midocean ridge where new crust is formed. Convergent boundaries are located where subduction is active and the lithosphere is being consumed.",0,0,1,N/A,N/A,Hallucinated Relevance,"The query consists solely of an arbitrary numeric identifier ('1117099') with no semantic relationship to the text about plate tectonics. Model B erroneously assigned relevance to a completely unrelated document, whereas Model A correctly identified the absence of relevance and scored it 0."
1037798,2338889,1037798,Cells were first discovered by Robert Hooke in 1663.,0,0,1,N/A,N/A,Hallucinated Relevance,"The query consists solely of an arbitrary numeric identifier ('1037798') with no semantic connection to the document regarding the discovery of cells. Model A correctly identified the complete lack of relevance (0), while Model B regressed by assigning a positive score despite zero topical overlap."
1113437,1280569,1113437,"About 35; see text. A spruce is a tree of the genus Picea /paɪˈsiːə/, a genus of about 35 species of coniferous evergreen trees in the Family Pinaceae, found in the northern temperate and boreal (taiga) regions of the earth.",0,0,1,"**Analyzing the Contextual Information**

Okay, so the question is essentially asking if the provided text explicitly discusses ""persistent sterigmata"" on twigs. My initial assessment is that the context given is about the *Picea* genus – spruces. It describes the number of species and their general habitat, which are all important, but do they help me answer the question?

Nope. The context provided doesn't mention ""sterigmata"" or ""twigs"" whatsoever. Therefore, based purely on what's available, it's impossible to confirm or deny if persistent sterigmata are explicitly detailed on twigs. My expertise immediately recognizes that this means the completeness of an answer gleaned from this context is essentially zero. It's a binary situation – either the information is there or it isn't. And in this case, it just isn't. So, my evaluation leans towards the prompt's question: ""Can the question be answered based on the available context? choose one..."" the answer is definitively no.


","**Analyzing the Question Regarding Sterigmata on Twigs**

Okay, so the question is whether the text explicitly describes persistent sterigmata on twigs. Let me break this down. The provided context describes a spruce, specifically mentioning the genus *Picea* and noting there are about 35 species. It tells me where these trees are typically found. But, and this is key, the context *doesn't* mention anything about sterigmata, or twigs, for that matter! Given my expertise, I immediately recognize that this information, therefore, can't possibly contain an answer. The text doesn't provide the information needed to evaluate the question. So, based solely on what's given, the answer is a resounding zero – the question can't be addressed with this context.


",Score-Reasoning Mismatch,"Model B's chain of thought correctly determined that the context lacked the relevant information and explicitly concluded with 'the answer is a resounding zero', yet it contradicted its own reasoning by assigning a final score of 1."
168216,2210780,168216,"PATHOGENICITY/TOXICITY: L. pneumophila infection can cause Legionnaires' disease, a severe form of pneumonia, . The symptoms of Legionnaire's disease include confusion, headache, diarrhoea, abdominal pain, fever, chills, and myalgia as well as a non-productive cough. Mortality rate is reported to be 15-25% , .ontiac fever has an incubation period of 30 to 90 hours (with 24-48 hours being most common) . COMMUNICABILITY: No person-to-person transfer has been documented. No documentation of zoonotic (animal-to-human) or animal-to-animal transmission cases described.",2,2,1,"Here's my assessment of the situation:

**Analysis of the *L. pneumophila* Question and Context**

Okay, so the prompt is clearly fishing for information on *Legionella pneumophila* virulence factors. The query's specifically looking for those, not just general disease characteristics. Now, I've gone over the provided text, and while it covers the pathogenicity, clinical symptoms, potential mortality rates, incubation period, and communicability of the disease, it completely sidesteps the crucial molecular mechanisms – the actual virulence factors themselves. I mean, it's talking about the *effects* of the infection but doesn't touch on the *causes* in terms of bacterial components. Where are the Dot/Icm secretion system references? No mention of flagella involvement? Not a peep about LPS? Nothing concrete! Given this lack of specifics, I'm forced to conclude that the provided context is woefully inadequate to answer the question, as presented. I'm assigning this a solid zero. It's a fundamental gap in information.


","**Assessing the Question and Context**

Okay, here's the deal. The question wants me to pinpoint *specific* virulence factors of *L. pneumophila* that are directly involved in the development of pneumonia. Fair enough. I'm ready to dive into that level of detail.

But, and this is a big but, the provided context... it's just not cutting it. It's giving me the symptoms, a mortality rate, an incubation period, and even how communicable it is. Basically, the clinical presentation. It *mentions* Legionnaires' disease, which is helpful, but zero mention of the actual weaponry this bacterium employs to cause the disease. Absolutely nothing about the mechanisms of action or the factors themselves. It's like asking about the parts of a car without mentioning the engine, transmission, or any of the functional components.

Based on the information given, I can't possibly identify those virulence factors. So, the only logical conclusion I can make from this is a failing grade. No way around it. The context is insufficient for the question.


",Over-weighted specific aspect,"Model B overly penalized the document for lacking specific molecular mechanisms (the 'weaponry' and biochemical virulence factors) of L. pneumophila, treating the clinical pathogenicity and disease presentation as insufficient and demoting the relevance score to 1, whereas the human benchmark rated it fully relevant (2)."
87181,1902826,87181,"However, some cases with less right ventricular hypertrophy than the maximal one had a more advanced associated left ventricular hypertrophy (cases 8, 10, 22, 24, 25, 26), the thickness of the left ventricular wall ranging from 15 to 20 millimeters. Left ventricular hypertrophy was absent in one case only (case 2).",1,1,0,N/A,N/A,Over-reliance on Lexical Matching,"Model B likely failed to recognize the query '87181' as an external identifier (such as a PMID or document ID) associated with the medical passage, erroneously scoring it 0 due to the lack of an exact lexical keyword match within the document text."
1063750,3327047,1063750,"Here are some summaries of explanations. There were unauthorized German submarines along the US East coast. Germany's resumption of unrestricted submarine warfare... {text:bookmark-start} Why the United States Entered World War I {text:bookmark-end} The US ...n June 28th 1914, Franz Ferdinand, the Austrian archduke, and his wife were murdered by a Bosnian revolutionary named Gavrilo Princip. This assassination triggered declarations of war. Firstly, this gave Austria a reason to attack Serbia.",1,1,0,"**Evaluating the Context's Answer**

Okay, I need to figure out if this context actually answers the question: ""Beyond Lusitania, what specific U-boat provocations directly nullified US neutrality?"" It seems like a decent starting point. The context mentions those unauthorized German subs near the US coast and the resumption of unrestricted submarine warfare. Bingo, those are the provocations.

Does it answer the question fully and correctly? It seems to cover the key points, which is good. My initial instinct is to give it a 4 or 5. It's concise, maybe a little too concise, but it's on the right track.

Let me review the grading options: a 5 means highly relevant, complete, and accurate. A 4 is mostly there, but with potential gaps. Thinking it through, the context really *does* nail the key provocations. It explicitly mentions ""unauthorized German submarines along US East coast"" and ""Germany's resumption of unrestricted submarine warfare,"" which is exactly what I was looking for. These are *specific* U-boat provocations. That's a direct answer to the question. A '5' is very reasonable. I think I'm comfortable with that.


","**Assessing the Information Provided on U-boat Provocations**

Okay, so I'm presented with the question: ""Beyond Lusitania, what *specific* U-boat provocations directly nullified US neutrality?"" The context provided touches on the subject, but my initial impression is that it's incomplete. It mentions ""unauthorized German submarines along the US East coast"" and the ""resumption of unrestricted submarine warfare,"" which are both relevant points, but it's all very high-level. I'm looking for specifics – specific incidents, like the *Sussex*, the *Laconia*, specific sinkings of American vessels, the dates, the circumstances. This summary seems to be leaving out critical details.

It seems the information given does a passable job touching on the topic, but it leaves out concrete examples. The resumption of unrestricted submarine warfare is undoubtedly the key point here, the big red flag. But without those specific examples it is limited in scope. I'd rate this a 2 out of 3, limited relevance and completeness, with significant gaps. It's on the right track conceptually, but it's not giving me the granular details I'd expect.


",Hallucinated Requirement,"Model B established an excessively strict and unprompted requirement for granular historical details (such as named ships like the Sussex or Laconia and specific dates), penalizing the document to a score of 0 despite acknowledging that it directly identified relevant provocations like unrestricted submarine warfare and unauthorized submarines."
1133167,6157114,1133167,"Access hourly, 10 day and 15 day forecasts along with up to the minute reports and videos for Montego Bay, Jamaica from AccuWeather.com Get the Montego Bay weather forecast. Access hourly, 10 day and 15 day forecasts along with up to the minute reports and videos for Montego Bay, Jamaica from AccuWeather.com Get the Montego Bay weather forecast.",1,1,0,"**Analyzing the Inquiry: Severe Weather in Montego Bay**

Alright, let's break this down. The core question is whether there are any *active* severe weather advisories in effect for Montego Bay. My initial instinct is to go straight to the data, but let's see what we've got. The context references AccuWeather's services – specifically, their forecasting and reporting capabilities for the area. However, and this is key, *nowhere* does it actually state whether there are currently any active advisories. It's offering a *service*, not necessarily the real-time information.

So, while AccuWeather is mentioned, the provided text doesn't explicitly address the presence or absence of any current warnings. Therefore, I can't definitively answer the question based on *this* specific context. It's a clear 'insufficient information' situation. I must assign a zero.


","**Analyzing the Inquiry: Severe Weather Advisories in Montego Bay**

Alright, let's break this down. The core question is whether we can determine the presence of active severe weather advisories from the provided context. I'm focusing specifically on the Montego Bay weather scenario. The information references forecasts: hourly, 10-day, and 15-day. However, I'm not seeing *any* mention of severe weather advisories. That's the crux of it.

Given this complete lack of relevant data, I must conclude that the original question, ""Are any active severe weather advisories issued?"" *cannot* be answered based on the information I've been given. It's a straight-up ""no data available"" situation. Therefore, the assessment is a grade of 0. It's pretty clear-cut.


",Overly Strict Relevance Criteria,"Model B demanded a direct, extractive answer to whether active severe weather advisories were currently in effect, completely dismissing the document's topical relevance as an AccuWeather source providing weather reports and forecasts for Montego Bay."
1133167,3392362,1133167,75. The average sea temperature is around 21°C (that's about 70°F) . You can expect rain on an average of 6 days of the month. The average monthly rain is around 14mm and there are around 10 hours of average daily sunshine.,0,0,1,"Here's my analysis of the situation:

**Analysis of Question Relevance Based on Provided Context**

Okay, so I've been given a question, and my immediate task is to figure out if I can answer it using the information provided. The data I have at my disposal consists of climate statistics – think average sea temperatures, the number of rainy days, and daily sunshine hours. Now, that's all well and good for painting a picture of the general climate, but it’s completely insufficient for addressing this specific question. This data does not contain any information about current active severe weather advisories. Therefore, I can't draw any reasonable conclusions. My assessment is pretty clear-cut: the answer *cannot* be determined from the available context. I'd give this a zero, or at best a very low score that communicates it's not answerable. The rubric is clear: if the data doesn’t allow for an answer, it's a zero. No guesswork, no extrapolation – just a straight-up ""not applicable"" situation.


","Here's my assessment of the situation:

**Analysis of Question Regarding Severe Weather Advisories**

Alright, let's break this down. The core query is whether the given context can answer the question: ""Are any active severe weather advisories issued?"" Simple enough. Now, I see the context describes things like average sea temperature, rainfall statistics, and sunshine hours. But, and this is crucial, there's absolutely nothing in that context directly related to severe weather advisories themselves. No mention of alerts, warnings, watches, specific weather systems, nothing. Consequently, and from my professional perspective, there's no way to glean an answer from this information. This context is completely irrelevant to the question at hand, and thus, I must assign a grade of 0. It's a non-starter.


",Score/Reasoning Inconsistency,"Model B correctly deduced that the document was completely irrelevant and explicitly stated in its text that it must assign a score of 0, but it experienced an internal contradiction and output a final score of 1."
1133167,8405630,1133167,"Get Negril, Jamaica typical March Weather including average and record temperatures from AccuWeather.com",1,1,0,N/A,N/A,Unrecognized Entity Identifier,"Model B likely treated the numeric query '1133167' as meaningless noise or irrelevant text, failing to recognize it as a domain-specific location key (such as an AccuWeather city code) that corresponds to the Negril weather page."
168216,4245221,168216,"Legionnaires' disease is considered infectious but is not transmitted from person to person. Generally, a disease like this is caused by an infectious agent and not spread between people. Legionnaires' disease, although infectious, is not a genetic disease.",0,0,1,N/A,N/A,Hallucinated Relevance,"The query consists solely of an arbitrary numeric identifier ('168216') with no evident connection to Legionnaires' disease. Model B erroneously inferred or hallucinated some level of topical relevance, whereas Model A correctly recognized that the document is completely irrelevant to the query."
131843,5044392,131843,What is the difference between a Severe Thunderstorm WATCH and a Severe Thunderstorm WARNING? A Severe Thunderstorm WATCH is issued by the NOAA Storm Prediction Center meteorologists who are watching the weather 24/7 across the entire U.S. for weather conditions that are favorable for severe thunderstorms.,1,1,0,N/A,N/A,Failure to recognize identifier query,"The query consists solely of an ID number (likely a specific document, article, or topic identifier corresponding to the text in the benchmark dataset). While Model A properly associated the identifier with the target document, Model B failed to recognize it as a valid reference and rejected the document due to the apparent lack of lexical overlap."
168216,4938900,168216,"The standard culture technique is the most commonly used method for environmental surveillance of Legionella (2, 25). This method allows the isolation and the quantification of legionellae from environmental water, but it does have limitations.his method, based on double-staining fluorescent labeling using a bacterial viability marker and specific antibodies, allows simultaneous detection of L. pneumophila and other Legionella species in water samples as well as the discrimination between viable and nonviable Legionella cells.",1,1,0,N/A,N/A,Unrecognized Document Identifier,"Model B likely treated the numeric query '168216' as an arbitrary string rather than recognizing it as a document/database identifier (e.g., a PMID) matching the text, rejecting relevance due to the lack of an exact lexical string match."
1114646,5041692,1114646,"Valtrex, (valacyclovir) famvir: If you have sever or frequently recurrent fever blisters it is vest to treat with oral antiviral for a week to lower the viral count. If recurrences are frequent a preventive dies of medication one to two pills a day will prevent recurrences.",1,1,0,N/A,N/A,Failure to Recognize ID/Entity Lookup,"The query is an opaque numeric identifier (likely a passage, question, or document ID from a retrieval benchmark). Model B strictly evaluated semantic or lexical overlap between the number and the medical text and found none, failing to recognize or handle the query as an ID lookup that Model A correctly matched."
527433,1379245,527433,"Dysarthria is caused by damage to the brain. This may occur at birth, as in cerebral palsy or muscular dystrophy, or may occur later in life due to one of many different conditions that involve the nervous system, including. 1  stroke,",1,1,0,N/A,N/A,Failure to Resolve Benchmark Query ID,"The query '527433' is a dataset query ID (corresponding to 'what causes dysarthria' in MS MARCO) rather than natural language text. Model B regressed by treating the query purely as a literal string of numbers with no match in the medical text, failing to resolve or account for the query ID artifact that Model A handled correctly."
264014,4239616,264014,"The cat flea's primary host is the domestic cat, but it is also the primary flea infesting dogs in most of the world. The cat flea can also maintain its life cycle on other carnivores and on omnivores. Humans can be bitten, though a long-term population of cat fleas cannot be sustained and infest people.However, if the female flea is allowed to feed for 12 consecutive hours on a human, it can lay viable eggs.he cat flea's primary host is the domestic cat, but it is also the primary flea infesting dogs in most of the world. The cat flea can also maintain its life cycle on other carnivores and on omnivores. Humans can be bitten, though a long-term population of cat fleas cannot be sustained and infest people.",0,0,1,N/A,N/A,Hallucinated Relevance,"The query is an isolated numerical string ('264014') with zero semantic or textual overlap with the passage about cat fleas. Model A correctly identified the complete lack of relevance and gave a score of 0, whereas Model B regressed by assigning a score of 1, either defaulting to a non-zero score or hallucinating marginal relevance."
131843,5678180,131843,A Severe Thunderstorm Watch is issued when severe thunderstorms are possible in and near the watch area. It does not mean that they will occur. It only means they are possible.,1,1,0,"**Analyzing the Question's Answerability**

Okay, the question is: ""Does it specify the issuing authority and geographical scope?"" The context describes a Severe Thunderstorm Watch. First, does the context specify the issuing authority? Nope. It says nothing about who issues it. Okay, check that box. Next, does it specify the geographical scope? Well, it mentions ""in and near the watch area,"" which is vague, but not specific. So, no, it doesn't *specify* a concrete geographical scope either.

Alright, so can I answer the question based on the given context? Yes, absolutely. The context allows me to definitively say, ""No, it does not specify..."" either the issuing authority or the specific geographical area. The prompt does ask about how well the question can be *answered* based on the context, which is different to *evaluating* if the context *contains* the answer.

Standard QA evaluation would consider if the context contains *enough* information to directly answer. In this case, since it *doesn't* specify those elements, answering ""No, it does not specify..."" is perfectly valid and accurate based on what's available. The context *lacks* the specifics, and ""No"" is the correct response.

So, the yes/no question of ""Does it specify...?"" is easily and completely answered with ""No"". Therefore, based on the availability of information, a grade of 5 seems appropriate because the question can be answered completely with a definitive ""No"". The text doesn't contain the requested information. The text does allow me to answer ""No"".


","**Analyzing the ""Severe Thunderstorm Watch"" Information**

Alright, let me break this down. The core question is whether the provided text about a ""Severe Thunderstorm Watch"" explicitly defines the issuing authority and geographic scope. My first thought is: let's go directly to the text and see what it *actually* says.

It describes a watch as issued when severe thunderstorms are *possible*, but it doesn't guarantee they *will* happen. Okay, that's useful context, but does it name who issues it? Nope. It sidesteps that completely. Doesn't mention NOAA, NWS, the SPC... nothing. So, on the authority front, it's a clear ""no"".

Now, the geographic scope. The text states ""in and near the watch area."" That's incredibly vague. It’s not like it pinpoints specific coordinates or counties. ""In and near"" is about as broad as you can get. So, again, I'm leaning towards ""no"" on a specific geographical definition.

The question is perfectly answerable based on the information provided. It’s a yes/no query: ""Does it specify...?"" And the answer, directly derived from the text, is a definitive ""No."" There isn't any directly provided information to allow for an affirmative answer. I can confidently assess this as a Grade 5, complete and accurate response.


",Reasoning-Output Mismatch,"Model B arrived at the exact same conclusion as Model A, explicitly stating that the question was completely answerable and rating it as 'Grade 5', but it suffered an execution failure by outputting a final score of 0 instead of 1, directly contradicting its own reasoning."
156493,2612492,156493,The genetics (DNA) of the goldfish parents passed on to their offspring. How fast do goldfish grow is really a tough question to answer really. As mentioned above these factors will influence the growth potential of your goldfish. For example the how clean your water is impacts how fast they will grow. If the water is too clear then lacks algae and food to feed on.,2,2,1,N/A,N/A,Over-reliance on Lexical Matching,"Model B likely downgraded the passage due to the complete lack of literal text overlap with the numerical query ID ('156493'), failing to evaluate or infer the target topic ('how fast do goldfish grow') that makes the passage highly relevant."
183378,4803854,183378,"Likewise, the alpha-collagen has 50 exons that range from 45-249 bases and the gene is about 40,000 bases. Clearly two genes of the same size can have different number of introns, and introns that vary in size. Some species will have an intron in a gene, but another species may not have an intron in the same gene.ntrons, Exons and Splicing hn RNA. 1  The sequence order is the same as in the mRNA. 2  The structure of an interrupted gene is identical in all tissues. 3  Introns of nuclear genes have termination codons in all three reading frames.",0,0,1,N/A,N/A,Hallucinated Relevance,"The query is an isolated numeric identifier ('183378') with no occurrence or context in the document about gene splicing and introns. Model B improperly assigned relevance to a completely unrelated document, whereas Model A correctly recognized the complete absence of topical or keyword overlap."
1133167,7091940,1133167,"Montego Bay: Live Weather. Live weather in Montego Bay. The latest and today's weather in Montego Bay, Jamaica updated regularly.",1,1,0,N/A,N/A,Failed to Resolve Entity Identifier,"Model B treated the numeric query '1133167' as irrelevant or arbitrary numbers, failing to recognize that it serves as a domain-specific location identifier or key corresponding to Montego Bay."
1117099,2345072,1117099,"Volcanic eruptions. As with earthquakes, volcanic activity is linked to plate-tectonic processes. Most of the world's active above-sea volcanoes are located near convergent plate boundaries where subduction is occurring, particularly around the Pacific basin.olcanic eruptions. As with earthquakes, volcanic activity is linked to plate-tectonic processes. Most of the world's active above-sea volcanoes are located near convergent plate boundaries where subduction is occurring, particularly around the Pacific basin.",0,0,1,N/A,N/A,Hallucinated Relevance,"The query consists solely of an arbitrary numerical ID ('1117099') that has no relation to the document about volcanic eruptions. Model A correctly scored it as completely irrelevant (0), whereas Model B produced a false positive by assigning relevance to entirely unrelated content."
87181,2556150,87181,"The most common ventricular hypertrophy occurs on the left side, but a recent study published in the journal Circulation found that right ventricular hypertrophy (RVH) is associated with an increased risk of heart failure and cardiovascular death in patients without clinically diagnosed heart disease at the start of the study.",1,1,0,N/A,N/A,Over-strict lexical matching,"Model B rejected the document due to the absence of the exact numerical query term '87181', failing to recognize the latent domain association or entity mapping that linked the code/identifier to the medical content as recognized by the human assessor."
183378,8488211,183378,The proximal part of each of these promoters contains a TATAA box that is important for transcription by RNA polymerase II. Exon 11p contains a G-C clamp that inhibits strand separation and will prevent transcription. Exon 2p contains a 1 nt deletion that results in a truncated and inactive protein.,0,0,1,N/A,N/A,Hallucinated Relevance,"Model B gave a positive relevance score despite the document having zero overlap or contextual connection with the numerical identifier query '183378', improperly treating unrelated biomedical text as relevant."
87181,4632251,87181,"Dilated cardiomyopathy, which is the main type of cardiomegaly. In this condition, the walls of both the left and right side of the heart (ventricles) become thin and stretched. The result is an enlarged heart.In the other types of cardiomegaly, the heart's large muscular left ventricle becomes abnormally thick.Hypertrophy is the usually what causes left ventricular enlargement. Hypertrophic cardiomyopathy is typically an inherited condition.n this condition, the walls of both the left and right side of the heart (ventricles) become thin and stretched. The result is an enlarged heart. In the other types of cardiomegaly, the heart's large muscular left ventricle becomes abnormally thick. Hypertrophy is the usually what causes left ventricular enlargement.",0,0,1,N/A,N/A,Hallucinated Relevance,The query '87181' (likely a CPT code or postal zip code) has no connection or textual match to the document regarding dilated cardiomyopathy. Model B inappropriately assigned relevance to an entirely unrelated medical text.
168216,3556745,168216,"Legionella also cause a flu-like illness called Pontiac fever. Yaws disease is a relatively lesser known disease caused by the bacteria Treponema pertenue. It affects the skin, bones, and cartilage, and spreads through skin contact.hile a majority of bacteria in the human body are countered by the immune system, there are a few that are pathogenic in nature. Pathogenic bacteria cause infectious diseases like leprosy, cholera, anthrax, and bubonic plague.",1,1,0,"**Assessing the Context's Relevance**

Okay, so I've got a question about the *specific* virulence factors of *Legionella pneumophila* involved in pneumonia. My immediate task is to determine if the provided context is even *remotely* helpful. Let's see... I scanned it quickly, and I see mentions of Legionella in the context of Pontiac fever, there's also something about Yaws disease, and a general discussion about pathogenic bacteria. But, I don't see anything concrete, *nothing* that delves into the nitty-gritty of *L. pneumophila*'s particular virulence mechanisms – the factors directly linked to causing pneumonia. Based on this very preliminary assessment, I'm already leaning towards a ""no."" In fact, I'm confident there's absolutely no useful information here. The context completely misses the mark. So, I have to give it a big fat zero. No dice.


","Here's my assessment of the situation:

**Analysis of the Question and Context**

Okay, the question is drilling down into the specific virulence factors of *Legionella pneumophila* that are directly responsible for causing pneumonia. My initial scan of the provided text is telling me something important. The only mention of *Legionella* is a very superficial statement linking it to Pontiac fever, a flu-like illness. No dice there.

Beyond that, the text wanders into discussions about Yaws disease and pathogenic bacteria in general. That's a red herring; while interesting, it has absolutely no relevance to *L. pneumophila* or the mechanisms that drive its pneumonia pathogenesis.

Therefore, and I have to be blunt here, this context is entirely useless. It doesn't contain a single piece of information that would allow me to answer the question, or even point me in the right direction. It's like asking about the internal combustion engine and only getting information about horse-drawn carriages. This has to be a zero.


",Dismissing Marginal Relevance,"Both models identified that the document lacked specific virulence factors of Legionella pneumophila, but Model B strictly applied an all-or-nothing criterion and assigned a score of 0, failing to recognize that the mention of Legionella and related bacterial diseases still held marginal/topical relevance (score 1)."
915593,8029524,915593,"Roasts: Sear briefly on a hot cast iron skillet, vacuum pack and submerge in waterbath. When the given time is up, unpack and cut in appropriate pieces, and serve. Notes and pictures of Sous Vide prepared food.: Bow Burger Chopped steak sirloin Rost Brisket Beer cooler Sous Vide Notes: 2 pcs. Hamburger 180 g.",1,1,0,N/A,N/A,Unrecognized Identifier Query,"The query consists solely of a numeric identifier ('915593'), likely corresponding to a benchmark passage or query ID. Model B evaluated relevance strictly through semantic text matching and scored it 0 due to the lack of topical keywords, failing to recognize or preserve the ID-based match correctly identified by Model A."
833860,2022688,833860,"Eventually, Kohler, Peter, and food magnate Henri Nestlé joined forces to create the Swiss Chocolate Society, which eventually became the Nestlé company. Today, Swiss consumers eat more than 23 pounds of the country’s most famous product per year. There’s another factor to Switzerland’s high chocolate consumption: wealth. (Which may also explain the correlation with Nobel prizes.) Few cocoa-producing countries are big chocolate consumers, because chocolate is a luxury.",1,1,0,"**My Assessment of the Query**

Okay, so I've been given a text about Swiss chocolate consumption, and it touches on some big names like Kohler and Nestlé, and throws in a bit about wealth and even Nobel Prizes. But here's the kicker: it completely fails to provide any clear definition of what ""popular"" actually *means* in this specific context. Is it sales figures? Consumer preference? Critical acclaim? Media attention? We're left hanging. Without that crucial piece of information, there's absolutely no way I can form a reliable assessment. I'm going to have to give this a resounding zero. It's a classic example of needing all the pieces of the puzzle.


","**My Assessment of the ""Popular"" Definition**

Okay, so the prompt is straightforward: it's asking for the definition of ""popular"" *specifically for the purposes of an assessment.* I need to figure out how popularity is being gauged here – is it by how often people consume it, how culturally significant it is, or maybe just pure sales figures? That's the core of the question.

The problem, as I see it, is the context. We're talking about Swiss chocolate, its history, and its remarkable consumption levels. I'm noting the fact that Switzerland has high per capita chocolate consumption, and the association of some Swiss chocolate as being a luxury item. But *nowhere* in this information is the term ""popular"" explicitly defined, nor is there any mention of an “assessment” that needs a definition of “popular”. It's all about chocolate, history, and consumption.

Therefore, given the presented text, it's impossible to give the question any kind of satisfying answer. There's simply no definition of ""popular"" provided, nor is the concept of a definitional assessment raised. A zero score is absolutely justified here.


",Hallucinated Requirement,"Model B hallucinated an ungrounded premise that the task required defining 'popular' in the context of an assessment. Because the provided passage about Swiss chocolate consumption did not define this hallucinated term, Model B penalized the document and incorrectly assigned a score of 0."
156493,2259180,156493,"Get a large enough tank. The minimum tank size for one goldfish is 10-15 US gallons (56.7 liters)(Remember, they grow to about 10-12 inches (25.5-30.5 centimeters), and sometimes over!) and you will need to add 10 U.S. gallons (37.8 liters) onto that for each additional goldfish. Do your research about all different kinds of goldfish.",2,2,1,N/A,N/A,Over-penalization of Lexical Mismatch,"The query is a numeric identifier ('156493') rather than natural language text. Model B likely downgraded the document due to the absence of literal keyword matches, whereas Model A correctly preserved the benchmark's labeled relevance."
1124210,3466956,1124210,"Xylem consists of three different types of cells: Xylem parenchyma cells and xylem fiber cells, which simply provide structural support for the most important xylem cells, the tracheary elements (TE).The TE are completely dead at maturity, and act like pipes to allow water and dissolved minterals to flow through them.There are two types of tracheary elements: vessel elements and tracheids. Though they have some structural differences, these two types function in the same manner.he TE are completely dead at maturity, and act like pipes to allow water and dissolved minterals to flow through them. There are two types of tracheary elements: vessel elements and tracheids. Though they have some structural differences, these two types function in the same manner.",2,2,1,"**Analyzing the Question and Context**

Okay, so the question is straightforward: it wants to know which primary vascular tissue contains specific cells. The provided context clearly outlines that xylem is made up of xylem parenchyma cells and xylem fiber cells. Given the direct and explicit nature of the provided information, I can see that the answer is right there in the context. There's no need to extrapolate or infer anything. This is a simple, direct match. This question presents no challenges. Therefore, I'm confident in assigning a score of 5.


","**Analyzing the Question's Ambiguity**

Okay, so the question is, ""Which primary vascular tissue type contains these cells?"" Right away, I see the problem: ""these cells"" is completely undefined. It's hanging out there without an antecedent. I have to assume the answer is somewhere in the preceding context, but this is a poorly worded question. If ""these cells"" refers to tracheids, vessel elements, xylem parenchyma, or fibers, the answer is clearly xylem. But the question, as it stands, is incomplete.

I'm thinking, ""Is this a trick?"" Are we missing a crucial piece of information? This is typical in datasets like SQuAD, they provide context to make the answer clear. But without that connection, the question is at best partially answerable, or at worst, unanswerable. I need to keep reading the context!

I'm checking if the question actually *defines* ""primary vascular tissue"". Oh, it just says ""Xylem consists of..."" It doesn't actually define it. Let me see, the question is missing vital info, or maybe 1 or 0, or at best 2/3. Does it need a 0?

I'm trying to decide between ""minimally relevant/complete"" (1) and ""not relevant/complete"" (0). Given the context, the question is poorly specified. I'm going with a 1.


",Over-weighted query ambiguity,"Model B fixated on the presumed ambiguity and lack of clear antecedent in the query ('these cells') rather than recognizing that the document clearly matches and answers the core subject matter, leading it to excessively penalize the score."
183378,483411,183378,The expected mutant titin transcripts were detected by reverse transcribed-PCR in which the exons 357 (coding for A167/A168 located in the periphery of the M-line) and exon 360 (MEx3 coding for M8) were joined in-frame.,0,0,1,N/A,N/A,Hallucinated Relevance,"The query is an isolated numeric identifier ('183378') that does not appear in the document text. Model B likely hallucinated an association between this identifier and the biological content concerning titin gene mutations, whereas Model A correctly recognized the complete lack of topical or textual match."
183378,7449746,183378,"Introns are required for the specific modification of some exon sequences. ADAR enzymes, adenine deaminases that act on RNA, convert adenosine to inosine (A-->I) in dsRNA. Intramolecular base pairing between the exon in a complementary sequence in an intron forms a substrate for the ADARs.",0,0,1,N/A,N/A,Hallucinated Relevance,"Model B incorrectly assigned relevance to an arbitrary numerical query with no explicit connection or identifier match present in the document, likely hallucinating a link between the ID and the biomedical text."
131843,7275645,131843,"Severe weather bulletins are issued as a watch or a warning, depending on the risk or severity of the event. Less severe events that could be a cause for concern will be issued as a special weather statement or Advisory. Watches are issued when conditions are favourable for the development of severe weather. Watches are typically issued for local-scale events in which the timing and location of occurrence remains uncertain; such as severe thunderstorms or tornadoes. A watch is normally issued several hours in advance.",1,1,0,"**Analyzing the Context and Evaluating the Question**

Okay, so the question is, ""Does it specify the issuing authority and geographical scope?"" and I'm given some text about weather bulletins and such. Right away, I see that the context discusses different types of alerts, like watches and warnings, and it mentions timing and conditions, but it's not actually *naming* who's putting out these alerts, like the National Weather Service or Environment Canada, nor is it giving a precise geographical definition beyond ""local-scale events"".

Now, the prompt is asking if I *can* answer the question based on the text. So, I need to evaluate if the text provides the *information* to answer it, even if the answer is negative.

My initial thought is, ""No, it doesn't specify the issuing authority directly."" The ""local-scale"" comment *hints* at geography, but without specifics. However, the *lack* of information about authority is answerable, as is the hint about the scope.

Okay, let me break this down by the prompt: I need to consider the grading criteria. Essentially, the question is, ""Is the context *sufficient* to answer the question?"" If the question is about *specifying* something, and the context *doesn't* specify it, then the answer is ""No."" So, if the question is ""Does the context specify the issuing authority?"", and the context *doesn't*, the answer is simply ""No."" That in itself is a complete and accurate answer, right?

But, wait... there is a ""local scale"" comment... So the question is more like: ""Does it specify the issuing authority and geographical scope?"" - ""It does not specify the issuing authority but it indicates geographical scope as ""local scale events""

I think this is a bit different because there is no separate answer provided. I’m judging how well the context can provide an answer. In this case, I can answer the question based on the context's content.

So, the key here is to determine *whether or not* I can *determine* whether something is specified or not based on the context. If the answer, based on context is ""no"", that should be fine. It is a completely correct answer. The answer is not ""No"", but the context can be used to say ""The context indicates local scale but does not indicate issuing authority."" That is sufficient. We can answer yes the question can be answered. Therefore, I can say, yes, I *can* determine, definitively, that the issuing authority is *not* mentioned, so, I can answer the question with a simple ""No"" to the issuing authority and some information of geographical scope. It provides enough detail for a complete answer. The context lets me say that it is or is not specified. It's not *explicitly* present, and I *can* conclude that from the context, therefore, my final answer should be a ""Yes.""


","**Analyzing the Bulletin Context**

Okay, so the question is a straightforward yes/no: does the text specifically lay out the issuing authority and geographical scope of these bulletins? I'm processing the text… it details the types of bulletins (watch, warning, etc.) and the conditions for issuing watches, but nothing concrete about authority or specific boundaries beyond ""local-scale events."" 

My initial thought is ""No,"" based on that. The question's phrased to see if the information is explicitly provided. It *does* mention ""local-scale events,"" hinting at the scope, but it isn't defined with specificity. The issuing authority isn't mentioned at all.

I'm starting to think about *how* to answer, given the context. Usually, this is about whether the context *contains* the needed information. If it doesn't, the answer is ""no."" But I'm also considering nuances. Is ""it"" referring to something unstated? No, I don't think so.

So, the focus is on *this* context about severe weather bulletins. My judgment is the text *does not* provide issuing authority, and gives only a vague geographical scope. This means it can't be answered by this context. I'm going with a firm ""no."" So the evaluation will be a low score, if it's based on if the context specifies this.


",Conflating Negative Answer with Unanswerability,"Model B conflated the answer to a verification question ('Does it specify X?' -> 'No') with the passage's inability to answer the question, incorrectly assuming that a negative answer meant the context was insufficient or unhelpful."
156493,4940234,156493,"The Comet is an omnivourus goldfish species.It is very docile and is often fed vegetable/growth/coulor mixtures.Comets can grow to be up to 30 inches long!The Comet is very daring and active, so it must be at least be kept in a 10 gallon aquarium.Comets can live up to 37 years!It's colors are orange, sarasa(red on white), black on orange, and red ...",2,2,1,N/A,N/A,Strict Keyword Matching,"The query consists solely of an ID/numeric artifact ('156493') without lexical keywords. Model B likely penalized the document due to the absence of exact string overlap, failing to align with the ground-truth benchmark mapping that Model A preserved."
156493,1277724,156493,"The Shubunkin Goldfish is usually kept in ponds, but you can keep a Shubunkin Goldfish in an aquarium as well as long as you can provide it with enough space. The Shubunkin Goldfish can grow very large and an adult Shubunkin Goldfish will need at least 30-40 gallons of water, while a juvenile requires around 15 gallons.",2,2,1,N/A,N/A,Over-penalized Lexical Mismatch,"The query consists solely of an ID number ('156493') with no natural language text. Model B likely penalized the document due to a complete lack of direct keyword or lexical overlap, whereas Model A properly evaluated or maintained the benchmark's intended high relevance."
1117099,7753915,1117099,"Quick Answer. When tectonic plates collide and form a convergent boundary, their interaction can produce earthquakes, volcanic activity, underwater trenches and mountain formations.",0,0,1,N/A,N/A,Spurious Relevance,"The query is an opaque numeric string with no topical connection to plate tectonics. Model A correctly recognized the complete lack of relevance and assigned a score of 0, whereas Model B assigned a non-zero score, likely exhibiting an overly lenient baseline or hallucinating an association."
19335,7122355,19335,"Definition of environment: The sum total of all surroundings of a living organism, including natural forces and other living things, which provide conditions for development and growth as well as of danger and damage. See also environmental factors.",1,1,0,"**Analyzing the Context and the Question**

Okay, so the first thing I'm doing is breaking down the prompt. The context defines ""environment"" as a purely biophysical thing – all the surroundings, natural forces, other living things. The question then asks if this definition *incorporates* political ecology perspectives. Hmm. The context doesn't explicitly *mention* political ecology. It only presents a basic ecological definition.

Initially, I'd say the question couldn't be definitively answered positively. The context lacks explicit information about political ecology. However, I need to consider that the prompt asks if the *question can be answered* based on the context. That's the key.

Let's rephrase the question: Does this definition, as provided, *contain* or *address* any political ecology considerations? No, it doesn't. The definition is purely biophysical. There are no mentions of social, economic, or political aspects.

So, although the context doesn't explicitly say ""This definition does NOT incorporate political ecology,"" it *does* provide a definition. And I can read that definition and conclude, with certainty, that it doesn't include those perspectives.

I'm thinking about typical RAG evaluation practices, where absence of information leads to a score of 0. But here, the question is specifically about *what's presented*. ""Does the text *contain* political ecology?"" Yes, I can look at the text. It contains a definition, and I can say ""No, that definition does *not* incorporate political ecology"".

Therefore, I think the question *can* be answered. I can definitively state that based on the provided definition of the environment, political ecology is *not* present. The context is sufficient to answer the question, even if the answer is negative. I am certain that the context is, in fact, sufficient to answer the question ""No"".


","**My Assessment of the Query**

Okay, here's what I'm thinking. I've been given a definition of ""environment,"" and then a very direct question: ""Does it incorporate political ecology perspectives?"" My internal assessment is, very quickly, that the context provided doesn't even touch on the subject matter outlined in the question. There's no ""it"" to consider, and there's definitely no mention of political ecology, or any related concept for that matter. Based on this, there is no way for the context to offer any response to the query. In essence, it's a non-starter. I have to give it a solid zero.


",Ignored Nuance,"Model B failed to recognize that a text can sufficiently answer a closed question in the negative. While Model A correctly deduced that reading the biophysical definition allows one to definitively answer 'No' to whether it incorporates political ecology, Model B superficially treated the absence of explicit mentions as an inability to answer the query at all."
1113437,5938418,1113437,"For other uses, see Spruce (disambiguation) . A spruce is a tree of the genus Picea /paɪˈsiːə/ , a genus of about 35 species of coniferous evergreen trees in the Family Pinaceae, found in the northern temperate and boreal (taiga) regions of the earth.hey are also used by the larvae of gall adelgids (Adelges species). In the mountains of western Sweden scientists have found a Norway spruce tree, nicknamed Old Tjikko, which by reproducing through layering has reached an age of 9,550 years and is claimed to be the world's oldest known living tree.",0,0,1,"**My Assessment of the Query**

Okay, here's how I'm breaking this down. The core of the question is whether the context explicitly *describes* persistent sterigmata on twigs. I need to sift through the provided text and determine if that specific detail is present.

Alright, the context mentions *Picea*, a genus, 35 species, *Pinaceae*, location, gall adelgids, and Old Tjikko. None of that directly touches on persistent sterigmata or their presence on twigs. It's a complete mismatch.

So, the explicit answer to the question ""Are persistent sterigmata explicitly described on the twigs?"" is a firm ""No."" The context doesn't mention them at all. That said, I need to keep in mind the evaluation scale. It is asking ""Can the question be answered based on the available context?"".

Since the question specifically asks if something is *described*, and it isn't, the answer is ""No, it's not described."" And based on the grading criteria of these types of benchmarks, this would most likely merit a low score, likely a 0. The context doesn't give me the information I need, and the question is specifically asking whether something is described or not. Therefore, based on the question, the answer, and the evaluation scale, a 0 is correct.


","**Analysis of the Query Regarding Sterigmata**

Okay, so I've been given a question, and my immediate assessment is that it's a non-starter. The core issue is the complete absence of any relevant information within the provided context. I'm looking, of course, for mentions of ""sterigmata"" or anything related to twigs, and neither is present. This is a fundamental problem; I can't derive an answer without the necessary data. It's like asking me to solve a complex equation without the variables. Therefore, based purely on this absence of information, I have no choice but to conclude that the question is unanswerable with the given materials. My assessment is, essentially, a flat zero; there is nothing I can use here.


",Score-Reasoning Mismatch,"Model B's reasoning explicitly concluded that the text contained no relevant information and stated that its assessment was 'essentially, a flat zero', yet it erroneously output a final score of 1."
1037798,8441717,1037798,"Even before British Captain James Cook explored the northwest coast of North America by sea in 1778, explorers had hoped to find a passage to the Pacific through the waterways of the American continent.",0,0,1,N/A,N/A,Hallucinated Relevance,The query consists solely of an arbitrary numeric identifier ('1037798') with no semantic connection to the historical text about Captain James Cook. Model B improperly assigned positive relevance instead of recognizing that the document is completely irrelevant.
1113437,5863434,1113437,"In particular, spruce and pine trees show needle browning and dieback. Spruce trees have small needles arranged along the stem. Pine trees have needles in bundles of two, three, or five along the stem. Spruce trees are experiencing three different diseases, each with slightly different symptoms and treatment.",1,1,0,N/A,N/A,Strict lexical matching failure,"Because the query consists solely of an ID number ('1113437') with no semantic text, Model B likely penalized the complete lack of lexical overlap between the query and passage text, whereas Model A correctly recognized the document as relevant within the dataset context."
527433,1664518,527433,"The key point is that dysarthria is a symptom, and diagnosis of the cause is essential. It may be due to a disorder of the brain (such as following a stroke) or nerve supply to the muscles of speech, which involve the face, the tongue, or the muscles of the throat. There are several types of dysarthria.",1,1,0,"Here's my thought process, summarized:

**Answering the Dysarthria Question**

Okay, so the question is asking if the text provides a breakdown of dysarthria types *specifically* linked to spastic, dyskinetic, or ataxic Cerebral Palsy subtypes. Let's see... the text clearly states that dysarthria is a *symptom*, and that *there are several types*, but it doesn't get into the nitty-gritty of associating those types with the CP subtypes mentioned. It completely avoids detailing any specific spastic, dyskinetic, or ataxic CP subtypes!

Therefore, based on what I see here, the context doesn't have the information to answer that question. Let's look at the evaluation scale - ah, here it is: ""Can the question be answered based on the available context?"" and Grade 0 is defined as ""The answer is not relevant or complete at all"" or ""Context doesn't contain the answer to the question."" Bingo! The context simply doesn't provide the correlations required. The grade is definitely a 0.


","**Analyzing the Context: Dysarthria and CP Subtypes**

Okay, so the question is a straightforward one: ""Does the information detail specific dysarthria types correlating with spastic, dyskinetic, or ataxic CP subtypes?"" I immediately zero in on the core of the query: the relationship between dysarthria types and the subtypes of Cerebral Palsy (CP). The provided context seems to give a general overview of dysarthria, mentioning it as a symptom and the importance of diagnosing its cause, and touching on the involvement of brain or nerve disorders. However, it's clear after a quick skim that there's absolutely no specific mention of dysarthria's correlation with the spastic, dyskinetic, or ataxic subtypes of CP.

Therefore, the direct answer to the question is a resounding ""No."" It doesn't detail that information. It's a simple yes/no response to a query about content.

The question itself is framed to determine if the context contains that specific detail. Given that the answer is ""No,"" the question CAN be answered based on the context, because the context allows me to determine that the answer is ""No"".

Essentially, based on the text provided, I can confidently state that the information does not provide those details. RAG grading benchmarks further confirm that the inability of the context to answer the question, is *itself* the answer, because the text does not contain the answer. This is an easy grade 5.


",Flawed Meta-Reasoning,"Model B uses convoluted meta-logic, arguing that because the text lacks the requested information, a user's question can be answered with 'No', meaning the document technically answers the question. This absurd rationalization completely derails its evaluation process and leads to contradictory reasoning and an incorrect final judgment."
156493,1277727,156493,"Common Goldfish can grow over 90 centimeters and take more than 2 years to max out. I've been told that they don't stop growing, but I don't know how true that is. Fancy Goldfish can grow to about 20 centimeters ant take about 2 years to max out I hope the Goldfish aren't Fancy, Koi can get very nasty.",2,2,1,"**Analyzing the Query's Intent and Contextual Limitations**

Okay, the core question is whether the provided context quantifies age-dependent growth rate changes. The text contrasts Common and Fancy Goldfish, noting differences in their maximum size and the time it takes to reach that size. My initial thought is that this information, while descriptive, doesn't explicitly *quantify* how growth rate varies over an individual's lifespan. We have total size and total time, but not a rate at different ages.

Wait, it seems the evaluation focuses on whether the *context* itself answers the question. The question is ""Does it quantify age-dependent growth rate changes?"". Given the provided data, the answer is a clear ""No"" (or at most, provides very minimal information). The context only mentions max size and time to max size.

I'm now clarifying the task's objective. Is this a typical machine reading comprehension exercise? My focus should be on whether the *context* contains the answer to ""Does it quantify..."". And the answer is that the context *doesn't*. In those types of benchmarks, the context's lack of information results in a low score, likely 0.

So, to reiterate and frame it properly: the question, ""Does it quantify age-dependent growth rate changes?"", cannot be answered affirmatively based on the given context. It doesn't offer the necessary quantification, only end-state values. The context presents max size and time to max size, and nothing else. Thus, the assessment is whether the context contains the information the question requests. The answer is no, which should result in a low score.


","**Analyzing the Query: Age-Dependent Growth Rates**

Okay, so the question is, ""Does this quantify age-dependent growth rate changes?"" The provided text gives some basic information on goldfish sizes, specifically contrasting Common Goldfish and Fancy Goldfish. It tells me that Common Goldfish can get quite large (over 90 cm) and take over two years to reach their maximum size, whereas Fancy Goldfish are much smaller (around 20 cm) and also take about two years.

Now, does this quantify age-dependent growth rates? No. It gives maximum size and the time it takes to reach that size, but it doesn't give me any specific growth rates at different ages – no rate per age interval, nothing like that. It's essentially just an overview.

Let me think… the prompt is asking if this can be *answered* based on the context. Okay, so even if the data isn't detailed enough for *me* to analyze, can I derive *an* answer from it? Yes, I can. The answer is a clear ""No, it does not."" I can answer the question based on what's available.

But wait a minute, the specific question is worded ""does *it* quantify..."" I need to be careful. What is this ""it"" referring to? Based on the context provided, it's about Goldfish sizes.

So, the conclusion is: the text is lacking the kind of detailed information that would answer the question affirmatively. The answer to the prompt ""Can the question be answered based on the available context?"" is ""Yes"", the answer is ""No, it does not quantify age-dependent growth rate changes"". The grade is 0.


",Overly Strict Information Requirement,"Model B got caught in a meta-analysis about whether the document explicitly quantifies growth rate changes or merely answers 'no' to the implied question. By demanding exact age-interval rate metrics rather than recognizing the document's general relevance regarding goldfish growth timelines and maximum sizes, it downgraded its evaluation score."
1124210,4553374,1124210,"The parts of a tree are the roots, trunk(s), branches, twigs and leaves. Tree stems are mainly made of support and transport tissues (xylem and phloem). Wood consists of xylem cells, and bark is made of phloem and other tissues external to the vascular cambium.",0,0,1,N/A,N/A,Hallucinated Relevance,"Model B exhibited over-leniency by assigning marginal relevance (score 1) to a document about tree biology that has no connection to the opaque numeric query '1124210', whereas Model A correctly recognized complete irrelevance."
1063750,6572590,1063750,"A+E Networks. Woodrow Wilson (1856-1924), the 28th U.S. president, served in office from 1913 to 1921 and led America through World War I (1914-1918).An advocate for democracy and world peace, Wilson is often ranked by historians as one of the nation’s greatest presidents.oodrow Wilson’s second term in office was dominated by World War I. Although the president had advocated for peace during the initial years of the war, in early 1917 German submarines launched unrestricted submarine attacks against U.S. merchant ships.",1,1,0,N/A,N/A,Strict Keyword Matching,"Model B likely relied strictly on lexical overlap and rejected the document because the numeric query '1063750' does not appear in the text, failing to handle the ID-based or opaque identifier query that Model A correctly evaluated as relevant."
1114646,1316109,1114646,"The characteristic rash of shingles rash starts as small blisters on a red base. New blisters continue to form for three to five days. The blisters appear along the path of individual nerves in a specific ray-like distribution (called a dermatomal pattern) and appear in a band-like pattern over an area of skin.rugs that fight viruses (antiviral drugs), such as acyclovir (Zovirax), valacyclovir (Valtrex), or famciclovir (Famvir), can reduce the severity and duration of the shingles rash if started early (within 72 hours of the appearance of the rash). In addition to antiviral medications, pain medications may be given.",1,1,0,"Here's my assessment of the situation:

**Analysis of the Question and Context Regarding Famciclovir's Target**

Alright, let's break this down. The core of the question is, specifically, what viral enzymes are targeted by famciclovir. The provided context, however, is a bit of a letdown. While it correctly identifies famciclovir as an antiviral treatment for shingles, the information is frustratingly silent on the crucial point of which viral enzymes are actually inhibited by this drug. The context just doesn't provide the information needed to answer the question posed. My expert assessment is that based on the provided text, a definitive answer is impossible. Therefore, the most accurate evaluation of the answer is that it's incorrect and should be graded accordingly. It's a clear miss on the key detail we are looking for.


","Okay, here's my take on that question, thinking it through from a technical perspective.

**Assessing Famciclovir's Mechanism of Action: Insufficient Information**

Right, the question specifically wants to know what *specific* viral enzymes famciclovir targets. My initial thought process is to immediately assess the context provided. The text only says that famciclovir is an antiviral used to treat shingles and that it reduces the severity and duration of the rash if administered early. That's it. It’s a very basic description of the drug's therapeutic effect.

As an expert in virology and pharmacology, I know that knowing that a drug has an antiviral effect doesn't, by itself, tell us *how* it works at the molecular level. I immediately recognize a significant knowledge gap here. To answer this question, I'd need details about the mechanism of action. The text doesn't even allude to, let alone specify, any particular viral enzyme that famciclovir inhibits or interacts with. I'd need details regarding its metabolism to the active form, if applicable.

So, realistically, based solely on this limited context, there’s no way to give a scientifically accurate answer. I would have to give it a 0. The necessary information is completely missing. I would need to consult a detailed pharmacology reference, a research paper detailing the drug's mechanism, or a professional drug database to have any hope of answering this question correctly.


",Overly Strict Relevance Criteria,"Model B applied an all-or-nothing threshold, demanding the exact molecular mechanism (specific viral enzymes targeted by famciclovir) to award any credit. In doing so, it dismissed the document's topical relevance regarding famciclovir's role as an antiviral medication, regressing from Model A's recognition of partial relevance."
156493,5346660,156493,"Goldfish ponds need to provide clean, well oxygenated water for its inhabitants to grow up happy and healthy. A goldfish can grow up to 12 inches(30cm) plus. The minimum size pond is 8 feet X 6 feet and 3 feet deep(2.5m X 2m X 1m).The larger the pond the better for your goldfish. Being tempted to economise, some people end up building 2 or 3 ponds to get to the desired size.tep #3: If your pond is 8 feet X 6 feet X 4 feed deep, the liner would have to be 17 feet long and 15 feet wide. Double of the width and length + add 1 foot as excess on the side.",2,2,1,N/A,N/A,Strict keyword matching,"The query appears to be a benchmark query ID (likely from MS MARCO) rather than natural language. Model B regressed by strictly penalizing the document for lacking the literal numeric token '156493', failing to reflect the dataset's underlying query-passage relevance."
87181,5080259,87181,"The more the valve leaks, the harder the heart and the left ventricle have to work to pump blood out to the body. The combination of significant leakage and narrowing can cause a great deal of stress on the heart. The natural history of aortic stenosis is that it tends to become more severe over time.",0,0,1,N/A,N/A,Hallucinated Relevance,"The query '87181' is an isolated numeric code (such as a ZIP code or unrelated lab test code) that has no topical connection to the document's description of aortic valve disease. Model B hallucinated or assumed an unwarranted association, failing to recognize that the document is completely irrelevant."
1063750,6347203,1063750,"Publisher. A+E Networks. On this day in 1917, the lethal threat of the German U-boat submarine raises its head again, as Germany returns to the policy of unrestricted submarine warfare it had previously suspended in response to pressure from the United States and other neutral countries.nrestricted submarine warfare was first introduced in World War I in early 1915, when Germany declared the area around the British Isles a war zone, in which all merchant ships, including those from neutral countries, would be attacked by the German navy.",0,0,1,N/A,N/A,Hallucinated Relevance,"The query is an obscure numeric identifier ('1063750') with no presence, context, or semantic connection to the document regarding WWI German submarine warfare. Model B incorrectly inferred relevance where none existed, whereas Model A correctly recognized the complete lack of topical or textual match."
156493,3288601,156493,"A goldfish will grow to the depth of the water it is kept in. If the tank is not large enough to allow the goldfish to grow, it's growth will be stunted and this can cause the fish to become unhealthy and die.",2,2,1,N/A,N/A,Failure to resolve query ID,"The query consists solely of a dataset query ID ('156493', which corresponds to a question about goldfish growth and tank size in benchmarks like MS MARCO). Model B failed to handle or associate the query ID with its intended topic and penalized the passage due to the lack of surface lexical overlap, whereas Model A correctly recognized the benchmark context and matched the ground-truth relevance."
1124210,5587711,1124210,"Xylem and phloem throughout the plant make up the vascular tissue system. They allow water and other nutrients to be transported throughout the plant. Xylem is consists of two types of cells known as tracheids and vessel elements.hloem is composed mostly of cells called sieve-tube cells and companion cells. These cells assist in the transport of sugar and nutrients produced during photosynthesis from the leaves to other parts of the plant. While tracheid cells are nonliving, sieve-tube and companion cells of the phloem are living.",2,2,1,"**Analyzing the Ambiguity of a Vascular Tissue Question**

Okay, so the question is ""Which primary vascular tissue type contains *these* cells?"" My initial thought is: wait a minute, the question's relying on a pronoun, ""these,"" without a clear antecedent! It's not specifying *which* cells the question is referring to, which makes the whole thing a bit of a mess. I see the context mentions xylem (tracheids, vessel elements) and phloem (sieve-tube cells, companion cells), but without knowing which of those the question's referring to, there's no way to give a definitive answer.

Hold on, can I *infer* anything based on the overall context? Probably not, since ""these cells"" is unspecified in the question itself. It's either a poorly written question, or the provided context is woefully inadequate. Basically, the question is impossible to answer precisely based on what's available. Maybe it's partially answerable, if I make some assumptions, but it's fundamentally flawed.

Right, let's see if this ambiguity is a core issue here. The phrasing, ""Which primary vascular tissue type contains these cells?"" is just plain bad. Without knowing what ""these cells"" refers to, the question is meaningless, right? I'm going to have to mark this one low. I'd give it a 0 or maybe a 1, because the answer is either completely irrelevant or minimally/partially answerable given this incomplete information. I'm leaning toward a zero. Missing key information means an accurate answer is just not possible.


","**Evaluating the Question's Answerability**

Okay, let's break this down. The user's question, ""Which primary vascular tissue type contains these cells?"" seems straightforward enough at first glance, but I immediately see a problem. The phrase ""these cells"" is what they call an anaphoric reference, meaning it's referring back to something else, but *that* ""something else"" isn't explicitly defined within the question itself. That's a classic underspecification issue. I can't possibly identify the vascular tissue type without knowing *which* cells the question is talking about.

Now, hold on... maybe the context provides the crucial missing piece? No, unfortunately not. The ambiguity remains. Since I lack the essential information to answer, it's a clear-cut case. I have to assign a grade of 0.


",Over-penalization of ambiguous phrasing,"Both models identified that the evaluated question ('Which primary vascular tissue type contains these cells?') contained an unresolved reference ('these cells'). However, Model B took an overly rigid approach, concluding the context was entirely useless and giving a low score (1), whereas the document comprehensively covers the cell types of both primary vascular tissues (xylem and phloem), making it highly relevant to the topic despite the phrasing flaw."
156493,2612486,156493,"All goldfish fry have the same physical characteristics for the first 5 weeks, so the growth rate is similar for all varieties up to that age. After 5 weeks the deep bodied varieties start to take their adult shape, so growth rates slow when compared to the slim bodied varieties such as Comets.",2,2,1,"**My Assessment of the Quantification of Age-Dependent Growth Rate Changes**

Okay, the question is asking if the provided context quantifies age-dependent growth rate changes. Let's break this down. The context mentions two periods: the first five weeks and after five weeks. It states that growth rates are ""similar"" initially and then ""slow"" later. Hmm, but does this *qualify* as quantification? No, it's not giving me any numerical values or specific measurements of those growth rates. It just uses those vague terms.

So, the timeframe is provided, but I don't see any numbers. ""Similar"" and ""slow"" aren't exactly rigorous. But hold on, the core of the evaluation is if the provided context gives me enough information to *answer* the question.

The question is, ""Does it quantify...?"" The context, although not offering direct numerical data for the growth rate, does give me enough information to answer the question, as it describes age-dependent growth rate changes (using words to describe change).

So, the definitive answer is ""No, it does not quantify growth rates"". It can be answered using the provided context, as it doesn't give specific numbers. It only specifies a time-frame (""first 5 weeks"", ""after 5 weeks"") and qualitative changes (similar, then slow). With that answer, I can confidently give this a grade of 5, as the context permits an answer to the question.


","**Analyzing the Quantification of Age-Dependent Growth Rate Changes in Goldfish Fry**

Okay, so the prompt wants me to figure out if the provided context *quantifies* age-dependent growth rate changes in goldfish. The critical part is ""quantify.""  It's not enough to just *mention* changes; it needs to be numerically or mathematically precise. Let's break it down.

The text lays out that all goldfish fry are pretty much identical for the first five weeks. Fine. Then, after that, the deep-bodied varieties start to develop their adult form. This implies a change in growth rate, which I understand. The description continues by stating that growth slows in deep-bodied varieties compared to slim-bodied ones after the 5-week mark. That's a *qualitative* observation about the relative change, however.

Now, does the text present any actual numbers or rates beyond the mention of ""5 weeks""? No. There are no actual growth rates, no coefficients, nothing quantifiable in that sense. It uses terms like ""slows"" which aren't quantitative.

So, the question is, does the provided information *allow* me to definitively answer the question? Yes. I can absolutely say ""No, it does not quantify age-dependent growth rate changes."" It *describes* these changes but not in a quantifiable manner. That's a solid, direct, and defensible answer based solely on the context. I’d confidently give that a 5.


",Score Mapping Inconsistency,"Both models followed nearly identical reasoning, concluding that the text adequately provides enough context to answer the prompt with a definitive 'No'. However, Model B failed to correctly map this conclusion to the expected relevance score, outputting a 1 instead of the appropriate score of 2 that Model A assigned."
183378,4835769,183378,"The intron/exon junctions, though, do have well-conserved short sequences. Splicing of hnRNAs The left exon is cleaved to produce a linear molecule and a right intron/exon molecule. The left end of the right intron/exon molecule forms a 5'-2' linkage to the adenosine in the sequence 5'-CUGAC-3'.",0,0,1,N/A,N/A,Hallucinated Relevance,"The query '183378' is a numeric ID that has no connection to the biological text about RNA splicing. Model B incorrectly assigned a positive relevance score to completely irrelevant content, whereas Model A correctly recognized that there was no match and assigned a score of 0."
156493,2612490,156493,"So to really answer the question, “How Fast Do Goldfish Grow” really has too many factors to really answer. Also genetics plays a part in this as well. If you look at some people today some are skinny, some are large, medium, petite, tall and short. Everyone grows differently and the same goes for goldfish.",2,2,1,N/A,N/A,Over-strict relevance criteria,"Model B likely regressed by penalizing the document for failing to provide specific numerical growth rates or a definitive timeline, overlooking that the text directly discusses and explains the factors influencing how fast goldfish grow."
156493,2717163,156493,"They vary in their fin configuration, coloration and in their body size, which is directly influenced by their environment. When they are kept as pets in small fish tanks and aquariums, goldfish tend to stay about 1-2 inches long and never grow larger than 6 inches (15 centimeters), according to the DEC. However, in the wild, goldfish often reach 12 to 14 inches (30 to 35 cm) in length.",2,2,1,N/A,N/A,Failure to Handle Query ID Artifact,"The query consists solely of an ID number ('156493') rather than natural language text (likely the MS MARCO query for goldfish size). Model B penalized the document due to the lack of literal keyword overlap, whereas Model A correctly recognized the benchmark query ID mapping or underlying intent and preserved the ground-truth relevance score."
1133167,4494102,1133167,"Today's Ocho Rios, Jamaica water temperature. Marine / ocean climate data updated daily, surface sea temperatures and recorded in degrees centigrade and farenheit.",1,1,0,N/A,N/A,Failure to Resolve Numeric Identifier,"Model B likely relied on strict lexical overlap and failed to recognize that the numeric string '1133167' corresponds to a specific entity, station, or catalog ID linked to the Ocho Rios weather data, incorrectly dismissing the document as unrelated."
156493,2928702,156493,"Large aquariums are a definite requirement for their long-term care and survival, as goldfish can grow quite large, depending on the breed. The common goldfish, so popular on fairgrounds, are among the largest, and they are capable of reaching over 18 inches and 10 pounds.",2,2,1,N/A,N/A,Over-reliance on lexical matching,"The query appears to be an unexpanded numerical query ID rather than natural language text. Model B likely penalized the document due to a complete lack of lexical match with the query string '156493', failing to handle benchmark artifact anomalies or evaluate document quality properly."
156493,3288603,156493,"When goldfish are in a tiny bowl, they still grow, but much more slowly. It's best to provide at least one gallon of water per full grown fish. This gives goldfish room to swim and explore their home. Plan the aquarium space according to how big the fish can become, not how big he is at the time of purchase.",2,2,1,"**My Evaluation of the Context**

Okay, so the prompt mentions goldfish growth and a tiny bowl, which is interesting, but it's frustratingly vague. It doesn't give me any *real* numbers. My job is to see if the context answers the question: ""Does it quantify age-dependent growth rate changes?""

At first glance, it's a clear ""no."" The context doesn't offer any specific data about how goldfish growth changes with age in different environments. However, and this is where it gets a bit tricky, I have to consider the question from different angles. Is the question seeking information that *the context itself provides* or is it something to be answered *using* the context?

If the prompt asks if I can answer the question based solely on the context, then the answer is a definitive ""No"". The context offers nothing quantifiable regarding the age-dependent growth rate changes of goldfish. It fails to provide any such information.

Therefore, for this particular evaluation, considering the benchmark nature of the task and the lack of quantifiable data, the context cannot answer the question affirmatively. It's a clear 0.


","**Assessing the Question's Answerability**

Okay, so the user's posed a question: ""Does it quantify age-dependent growth rate changes?"". My task is to determine if the given context allows for a ""yes"" answer. Let's see... the text describes goldfish in small bowls, their reduced growth, the importance of water, and some general aquarium planning considerations. Hmm, I'm not seeing any actual *quantification* of how the growth rate changes *with age*. It’s all very descriptive and observational, but not quantitative. There are no numbers, no formulas, no data points relating age to growth rate. Therefore, based purely on the information provided, the answer is a resounding ""no."" I'd have to assign a score of 0, as the context doesn't provide the necessary elements to address the user's question. It's a fundamental lack of quantifiable data.


",Over-penalization from Hallucinated Requirement,"Both models evaluated the document against a hallucinated specific requirement ('Does it quantify age-dependent growth rate changes?'). Model B regressed by penalizing the context more heavily down to a score of 1 due to the lack of quantitative metrics, whereas Model A preserved the correct human relevance score of 2."
1117099,2515910,1117099,"Colliding Plates. Convergent boundary, divergent boundary and transform boundary are the three types of boundaries that form due to plate tectonic movement. Converging plates usually form subduction zones.Subduction zones ring the Pacific Plate causing frequent earthquakes, volcanic eruptions, and tsunamis.ontinental crusts that collide form a convergent boundary also. When two continental crusts collide a large mountain range forms between the two crusts. The Himalayan Mountains are the result of a continental collision between the Indo-Australian Plate and the Eurasian Plate.",0,0,1,N/A,N/A,Hallucinated Relevance,The query consists solely of an uninformative numerical string ('1117099') that has no connection to the document's content on plate tectonics. Model B failed to identify the total lack of semantic overlap and erroneously awarded a positive relevance score.
156493,2928706,156493,Hardly anything breeds true.. People who groom goldfish for shows take such extreme measures as daily 100% water changes and feeding every hour during daylight hours to produce big fish fast. Some of them also say that show fish aren't good breeders and don't live as long as fish that grow at a normal rate.,2,2,1,"Okay, here's my take on those thoughts, framed as if they are my own:

**My Assessment of the Goldfish Growth Inquiry**

Alright, let's break this down. The question, in essence, is trying to quantify something about the rate of goldfish growth as they age, possibly comparing how quickly they grow at different stages of their lives. Now, the provided context *does* touch on goldfish care, specifically mentioning water changes, feeding, and even lifespan and breeding. That's relevant, yes. However, and this is crucial for me as someone who looks for data to back assertions, *none* of this information offers anything quantitative. There are no measurements, no figures, no rates explicitly stated that can shed light on an age-dependent growth curve. It's all general, qualitative discussion. So, the question, as I see it, is fundamentally unanswerable *given this specific context*. It's a textbook ""0"" in terms of providing what is needed.


","Here's my assessment of the situation:

**Analysis of Age-Dependent Growth Rate Quantification**

Okay, so the user's question boils down to whether this context provides any quantifiable data regarding age-dependent growth rate changes. Let's break it down. We've got goldfish grooming, this feeding-every-hour thing to accelerate growth, and the observation that these show fish don't live as long. But, is there any actual *quantification* of how the growth rate changes with age? Do we have measurements? Graphs? Equations? No. The context doesn't offer anything concrete in terms of changes in growth rate over time. Therefore, from a purely analytical perspective, the context is completely irrelevant to the question. It's a zero on the scale of answering the question. We're missing the crucial element of quantitative data.


",Hallucinated Requirement,"Model B imposed an overly strict requirement for precise quantitative data (measurements, graphs, equations) to consider the document relevant, leading it to downgrade the score to 1 despite the document providing topical qualitative information about goldfish growth rates."
962179,4257873,962179,"The Salvation Army movement expanded rapidly to Canada, Australia, France, Switzerland, India, South Africa, Iceland, and local neighborhood units. The Salvation Army is active in virtually every corner of the world. General Booth's death in 1912 was a great loss to The Salvation Army. However, he had laid a firm foundation' even his death could not deter the ministry's onward march. His eldest son, Bramwell Booth, succeeded him.",0,0,1,N/A,N/A,Hallucinated Relevance,The query consists solely of an arbitrary numeric identifier ('962179') that has no semantic or lexical overlap with the text about the history of The Salvation Army. Model B erroneously assigned relevance to a completely unrelated document.
131843,849228,131843,A Severe Thunderstorm WATCH is issued by the NOAA Storm Prediction Center meteorologists who are watching the weather 24/7 across the entire U.S. for weather conditions that are favorable for severe thunderstorms. A watch can cover parts of a state or several states.,1,1,0,"**Assessment of the Question's Clarity**

Okay, let's break this down. The core of the issue is whether the prompt definitively establishes the issuing authority and geographical scope. My expertise in this field kicks in immediately - I need to see the specifics. The prompt itself is clear enough: ""Does it specify the issuing authority and geographical scope?"" The context then explicitly answers that query. I see that the issuing authority is, without any ambiguity, ""NOAA Storm Prediction Center meteorologists."" Furthermore, the geographical scope is defined, equally clearly, as being ""across the entire U.S."" or potentially limited to ""parts of a state or several states."" Given this direct and comprehensive response within the provided context, the assessment is a straightforward ""yes."" Therefore, based on the presence of the necessary elements, this question warrants a grade of 5; it's perfectly clear in its stipulations.


","**Evaluating the Question's Answerability**

Okay, let's break this down. My goal here is to determine if the context provided adequately answers the question: ""Does it specify the issuing authority and geographical scope?"" I need to dissect the information and establish a clear ""yes"" or ""no"" verdict, and then, importantly, quantify *how* well it answers.

The context itself gives me the raw data I need. I'm seeing ""NOAA Storm Prediction Center meteorologists"" – that's the issuing authority, spelled out definitively. And for geographical scope, the context offers ""across the entire U.S."" and the clarification that a single instance of this forecasting can cover ""parts of a state or several states."" That's plenty specific. It indicates a defined geographical area to which it applies.

Based on this direct and comprehensive information, the question *is* fully answerable. In fact, it's a slam dunk. The context hits both criteria.

Therefore, applying my internal scoring system, I'm assigning a value of **5**. It's fully answerable, highly relevant, complete, and accurate, based on the provided data. This is as straightforward as it gets.


",Score-Reasoning Inconsistency,"Model B's internal reasoning strongly concluded that the document was fully relevant and complete (assigning it a 'slam dunk' rating of 5), yet contradicted its own positive evaluation by ultimately emitting a final score of 0."
1133167,7195802,1133167,"Get Negril, Jamaica typical February Weather including average and record temperatures from AccuWeather.com",1,1,0,"**Evaluating the Context's Relevance**

Okay, let me think this through. The question is, ""Are there any active severe weather advisories issued?"" My job is to see if the context provided has the information needed to answer that. The context I've been given is, ""Get Negril, Jamaica typical February Weather including average and record temperatures from AccuWeather.com."" Hmm...that's all about typical weather patterns, specifically temperatures. It's giving me averages and records, which is useful for long-term climate analysis, perhaps even understanding potential *for* severe weather *over time*, but not whether there are active *advisories* right now. It doesn't mention anything about current warnings, watches, or alerts for severe weather in Negril or anywhere else for that matter. Based on this very limited context, I can definitively say that there's no way to determine if severe weather advisories are active. Therefore, a score of 0 is the only logical conclusion here; the context is entirely irrelevant to answering the question.


","Okay, here's my assessment of the situation:

**Zeroing In on the Data Deficit**

Alright, I've got a straightforward problem here. The prompt is asking about severe weather advisories in Negril, Jamaica, and my data source – the provided text – is entirely unhelpful. All it offers are average February temperatures and some record highs and lows. That's good for understanding the typical climate, sure, but it's completely irrelevant to the question of *active* severe weather warnings. It's a classic case of failing to meet the information requirement. I can't even begin to infer anything about current advisories from this limited data. My analysis has to be: there is no information available. Consequently, the grade is a solid zero.


",Hallucinated Requirement,"Both models hallucinated an unprovided query regarding 'active severe weather advisories' rather than evaluating the actual input query, but Model B followed through on this hallucinated premise to downgrade the document to a score of 0."
573724,8690218,573724,"Your health is determined not only by your own genetics and personal choices, but also by the environment around you. Public health investigates the ecology of health – from social networks and economic circumstances to our environment – and then minimizes health risks.",0,0,1,N/A,N/A,Hallucinated Relevance,"The query is an arbitrary numeric string with no semantic connection or textual overlap to the document on public health. Model A correctly recognized complete irrelevance (0), whereas Model B hallucinated relevance or applied a lenient default rating to assign a score of 1."
962179,2329696,962179,"William Booth (1829 – 1912) founded the Salvation Army – a quasi military religious organisation dedicated to offering humanitarian aid and tackling the material and spiritual poverty of the Victorian age.William Booth converted to Methodism as a young adult and was a fervent believer in evangelical Christianity.hort Bio William Booth. William Booth was born in Sneinton, Nottingham, England in 1829. Although his family were relatively prosperous, his father later lost his money and was declared bankrupt. William grew up in a situation of poverty. Aged only 13, Booth was apprenticed to a pawnbroker to earn a living.",1,1,2,"**Analyzing the Context for an Answer**

Okay, so the question wants to know if the text tells me *when* The Christian Mission officially became The Salvation Army. Right, let's look at the context provided. I'm seeing ""William Booth (1829 – 1912) founded the Salvation Army..."" Hmm, no mention of ""The Christian Mission"" specifically, and definitely no information about an official name change.

Now, the prompt itself is asking me to evaluate whether the question is answerable *based on the given text*. It's not asking me to *give* an answer, but to *grade* the text's ability to provide an answer. Let me make sure I understand this correctly... The prompt asks, ""Can the question be answered based on the available context? choose one: 5... 0"". So it needs a 0-5 grade.

Since the text is completely silent on the specific date or context of the name change from ""The Christian Mission"" to ""The Salvation Army,"" it's impossible to use this text *alone* to answer the question. It’s like asking for the time of day and getting a description of a clock. Therefore, the answer's relevance or completeness is at a big, fat *zero*. Zero.


","**My Evaluation of the Question's Answerability**

Okay, so the question is asking if the text specifies the date The Christian Mission became The Salvation Army. I see that the text mentions William Booth founded the Salvation Army, but there's no mention of ""The Christian Mission"" at all, or when the name change occurred. Hmm, this is a yes/no question, and strictly speaking, I can answer ""No, it doesn't specify."" But I have to remember these evaluations test whether the information to answer the **core topic** is present, or if the context directly answers the specific question. The prompt says, ""Can the question be answered based on the available context?"" and from that point of view, yes, I can answer no.

But, based on my experience with standard RAG benchmarks, this kind of question usually tests whether the context has *sufficient information* about the *topic* itself. In other words, does the text contain the information needed to give a complete answer (or, is it a 5: fully answerable, or 0: cannot be answered / not relevant context)?

Wait a minute, focusing back on the text itself, the context has *nothing* about when the name was adopted. It doesn't even mention the Christian Mission! Therefore, the answer is clearly that the text does NOT give the answer. Okay, a score of 0 it is.


",Score-Reasoning Inconsistency,"Model B's internal chain-of-thought explicitly concluded that the document completely fails to answer the question and stated 'a score of 0 it is', yet it ultimately emitted a score of 2, failing to align its final output with its own conclusion."
1121402,7922810,1121402,"1 Tillage erosion moves soil down slope to areas where water erosion is most intense, so tillage erosion is linked to water contamination. 2  Maximum tolerable loss: 5 tons/acre/year (10 tonnes/hectare/year) = 0.03 inches (0.75 millimetres) thickness of topsoil on a well-developed soil.",0,0,1,N/A,N/A,Hallucinated Relevance,"The query is an arbitrary numeric identifier ('1121402') with zero semantic connection or lexical overlap with the document about soil erosion. While Model A correctly identified the text as completely irrelevant (score 0), Model B hallucinated relevance or improperly awarded a non-zero score to an unrelated, noisy query."
1117099,5286535,1117099,the overall rate may be extremely slow one to ten centimeters per year but the long term effect is a continual re shaping of the surface of our planet an active continental margin is found on the leading edge of the continent where it is crashing into an oceanic platean excellent example is the west coast of south america active margins are commonly the sites of tectonic activity earthquakes volcanoes mountain building and the formation of new igneous rockhis is an easy one the earth s crust is broken into sections called plates there are two 2 basic types oceanic plates which are composed of basalt and continental plates which are mostly granite,0,0,1,N/A,N/A,Hallucinated Relevance,"The query consists solely of an opaque numerical ID ('1117099') with zero semantic overlap or topical connection to the document discussing plate tectonics. Model A correctly identified that the document is completely irrelevant (score 0), whereas Model B incorrectly assigned relevance (score 1) despite the absence of any meaningful match."
156493,1960260,156493,"Report Abuse. Fish do not grow to the size of their tank, that is a wrong. Goldfish grow until they are at their mature size, but being in a small tank for them to grow can cause stunting. This is the idea that they grow to the size of their tank comes from.",2,2,1,"**Analyzing the Context on Goldfish Growth**

Okay, so I'm looking at this text about goldfish growth, and immediately I'm thinking about how it addresses size, maturity, and stunting. It correctly debunks the simplistic ""fish-grow-to-the-tank-size"" myth, which is important to consider. But here's the crucial point: it *doesn't* offer any specific numerical data or quantification of how a goldfish's growth rate changes over its lifespan.

The key question is, ""Does it quantify age-dependent growth rate changes?"" And, based on what I've read, the straightforward answer is *no*. However, based on the way this prompt is usually framed I am trying to figure out what is being asked...

I'm evaluating this like a standard QA exercise. Essentially, it's asking if the context provides the *answer* to that question. The context clearly doesn't provide numerical data on age-dependent growth rates. It describes growth in general terms, hints at environmental impacts, and describes stunted growth due to poor conditions, but it's not a source for data analysis.

So, if it's an information retrieval question – ""Does it quantify age-dependent growth rate changes?"" – the answer is technically ""no,"" it doesn't provide the answer. Therefore, my score should be a 0, as it does not contain the answer.


","**Evaluating the Question's Relevance**

Okay, let's break this down. The core question is whether the provided text quantifies age-dependent growth rate changes. My initial assessment is that the context is about goldfish growth and the myth of tank size influencing that growth, and my expert intuition is that it might be interesting, but probably not what I'm looking for.

Now, let's dive into the detail of the text and the question. The context discusses goldfish growth, stunting, and mature size, but it lacks any numerical data or metrics related to growth rate changes at different ages. There's no mention of specific growth rates at specific ages, or any formulas. It's all qualitative description.

Therefore, given the absence of any quantifiable data on growth rate changes related to age, I have to conclude that the provided context cannot answer the question. It’s simply not relevant for this particular inquiry. My assessment is a resounding zero.


",Hallucinated Requirement,"Both models evaluated the document against a hallucinated, unstated question regarding age-dependent growth rate quantification, but Model B adhered more rigidly to these non-existent quantitative requirements, leading it to downgrade the document's relevance score to a 1."
1121402,3899340,1121402,"When a slope must be cleared it is very important to replant some vegetative cover. It's important also to make the slope into terraces. This will give the runoff water a longer and slower route to the bottom of the hill. The slower the runoff flow, the less force the water will have to erode the hillside.s the water flows downhill it will carry with it soil particles and other material. This is the start of erosion. The heavier the rainfall, the more water will run off and the more force it will have to move material. The steeper the slope, the faster the runoff flow and the more force it will have to move material.",0,0,1,N/A,N/A,Hallucinated Relevance,"The query consists solely of an arbitrary numeric identifier ('1121402') with no semantic connection to the document discussing soil erosion and slope terracing. Model A correctly identified this complete lack of relevance (score 0), whereas Model B produced a false positive by finding or hallucinating relevance where none exists."
1133167,2613290,1133167,"The following statistical weather data is from a weather station in Montego Bay, Jamaica. Keep in mind that on an island the size of Jamaica, the climate will vary slightly across the island.",1,1,0,N/A,N/A,Failed to Recognize Identifier,"Model B likely penalized the passage for having no direct lexical overlap with the numerical query '1133167', failing to recognize it as a potential station ID, record identifier, or domain code associated with the weather data."
182539,7371261,182539,"Likewise, a function is called monotonically decreasing (also decreasing or nonincreasing) if, whenever, then, so it reverses the order (see Figure 2). If the order in the definition of monotonicity is replaced by the strict order, then one obtains a stronger requirement.",1,1,0,N/A,N/A,False negative on identifier query,"The query '182539' likely represents a document or entity identifier. Model B relied strictly on surface-level semantic/lexical overlap and rejected the passage because the number does not appear in the text, failing to account for identifier-based relevance."
168216,3670943,168216,Legionella Reporting Legionella Water Risk Assessment – Legionella is an increasing health risk and as a result it is now a legal requirement for private landlords and/or agents (and anyone with ‘multi-occupancy’ properties) under the improvements to the L8 document (Approved Code of Practice for Legionnaires’ Disease) to have a 12 monthly checks done to demonstrate the water systems are clean and healthy.,1,1,0,"Here's my assessment of the situation:

**Concerning the Virulence Factors of *L. pneumophila***

Alright, so the question is directly asking about *specific* virulence factors involved in the pathogenesis of *Legionella pneumophila* pneumonia. Now, looking at this provided text, which deals with ""Legionella Reporting Legionella Water Risk Assessment"" and the associated legal requirements for landlords, it's immediately obvious: this is completely the wrong track. The focus here is on regulatory compliance and risk management related to *Legionella* in water systems, and not on the microbiological mechanisms of infection.

There's simply nothing, *zilch*, relevant to the question of virulence factors in this context. It's a fundamental disconnect. The information is, for all intents and purposes, irrelevant and offers no insight. Therefore, based on the provided material, I have to conclude that a meaningful answer to the prompt is impossible. A 'zero' grade is the only rational conclusion.


","Here's my assessment of the situation:

**Addressing the Virulence Factor Query**

Okay, so I'm presented with a question that's right in my wheelhouse: identifying specific virulence factors of *Legionella pneumophila* involved in pneumonia development. Excellent! I'm ready to dive into that. However, the provided context... it's completely off-topic. I see mentions of Legionella reporting protocols, water risk assessments, legal obligations for landlords, and the frequency of inspections. While important aspects of controlling *Legionella* exposure, these topics have absolutely nothing to do with the molecular mechanisms by which this bacterium causes disease. The text fails to even brush upon the topic, let alone address the question's core. Therefore, there's simply no basis for extracting an answer. I have to give this context a resounding zero. It's just not relevant.


",Ignoring partial relevance,"Model B applied an overly strict, all-or-nothing relevance threshold regarding the specific virulence factors, completely dismissing the document's broader topical connection to Legionella health risks and regulatory prevention, which warranted a marginal relevance score of 1."
1133167,6467519,1133167,"Be prepared with the most accurate 10-day forecast for Montego Bay, Jamaica with highs, lows, chance of precipitation from The Weather Channel and Weather.com Be prepared with the most accurate 10-day forecast for Montego Bay, Jamaica with highs, lows, chance of precipitation from The Weather Channel and Weather.com Scan for updated forecast Connection restored!",1,1,0,N/A,N/A,Unrecognized Entity Identifier,"The query '1133167' is a specific numeric location identifier (such as an AccuWeather location key) corresponding to Montego Bay, Jamaica. Model A successfully resolved the ID to the relevant location, whereas Model B failed to recognize the code and dismissed the query as unrelated numeric noise."
1124210,943794,1124210,Definition of TORUS. 1. : a large molding of convex profile commonly occurring as the lowest molding in the base of a column.2. : the thickening of a membrane closing a wood-cell pit (as of gymnosperm tracheids) having the secondary cell wall arched over the pit cavity.3.efinition of TORUS. 1. : a large molding of convex profile commonly occurring as the lowest molding in the base of a column. 2. : the thickening of a membrane closing a wood-cell pit (as of gymnosperm tracheids) having the secondary cell wall arched over the pit cavity. 3.,1,1,0,N/A,N/A,Failure to Recognize Identifier Query,"Model B strictly evaluated semantic and topical overlap, finding no connection between the numeric identifier '1124210' and the architectural/biological definition of 'TORUS', thereby failing to recognize the query as a document or passage ID lookup."
156493,349641,156493,"A 75 gallon tank would only be good for so long, comet goldfish can grow up to 1 foot in length (often more because of their long flowing tails), they are pond fish and belong in ponds.",2,2,1,"Here's my assessment:

**The Inadequacy of the Provided Context**

Okay, so the question is directly asking about quantifying age-dependent growth rate changes. My immediate thought is, does the context I've been given actually address that? I mean, we're talking about comet goldfish growth and the variables of tank size and whether they belong in ponds. But... there's nothing in here about *how* growth rates change as the goldfish age. It's a fundamental disconnect. So, no, the provided text simply doesn't give me any information I could use to quantify age-dependent growth rate changes. The context is completely irrelevant to the central query. I'm going to have to grade this as a resounding zero; the context is simply insufficient.


","**Analyzing the Question's Answerability**

Okay, so the question is whether the context lets us quantify age-dependent growth rate changes. Let's see... the context provided focuses on the suitability of a 75-gallon tank for comet goldfish and highlights their potential size, mentioning a length of up to a foot. My immediate thought is, does this even touch on the *rate* of growth, let alone changes in that rate over time? No, it doesn't. We're given an endpoint, or rather, a typical maximum size, and some habitat information, but there's nothing here about how quickly the fish reach that size at different ages. The context doesn't specify any growth rates at all, and thus it provides no way to quantify any age-dependent growth rate changes. So, the context is completely irrelevant to the question.


",Score-Reasoning Inconsistency,"Both models shared nearly identical reasoning trajectories, concluding that the document was insufficient to answer the query. However, Model B regressed by outputting a score of 1 rather than aligning with the ground truth score of 2, reflecting an internal calibration error and inconsistency between its verbal critique and numerical rating."
168216,3463549,168216,"Pontiac fever typically develops within 24-48 hours while Legionnaires disease develops within a few days to a couple of weeks. According to the CDC, about 8,000 to 18,000 people are hospitalized with Legionnaires disease each year. The actual number of people affected by legionellosis is likely much higher as most cases of Pontiac fever and many cases of Legionnaires disease are thought to go undiagnosed.",0,0,1,N/A,N/A,Hallucinated Relevance,"The query is an isolated numeric code ('168216') with zero lexical or semantic connection to the passage about Pontiac fever and Legionnaires disease. Model B failed to recognize the complete irrelevance and assigned a false positive score of 1, whereas Model A correctly evaluated it as 0."
131843,1453832,131843,A Tornado WATCH is issued by the NOAA Storm Prediction Center meteorologists who watch the weather 24/7 across the entire U.S. for weather conditions that are favorable for tornadoes. A watch can cover parts of a state or several states.,1,1,0,"**Answering the Question about Issuing Authority and Geographical Scope**

Okay, so the question is straightforward: Does the provided text specify *who* issues something and *where* that issuance applies? I'm looking for the issuing authority and the geographical scope. Let's see... the text clearly states that ""NOAA Storm Prediction Center meteorologists"" are responsible. That's the issuing authority nailed down. And the geographical scope? It explicitly mentions ""across the entire U.S."" and also allows for ""parts of a state or several states,"" covering all potential scales. I can't find any ambiguities. The provided context definitively answers both parts of the initial question. Absolutely, it specifies both. Therefore, a grade of 5 is appropriate - the information is present, complete, and accurate.


","Okay, here's my breakdown of this question and its answer:

**Analyzing the Question's Clarity and Scope**

Alright, the query boils down to checking if the provided information explicitly defines the issuing authority and geographical area covered by a ""Tornado WATCH."" I need to determine if the text provides these critical details.

Reading the provided context, it’s pretty straightforward. It states that the ""NOAA Storm Prediction Center meteorologists"" are the ones issuing the watch. So, *that* part is clear. They have explicitly stated the issuing authority.

Furthermore, the text explains these watches can cover parts of a state or even multiple states, describing the potential geographical scale. So, *that* aspect is also accounted for in the information.

Therefore, the answer is complete. Both the issuing authority and geographical scope are definitively specified within the context. The question is fully answered by the provided text. A grade of 5 is appropriate, based on the information provided.


",Score-Reasoning Inconsistency,"Model B's reasoning concluded that the document completely answered the criteria, stating that a top grade of 5 was appropriate, but it contradicted its own reasoning by outputting a final score of 0."
962179,8785375,962179,"Inevitably, the military spirit of the movement meant that The Salvation Army soon spread abroad. By the time Booth was 'promoted to Glory' in 1912 the Army was at work in 58 countries.",0,0,1,"**My Assessment of the Query**

Okay, here's what I'm thinking. The question is explicitly asking about *when* The Christian Mission officially became The Salvation Army. The provided context touches on the Salvation Army's global expansion, mentions William Booth's death, and uses ""military spirit"" to set the scene. But does it actually *tell* me the specific date of the name change? No.

At first, I was briefly thrown off, because the phrasing of the question, ""Does the information specify when..."" almost seems designed to trick you. Technically, I could say ""No, the information does not specify when."" But that's not the goal, right? These evaluations are less about trick questions and more about whether the *underlying information* needed to answer the question is in the text.

The prompt is asking if the question can be *answered based on the context*. And the answer is a firm no. The context doesn't have the necessary information. It might *imply* a transition happened, but that's not the same as providing the actual date.

So, I'm scoring this as a 0. The context doesn't provide the answer. The question can't be answered by looking at the given context. It's incomplete.


","**Analyzing the Question's Clarity and Contextual Relevance**

Okay, the question is a straightforward ""yes/no"": ""Does the information specify when The Christian Mission officially adopted the name 'The Salvation Army'?"" My initial reaction is to assess whether the provided text contains that specific date. The context mentions the Salvation Army's global spread and Booth's death, but there's no mention of the name adoption date. So, my initial, knee-jerk answer is ""No.""

However, I need to be precise. The question's wording, ""Does the *information* specify,"" is crucial. It's not asking if I *can infer* it, it's asking if the text *directly states* it. Given that focus, ""No, the information does not specify when..."" seems a technically correct answer, and it is.

Now I am considering the implicit meta-question - is the overall topic, the name change, addressable using this text? But the task seems to evaluate whether the context contains the specific answer to the stated question.

I need to look at this more like a benchmark task (RAG evaluation). They often phrase the evaluation as: ""Can the question be answered based on the available context?"" My answer is ""Yes,"" because the direct question can be accurately answered. This is essentially, can the question be answered with precision. The answer is ""No, the information does not specify...""

The prompt itself helps frame the evaluation: ""The answer is..."" It's about evaluating an *answer*, not constructing one. Since ""No"" is accurate, complete, and highly relevant, it aligns with a high grade. The question is answerable! My assessment is Grade: 5.


",Flawed Meta-Reasoning,"Model B fell into a semantic loophole trap by treating the prompt 'Does the information specify when...' as a literal yes/no question. It reasoned that because the text allows one to answer 'No, it does not specify', the question is technically answerable, whereas Model A correctly recognized that relevance requires the text to actually contain the target information (the date)."
833860,8068230,833860,"In an average year, some 60 million pounds of Swiss cheese are imported by the United States, but only about 11 percent of that cheese comes from Switzerland. Much of our imported Swiss comes from Finland and Denmark, and many other countries produce it, including the United States.",1,1,0,N/A,N/A,Failure to recognize ID/code query,"The query '833860' represents a specific document, passage, or entity identifier rather than a natural language question. Model B treated the query strictly as an arbitrary number without semantic overlap with the cheese text, failing to recognize it as a valid identifier-based lookup matched in the benchmark dataset."
87181,2611818,87181,"Losartan is used for three main purposes. First, it’s used to treat high blood pressure. Next, it’s used to reduce your risk of a stroke if you have high blood pressure and left ventricular hypertrophy (LVH). With LVH, the walls in the heart’s left ventricle thicken.",1,1,0,"**My Assessment of the Query**

Okay, here's what I'm thinking. The user's question, as I understand it, hinges on how Losartan addresses ""chronic afterload elevation mechanisms."" The provided context, however, is a bit more general. It touches on Losartan's indications – blood pressure, stroke risk, left ventricular hypertrophy – but it doesn't drill down into the specific mechanisms that would allow me to fully answer the question. It doesn't give me the specific granular information I need. Consequently, I'm forced to conclude that, based on this particular snippet, I have to give it a score of zero. The information simply isn't present in this context to provide a meaningful answer. I can't speak to those mechanisms with any degree of confidence, based on what I have.


","**My Assessment of the Question's Answer**

Okay, so the query is straightforward: does the provided context detail mechanisms that chronically elevate afterload? My immediate assessment is a firm negative. The context, as I understand it, primarily focuses on the clinical applications of Losartan – namely, its use in managing high blood pressure and mitigating the risk of stroke associated with left ventricular hypertrophy (LVH) and wall thickening. While it touches upon the *consequences* of elevated afterload, like LVH, it doesn't actually *explain* the specific underlying mechanisms that *cause* this chronic elevation in the first place. Therefore, from my expert perspective, the context completely fails to address the core of the question. A grade of zero is the only justifiable outcome here.


",Overly Strict Criteria,"Model B regressed by applying an excessively narrow, strict standard to the evaluation. It rejected the document entirely because it did not explicitly detail the underlying physiological causes of chronic afterload elevation, dismissing the relevant clinical contexts of hypertension and left ventricular hypertrophy."
1113437,7377275,1113437,"Differences Between Spruce & Fir Trees. Spruce and fir trees are biologically close cousins that belong to the family of evergreens known as conifers, or cone-bearing trees. Both species inhabit northern or high-altitude regions where the weather is typically cold during winter. At one time both species were referred to as fir trees.",1,1,0,"**Evaluating the Question's Answerability**

Okay, let's break this down. The user's question is: ""Are persistent sterigmata explicitly described on the twigs?"" My initial task is to determine if I can answer that question *based solely* on the provided context. I have to stay within the bounds of what I'm given.

I'm reviewing the provided context, which describes the biological similarities of spruce and fir trees. It discusses their classification as conifers and their typical habitats. However, I'm not seeing any mention whatsoever of ""persistent sterigmata"" or, crucially, ""twigs."" Those terms aren't present.

Therefore, since the context lacks any relevant information, the question *cannot* be answered using this context. This is a straightforward case where the context fails to provide the necessary information, which leads me to a grade of 0. My evaluation rests solely on the presence or absence of directly relevant information. Given the instructions, and my interpretation, this warrants a definitive ""no answer present"" assessment.


","Okay, here's my take on those thoughts, tailored for an expert audience like yourself:

**Analyzing the Spruce and Fir Inquiry**

Alright, let's break this down. We're dealing with a query concerning persistent sterigmata on spruce and fir twigs. My initial assessment is straightforward: the provided context is woefully inadequate. It's essentially a general overview of these *Abies* and *Picea* relatives – climate preferences, basic nomenclature, nothing particularly detailed. We're talking generalities, not specific anatomical features.

The real issue is the direct comparison with the query. The question specifically asks about the presence and description of persistent sterigmata on the twigs. While I know that persistent sterigmata are important diagnostic characters in conifer identification, and can be used to separate Spruce from Fir, the text provides absolutely *zero* information related to that topic or even any discussion of twigs.

Therefore, as it stands, any attempt to answer the question, based solely on this limited context, would be pure speculation, or, at best, a complete misunderstanding of the query. Without that detailed information, the best I can give it is a big, fat zero. We need a more in-depth resource to even begin to address this particular question.


",Overly Strict Relevance Threshold,"Model B demanded an exact, comprehensive answer to the specific anatomical question rather than recognizing that the passage is topically relevant background on spruce and fir differences, leading it to give an overly harsh score of 0."
130510,6486232,130510,"A party against whom a claim, counterclaim, crossclaim, or third-party claim is asserted or a declaratory judgment is sought may move for a summary judgment in that party's favor as to all or any part thereof at any time with or without supporting affidavits. (c) Motion and Proceedings Thereon.",1,1,0,N/A,N/A,Over-reliance on Lexical Matching,"The query consists solely of a numeric identifier ('130510'). Model B likely rejected the document because it lacked direct textual overlap with the legal excerpt, failing to recognize the implicit identifier or metadata mapping captured by Model A and human annotators."
1133167,1883277,1133167,"JAMAICA WEATHER :: HURRICANE SEASON IN JAMAICA. Although Jamaica lies in the Caribbean 'hurricane belt', relatively few touch Jamaica. The last great storm to hit the island was Hurricane Gilbert, which roared ashore in 1988, causing immense damage and killing 45 people.",1,1,0,N/A,N/A,Literal Keyword Matching,"Model B likely relied on strict surface-level keyword matching and scored the document 0 because the numeric string '1133167' does not appear in the text, failing to recognize it as a valid identifier or query mapping associated with the passage."
962179,2978865,962179,"In 1879, she held the first meeting of The Salvation Army in America, in Philadelphia. The Salvationists were received enthusiastically. Shirley wrote to General Booth, begging for reinforcements. None were available at first.",0,0,1,N/A,N/A,Spurious Token Matching,"Model B likely assigned partial relevance based on a superficial digit overlap between the numeric query '962179' and the year '1879' in the text, failing to recognize that the document has no topical or semantic connection to the query."
156493,1420608,156493,depending on the species of fish is how many you can fit. the basic measurment is 1 gallon for every inch of the adult size. so you could have as many as 65 guppies or a few b … arbs and a shark fish. it all depends on what you prefer. goldfish are one galllon for every half inch.he basic rule for fish keeping is 1 of fish needs 1 gallon of water. A Male Betta grows to about 2 in body length. This means that your tank is holding its maximum fish capacity already with 1 male Betta in it. The answer to your question therefore is.,1,1,0,"**My Assessment of the Context and Question**

Okay, here's my thought process. The context is straightforward – it's about fish tank capacity and uses the general rule of thumb of one gallon per inch of adult fish size. The question posed is whether this context quantifies age-dependent growth rate changes. Initially, the answer seems obvious: the context doesn't *quantify* anything about age-dependent growth. It's a simple, generalized rule.

But hold on, the prompt specifically asks if the question *can be answered* based on the given information. And yes, I can definitively answer the question by looking at what is present. Since the context *doesn't* delve into age-dependent growth rates, the answer, as far as the prompt goes, is clearly ""No"".

This makes me consider the scoring scale. I'm being asked to rate how well the question can be answered, not whether the context *supports* a ""Yes"" answer. Since the context provides *zero* information related to that specific question, it's irrelevant to the inquiry. The answer cannot be addressed, at all, using the given information.

Therefore, the only reasonable rating is a 0. The context doesn't allow me to answer the question, as it provides no information relating to the question at hand, and as the scale notes, it's not even a relevant starting point.


",,Missing Reasoning,"Model B failed to provide any chain-of-thought or explanation for its assessment, resulting in an ungrounded score of 0 that diverged from the human ground truth."
1037798,4436037,1037798,"ASTORIA, OREGON. Astoria sits on the tip of the Northwest Oregon coast at the mouth of the Columbia River. It is the oldest city west of the Rockies. John Jacob Astor’s fur traders followed Lewis & Clark there, and established the quaint maritime-based community which still exists today.",0,0,1,N/A,N/A,Hallucinated Relevance,"The query consists solely of an arbitrary numeric identifier ('1037798') with no clear or verifiable connection to the passage about Astoria, Oregon. Model A correctly identified that the document is completely irrelevant (0), whereas Model B awarded an unearned point of relevance, likely assuming a spurious link or defaulting to an overly generous baseline score."
1133167,2439240,1133167,"Access hourly, 10 day and 15 day forecasts along with up to the minute reports and videos for Kingston, Jamaica from AccuWeather.com Get the Kingston weather forecast. Access hourly, 10 day and 15 day forecasts along with up to the minute reports and videos for Kingston, Jamaica from AccuWeather.com Get the Kingston weather forecast.",1,1,0,N/A,N/A,Failed to Recognize Identifier,"Model B failed to recognize that the numeric query '1133167' corresponds to a specific location ID (such as an AccuWeather location key for Kingston, Jamaica), mistakenly judging the weather document as completely irrelevant."
527433,6186391,527433,"Types of Cerebral Palsy. Generally speaking, there are four types of cerebral palsy, which are classified by location of brain damage, the type of movement impairment, and other symptoms the condition causes. These four main types of cerebral palsy, which are discussed in detail below include:1  Spastic cerebral palsy.2  Athetoid cerebral palsy. 3  Ataxic cerebral palsy.enerally speaking, there are four types of cerebral palsy, which are classified by location of brain damage, the type of movement impairment, and other symptoms the condition causes. These four main types of cerebral palsy, which are discussed in detail below include: 1  Spastic cerebral palsy. 2  Athetoid cerebral palsy. 3  Ataxic cerebral palsy.",1,1,0,"**Analyzing the Prompt and Context**

Okay, so the prompt is asking if the provided information correlates specific types of dysarthria with the various subtypes of cerebral palsy: spastic, dyskinetic, and ataxic. Let's see... The context lists the types of cerebral palsy but *doesn't* actually go into dysarthria at all. The meta-question is ""Can the question be answered based on the available context?"".

The original question *directly* asks about the presence of specific information. It's a binary question, essentially a ""yes"" or ""no."" And the answer, based on the provided text, is a definitive ""No, it does not."" Does the context *enable* me to answer the initial question? Yes, absolutely. The context is entirely sufficient to determine that the requested correlation is *not* present.

So, the rubric question ""Can the question be answered based on the available context?"" seems straightforward here. The context explicitly allows for a clear ""No"" answer. Is it a clear ""No"" and therefore a grade 5, the highest possible grade? Yes, because the context gives the explicit negative response. The context only describes CP types, with zero mention of dysarthria, so it provides sufficient information to answer the question; the answer is ""No"".

Therefore, I'm confident in saying the context fully supports answering the question. Grade 5 it is.


","**My Assessment of the Provided Information**

Alright, let's break this down. The question I was posed pertains to dysarthria, and more specifically, likely specific types of dysarthria. However, looking at the context provided, it's clear it doesn't even touch upon dysarthria. All it mentions are the broad classifications of Cerebral Palsy: Spastic, Athetoid, and Ataxic. This is a fundamental disconnect. Therefore, based purely on the information given, I can't even begin to address the question. My assessment? This is a complete non-starter; the context is entirely irrelevant to answering the actual question. It gets a resounding zero, as it offers absolutely nothing in the way of relevant information.


",Ignored Nuance of Verification Task,"Model A correctly recognized that the underlying task was a verification question where the context enables a definitive 'No' answer, making it sufficient. Model B failed to recognize this nuance, equating the absence of the target keyword (dysarthria) with complete irrelevance."
855410,840666,855410,"This allows eczema skin to heal and become more resistant to symptoms of AD, including burning, dryness and itch. Apply skin barrier creams only to the skin affected by eczema and under the direction of a qualified health care provider. Skin barrier creams are available by prescription and over-the-counter. Tips on choosing a moisturizer",0,0,1,N/A,N/A,Hallucinated Relevance,"The query consists solely of an arbitrary numeric string ('855410') with no connection to the document regarding eczema treatments. Model A correctly assigned a score of 0 for complete irrelevance, whereas Model B exhibited a false-positive bias by granting marginal relevance where none exists."
168216,1301470,168216,"Pontiac fever and Legionnaires' disease may also be called legionellosis (LEE-juh-nuh-low-sis) separately or together. Legionellosis is a term for any disease caused by Legionella bacteria. 1  Causes & Transmission Explains the spread of the disease, environment, exposure...",1,1,0,N/A,N/A,Over-reliance on Lexical Overlap,"Model B likely failed to recognize the numeric query as an identifier or code related to the medical topic, penalizing the document entirely due to the absence of direct keyword overlap."
104861,4223386,104861,"Professional application of epoxy flooring over patched and level concrete costs about $3-$12 a square foot, or $750-$3,000 for a one-car garage) and $1,200-$6,000 for a two-car garage. For details, see How Much Does Epoxy Flooring Cost.",0,0,1,N/A,N/A,Hallucinated Relevance,"The query is an opaque numeric string ('104861') with no textual, semantic, or topical overlap with the document describing epoxy flooring costs. Model A correctly identified complete irrelevance (0), whereas Model B was overly lenient and hallucinated relevance to an unrelated text."
1124210,5098936,1124210,"The most distinctive xylem cells are the long tracheary elements that transport water. Tracheids and vessel elements are distinguished by their shape; vessel elements are shorter, and are connected together into long tubes that are called vessels.Xylem also contains two other cell types: parenchyma and fibers.Xylem can be found: 1  in vascular bundles, present in non-woody plants and non-woody parts of woody plants. 2  in secondary xylem, laid down by a meristem called the vascular cambium in woody plants.t also allows plants to draw water from the root through the xylem to the leaf. Water is constantly lost through transpiration from the leaf. When one water molecule is lost another is pulled along by the processes of cohesion and tension.",2,2,1,N/A,N/A,Literal Keyword Bias,"The query consists solely of an ID number ('1124210') without explicit text. Model B regressed by penalizing the document for lacking literal textual overlap or being overly strict with the opaque query, assigning a partial score of 1 rather than recognizing the document's complete relevance (score 2) as Model A did."
182539,2751871,182539,"There are many a priori reasons to suppose that the relationship between rainfall and density is not. linear, and maybe not even monotonic. First and foremost, runoff water, on which most rural communities. have to rely for most of their water use, is a non-linear function of rainfall. In their study of the rainfall-.",0,0,1,N/A,N/A,Hallucinated Relevance,"The query consists entirely of an unexplained numeric identifier ('182539') with no semantic connection to the document's text on rainfall and density. While Model A correctly assigned a score of 0 for complete irrelevance, Model B exhibited a false positive bias by assigning partial relevance to an ungrounded query."
168216,5024308,168216,Legionnaires' disease is a common name for one of the several illnesses caused by Legionnaires' disease bacteria (LDB). Legionnaires' disease is an infection of the lungs and is a form of pneumonia. Legionnaires' disease bacteria (LDB),0,0,1,N/A,N/A,Hallucinated Relevance,"The query consists solely of an arbitrary numeric identifier ('168216') that has no textual or semantic connection to the passage about Legionnaires' disease. Model A correctly recognized zero relevance, whereas Model B generated a false positive by assigning relevance to a completely unrelated document."
168216,290819,168216,"Pneumonia can be caused by many types of germs. 1  The most common type of bacterium is Streptococcus pneumoniae (pneumococcus). 2  Atypical pneumonia, often called walking pneumonia, is caused by other bacteria. 3  The bacterium called Pneumocystis jiroveci can cause pneumonia in people whose immune system is not working well.",0,0,1,"**Analysis of the Pneumonia Context**

Okay, let's break this down. The provided text, as far as I can see, focuses exclusively on specific etiological agents of pneumonia: *Streptococcus pneumoniae*, the atypical pneumonia group, and *Pneumocystis jiroveci*. It doesn't even touch on *Legionella pneumophila*, nor does it delve into its virulence factors or any related aspects of legionellosis. Given this, I simply can't formulate an answer about *L. pneumophila* based on this information; it's absent from the discussion entirely. The context is simply insufficient. My assessment is therefore a clear-cut zero; the available text offers absolutely no support for an answer about *L. pneumophila*.


","**Assessing the Viability of the Question**

Alright, let's break this down. The query is asking a very specific question: what are the *Legionella pneumophila* virulence factors involved in pneumonia's pathogenesis? My immediate thought is, can I even *begin* to address this based on the data given?

Well, the provided context… it mentions *Streptococcus pneumoniae*, atypical pneumonia generally, and *Pneumocystis jiroveci*. Useful data, no doubt, and relevant to the broader topic of pneumonia. But, as an expert in my field, I can see that this context doesn't mention *L. pneumophila* at all. There’s no discussion of any of its virulence factors. Therefore, any attempt to derive an answer based on what's been given is futile. It’s a complete non-starter. So, the assessment is a resounding zero. I can't derive *anything* from this.


",Score-Reasoning Inconsistency,"Model B correctly deduced that the text contains no relevant information and explicitly concluded in its reasoning that 'the assessment is a resounding zero', yet it contradicted its own reasoning by assigning a final score of 1."
130510,6183638,130510,"(b) For Defending Party. A party against whom a claim, counterclaim, or cross-claim is asserted or a declaratory judgment is sought may, at any time, move with or without supporting affidavits for a summary judgment in his favor as to all or any part thereof. (c) Motion and Proceedings Thereon.",1,1,0,N/A,N/A,Over-reliance on Lexical Overlap,"Model B rejected the document because it lacked direct lexical overlap with the opaque numerical query '130510', failing to preserve the relevant judgment that Model A correctly assigned."
915593,7709320,915593,"You just grab a large, cheap cut at the butcher and use sous vide to slowly cook down that meat at a low temperature so that after you chill it, cut it into individual steaks, and sear it, it takes on an incredible juicy texture that rivals that of a premium steak or pork chop at a pricey restaurant.",1,1,0,"Here's my assessment of the situation:

**Sous Vide Meat Preparation: A Narrow Focus**

Okay, so the query is asking about the application of sous vide to fibrous versus starchy vegetables. I immediately check the provided context. I'm looking for any discussion or comparison regarding the cooking characteristics of *vegetables* using sous vide, specifically with an eye to the textural differences between fibrous and starchy varieties. From what I can tell, the information I have deals *exclusively* with meat. No mention of vegetables, no discussion of their specific needs. It's a non-starter. As an expert, I'd say the context is completely irrelevant to the question. So, I'm giving this a zero. The provided text simply does not address the core issue at hand.


","**Analysis of the Query Regarding Sous Vide Vegetable Techniques**

Okay, let's break this down. The core of the issue is whether the provided context differentiates *sous vide* approaches for fibrous versus starchy vegetables. My expertise in this area immediately flags a critical flaw. The text, in its entirety, is focused solely on the *sous vide* preparation of a large, relatively inexpensive cut of meat – a steak or pork chop, specifically. It's a complete non-sequitur to the question at hand. There's not even a tangential mention, hint, or implication about vegetables, their different compositions, or how *sous vide* might impact them differently. The context offers zero insight or applicability to the vegetable-specific question. Therefore, a definitive and accurate answer based on the provided material is impossible. The grade must reflect this complete disconnect.


",Hallucinated Query,"Both models completely hallucinated the query topic, imagining a question about 'fibrous versus starchy vegetables' instead of the actual query represented by ID '915593'. While Model A suffered from a score-reasoning discrepancy that happened to match the ground truth score of 1, Model B followed through on its hallucinated requirement and rejected the document with a score of 0."
131843,2008201,131843,NOAA Forecasts. Forecasts from the National Oceanic and Atmospheric Administration (NOAA),1,1,0,"**Analyzing the Context and Evaluating the Answerability**

Okay, so the prompt is asking me if this context specifies both the issuing authority and geographical scope. Let's break this down. The context is ""NOAA Forecasts. Forecasts from the National Oceanic and Atmospheric Administration (NOAA)."" Clearly, the issuing authority is NOAA, or the National Oceanic and Atmospheric Administration. But the geographical scope? It's not explicitly stated. It's *implied* that NOAA is US-based, but the text itself doesn't offer the geographical boundary directly.

Now, the question is, can we *answer* the question about whether it specifies issuing authority and geographical scope based *solely* on this context? The question is ""Does it specify the issuing authority and geographical scope?"" The context tells us NOAA is the authority, but not the scope. Therefore, the answer is ""It specifies the issuing authority (NOAA), but it doesn't specify the geographical scope.""

In these evaluations, if the context lets you answer the question, we grade it. I think the context is sufficient to answer the question accurately, right? It doesn't need to specify the scope. The task is to evaluate. It means we grade it.

So, is this a 5 or a 4? Let's go with the higher score, 5, because the context enables a completely accurate and complete answer to the evaluation question; the context allows the answer ""It specifies the authority, but not the scope."" Since the question is an ""evaluative"" question, then the context does allow it to be answered fully and accurately.


","**Analyzing the Specificity of NOAA Forecasts**

Okay, so the prompt is asking me if the provided context about NOAA forecasts specifies both the issuing authority and the geographical scope. Let's break this down. The context explicitly mentions the National Oceanic and Atmospheric Administration, so the issuing authority is definitely specified. That's straightforward.

Now, the geographical scope… Hmm. The snippet doesn't explicitly *define* the geographic range covered by these forecasts. While NOAA's general area of expertise certainly implies something like US or global applicability, the text itself doesn't offer that. We're operating on an assumed context knowledge here.

So, the question is whether we *can* answer the question as presented. Yes, we can say something definitive, something accurate. We can definitively answer ""It specifies the issuing authority (NOAA), but it does not specify the geographical scope."" The context is sufficient to give a precise answer. It's a binary question, really: does it specify *both*? No. It specifies *one*. The question is whether it specifies *x* and *y*, in this case the answer is that it specifies x but not y. That's a complete answer to the question.

Therefore, the context allows a complete and accurate answer to the specific yes/no question being asked. I’d rate this as a 5 or a 4. I'll provide a 5.


",Score-Reasoning Inconsistency,"Model B's internal reasoning concluded that the document fully satisfied the evaluation criteria and explicitly stated it would award a top score ('I\'ll provide a 5'), but it ultimately outputted a final score of 0, resulting in a direct contradiction between its rationale and final judgment."
131843,5286902,131843,"Tornado watch. An example of a tornado watch for parts of Kansas and Nebraska, issued by the Storm Prediction Center on May 5, 2007. A tornado watch (SAME code: TOA) is issued when weather conditions are favorable for the development of severe thunderstorms called a Supercell that are capable of producing tornadoes. A tornado watch therefore implies that it is also a severe thunderstorm watch.",1,1,0,"Here's my assessment of the question, tailored for an expert like yourself:

**Direct Hit: Question Answered Succinctly**

Alright, let's break this down. The question boils down to whether the source material explicitly defines the issuing authority and geographical scope. My thought process is immediate: the provided context is crystal clear. It states, without ambiguity, that the ""Storm Prediction Center"" issued the report, and the target area encompasses ""parts of Kansas and Nebraska."" Therefore, the answer is a resounding yes. There's no room for interpretation or guesswork here; the context provides the exact information needed to address the question directly and completely. This merits the highest grade – a solid 5.


","**Analyzing the Tornado Watch Example**

Okay, let's break this down. The context provides a very clear example: a tornado watch issued by the Storm Prediction Center on May 5, 2007, covering parts of Kansas and Nebraska. The question is straightforward, essentially asking if the example details both the issuing authority and the area covered.

My initial thought is, ""This is a simple one, right?"" The provided text directly states the issuing authority as the ""Storm Prediction Center"". It also explicitly names the geographical scope as ""parts of Kansas and Nebraska."" There's no ambiguity here. It's right there in black and white. Therefore, based purely on the given information, the answer is a resounding ""Yes"". It's all explicitly stated. It couldn't be clearer. No complex interpretation needed. A solid 5.


",Score-Reasoning Inconsistency,"Model B's qualitative reasoning completely supported relevance ('resounding Yes', 'solid 5'), mirroring Model A's evaluation, but it erroneously outputted a score of 0 instead of 1, directly contradicting its own positive assessment."
1117099,1527735,1117099,"1 The lithosphere is composed of the crust, and some of the upper mantle. 2  Mature oceanic plate is approximately 80-100 km thick, of which, the upper 5-7 km is oceanic crust. 3  Continental plate is somewhat thicker, perhaps 150-200 km thick, and includes continental crust which varies from 5 to 70 km in thickness. At other convergent boundaries, oceanic plate meets other oceanic plate. 2  This results in an oceanic trench and a chain of volcanic islands known as an island arc. Japan, the Philippines and the Aleutians are examples of island arcs. 3  At some convergent boundaries, two continents collide.",0,0,1,N/A,N/A,Hallucinated Relevance,"The query consists solely of an arbitrary numerical ID ('1117099') with zero semantic relation to the geological text. Model B regressed by assigning marginal relevance, likely hallucinating a connection to numbers in the document or failing to reject non-semantic/unmatched queries, whereas Model A correctly scored it as completely irrelevant."
148538,377418,148538,"In order to work as a nurse practitioner, you must first become a practicing RN. 1  Become an RN, and keep your license in good standing.  If you don't already hold a BSN, enroll in and earn your Bachelor's in Nursing Science degree.",0,0,1,N/A,N/A,Hallucinated Relevance,"The query is an arbitrary numeric code ('148538') with no semantic relation to the document about becoming a nurse practitioner. Model B erroneously assigned relevance to a completely unrelated document, failing to recognize the lack of topical connection."
1124210,7942808,1124210,"Solute Transport in the Xylem. 1  Some solutes are transported in the xylem. 2  Water and dissolved ions are the main substances in vessels/tracheids. 3  These materials are transported via transpiration stream. 4  Xylem sap may also contain organic materials, usually in relatively low concentration (with a notable exception being maple sap in the spring 5  ... S Thus, plants transport substances in the phloem downward toward the roots. ( 2 2) Sophisticated girdling experiments, using tracers like 32P, 13C, and 14C demonstrate that substances in the phloem are transported downward towards the roots OR upwards toward the shoot meristem. 3  See data on overheads.",1,1,0,"**Evaluating the Context's Answerability**

Okay, here's the deal. I need to figure out if this provided context can actually answer the question, ""Which primary vascular tissue type contains these cells?"" My initial thought is that it's a bit tricky. The text *does* talk about xylem and phloem, and it explicitly says that ""Water and dissolved ions are the main substances in vessels/tracheids"" *within* the xylem. So, on the surface, if ""these cells"" happens to refer to vessels or tracheids, then the answer would be xylem. Easy enough, right?

But, here's where it gets problematic. The question uses ""these cells"" without *clearly* defining what those cells are within this specific context. If the question itself is poorly formed, then the context is also inadequate. We have information about xylem and phloem, but the context itself doesn't explicitly link ""these cells"" to anything specific, other than implicitly suggesting vessels/tracheids because they are described in Xylem. That makes the connection ambiguous.

Therefore, the context is either minimally relevant or incomplete at best. Because the question is based on ""these cells"" and this is not defined in the context, my conclusion is that the context is insufficient. I'm leaning toward giving this a grade of either 0 or 1, depending on how strict we're being. Maybe a 1, because at least we *can* make an inference and the context does mention xylem. Definitely not a 2, because this is hardly a complete answer. In fact, if the question itself is unanswerable because of the pronoun, then the context can't contain the answer.


","Here's my analysis of the query, presented as a personal reflection:

**Evaluating the Ambiguity in a Botanical Question**

Okay, so the question is a bit sloppy, to be honest. It's asking about a primary vascular tissue type and ""these cells."" My immediate reaction is, ""Which cells *exactly* are we talking about?"" The question's a bit of a train wreck because ""these cells"" is a demonstrative that is disconnected from the referent. I have to parse the context, and it mentions vessels and tracheids, clearly pointing toward xylem. But without a direct link, I can't be sure if that's what's intended.

Ultimately, I'm stuck: the question is fundamentally incomplete. ""These cells"" lacks a clear antecedent within the query itself. I'm being asked to determine the vascular tissue of a cell which has not been defined in the question. Thus, I've got to give it a zero. The question as it stands is unanswerable.


",Over-penalization of query ambiguity,"Model B excessively penalized the query's lack of an explicit referent for 'these cells', treating the ambiguity as fatal and scoring it a 0. In contrast, Model A acknowledged the ambiguity but recognized that the document still provided plausible topical overlap and inferential value, correctly leaning toward marginal relevance (score 1)."
1124210,3225189,1124210,"Guard cells usually have chloroplasts. Cells in xylem and phloem tissue also usually lack chloroplasts. Xylem and phloem provide structural support and internal transport of water, minerals and organic compounds in plant organs.ieve tube elements are living cells without plastids or nuclei (they are run by their companion cells, which house the nuclei and necessary organelles). Water conducting xylem cells, like tracheids and vessels, are dead at maturity and therefore don't have plastids. Source(s): plantgirl · 9 years ago.",2,2,1,"**Analyzing the Prompt: A Breakdown**

Okay, so the question is ""Which primary vascular tissue type contains these cells?"" and the context gives me ""xylem and phloem"" plus a list of cells: ""Guard cells"", ""sieve tube elements"", ""companion cells"", ""tracheids and vessels"". Hmm, the ambiguity of ""these cells"" is throwing me a bit. Am I supposed to infer the meaning? The question itself is vague, but the context clearly links some cells to each tissue type – tracheids and vessels to xylem, and sieve tube elements/companion cells to phloem.

Can the question be *fully* answered based *solely* on what's available? The question is a bit constrained. If the question had specific cells mentioned (e.g., ""Which vascular tissue contains tracheids?""), it's clear. But the pronoun ""these cells"" is a bit of a challenge in this format.

Let's grade this based on context completeness. Xylem and phloem are explicitly identified as the vascular tissues, which should relate to those specific cells (sieve tube elements, companion cells, tracheids, vessels). The context *does* provide the answer, in a sense. The pronoun ""these cells"" is undefined, so the answer is in the provided context. I think a 4 or 5 is appropriate. A 5 means that ""The answer is highly relevant, complete, and accurate"" / ""Can the question be answered based on the available context?"". It's highly relevant. Since xylem and phloem are explicitly identified as the vascular tissues, I'll go with a 4 or 5.


","Here's my analysis of the situation:

**Ambiguity in Vascular Tissue Identification**

Okay, so the question is a bit sloppy. It wants me to identify the primary vascular tissue type housing ""these cells."" My immediate reaction is, ""Which cells are we talking about?!"" The context mentions guard cells, sieve tube elements, companion cells, tracheids, and vessels, but the question is maddeningly vague. The pronoun ""these"" is a complete dead end without a clear antecedent.

I can't just pick one at random, because that would be intellectually dishonest, and I'm not going to guess. Based on the lack of information in the wording, I would have to give this question a zero; the lack of specificity makes it impossible to provide an accurate and defensible answer using the provided context. My conclusion is that it's unanswerable, or at least, the answer is based on the question's ambiguity.


",Over-penalized Query Ambiguity,"Model B fixated excessively on the ambiguous pronoun 'these cells' in the query, treating the lack of a clear antecedent as an unanswerable flaw rather than evaluating the document's substantive relevance to the vascular cell types mentioned."
146187,8434625,146187,"A double cheesburger has 2 slices of cheese with 2 meat patties. A mcdouble on the other hand only had 1 slice of cheese, but still 2 pieces of meat. I say had because mcdoubles arent sold in Australia (maybe a few stores but not a regular menu item) anymore. Other countries might be different but that's the difference in Australia.",2,2,3,"Okay, here's my assessment of that situation, presented as if it were my thought process:

**Cheese Slice Clarity in Context**

Alright, let's break this down. The context is explicitly providing the cheese slice count for various McDonald's menu items. We've got the Double Cheeseburger, which nails down two slices, and the McDouble, giving us the single-slice situation. The question, ""Does it specify the number of cheese slices per item?"" is, frankly, a slam dunk. The answer is a resounding ""yes."" And not just *yes*, but a comprehensively accurate and relevant ""yes"" that can be supported by the information presented. Considering the specificity and directness of the information, I'd have to give this a solid 5. It's a textbook example of a question that's readily and correctly answerable based on the given context. No ambiguity, no room for interpretation – just a clear and concise response.


","**Analyzing the Cheese Slice Query**

Okay, so the user's question is pretty straightforward: does the provided text explicitly state the number of cheese slices in each burger type? My immediate thought is, ""Let's see, what does the context actually say?""

Right, the context gives us a clear breakdown: a ""double cheeseburger"" has *two* slices of cheese, and the ""McDouble"" has *one*. That's direct and unambiguous. It's a simple mapping – item to cheese slice count. There's no guesswork involved. The information is presented in a way that allows us to answer the question without needing to make assumptions.

Therefore, since the context unequivocally answers the question, I'm confident in assigning it a grade of 5. It's a complete and accurate response based on the provided data.


",Score-Reasoning Discrepancy,"Both models hallucinated an evaluation question regarding cheese slices and internally concluded with a score of 5; however, Model B suffered from worse score calibration and mapping inconsistency, yielding a score of 3 rather than the ground truth score of 2."
156493,2928700,156493,"Giant Goldfish: Popular Housepet Can Grow Monstrously Large, As Tahoe Catch Shows. By On 02/25/13 AT 5:04 PM. Last week, scientists netted a 4-pound, 1.5-foot-long goldfish in Lake Tahoe. The scientists also found 15 other goldfish, indicating they’re probably reproducing in the lake high in the Sierra Nevada.",2,2,1,N/A,N/A,Failure to Recognize Identifier,"The query consists solely of an article/document ID ('156493'). Model B failed to recognize the numeric string as the unique identifier corresponding to this specific news article, undervaluing an exact entity/ID match due to the absence of textual keyword overlap."
1117099,4490406,1117099,"Volcanoes form at divergent plate boundaries, and at convergent plate boundaries between oceanic and continental plates or between two oceanic plates (subduction zones). All types of plate movements cause earthquakes, including transverse movements where two plates slide along each other, and convergent boundaries between two continental plates (these two types generally do not result in volcanism). Divergent boundaries, or rifts, are places where two plates move apart from each other.",0,0,1,N/A,N/A,Hallucinated Relevance,The query consists solely of an arbitrary numeric ID ('1117099') with no semantic relation to the document about geological plate boundaries and volcanoes. Model B improperly assigned weak relevance instead of recognizing that the document is completely irrelevant (score 0).
1103812,3843269,1103812,"In the adopted Declaration the participants of the Commonwealth declared their interaction on the basis of sovereign equality. At present the CIS unites: Azerbaijan, Armenia, Belarus, Georgia, Kazakhstan, Kyrgyzstan, Moldova, Russia, Tajikistan, Turkmenistan, Uzbekistan and Ukraine.",0,0,1,N/A,N/A,Hallucinated Relevance,"Model B assigned a non-zero relevance score to a document that has no factual or semantic connection to the arbitrary numerical query '1103812', failing to recognize complete irrelevance as Model A correctly did."
915593,1907207,915593,The truly BEST way to cook meat evenly (frozen or not) would be a low-temp cooking process (AKA sous vide). If you can surround the meat with water at exactly the target temperature of the meat (e.g. 60 Celsius for chicken) you don't need to worry about it getting overcooked.,1,1,0,"Okay, here's my assessment of this situation:

**Evaluation of Context's Ability to Differentiate Sous Vide Approaches**

Alright, let's break this down. The core question I need to answer is whether this context – whatever it is – provides any information that distinguishes sous vide cooking methods for fibrous vegetables versus starchy vegetables. Does it offer any guidance, insights, or even basic mention of vegetables in this context?

Based on the description, it's pretty clear: the context provided *only* discusses sous vide cooking of meat, specifically chicken. There's not a whisper about vegetables of any kind, let alone any differentiation based on their fibrous or starchy composition.

Therefore, since the context is completely silent on the topic, it absolutely *fails* to provide any answer to the differentiating question. It's a complete mismatch. A grade of zero is the only logical conclusion here.


","Here's my assessment of the situation:

**Sous Vide Differentiation: Fibrous vs. Starchy Vegetables?**

Okay, so the user's question is pretty specific. They're asking if the provided context differentiates between sous vide approaches for fibrous and starchy vegetables. As an expert, I know this is a nuanced question, and I'm looking for specifics in the context. However, my evaluation has led me to an unambiguous answer.

The context is squarely focused on meat – chicken, freezing techniques, and target temperatures for meat, specifically. There's not a single mention of vegetables, let alone any differentiation between fibrous and starchy types. Therefore, based solely on what's presented, it's impossible to discern any answer to their question from this information. A grade of zero is the correct assessment here. The context simply doesn't address the query.


",Hallucinated Query,"Both models hallucinated an irrelevant task regarding sous vide for fibrous versus starchy vegetables instead of evaluating the document against the actual query/topic (how to cook meat evenly). Model B committed to this hallucinated premise and assigned a false-negative score of 0, failing to recognize the document's true relevance."
1117099,1687531,1117099,"Continental volcanic arcs are associated with what type of plate boundary? already exists. already exists as an alternate of this question. exists and is an alternate of. Do you plan to write a sequel to Salem's Lot? What plate boundary is not associated with volcanic eruptions? What is associated with a continental plate boundary? This type of ...his occurs above rising convection currents. b) Conver … gent Plate Boundaries: Convergent plate boundaries are locations where lithospheric plates are moving towards one another. The plate collisions that occur in these areas can produce earthquakes, volcanic activity and crustal deformation.",0,0,1,N/A,N/A,Hallucinated Relevance,"The query is an arbitrary numeric string ('1117099') with zero semantic or textual connection to the document. Model B failed to recognize the query as completely irrelevant noise, erroneously assigning it a non-zero relevance score."
489204,1739317,489204,"Nephrolithiasis: The process of forming a kidney stone, a stone in the kidney (or lower down in the urinary tract). Kidney stones are a common cause of blood in the urine and pain in the abdomen, flank, or groin. Kidney stones occur in 1 in 10 people at some time in their life.",0,0,1,N/A,N/A,Spurious Relevance,"Model B incorrectly assigned partial relevance to an opaque numeric query ('489204') that has no apparent semantic connection or contextual link to the document about nephrolithiasis, whereas Model A correctly recognized the complete lack of relevance."
490595,7698199,490595,"The RSA cryptosystem - introduced by Rivest, Shamir, and Adlement in 1977 - relies for its security on the difficulty of working out the factors dividing large integers.",1,1,0,N/A,N/A,Over-reliance on lexical match,"Model B failed to recognize the implicit topical connection between the numeric query (a composite integer) and the RSA cryptosystem's reliance on integer factorization, likely penalizing the document due to the absence of exact keyword overlap."
1117099,7014236,1117099,Converging plate boundaries are of two types: 1  Subduction boundaries occur where oceanic lithosphere is pushed beneath continental or oceanic lithospheres. 2  Where two plates converge at an oceanic trench a subduction boundary is formed as cold oceanic lithospheres are pushed back down into the mantle. Subduction boundaries occur where oceanic lithosphere is pushed beneath continental or oceanic lithospheres. 2  Where two plates converge at an oceanic trench a subduction boundary is formed as cold oceanic lithospheres are pushed back down into the mantle.,0,0,1,N/A,N/A,Hallucinated Relevance,"The query '1117099' is a numeric identifier with no semantic relationship to the geological content of the document. Model A correctly recognized complete irrelevance and scored it 0, whereas Model B inappropriately assigned a positive relevance score to entirely unrelated content."
527433,8827928,527433,"Some of the types of speech impairments include: 1  Dysarthria, a physical weakness or paralysis of the speech muscles caused by nerve or brain damage. 2  Dysprosody, characterized by changes in the intensity of volume, timing of words, and rhythm and intonation of words while speaking.",1,1,0,"Okay, here's my take on those thoughts, tailored for an expert audience like you:

**Assessment of Contextual Sufficiency**

Right, let's break this down. The context provided mentions Dysarthria, which is a key starting point. However, and this is crucial, it’s a broad stroke description. It doesn't drill down into the specifics we need. It doesn't connect the dots between the overall dysarthria diagnosis and the nuances of those classifications – spastic, dyskinetic, ataxic – that are so critical to making a proper diagnosis. It would be entirely inappropriate to provide a classification based on such a lack of detail. Therefore, in terms of offering a conclusive answer linking CP subtypes to specific dysarthria presentations, this context is utterly inadequate. A grade of zero is warranted based on its complete lack of specific detail.


","**Analyzing the Question's Answerability**

Okay, so the question is whether the text details specific types of dysarthria linked to spastic, dyskinetic, or ataxic CP subtypes. I see the context defines dysarthria and dysprosody, but there's absolutely no mention of those CP subtypes.

My immediate instinct is to say ""No,"" the text doesn't provide that detail. The question is a closed yes/no question, and the answer, based solely on the text, is a straightforward ""No.""

But, this is where it gets tricky. In these kinds of QA evaluations, a missing answer can mean it's unanswerable (a 0) or that the answer is ""No"" (a 5). Often the prompts are phrased to be specifically answered ""based on the available context.""

The context is missing the key info, there's no info to correlate. However, the form of the question ""Does the information detail X?"" suggests a direct negative answer is permissible. Does the context have information about the topic? No.

Let's break this down. Does the context define the terms mentioned in the question? No. Does it provide detail for these terms? No. So, on one level, this is a clear case of ""0"" because the context lacks the relevant information.

The rubric guidance is key here: ""0: The answer is not relevant or complete at all / cannot be answered."" If the information is *absent*, the rubric usually directs a score of 0. Ultimately, my analysis is that the answer is ""cannot be answered based on the context"", thus the answer is a 0.


",Conflating Answerability with Topical Relevance,"Model B penalized the document completely down to a score of 0 because it did not fully answer the specific sub-details of the query (CP subtypes), failing to award a score of 1 for the document's partial and topical relevance regarding dysarthria."
264014,7775306,264014,To be successful flea control has to be done on 2 fronts. Treating the cat will get rid of the fleas and treating the bedding will get rid of the eggs larvae and some pupae. There is more need for flea control in the warmer months since conditions are better for flea development.,0,0,1,N/A,N/A,Spurious Relevance / Hallucinated Match,"The query is an arbitrary numeric code with no semantic overlap or relevance to the document about flea control. Model B erroneously assigned relevance to a completely unrelated document, whereas Model A correctly identified that the document has zero relevance to the query."
1133167,6467521,1133167,"Get a great hotel deal here. For more information, see the weather forecast and our average climate infomation (by month in graphs) below. * Data from nearest weather station: Montego Bay, Jamaica (0.0 KM). Average water temperature over the year",1,1,0,N/A,N/A,Over-reliance on Lexical Matching,"Model B likely failed to recognize the numeric query as a specific entity identifier (such as a hotel or location ID) and assigned a score of 0 due to the absence of the exact string in the snippet, whereas Model A correctly retained human alignment regarding entity-level relevance."
1117099,855067,1117099,"1 Convergent Boundaries-A convergent boundary is where two tectonic plates push together. 2  Sometimes one plate will move under the other. 3  This is called subduction. 4  Although the movement is slow, convergent boundaries can be areas of geological activity such as the forming of mountains and volcanoes. Transform Boundaries-A transform boundary is one where two plates slide past each other. 2  These places are often called faults and can be areas where earthquakes often occur. 3  One famous transform boundary is the San Andreas Fault in California. 4  It is the boundary between the North American Plate and the Pacific Plate.",0,0,1,N/A,N/A,Hallucinated Relevance,"The query consists solely of an arbitrary numeric identifier ('1117099') with no semantic relationship to the geological document about tectonic plate boundaries. Model A correctly recognized the total lack of relevance and assigned a score of 0, whereas Model B hallucinated topical relevance or improperly defaulted to a non-zero score for an uninterpretable query."
156493,2317800,156493,"The Sarasa Comet is a type of single-tailed goldfish, and belongs to the family Cyprinidae.. Also called the Comet-tail Goldfish, they are originally native to China. Sarasa Comets grow up to 14 inches, prefer Shady areas and are omnivorous.",2,2,1,N/A,N/A,Failed Entity Linking,Model B likely failed to recognize the numeric query '156493' as a specific taxonomic or database identifier corresponding to goldfish (Carassius auratus) and penalized the document due to a lack of exact lexical overlap.
1113437,8050330,1113437,"All trees with needles have cones, and most trees with cones and needles are evergreens---but not all of them. Hundreds of species of trees with cones are found throughout the world, and these trees are known as conifers. FeaturesConifers are trees that produce cones to protect their seeds.",0,0,1,"Here's my summary, as though I'm thinking through this:

**Analyzing the Conifer Information**

Okay, so I'm looking at this text, and it's all about conifers, needles, and cones. It's pretty straightforward stuff. However, the question is specifically about ""persistent sterigmata"" and ""twigs."" Right away, I see a problem: the provided text doesn't even bring up those terms, not even in passing. There's just no connection.

Given that the core of the prompt hinges on an analysis I can't conduct using the provided context, I'm left with no choice. I can't use the information to support a definitive answer. The context just doesn't offer the necessary data. Therefore, the score is a 0. I need more information.


","Okay, here's my assessment of that question and the information provided, tailored for someone who understands botanical taxonomy:

**My Initial Assessment of the Question and Context**

Right, so the question hinges on whether we can find explicit descriptions of *persistent sterigmata* on twigs within the provided text. Let's break this down. The question's asking about a *very* specific anatomical feature – persistent sterigmata – in relation to a specific plant part, the twig. The context given deals with conifers, cones, needles, and evergreens. The problem? None of these terms suggest the presence or absence of *persistent sterigmata*. The context leans towards the morphology of the foliage and reproductive structures of the conifer, not the fine details of twig anatomy. We’re not getting anything even remotely close to a discussion of *sterigmata*, persistent or otherwise.

Therefore, given the lack of direct relevant information, I'm going to have to give this a resounding zero. The provided material is fundamentally unrelated to the question at hand. We need more data, plain and simple.


",Score-Reasoning Contradiction,"Model B correctly deduced that the document lacked any relevant information and explicitly concluded in its reasoning that it should receive 'a resounding zero', but it erroneously assigned a score of 1 in its final output."
156493,2717165,156493,"Goldfish are Carassius auratus. So that 260lb fish can't be classed as the biggest Goldfish! Bruce the red Oranda is indeed the biggest Fancy Goldfish on record though, pond bred in Hong Kong at approximately 16 long excluding fins. http://cellar.org/2002/recordgoldfish.jp... The claim for biggest Comet Goldfish usually is in the 15-18 mark. Like this guy: http://news.bbc.co.uk/1/hi/england/kent/... FYI your aunt's Goldfish is barely a teenager at 6 years old, the oldest Goldfish on record were in the 40 year mark.",1,1,0,"**Evaluating the Context and the Question**

Okay, so the question is: ""Does it quantify age-dependent growth rate changes?"" And the context we're given talks about goldfish sizes, the lifespan of goldfish (specifically a red Oranda named Bruce, and some Comet Goldfish), and the fact that 6 years is relatively young for a goldfish. My initial thought is, no, this context doesn't *quantify* anything about age-dependent growth rate changes. We have observations about size and age, but there's no numerical data here that allows us to calculate or compare growth rates across different age groups.

But wait, am I misunderstanding? The prompt wants an evaluation – a rating from 0 to 5 – of whether the question *can be answered* based on the provided text. So, even though the text itself doesn't contain a quantification, does the text *enable* an answer? No, it doesn't. If the question, ""Does it quantify age-dependent growth rate changes?"" is asked *about* this context, the answer is unequivocally ""No, it does not.""

So, if I'm understanding this correctly, since the context completely lacks the information needed to answer the question, the score is a definitive 0. It's a binary situation – it's either present, or it's not present. And it's definitely not present in any way that would allow for even a low-level quantification.


","Okay, here's my take on that question and the provided context:

**Analysis of Age-Dependent Growth Rate Quantification**

Alright, let's break this down. The core of the question is whether the provided text quantifies age-dependent growth rate changes. Immediately, my experience tells me that this is a very specific question, and I'm looking for *quantifiable* data. I'm not just expecting a general statement about goldfish growth; I'm expecting something along the lines of a measured rate or a formula that describes the change in growth rate over time.

Scanning the text, I see mentions of ""big goldfish,"" their sizes, and specific ages – 6 years old, and a maximum around 40 years. While this hints at growth and longevity in *Carassius auratus*, it completely fails to deliver the goods on quantification. There's no numerical data on how much the fish grow per unit of time at different ages. There is nothing describing that the text quantifies or even attempts to quantify, these rate changes. I'd expect to see data, maybe a growth curve, an equation, anything that illustrates how growth speed changes with age.

So, the answer is a resounding ""no."" The context simply doesn't provide the information needed to address the question. My initial assessment is confirmed: grade 0.


",Overly Strict Criteria,"Model B demanded rigorous, scientific quantification (such as equations, measured rates, or growth curves) rather than recognizing that the document's co-mention of sizes and ages provides minimal/marginal relevance (score 1) for the topic."
182539,8757179,182539,"The term monotonic may also be used to describe set functions which map subsets of the domain to non-decreasing values of the codomain. In particular, if is a set function from a collection of sets to an ordered set , then is said to be monotone if whenever as elements of , .",1,1,0,N/A,N/A,Failure to Recognize ID-based Match,"Model B failed to recognize that the purely numerical query represents an entity, passage, or document identifier matching the target content, instead evaluating it purely on semantic/lexical overlap and incorrectly grading it as completely irrelevant."
131843,2227327,131843,Forecast Discussion. SPC AC 150726 Day 3 Convective Outlook NWS Storm Prediction Center Norman OK 0226 AM CDT Sat Apr 15 2017 Valid 171200Z - 181200Z ...THERE IS A MARGINAL RISK OF SEVERE THUNDERSTORMS FOR PORTIONS OF WESTERN NEBRASKA AND SOUTHWEST SOUTH DAKOTA... ...SUMMARY...,1,1,0,"**Analyzing the Context: Authority and Scope**

Okay, let's break this down. The context provided – NWS Storm Prediction Center, Norman OK, covering portions of western Nebraska and southwest South Dakota – is pretty explicit. The question, essentially, boils down to ""Does this information give me the issuing authority and geographical scope?"" Absolutely, yes! The context *clearly* defines both. There's no ambiguity here. It’s a straightforward, easily verifiable fact. Given the directness of the provided details and the question's simplicity, I'd confidently grade the ability to answer the question from the context a solid 5. It’s a complete and unambiguous match.


","**Answering the Question Directly**

Okay, so the prompt is asking if the text specifies both the issuing authority and the geographical scope of something. Let me break this down. The text clearly gives me the ""NWS Storm Prediction Center Norman OK,"" also known as ""SPC,"" as the issuing authority. That's a direct, unambiguous answer to the first part. Then, for the geographical scope, it explicitly mentions ""PORTIONS OF WESTERN NEBRASKA AND SOUTHWEST SOUTH DAKOTA."" Boom! That covers the second part of the question perfectly. Based on the provided context, I can definitively say that the answer is yes; both elements are explicitly present. Therefore, I'm giving this a solid 5. It's a straightforward analysis with a clear conclusion drawn directly from the data. No need for further inference or interpretation here.


",Score-Reasoning Inconsistency,"Model B's internal reasoning found the document to be a perfect match, concluding with strong affirmative statements and stating it deserved a top score ('solid 5'), but it mistakenly output a final score of 0 instead of 1."
87181,742425,87181,Aortic insufficiency causes both volume overload (elevated preload) and pressure overload (elevated afterload due to increased stroke volume) of the heart. The volume overload (due to elevated pulse pressure and the systemic effects of neuroendocrine hormones) causes left ventricular hypertrophy (LVH).,2,2,1,N/A,N/A,Strict Keyword Matching,"The query is an opaque numeric string (likely an unmapped query ID or dataset artifact). Model B penalized the document due to a complete lack of lexical overlap or apparent topical connection to the number, whereas Model A correctly preserved the ground-truth benchmark rating."
1115776,580734,1115776,"Identify banking operations (i.e., products, services, customers, entities, and geographic locations) more vulnerable to abuse by money launderers and criminals; provide for periodic updates to the bank’s risk profile; and provide for a BSA/AML compliance program tailored to manage risks.",0,0,1,N/A,N/A,Hallucinated Relevance,"The query is an opaque numeric string ('1115776') with no semantic or contextual connection to the provided BSA/AML banking compliance document. Model B failed to recognize the complete absence of overlap and assigned non-zero relevance, likely hallucinating a connection or defaulting to lenient scoring on uninterpretable queries."
1113437,6597538,1113437,"Spruce trees are native to the western United States and Canada. The Colorado blue spruce, also called the silver spruce, was first discovered on Pikes Peak in 1862. Blue spruce can live 800 years. White spruce has a life expectancy of 200 or more years, with some 300-year-old specimens documented in Manitoba, Canada.",1,1,0,N/A,N/A,Failure to Map Query ID / Dataset Artifact,"The query '1113437' is a dataset query ID (likely from MS MARCO) rather than natural language text. Model A likely leveraged memorized training associations or benchmark heuristics to identify the relevance of the target document, whereas Model B evaluated the numeric string strictly and literally against the text about spruce trees, concluding there was zero relevance."
156493,1277723,156493,"Fancy goldfish don’t grow as large as Common goldfish. A good size would be around 5 inches body length for most fancy varieties, 8 inches for Comets and 12 inches for Common Goldfish. These sizes are usually only attained by pond grown fish.",2,2,1,"**Analyzing the Context for Age-Dependent Growth Rate Quantification**

Okay, so the core question is whether this context quantifies age-dependent growth rate changes. Initially, I noted the context only provides maximum sizes for different goldfish varieties, which doesn't directly address growth rates over time. Therefore, my initial instinct was ""No,"" but I needed to be precise. The question specifically asks, ""Does it quantify…?"" not ""Can we determine…?"".

Then, I second guessed myself and thought, ""Can we *answer* the question based on this text?"" The text doesn't explicitly mention age or growth rates, only max sizes, so the answer is still ""No, it doesn't.""

I started to get tripped up on the usual QA conventions. In most datasets, if the context omits the subject entirely, the answer's typically a zero or a very low score. But here, the question is a direct one: *Does* it quantify? And the answer is a definitive ""No."" The text, while providing information, simply doesn't contain the specific data required to answer the question with a ""Yes"". The context directly supports the answer ""No.""

So, I'm leaning toward a strong score because the question is directly answerable as ""No"" based on the text. However, if the system is expecting the context to provide the actual growth rate data, then it would be a zero. I'll need to weigh this when grading.


","Here's my thought process on this:

**Analysis of Relevance and Information Content**

Okay, the question is asking if this context quantifies age-dependent changes in growth rate. My first instinct is to dive into the core of the matter: the text deals with final sizes of different goldfish varieties – Fancy, Comet, and Common. But hold on, I don't see any mention of *growth rates*, or how those rates change with *age*, or any *time* metrics at all. This is crucial for evaluating age-dependent growth.

Now, usually when these types of evaluations occur, I'm checking for whether the context provides enough *relevant* information to form an answer. Since I don't see any mention of growth rates or age, I have to conclude that the context *doesn't* contain the data necessary to answer the question, or to assess it's relevance. It's a straight ""No, the context is not sufficient."" It doesn't even come close. In fact, it's pretty clear that I can answer the question with a simple ""No"" – the context does *not* quantify age-dependent growth rate changes.

So, in terms of relevance, I'm leaning toward a Grade 0. The context isn't just incomplete; it's completely missing the information needed.


",Equating Negative Answer with Irrelevance,"Model B recognized that the text allows for a definitive 'No' answer to the query ('Does it quantify...?'), but mistakenly concluded that the absence of growth rate data meant the context was irrelevant or insufficient. In contrast, Model A realized that successfully answering a verification question in the negative still represents high task relevance."
168216,4245223,168216,Legionnaires' disease is an acute respiratory infection caused by a common bacteria that results in a serious case of pneumonia. It first became a well-known disease in 1976 when a serious outbreak occurred among a large number of people attending an American Legion convention.,0,0,1,N/A,N/A,Hallucinated Relevance,The query consists solely of an uncontextualized numeric identifier ('168216') that shares no lexical or semantic connection with the document about Legionnaires' disease. Model B exhibited a false-positive bias by predicting non-zero relevance for a completely unrelated document instead of assigning a score of 0.
131843,2130346,131843,"A Tornado Watch is issued by the Storm Prediction Center (SPC) in Norman, Oklahoma. Prior to the issuance of a Tornado Watch, SPC will usually contact the affected local National Weather Forecast Office (NWFO) and they will discuss what their current thinking is on the weather situation.",1,1,0,N/A,N/A,Dataset Artifact / Query ID Failure,"The query '131843' is an MS MARCO query ID (which maps to 'who issues a tornado watch'). Model B evaluated the numeric ID literally as text and found no match, whereas Model A (and the human annotator) successfully handled the benchmark artifact."
87181,8522403,87181,"In this condition, the walls of both the left and right side of the heart (ventricles) become thin and stretched. The result is an enlarged heart. In the other types of cardiomegaly, the heart's large muscular left ventricle becomes abnormally thick. Hypertrophy is usually what causes left ventricular enlargement.",1,1,0,"Here's my assessment of the information provided:

**Analyzing the Query Regarding Chronic Afterload Elevation and Ventricular Remodeling**

Okay, so I've been presented with a question that hinges on understanding the relationship between chronic afterload elevation mechanisms and the subsequent ventricular remodeling, specifically in the context of cardiomegaly. However, after carefully reviewing the provided material, I find absolutely no mention of ""chronic afterload elevation mechanisms"" within the description. The text focuses on cardiomegaly itself, detailing the thinning and stretching of ventricle walls, and the hypertrophy that contributes to left ventricular enlargement. It's a straightforward description of the structural changes. Because the fundamental element of ""chronic afterload elevation mechanisms"" is completely absent, I am unable to connect it to the discussion. Therefore, based purely on the information given, I have to conclude that the question posed cannot be addressed with the provided content. My assessment, in this instance, is a solid zero.


","**Assessing the Question's Answerability**

Okay, so I've got this question: ""Are chronic afterload elevation mechanisms detailed?"" I need to determine if the provided context actually answers that question. I'll read through the text provided. It talks about things like the heart walls thinning and stretching, an enlarged heart, and hypertrophy leading to left ventricular enlargement. Interesting, but does it *actually* detail the mechanisms by which chronic afterload is elevated? No. Nowhere do I see anything explicitly discussing those mechanisms. Therefore, based purely on what's presented, the context is completely inadequate for answering the question. It doesn't even touch the topic. The rating has to be a zero. I can't even glean an inferential response, so it’s simply a ""no go.""


",Overly Strict Threshold,"Model B framed the evaluation as a strict binary requirement for explicit details on 'chronic afterload elevation mechanisms,' completely dismissing relevant structural remodeling and hypertrophy concepts that warranted a partial relevance score of 1."
1113437,2001936,1113437,"1. a: any of a genus (Picea) of evergreen trees of the pine family with a conical head of dense foliage, flat or 4-sided needles, pendulous cones, and soft light wood b: any of several coniferous trees (as Douglas fir) of similar habit. 2. : the wood of a spruce.",1,1,2,"**Analyzing the Context for Relevant Information**

Okay, so the question is straightforward: does the provided context explicitly mention persistent sterigmata on twigs? I need to carefully evaluate if the information needed to answer the question is actually present. I see the context describes spruce trees and their wood. But wait... there's absolutely nothing about sterigmata or twigs. Nothing.

So, according to the strict information I've been given, this context is entirely irrelevant to the question. The context does not give me any tools to answer the question. The evaluation rubric probably hinges on whether the context is sufficient, and here it’s not.

Let's see... the rubric indicates that a score of 0, or something equivalent, is applicable when the answer is not relevant, or complete, or cannot be answered. And since the context is silent on sterigmata and twigs, it falls into that category. It *cannot* be answered with the given text.

I need to make sure I am answering what the prompt asks, so I need to check one final time - the context does not mention persistent sterigmata. Grade = 0.


","**Analyzing the Context for Information on Persistent Sterigmata**

Okay, here's what I'm thinking. The core question is: can we determine from this text whether ""persistent sterigmata"" are explicitly described on the twigs? The context provided is a definition of ""spruce,"" covering its characteristics like needles, cones, and wood. Immediately, I see that the definition doesn't *mention* sterigmata. So, initially, my response is ""No,"" based purely on the text's content.

But wait, I need to be precise here, as the prompt's wording could be interpreted in two ways. Does it mean, ""Does the text *contain* a description?"" or does it mean, ""Can the question be *answered* based on the context?"" Let's break this down further. If the question is literally, ""Are they described?"", then the answer is a direct ""No"" – the definition omits it. But I should confirm the prompt is looking for an explicit mention in the context, and not perhaps, an implied answer.

I'm used to these RAG-style evaluations. I'm recalling how we assess contexts; usually, if the context doesn't have an explicit mention of the topic, it gets a low score, often a zero. This points to a ""No"" as the right answer. Based on the standard rubrics, where ""0"" often signifies that the answer is completely unanswerable given the information, I can definitively conclude that the answer is no.


",Score-Reasoning Inconsistency,"Model B's reasoning concludes that the required information is completely absent and warrants a score of zero/low relevance, yet it inexplicably assigned a higher relevance score of 2, directly contradicting its own thought process."
1124210,181171,1124210,(a) Conducting cells of the phloem (sieve elements) and accompanying companion cells form groups of cells that are separated by phloem parenchyma cells. This mosaic of cells is located between the cortex and xylem and capped by phloem fibres. Scale bar = 7.3 μm. (b) A longitudinal section through two sieve elements arranged end to end to form part of a sieve tube. Companion cells can also be seen.,0,0,1,N/A,N/A,Hallucinated Relevance,"The query is an arbitrary numeric identifier ('1124210') that does not appear in or relate to the provided biological text. Model B incorrectly inferred relevance without any matching content or justification, whereas Model A correctly recognized that the document is completely unrelated."
87181,47207,87181,"Ventricular hypertrophy is thickening of the walls of a ventricle of the heart. Although left ventricular hypertrophy is more common, right ventricular hypertrophy, as well as concurrent hypertrophy of both ventricles can also occur. Ventricular hypertrophy can result from a variety of conditions, both adaptive and maladaptive. For example, it occurs in what is regarded as a physiologic, adaptive process in pregnancy in response to increased blood volume; but can also occur as a consequence of v",1,1,0,N/A,N/A,Failure to Map Query Identifier,"The query consists solely of an ID number ('87181') commonly associated with benchmark query IDs (such as MS MARCO's query for ventricular hypertrophy). Model B treated the numeric input literally as an unrelated number and judged it non-relevant, whereas Model A correctly retained the benchmark mapping or relevance link."
156493,3288598,156493,How fast do goldfish grow is really a tough question to answer really. As mentioned above these factors will influence the growth potential of your goldfish. For example the how clean your water is impacts how fast they will grow. If the water is too clear then lacks algae and food to feed on.,2,2,1,N/A,N/A,Over-penalized Incomplete Answer,"Model B likely downgraded the document from 2 to 1 because the text discusses factors affecting goldfish growth rather than providing a direct numerical growth rate, failing to recognize that it still directly addresses the core subject."
962179,8785370,962179,"Francis S. Smith, who was for some time a Salvation Army commissioner in the United States, and William Thomas Stead, one of the most distinguished Victorian journalists and a dedicated supporter of the Salvation Army (later a Titanic victim), contributed to the rise of the Social Wing of the Salvation Army.",0,0,1,"Here's my analysis of the provided context:

**Analysis of the Provided Context Regarding the Salvation Army's Social Wing**

Okay, so I've been given some information relating to Francis S. Smith and William Thomas Stead's involvement with the Social Wing of the Salvation Army. However, I'm immediately noticing something crucial. The core of my inquiry likely revolves around the official naming of the organization, but the text is *specifically* silent on the matter of when The Christian Mission transitioned to 'The Salvation Army.' This is a critical omission. My response *cannot* be based on this limited data. There's no way to deduce the answer to that particular question from the given text. A complete lack of relevant information requires a grade of zero. I'll need a different source to arrive at the answer I'm seeking. This is not sufficient.


","**Analyzing the Inquiry: Salvation Army Name Adoption**

Okay, so the prompt is essentially asking if the provided text gives us a definitive answer to when ""The Christian Mission"" officially became ""The Salvation Army"". I need to be precise here. The crux of the evaluation is whether the *context* offers that specific piece of information.

Scanning the text, I see no mention of ""The Christian Mission"" or a timeline for its name change. So, directly, the answer is no; the context doesn't *specify* that information. My initial gut feeling on these is to grade the answer relative to the question: is there any explicit information contained in the response to the question.

The prompt is a yes/no question, and based purely on what's available, it's a clear ""no."" The context is silent on this particular detail, therefore, it cannot provide the necessary information. I must assess the context only, so, the conclusion is a grade of 0.


",Score-Reasoning Inconsistency,"Model B correctly deduced through its reasoning that the document contained no relevant information and explicitly concluded that it deserved a grade of 0, but it erroneously emitted a final score of 1."
1114646,3470481,1114646,"A: The most effective treatment options for shingles are acyclovir, valacyclovir and famciclovir, all of which are prescription antiviral drugs, according to ... Full Answer > Filed Under: Conditions & Diseases.",0,0,1,N/A,N/A,Hallucinated Relevance,"The query is an ungrounded numeric ID ('1114646') with zero lexical or semantic connection to the document regarding shingles treatments. Model B improperly assigned a non-zero relevance score, likely due to a tendency to over-predict relevance or invent a spurious connection when no context is provided."
1133167,4443375,1133167,"Weather in Jamaica. The weather in Jamaica affords this island the reputation of being a tropical island paradise. Jamaica is situated in the heart of the Caribbean Sea, south of Cuba and West of Haiti. Jamaica is one of the Greater Antilles islands.",1,1,0,N/A,N/A,Over-reliance on Lexical Matching,"The query consists solely of an arbitrary numerical identifier ('1133167') which has no textual overlap with the passage. Model B failed to recognize the identifier/passage relationship or handle ID-based retrieval, defaulting to a score of 0 due to the absence of matching keywords."
1037798,3387556,1037798,"United States History. The lower section of the Columbia River was first explored and described by Captain Bruno Heceta (sometimes spelled Hezeta), who named it Bahia de la Asumpcion. Captain Robert Gray explored it in 1792 for the United States and Broughton navigated it 119 statute miles upriver from its mouth the same year.",1,1,0,N/A,N/A,Failed Identifier Resolution,"The query appears to be a benchmark query ID or numeric identifier rather than natural language text. Model A recognized the latent mapping or dataset association to the passage, whereas Model B evaluated the input literally and found no semantic or lexical overlap between the number and the historical text, resulting in a false-negative relevance score."
104861,146173,104861,"Polished concrete pricing is basically dependent upon how many levels of grinding will be required to get the floor to a suitably smooth surface. The cost for polished concrete can go up from there depending upon any decorative effects that are applied such as staining or scoring, etc.asic cost for a polished concrete floor that requires only a few levels of grinding, according to Greg Demmert of Demmert & Assoc. in Los Angeles.",1,1,0,"Here's my thought process, distilled:

**Analyzing Surface Finish Specifics**

Okay, the prompt wants to know the *exact* surface finish – something specific like ""800-grit polished"" or ""epoxy-coated"". I see the context mentioning ""polished concrete"" and ""grinding,"" but that's not specific *enough*. It doesn't give me the actual grit number, the coating type, or any other precise descriptor.

Therefore, I have to conclude that the information isn't *present* to answer the question. It's a ""no-go"".

Since the instruction demands I determine if the question can be answered from what I have, it can't.

And, if ""0"" is being used, that implies the context is not relevant or complete at all. It's basically saying the context lacks the key information required. So, a grade of 0 is appropriate.


","Okay, here's my assessment of the situation:

**Analysis of Surface Finish Specification in the Provided Text**

Alright, I've got the question: ""What exact surface finish is included?"" The context, however, is a bit vague. It talks about polished concrete pricing – grinding levels, staining, scoring – the typical considerations. But, and this is crucial, it *fails* to nail down a specific surface finish. There's no mention of a particular grit level for polishing, no specifics about stamping processes, and absolutely nothing on epoxy coatings or any other defined treatment. While it references the *concept* of grinding, it does not specify what grinding levels are actually *included* in a potential scope of work or pricing. As an expert, I know that surface finish is paramount for both aesthetics and performance. Without that level of detail, any attempt to answer the question is pointless, at least with the data at hand. Therefore, based on this information, the question is unanswerable.


",Hallucinated Requirement,"Model B hallucinated that the user was asking for an exact, highly technical surface finish specification (such as specific grit levels or epoxy coatings) and dismissed the document as completely irrelevant (0) because it only provided general pricing factors for polished concrete."
1133167,4625147,1133167,"The Jamaica climate guide is perfect for planning your holiday. Monthly weather averages give the best indication of what the weather is usually like for every month of the year including figures for temperature, rainfall and sunshine.",1,1,0,N/A,N/A,Failure to recognize opaque identifier,"The query consists solely of a numeric identifier (likely a dataset query ID or reference code) with no surface lexical overlap with the document. Model B strictly evaluated semantic/lexical overlap and judged it irrelevant (0), failing to identify or retrieve the latent entity/query mapping that Model A and human raters recognized."
156493,1960255,156493,"Rating Newest Oldest. Best Answer: Goldfish do not grow to the size of their tank, that is a myth. Goldfish grow until they are at their mature size, but being in a tank too small for them to grow properly can cause stunting. This is where the idea that they grow to the size of their tank comes from.",2,2,1,"Okay, let's break this down.

**Initial Assessment of the Question and Context**

Right, the core question is, ""Does it quantify age-dependent growth rate changes?"" My immediate reaction is, *no, not at all*. The provided context – goldfish, mature size, and stunting in small tanks – simply doesn't touch on *quantifying* growth rates as they change with age. It mentions the *effects* of environment on growth, and the *concept* of growth slowdown as fish mature, but there are no numbers, no formulas, nothing that allows me to answer a question about how growth rates vary *specifically* with age. It's all very qualitative.

**Clarifying the Query's Intent**

Now, I need to make sure I'm answering the right question. Is the user asking if the context *itself* provides the answer to the age-dependent growth question? Or, is the *question* itself a valid query about the information contained in the context? Either way, the conclusion is the same. The context *doesn't* offer any quantitative data related to age-dependent growth.

**Final Judgement**

Therefore, I have to conclude that the context *does not* provide the information to answer the question about quantifiable age-dependent growth rate changes. The grade is definitely a zero. The context simply fails to address that aspect, even superficially.


","Here's my assessment of the situation:

**Analysis of Age-Dependent Growth Rate Quantification**

Okay, so the user's question is ""Does the provided context quantify age-dependent growth rate changes?"" Let me quickly review the context... Goldfish and tank size myths... stunting in smaller tanks... Right, right, it's about the *idea* of growth being affected, but it's not actually quantifying anything. No equations, no data points, no rates expressed over time, not a thing. The context describes an *effect* (stunting), but not the *rate* of change in growth as a function of age. Therefore, based purely on what's presented, I'd have to say the answer is a resounding *no*. The context doesn't come close to quantifying age-dependent growth rate changes. Giving it a zero.


",Score-Reasoning Inconsistency,"Both models hallucinated an unrelated evaluation question ('quantify age-dependent growth rate changes') and both concluded in their text that the score should be zero. However, Model B output a final score of 1, resulting in a regression from the target score of 2, reflecting an internal disconnect between reasoning and final score assignment."
1114646,579554,1114646,"There's no cure for shingles, but prompt treatment with prescription antiviral drugs can speed healing and reduce your risk of complications. These medications include: 1  Acyclovir (Zovirax). 2  Valacyclovir (Valtrex). 3  Famciclovir (Famvir).",1,1,0,N/A,N/A,Literal Query Interpretation,"The query consists solely of a numeric identifier ('1114646'), likely an unmapped dataset or query ID corresponding to shingles treatment in the benchmark. While Model A matched the human judgment by either recognizing the dataset artifact or correctly evaluating the pair in context, Model B evaluated the literal string mismatch between the number and the medical passage, erroneously judging it as completely irrelevant."
962179,2017003,962179,"Answer Wiki. According to SHARING IS CARING Trademark of Salvation Army, The - Registration Number 2492693 - Serial Number 76180417 :: Justia Trademarks, the Salvation Army has had sharing is caring trademarked since 1950.",0,0,1,"Okay, here's my take on those thoughts, tailored for an expert audience:

**Analyzing the Trademark & Historical Context**

Alright, let's break this down. We're given information on the ""SHARING IS CARING"" trademark registration by the Salvation Army, dating back to 1950. My immediate concern is, what are we *not* being told? This passage is specifically about the trademark and registration date, which means the question being asked is likely about something else.

The core issue is a lack of sufficient data. We're talking about the formal adoption date of ""The Salvation Army."" While we have a timeline for a related trademark, there's absolutely no mention of when ""The Christian Mission"" transitioned to its current name. Without that critical piece of information, any attempt to answer the implied question would be pure conjecture.

So, for now, the source is insufficient and the grade is a solid zero. It's a fundamental gap in the provided context, rendering any conclusions inaccurate. We'd need to go outside this text and find some serious historical background to properly answer the question.


","**My Assessment of the Provided Information**

Alright, let's break this down. My initial query concerned the specific date that The Christian Mission transitioned to using the moniker ""The Salvation Army."" The context I've been given, which deals with a trademark held by The Salvation Army since 1950, is entirely irrelevant to that question. It provides absolutely no information about the naming history of the organization or when the transition from ""The Christian Mission"" occurred. Therefore, based solely on this limited context, I can't determine the answer to my question. The context provided is not helpful. It's a dead end. Time to find a more appropriate resource.


",Score-Reasoning Contradiction,"Model B correctly deduced that the passage was completely irrelevant and unhelpful to the query, but contradicted its own reasoning by assigning a relevance score of 1 instead of 0."
915593,8455300,915593,"While most of the other recipes here can be accomplished with a beer cooler, this is the one in the bunch that absolutely requires the use of a dedicated sous vide device to pull off. It's the only way to maintain the temperature of your water bath for the eight to 36 hours needed to turn tough ribs tender.",1,1,0,"Here's my assessment of the situation:

**Analysis of the Sous Vide Context**

Alright, let's break this down. The core question is whether the provided context sheds any light on distinguishing sous vide techniques for fibrous versus starchy vegetables. I need to be precise here, and the provided text is...well, it's not. It dives into tough ribs, a beer cooler, and extensive cooking times – 8 to 36 hours. While interesting in its own right, the text makes absolutely *no* mention of fibrous or starchy vegetables. It's an entirely different application of sous vide, focused on meat, at least according to this context. Therefore, I can't derive any useful differentiation for those vegetable categories from this source. The context is simply irrelevant to the question at hand. This is a clear case of zero information regarding the specific focus.


","Here's my assessment of the situation:

**Analysis of the Sous Vide Question**

Okay, the question is straightforward: does the provided text differentiate sous vide techniques for fibrous versus starchy vegetables? I've read the context, and frankly, it's irrelevant. We're talking ribs, beer coolers, water bath temperature control, and long cook times – all completely unrelated to the specific vegetable considerations in the query. The document doesn't delve into the nuanced differences in sous vide approaches required for fibrous versus starchy vegetables, like variations in pre-blanching, cooking times, or temperature profiles needed to achieve optimal texture and flavor. Therefore, I have to give this a resounding zero. The provided material is simply not germane to the question at hand.


",Failure to Award Partial Relevance,"While both models noted that the passage discusses sous vide equipment and meat rather than specifically addressing vegetables, Model B applied an overly strict threshold requiring detailed specific nuances (such as pre-blanching and temperature profiles), entirely dismissing the passage with a score of 0 instead of awarding partial/topical relevance (score of 1)."
156493,2949802,156493,"If kept in a suitable environment, single tail goldfish normally grow to 10 inches (25cm) and can sometimes reach 12 inches (30cm). Fancy goldfish normally grow to 8 inches (20cm). The normal life expectancy of a single tail goldfish is about 20 years.",2,2,1,"**Analyzing the Context and Question**

Okay, so I'm presented with a context about goldfish sizes and lifespan, and a question: ""Does it quantify age-dependent growth rate changes?"" My immediate thought is, ""Well, does it?"" The context mentions maximum sizes and life expectancy, but it *doesn't* delve into how quickly they grow at different stages. So, based on the context *itself*, I have to say ""No, it doesn't.""

Now, the format of this is familiar. I'm usually dealing with an evaluation task – either evaluating an answer against a context, or evaluating the context's ability to answer the question. The question's asking a pretty direct ""yes or no"" type question about the text.

The core of the issue is this: the context *completely* lacks any information about age-dependent growth rates. So the answer is definitively ""No"". The context doesn't have it, so the answer is a definitive no.

Now, the evaluation becomes: how certain are we, based on the context, about our answer? In this case, I'm *certain*. The context has no info, therefore, it cannot. If this were a standard RAG evaluation, where the context needed to answer the question, and the question were about details in the text, then a ""no"" would rate low. However, this is more a meta-question: can the text answer this? The answer is a clear and definitive ""No"".


","Okay, here's my breakdown of this.

**Assessing the Quantification of Age-Dependent Growth Rate Changes**

Alright, so the core question is whether the provided context quantifies age-dependent growth rate changes. The context mentions max size and life expectancy, but critically, it doesn't actually give us any specifics about the rates themselves – the rates change over age. Since the text explicitly uses the phrase ""age-dependent growth rate changes"", it's asking a very particular question about how these rates *vary* over time. Maximum size and lifespan are relevant to an animal’s lifecycle, but provide no data on changing rates. Given that the context avoids addressing this, I can't derive an answer; it doesn't provide the necessary information. It's simply missing that crucial piece of data. Therefore, the answer is irrelevant or incomplete; it is not possible to answer the question based on this context.


",Misunderstood Task Framing,Model A recognizes that the question ('Does it quantify age-dependent growth rate changes?') is a meta/verification question where a definitive 'No' based on the text constitutes a complete and accurate answer. Model B treats the query as an information-seeking retrieval task and penalizes the document because the underlying growth rate data is missing.
1113437,7368427,1113437,"Use these tips to identify coniferous trees: Pines and larches have needles in clusters of two, three, five or more. Firs and hemlocks have flat, single needles, sometimes with a slender leaf-stalk joining the main needle to the branch, and sometimes without one.The needles of spruces have edges.se these tips to identify coniferous trees: Pines and larches have needles in clusters of two, three, five or more. Firs and hemlocks have flat, single needles, sometimes with a slender leaf-stalk joining the main needle to the branch, and sometimes without one. The needles of spruces have edges.",1,1,0,N/A,N/A,Strict Lexical Matching on Opaque Query,"The query is an uninterpretable numeric identifier (likely an ID artifact from the evaluation dataset). Model B rejected the document due to a complete lack of semantic and lexical overlap, failing to match the ground truth annotation that Model A correctly preserved."
1121402,6001847,1121402,"2. Use terrace farming. This type of farming uses the topography of the land to slow water flow through a series of terraces. This manipulation of the water flow prevents it from gathering speed and washing soil away from farmlands. 3. Practice contour farming. Contour farming replicates the effects of terrace farming, but on a smaller scale.",2,2,1,N/A,N/A,Over-penalized literal query mismatch,"The query consists solely of an ID/numeric code ('1121402') without explicit semantic terms. Model B downgraded the relevance due to the lack of surface lexical overlap between the number and the farming passage, failing to handle the benchmark identifier or recognize the target context that Model A successfully retained."
1124210,7443588,1124210,"The xylem is composed of nonliving cells (tracheids and vessel elements) that are stiffened by the presence of lignin, a hardening substance that reinforces the cellulose cell wall. The living sieve elements that",2,2,1,"**Evaluating the Question's Clarity and Context**

Okay, so the prompt asks about a primary vascular tissue type and ""these cells."" My first thought is, does the question have enough specific context? Let's break this down. The provided text mentions ""xylem"" and specifically lists ""tracheids and vessel elements"" as its nonliving components. The phrase ""these cells"" is ambiguous without a clear antecedent.

If ""these cells"" refers to tracheids and vessel elements, the answer is undeniably xylem. The context explicitly links those cells to that tissue. Though ""sieve elements"" are mentioned as being at the end of the given context, there isn't full context to identify them beyond that, and xylem is explicitly named.

Can the question be *fully* answered? The key lies in that ambiguity of ""these cells"". Still, the core of the question, given the limited information, *is* answerable. The text directly states that the xylem *is* composed of tracheids and vessel elements.

So, how do I grade this? Is this a 4 or 5? Given the slight ambiguity of the question's phrasing ""these cells,"" despite the explicit information, I'd lean towards a 4. It's a solid answer, grounded in the context, but the wording leaves a tiny, tiny gap. The context explicitly links xylem to tracheids and vessel elements. Let's go with a 4.


","**Analyzing the Question's Ambiguity**

Alright, let's break this down. The question's asking me to identify the primary vascular tissue containing ""these cells."" Immediately, that phrase throws a wrench in the works. ""These cells"" is a pointer, but a broken one! There's no clear antecedent, no prior reference to tell me *which* cells we're talking about. The context cuts off mid-sentence, leaving me hanging with ""...The living sieve elements that..."".

Okay, so I know Xylem has tracheids and vessel elements. And Phloem, well, it's implied here that it contains sieve elements. But without knowing *which* cells the question refers to, I can't definitively identify the tissue type. The context is incomplete, at best; it's practically useless for giving a precise answer. It's either unanswerable, or barely answerable (0 or 1).

Wait, I need to recalibrate, the prompt is asking if the question can be answered from the provided context, not for an answer. Since ""these cells"" has no referent, there is no way to tell which cells the question is referring to. Therefore, the question is not answerable based on the context. The answer is clearly a resounding 0.


",Over-weighted ambiguity,"Model B excessively fixated on the phrase 'these cells' lacking an explicit antecedent and the truncated ending of the document. By treating this ambiguity as fatal rather than evaluating the strong, explicit connection between xylem and the nonliving cells described in the text, Model B over-penalized the context and significantly underscored its relevance."
962179,534563,962179,"Founded by William Booth over 130 years ago, it is dedicated to fighting against sin and despair. The programs in the Salvation army are designed to assist children, women, elderly men, families and those who are battling or who have battled addiction.",1,1,2,N/A,N/A,Hallucinated Relevance,The query is an arbitrary numeric string ('962179') with no semantic or textual connection to the document describing the Salvation Army. Model B incorrectly inflated the relevance score despite the complete absence of matching information or context.
527433,2931562,527433,"There are many different types of speech impairment and speech disorders, including: 1  aphasia, the inability to express and comprehend language. 2  dysarthria, slurred or choppy speech. 3  spasmodic dysphonia, which can cause your voice to be hoarse, airy, and tight.",1,1,0,"Okay, here's my take on those thoughts, tailored for an expert audience like yourself:

**Assessment of Contextual Sufficiency**

Right, so the issue boils down to this: the provided information, while defining dysarthria as ""slurred or choppy speech,"" is woefully inadequate for any meaningful clinical assessment or differentiation. It's essentially a superficial gloss. The real problem is the absolute lack of any specific connection drawn between cerebral palsy (CP) subtypes – spastic, dyskinetic, ataxic, whatever – and the *specific* types of dysarthria that typically manifest in each. We're left with a vague descriptor and a gaping void. Without that critical mapping of CP subtype to expected dysarthria presentation, any attempt to answer the question is, frankly, a non-starter. Grade: 0. It’s like being asked to diagnose a fracture based on the patient saying, “I have pain in my arm.” We need much more granular data.


","**Analyzing the Dysarthria Question**

Okay, so the question is pretty straightforward: does the provided information link specific types of dysarthria to spastic, dyskinetic, or ataxic CP subtypes? My initial thought is, ""No, it doesn't."" The context *only* defines dysarthria in a general way, as slurred or choppy speech, among other speech disorders. There's zero mention of those specific CP subtypes.

However, the phrasing is critical. It asks if the *information details* the correlation, meaning is it present to be evaluated from the text, or inferred? It's not. The context simply doesn't contain that level of detail. I need to be careful; am I answering the question or making a judgement on the absence of information. The context doesn't *contain* the information, therefore it can't be answered by the context.

So, the next part asks me to rate the answerability of the question on a scale of 0 to 5. Based on the fact that the context is insufficient, it's definitely a ""0"". The question absolutely *cannot* be answered using the provided context. I have to select a ""0"" for the question about answerability.


",Confused Relevance with Answerability,"Model B conflated topical relevance with complete answerability. It assigned a score of 0 because the document did not fully answer the specific question about cerebral palsy subtypes, overlooking the document's partial relevance in defining dysarthria."
131843,985993,131843,"Define AIRMET: a notice of potentially hazardous weather conditions (such as turbulence, icing, or low visibility) along a planned flight route that … a notice of potentially hazardous weather conditions (such as turbulence, icing, or low visibility) along a planned flight route that is provided…",1,1,0,"**Analyzing the Context and Question**

Okay, so the core of the matter is whether this provided context is sufficient to answer the question: ""Does it specify the issuing authority and geographical scope?"" Let's break this down systematically.

First, I see the context defines an AIRMET. It describes potentially hazardous weather along a flight route. Crucially, it uses the phrase ""along a planned flight route,"" which is a weak indication of *geographical scope*, but it's incomplete. It doesn't pinpoint a specific region or define the boundaries. And, importantly, there's absolutely no mention of an issuing authority.

The question explicitly asks if *the context* specifies both issuing authority and geographical scope. My initial assessment is that it doesn't. Now, the key is the framing of ""Can the question be answered based on the available context?"" That's the critical question I need to address for this particular evaluation.

If the context *lacks* a clear definition of the issuing authority, and only vaguely touches on scope, can I still answer the question with a definite *no*? Absolutely. In RAG systems and evaluations I'm used to, if the context doesn't contain the requested information, the answer ""No"" is a complete and accurate response to the prompt.

The prompt, as I'm re-reading it, is asking if the *context* enables me to answer the question, or if the question has a definitive answer. The fact is, the context does *not* specify the issuing authority. So, I can definitively answer ""No, it does not specify the issuing authority."" which directly answers the question. The vagueness regarding geographical scope is not a *yes* answer, so I could answer ""No, it does not fully specify either,"" but the fact that ""issuing authority"" is missing makes my response certain.


","**Analyzing the AIRMET Definition**

Okay, so the prompt is asking if the definition of an AIRMET explicitly states *who* issues it and *where* it applies. Let's break this down. The provided definition describes an AIRMET as a ""notice of potentially hazardous weather conditions...along a planned flight route."" Right away, I can see a problem. This is a very truncated definition. It tells me *what* an AIRMET is *about*, but it completely skips over critical details.

Does this snippet say *who* is responsible for issuing it? Nope. Does it detail the *geographic scope* beyond ""along a planned flight route""? Absolutely not. The definition provides insufficient information to address the question. It's incomplete and therefore useless for answering the query. My grade for this is a clear zero. The provided context utterly fails to give the information requested in the prompt.


",Equated Negative Answer with Irrelevance,"Model A correctly recognized that for a verification question asking whether the text specifies certain criteria, finding that the text does not mention them provides a definitive negative answer ('No'), making the context sufficient. Model B failed to recognize that a negative answer is still a valid resolution, incorrectly assuming that the absence of the information made the text incomplete and useless."
19335,1720389,19335,"Definition of Environment. Environment: The sum of the total of the elements, factors and conditions in the surroundings which may have an impact on the development, action or survival of an organism or group of organisms. Last Editorial Review: 6/9/2016.",1,1,0,N/A,N/A,Over-reliance on Lexical Matching,"Model B strictly evaluated relevance based on literal surface-level text overlap and rejected the document because the numeric query '19335' shares no keywords with the text, failing to recognize that the query is an identifier/code (such as an MS MARCO query ID for 'definition of environment') associated with the content."
156493,3288596,156493,"If the tank is not large enough to allow the goldfish to grow, it's growth will be stunted and this can cause the fish to become unhealthy and die. The fancy goldfish do not get as large as the common/comet/shubunkin/feeder goldfish. The more room you can give your goldfish, the faster it will grow.",2,2,1,"**Evaluating the Context: Goldfish Growth and Age-Dependent Rates**

Okay, so I'm presented with a context about goldfish growth in relation to tank size and breed. My initial thought is that it's interesting, but not particularly detailed, especially when I think about the nuances of growth curves. The real question I need to answer is whether this context quantifies age-dependent growth rate changes. Let me be clear, quantification means giving me hard numbers or a concrete method to calculate them.

The context itself, the bit about the tank size, doesn’t touch on age-dependent growth at all. So, the question essentially boils down to ""Does this provide any useful numerical information related to the fact that growth rates change as the goldfish ages?"". Clearly, the answer is no. I’m not getting any data or insights on the rate of change related to age.

Now, I need to assign a numerical rating, likely from 0-5. The evaluation prompt suggests grading based on how well the context allows me to answer the question. It’s clear that this context does *not* provide any relevant information on age-dependent growth. It’s completely irrelevant. Therefore, the rating must be a 0. The context does not allow me to answer the question at all. It is utterly useless in providing the information required.


","**Analyzing the Question's Scope**

Okay, so the question is whether the provided context quantifies age-dependent growth rate changes. Let's break this down. The context mentions goldfish tank size and its impact on growth – specifically, that more space results in faster growth, and it also differentiates between fancy and common goldfish sizes. But does any of this actually *quantify* changes in growth rates that are *dependent* on age?

Honestly, no. The context is really just about tank size and a general comparison of goldfish types. There's no mention of specific ages, no data points linking age to growth rate, no attempt to model or measure how growth changes *over time* for individual fish. It's a very high-level description of influencing factors. Without any age-related parameters, it's impossible to quantify an age-dependent rate change from this information. Therefore, the answer is unequivocally 0. It's a complete mismatch between the question's specific demands and the information provided.


",Hallucinated Requirement,"Model B evaluated the document against a hallucinated, overly strict requirement (demanding quantification of age-dependent growth rate changes rather than general goldfish growth factors). While acknowledging the passage covers goldfish growth and tank size, it penalized the document for lacking this fabricated criterion, resulting in a regressed score of 1 compared to the human ground truth of 2."
