query_id,corpus_id,query_text,document_text,human_score,score_model_a,score_model_b,thought_model_a,thought_model_b,error_category,explanation
156493,5346658,156493,"Typically, Koi should be in ponds that are at least 1,000 gallons. Avoid Overstocking the Pond To maintain healthy fish and clear water, do not overload the ecosystem with too many fish. For a new pond, a good rule of thumb is one inch of fish per square foot of surface area.urchase fish that are at least two to three inches long; some can grow up to 10 to 12 inches long. There are many varieties of “goldfish” to choose from: Comets, one of the most popular types of goldfish, have long slender bodies and are typically solid orange and metallic in appearance.",0,0,2,N/A,N/A,Hallucinated Relevance,"Model B assigned partial relevance to an arbitrary numeric query ('156493') against a document entirely about Koi ponds and fish stocking, failing to recognize that there is zero semantic or lexical overlap."
156493,293050,156493,"#2 - Age. If you want to grow a large fish, you have to start the process from birth. It is critical to put the framework and size on in place in the first 2-3 years and trying to grow a 15 inch 5 year old to 28 inches is a lost cause. I did sell an older Hariwake that I had for 1 year without any growth.",0,0,2,N/A,N/A,Hallucinated Relevance,"The query consists solely of an arbitrary number ('156493') that has no semantic or lexical connection to the document about growing fish. Model B likely made spurious associations between the digits in the query and the measurements/numbers in the text, hallucinating relevance where none existed."
146187,2009640,146187,Protein® Style (Bun replaced with Lettuce) 275 240 150 17 26 4 22 0 40 13 370 15 11 4 3 11 7 13 15 20 4 15. Cheeseburger w/Onion 268 480 240 27 41 10 51 0.5 60 20 1000 42 39 13 3 11 10 22 15 15 20 20. with mustard & ketchup instead of spread 268 400 160 18 27 9 44 0.5 60 20 1080 45 41 14 3 11 10 22 20 20 20 20.,0,0,2,N/A,N/A,Spurious Pattern Matching,"Model B likely treated the presence of unformatted numerical data in the nutritional facts as relevant to the numeric query '146187', despite the query string not appearing anywhere in the document."
156493,3403643,156493,"average ones are four to six inches (10 -15 cm) long, but they can grow up to 7 inches (17 cm). average ones are four to six inches (10 -15 cm) long, but they can grow up to 7 inches (17 cm).",0,0,2,N/A,N/A,Hallucinated Relevance,"Model B assigned relevance to a document describing physical measurements for an ungrounded, arbitrary numeric query ('156493'), failing to recognize that the document has no semantic or topical connection to the search intent."
1037798,4291373,1037798,"Former 6ABC weather reporter Dave Roberts will cameo on 'Bones,' courtesy of his son David Boreanaz, who will also direct the episode by Ellen Gray, Television Critic",0,0,1,N/A,N/A,Hallucinated Relevance,The query consists solely of an arbitrary numeric identifier ('1037798') with no relation to the document content. Model B produced a false positive by finding marginal relevance where none exists.
156493,2154545,156493,1 Ten gallons is the absolute minimum required to house a Ryukin Goldfish. 2  It's best to start with a 20 - 30 gallon tank for your first goldfish and then increase the size of the tank by 10 gallons for each additional goldfish.,0,0,2,"**Evaluating the Context for Relevance**

Okay, so I'm presented with the question, ""Does it quantify age-dependent growth rate changes?"" and a piece of text: ""1 Ten gallons is the absolute minimum required to house a Ryukin Goldfish. 2 It's best to start with a 20 - 30 gallon tank for your first goldfish and then increase the size of the tank by 10 gallons for each additional goldfish."" My immediate thought is to dissect the context. This text is about Ryukin Goldfish tank sizes. Specifically, it recommends a minimum tank size and provides a growth guideline based on the *number* of fish.

Now, does that tell me anything about *age-dependent* growth rates? Absolutely not. There's no mention of how the *size* of the fish changes over *time*. It's all about total fish volume in a tank. So, based purely on this information, the answer to the initial question is a resounding no. There is nothing quantifying any kind of growth rate change, period. Therefore, my assessment is a definitive 0.


","**My Assessment of the Goldfish Tank Question**

Okay, so I've been given a question about goldfish tank sizes, and I've looked it over carefully. The issue, as I see it, is that the provided context makes absolutely no mention of how a goldfish's growth rate might change with age. I mean, it doesn't even allude to this topic. Therefore, without any information that ties tank size to age-related growth, I'm completely unable to formulate an answer to the posed question. It’s a classic information deficit – without the relevant data, I'm forced to conclude the question is unanswerable with the given resources. Honestly, I'm giving this a resounding zero. We need more information.


",Score-Reasoning Contradiction,"Model B's internal reasoning correctly concluded that the text contained no relevant information and explicitly stated it was giving a 'resounding zero', but it suffered an alignment failure and assigned a final score of 2 instead."
87181,8762975,87181,"Main Content: Enlarged heart (LVH) and high blood pressure. If you have high blood pressure, this means that your heart has to work harder to push blood round your body. To cope with this extra effort, your heart muscles become thicker and stiffer, which can make the heart become enlarged. An enlarged heart will not pump as well as it should, and this can cause you problems.",0,0,2,N/A,N/A,Hallucinated Relevance,The query '87181' is an arbitrary 5-digit number (likely a zip code) with no semantic connection to medical advice on enlarged hearts and high blood pressure. Model B failed to recognize the complete lack of topical overlap and inappropriately assigned moderate relevance.
19335,429849,19335,Definition of ecology for English Language Learners. : 1  a science that deals with the relationships between groups of living things and their environments. : 2  the relationships between a group of living things and their environment.,0,0,1,N/A,N/A,Hallucinated Relevance,"Model B awarded a weak relevance score despite there being absolutely no topical, lexical, or contextual connection between the numeric query '19335' and the definition of ecology, whereas Model A correctly recognized it as completely irrelevant."
156493,4623711,156493,"Keep your goldfish in a fish tank no smaller than a 10 gallon (about 38 liter), and make sure that a minimum of 6 gallons (23 liters) of the space in that fish tank is dedicated to each goldfish (each goldfish should have 6-8 gallons or more (roughly 23-30 liters or more) space in the goldfish aquarium).",0,0,2,"**Evaluating the Applicability of Context to a Research Question**

Okay, let's break this down. My task is to determine if the given context, the recommendation for a minimum 10-gallon goldfish tank, actually allows me to answer the question: ""Does it quantify age-dependent growth rate changes?""

Hmm, based on what I see, the tank size recommendation is the *only* context I've been given. The context talks solely about the *size* of the tank. My experience tells me that tank size can indirectly affect fish health and potential growth, but it doesn't quantify or even mention *age-dependent* growth rates. 

So, can I answer the question with this information? Absolutely not. There's zero information about goldfish growth rates, let alone how those rates change with age. Based on the rubric, a score of 0 seems the most appropriate here. The context is completely irrelevant to the question. It seems pretty clear cut, the answer is 0. Done.


","Here's my thought process, as if I were evaluating this context:

**Analyzing the Query and Context**

Okay, the core question is whether the provided information allows us to quantify age-dependent growth rate changes. The context is about goldfish tank sizes – a minimum of 10 gallons, and then 6-8 gallons per goldfish. My initial thought? Absolutely not. The context says nothing about growth rates, let alone how they change with age. I'm leaning heavily towards a 0 or 1 rating – the information seems entirely irrelevant.

But hold on, the prompt’s phrasing is important: ""Can the question be answered based on the available context?"". It's not asking to *evaluate* an answer; it's asking if the context even allows *an* answer to be formulated. I need to be precise. The rating scale is 0 to 5, based on relevance, completeness, and accuracy. Given that the context is completely silent on the topic of age-dependent growth, there's absolutely nothing to work with. No data, no implications, nothing. This suggests the rating should be a 0; it's not relevant at all and is completely incomplete.


",Score-Reasoning Discrepancy,"Model B correctly deduced that the context is completely silent on the topic and explicitly stated in its reasoning that the rating should be 0, but inexplicably assigned a final score of 2, creating an internal contradiction between its logic and score."
146187,1131101,146187,"Some last meal requests in Texas - not all fulfilled. 1  John Wheat, 13 June 2001: Liver and onions, mashed potatoes and gravy, whole milk. 2  Jack Clark, 9 January, 2001: Jar of Polish pickles, wedge of cheese, tossed salad with Italian dressing, cheeseburger, French fries with ketchup, grape juice.",0,0,2,N/A,N/A,Hallucinated Relevance,"Model B assigned relevance to a document about Texas death row last meals for an arbitrary numeric query ('146187') with which it shares no semantic or factual connection, likely hallucinating a relationship such as an inmate or case ID."
156493,2317803,156493,"The butterfly-tail goldfish is called the jikin in Japan, and it is believed to have been bred from the wakin goldfish. Another name for this goldfish variety is the star -tail goldfish. The physical appearance of the butterfly-tail differs from the wakin in that the tail, which, when opened, forms a large x that resembles the shape of a butterfly when viewed from behind. The buttefly-tail is a relatively hardy goldfish, but they are harder to find in pet stores than other goldfish varieties.",0,0,1,"**Analyzing the Goldfish Question**

Okay, so the prompt is asking if we can quantify age-dependent growth rate changes based on the information provided about the *jikin* goldfish. My initial assessment is that this is a straightforward ""no."" I've quickly scanned the provided context, which seems to focus solely on the *jikin*'s origins, its physical characteristics (specifically the butterfly tail), and its availability in the market. There's absolutely nothing in there about growth rates, let alone how they might change with age. This is a classic case of the context simply being irrelevant to the core question. The information is not present, therefore, the question is unanswerable with the provided data. Thus, the assessment is a grade 0 - the information is completely insufficient.


","**Analyzing the Inquiry: Age-Dependent Growth in Jikin Goldfish**

Okay, so I've got this question about quantifying age-dependent growth rate changes in jikin goldfish. The context provided is about the jikin – its origins, appearance (particularly the tail, naturally!), hardiness, and common availability. My expertise lies in evaluating the scope of provided information against a specific question. My immediate thought is, does this text actually *provide* any data or even a hint related to how the jikin grows over time?

I've scanned the text with a critical eye, and the answer is a resounding no. There's absolutely nothing in here about tracking growth at different ages, let alone quantifying it. Therefore, this context is entirely irrelevant to the question posed. I would have to give it a failing grade for not addressing the core issue whatsoever. It's like asking about the chemical composition of water and getting a detailed description of a teacup. Totally unrelated. My assessment is clear: the context is inadequate and unable to provide an answer.


",Score-Reasoning Inconsistency,"Model B correctly deduced that the text was completely irrelevant to the question and deserved a failing grade, but suffered from an output disconnect by assigning a score of 1 instead of 0."
156493,4367826,156493,"Growth Rate. Although Colorado blue spruce may grow slowly in the first few years after planting, its growth rate picks up once it's established. Its growth rate is moderate to quick, so some trees may grow a scant 12 inches a year while others may grow upward of 24 inches in a single growing season.",0,0,2,N/A,N/A,Hallucinated Relevance,"The query consists solely of an uncontextualized numeric identifier ('156493') that has no apparent connection or textual overlap with the passage describing Colorado blue spruce growth rates. Model B hallucinated relevance or assumed an unwarranted association, whereas Model A correctly identified the complete lack of relevance."
156493,5549994,156493,"Koi grow a lot bigger than Goldfish so they will need a lot bigger pond than a goldfish pond. A koi pond should be no less than 1000 gallons in volume and at least 4 feet deep, the bigger the better. They will eat more of your plants so limiting the amount of plant life available to be grown.cclimatize your fish to new water by putting them into a bucket and add a little pond water bit by bit. Do this over as long a period as possible, until the bucket is completely full. You can then transfer your fish into the pond.",0,0,2,N/A,N/A,Hallucinated Relevance,"The query consists solely of an arbitrary number ('156493') that has zero topical or semantic relation to the document about koi fish and ponds. While Model A correctly identified no relevance (score 0), Model B assigned a score of 2, hallucinating relevance where none exists."
156493,1939297,156493,Goldfish can live for long periods of time if they are fed a varied diet and housed in proper water conditions. The longest lived goldfish on record lived to age 43. Improper care or life in a bowl greatly reduces the typical lifespan of a goldfish.,0,0,2,N/A,N/A,Hallucinated Relevance,"The query consists solely of an arbitrary number ('156493') with no semantic connection to goldfish lifespan or care. Model A correctly assigned a score of 0 for total irrelevance, whereas Model B hallucinated relevance and awarded a score of 2 despite zero topical overlap."
131843,6054149,131843,"NSSL People: Career Options for Meteorologists. Meteorology is the study of the atmosphere. Since weather is everywhere, meteorologists can be found all over the world doing many different jobs. An operational forecaster analyzes weather conditions and issues forecasts or alerts the public of severe weather for their area.",0,0,1,N/A,N/A,False Positive on Irrelevant Content,The query '131843' has no semantic or factual connection to meteorology careers. Model B regressed by applying an overly lenient threshold and assigning minimal relevance (1) to completely irrelevant content instead of recognizing a total lack of relevance (0).
527433,7182504,527433,"Home » Speech Therapy for Parkinson’s Disease Parkinson’s disease affects not only movement but also muscles in the face, mouth and throat that are used to speak. This may cause a person’s voice to change, as well as dysarthria, or difficulty in speaking, and dysphagia, or difficulty in swallowing.",0,0,1,"**Evaluation of Dysarthria Information**

Okay, let me break this down. The question posed is whether the provided text addresses the correlation between specific dysarthria types and the CP subtypes: spastic, dyskinetic, or ataxic. Right off the bat, I can see the context focuses on speech therapy for Parkinson's Disease. It's explicitly discussing the impact of Parkinson's on speech, highlighting dysarthria as a symptom.

However, and this is crucial, the text makes *no* mention of Cerebral Palsy, or any of its subtypes – spastic, dyskinetic, or ataxic. Furthermore, it doesn't get into the nuanced relationships between specific dysarthria presentations and these distinct CP subtypes, which is what the question demands. Therefore, the information provided is entirely irrelevant to answering the core question. Based on this very limited context, I'd have to grade this as a resounding zero. The connection simply isn't there.


","Okay, here's my assessment of this information, from my perspective as an expert:

**Assessment of Contextual Relevance**

The core of the matter here is a pretty straightforward evaluation of context and its applicability. The initial question specifically targets the identification of specific dysarthria subtypes *correlated* with spastic, dyskinetic, or ataxic Cerebral Palsy. My immediate thought is, ""Right, a nuanced question, depending on the information given."" Then, I read the provided context, which is ""Speech Therapy for Parkinson's Disease."" Immediately, I mentally raise a red flag. Parkinson's and Cerebral Palsy are distinct conditions, affecting motor function through different pathophysiological processes. While there might be some overlap in resultant speech impairments (like dysarthria), the etiological basis and likely treatments differ significantly.

Therefore, since the text focuses on Parkinson's and makes no reference to CP subtypes, or dysarthria types *specific* to those subtypes, I'm forced to conclude that the context is entirely irrelevant to the question posed. I would, therefore, confidently and appropriately assign a score of 0. There's simply no basis in this text to support an answer, and any attempt to infer a correlation would be, at best, speculative and, at worst, misleading. This is a clear case of mismatched context and query.


",Score-Reasoning Inconsistency,"Model B correctly deduced that the text was completely irrelevant to the query and explicitly stated in its text that it would assign a score of 0, but it erroneously output a final score of 1, contradicting its own reasoning."
915593,4549698,915593,"Do you need your pizza to be at 150 for 2 and a half hours? Or do you need the pizza to be the right temperature at 7? No one wants heat lamp pizza. You don't need to sous-vide your pizzas here. Just heat up the pizzas in a hot oven for ~10 minutes before the serving. You can even ask your pizza place to slightly undercook your pizzas for you to account for the extra cooking. I think this will cause less overall detriment to quality. Whatever you do, if you're going to serve it to guests then TEST it first.",0,0,1,"Here's my assessment of the provided text:

**My Evaluation: Zero Differentiation**

Okay, so the user's question is pretty specific: does this text differentiate sous vide approaches for fibrous versus starchy vegetables? Let's break it down methodically. First, I need to understand the context. Scanning the passage, I'm seeing it's talking about reheating pizza in a hot oven. Hmmm, not exactly relevant. I'm looking for discussion about vegetable preparation, sous vide techniques. I'm *not* seeing anything about fibrous or starchy vegetables in the passage. It's completely absent. The conclusion is inescapable. The answer to the question isn't present in this text. Therefore, the degree of differentiation is zero. End of story.


","**My Assessment of the Pizza-Heating Inquiry**

Alright, let's break this down. The core of this is about heating pizzas in an oven. No mention whatsoever of sous-vide methods beyond a simple dismissal of their applicability to pizza. It's explicitly stated that sous-vide is unnecessary here. There's also no discussion of fibrous or starchy vegetables, meaning the input text is completely irrelevant for answering a question that involves them. Therefore, based on the provided text alone, I have to conclude that a meaningful answer can't be derived. The context simply doesn't provide the necessary information. Thus, the grade is a solid zero.


",Score-Reasoning Inconsistency,"Model B correctly deduced that the document was completely irrelevant and explicitly concluded in its reasoning that 'the grade is a solid zero', but then contradicted its own rationale by outputting a score of 1."
156493,2616514,156493,Goldfish can live up to be 20 years old or older but the above mentioned goldfish tips need to be carried out if you want your pet to live a good life. Most goldfish I would say don’t live to be 20 years old as they are just too many factors to consider.,0,0,2,"**Evaluating the Question's Relevance**

Okay, let's break this down. The core question is whether we can quantify age-dependent growth rate changes based on this information about goldfish. My initial thought is: *absolutely not*. The provided text, while offering tips for goldfish care and mentioning their potential lifespan, doesn't even touch on growth rates, let alone how those rates might change with age. 

We're talking about goldfish living a long time, and factors influencing their survival, but nothing quantifying growth, or relating that growth to age. It's a completely irrelevant connection. Thus, in the context provided, there is nothing at all to address the question.

Therefore, the only possible score is a zero. The question is unanswerable with the supplied data.


","**Analyzing the Context's Relevance**

Okay, so I'm presented with a question: does this context quantify age-dependent growth rate changes in goldfish? Reading it, I immediately see the context is about goldfish lifespans and influencing factors, but there's nothing here about growth rates changing over time. So, the question itself, taken literally, can be answered with a resounding ""No"" because the information just isn't present.

But, hang on, this feels familiar. These prompts often want you to evaluate how *well* a context answers a question, not just whether it contains a specific answer. So, the core is: Can the context provide the information to answer the question? In this case, it doesn’t even touch on the topic of growth rates. So, essentially, it's irrelevant.

Therefore, the context gets a 0. It is inadequate for the purpose.


",Score-Reasoning Inconsistency,"Model B's internal chain-of-thought correctly concluded that the text was irrelevant and explicitly stated it should receive a score of 0, but it inexplicably outputted a final score of 2, creating a direct contradiction between its reasoning and its final rating."
156493,3732381,156493,"Keep the fry in their own tank, one that's at least 5 gallons, and change out half the water every week. As the fish grow, change the water more often and move them into a bigger tank when they’re about an inch or so long.",0,0,2,N/A,N/A,Hallucinated Relevance,"The query is an opaque numerical string ('156493') with zero topical connection to fish care. Model A correctly identified no relevance, whereas Model B hallucinated a connection or defaulted to a positive score despite the complete absence of shared semantic meaning or keywords."
183378,5088210,183378,RNA splicing is the cutting out of the introns from the mRNA strand that was transcribed & putting back together of exons to be translated. It is necessary so the cell is more efficient by removing unnecessary coding.,1,1,2,N/A,N/A,Hallucinated Relevance,"Model B overestimated the relevance of the document to an ambiguous, purely numeric query ('183378'), likely assuming an unsupported connection between the ID and RNA splicing where only minimal or no clear relevance exists."
156493,1960253,156493,"Last week, scientists netted a 4-pound, 1.5-foot-long goldfish in Lake Tahoe. The scientists also found 15 other goldfish, indicating they’re probably reproducing in the lake high in the Sierra Nevada. The goldfish were probably aquarium-raised and then dumped by their owners.",0,0,2,"**Evaluating the Question's Answerability**

Okay, let me take a look at this. The core question is, ""Does the provided context quantify age-dependent growth rate changes?"" My initial assessment is a firm no. The context itself is straightforward: it describes the discovery of goldfish in Lake Tahoe. It mentions the size of a single goldfish (4 pounds, 1.5 feet) and the presence of other goldfish, suggesting reproduction. 

That's it. There's absolutely nothing in this data about how growth rates vary with age. No data points on multiple goldfish, no information about their ages, and certainly no longitudinal data tracking growth. It's a snapshot, a single data point on one goldfish, and a general observation of others.

Therefore, since the text does not contain the answer, I'm assigning a score of zero. The question is simply unanswerable based on the information provided. It's irrelevant and incomplete from a data analysis perspective in that sense. I will double-check that this is accurate based on the scoring rubric. Yes, 0 means the answer cannot be found in the context.


","**Analyzing the Context's Relevance**

Okay, so the question is directly asking about quantifying *age-dependent growth rate changes*. My initial thought is, based on the description of finding a large goldfish in Lake Tahoe and its mention of reproduction, this context has absolutely *nothing* to do with quantifying age-dependent growth rates. It's a complete non-sequitur.

But then I had to remind myself this is an evaluation prompt, and they're usually framed around how well the *context* addresses the question, not necessarily if the context gives me all the data I need to calculate something.

The prompt, specifically asks ""Can the question be answered based on the available context? choose one: ... 0: The answer is not relevant or complete at all."".

Given the information provided (finding a large goldfish, noting it can reproduce), there's no data, no mention, nothing that even vaguely touches on how goldfish growth rates might change with age. Therefore, the context is entirely unhelpful, and I must rate it a zero, as the question *cannot* be answered based on the available information.


",Score-Reasoning Mismatch,"Model B correctly reasoned through the evaluation and explicitly concluded that it must assign a score of 0, but inexplicably outputted a final score of 2, exhibiting internal inconsistency."
156493,6471884,156493,1 Growth spurts: You may grow 2 to 8 inches or more during puberty. 2  Girls usually stop growing about 2 years after they start their period (menstruation). 3  Your feet and hands will grow longer and wider. 4  Your feet may grow faster or finish growing before you see other puberty changes.,0,0,2,N/A,N/A,Hallucinated Relevance,The query consists solely of an arbitrary numeric identifier ('156493') with no semantic or textual connection to the document's content on puberty and growth spurts. Model B hallucinated a meaningful connection or defaulted to a moderate relevance score instead of recognizing the complete lack of relevance.
87181,5876723,87181,"The bicuspid aortic valve may not be completely effective at stopping blood from leaking back into the heart. This is called aortic regurgitation. The aortic valve may also become stiff and not open up as well, causing the heart to have to pump harder than usual to get blood past the valve (aortic stenosis).",0,0,2,N/A,N/A,Hallucinated Connection,"Model B likely hallucinated a semantic or medical coding relationship between the numeric query '87181' and the cardiology content in the document, failing to recognize that the text has no relevance to the query."
156493,4588174,156493,"What’s the Perfect Temperature for Goldfish Water? Goldfish water optimal range for goldfish water is 23 to 24 degrees centigrade When you first start keeping goldfish there are things to take into account – tank size, food options and filtration.",0,0,2,N/A,N/A,Hallucinated Relevance,"The query consists solely of an arbitrary numeric string ('156493') with zero topical connection to goldfish water temperature. Model A correctly identified the complete lack of relevance, whereas Model B improperly awarded a moderate relevance score, likely hallucinating a connection or defaulting to a non-zero score for an ambiguous query."
1124210,6146810,1124210,"Xylem is a chief, conducting tissue of vascular plants. It is responsible for conduction of water and mineral ions/salt. Xylem is a very important plant tissue as it is part of the 'plumbing system' of a plant. Think of bundles of pipes running along the main axis of stems and roots.",0,0,1,"**Analyzing the Question's Answerability**

Okay, so the question is ""Which primary vascular tissue type contains these cells?"" and I need to figure out if I can answer it based on the information provided. The context gives us a description of xylem: it's a major conducting tissue in vascular plants and handles water and mineral transport. It even gives a nice analogy to a plant's plumbing system.

But here's the rub: the question refers to ""these cells,"" which is undefined. The text never specifies ""these cells."" It talks generally about xylem as a tissue, but doesn't name any particular cells associated with it, or any cells at all, for that matter.

Since the context never introduces any specific cells, there's no way to link ""these cells"" to a primary vascular tissue. Therefore, the question is unanswerable with the given information. The appropriate grade would have to be either a 0, because the answer is completely irrelevant, or perhaps a 1 because it cannot be answered. Given the ambiguity of the question, I will choose 0.


","**Analyzing the Contextual Answerability**

Okay, so the question is ""Which primary vascular tissue type contains these cells?"" and the context mentions ""Xylem is a chief, conducting tissue of vascular plants."" My initial thought is that the question is poorly formed because ""these cells"" is undefined in this context, which is frustrating.

However, the context *does* explicitly state that Xylem is a vascular tissue, which is directly relevant to the core of the question. So, let's consider: Does the context provide enough information to *answer* the question, even if it's incomplete? The prompt is actually asking to assess if the question can be *answered* based on the context.

The context focuses on Xylem and doesn't provide the cell information requested, therefore, it's missing crucial specifics. While Xylem *is* a vascular tissue, and it's mentioned, the lack of the specifics needed to define ""these cells"" makes a perfect answer impossible. My instinct is to give it a low grade, somewhere between a 1 and a 3.

But, if the prompt's question is rephrased: ""Which primary vascular tissue type contains 'these cells' (Xylem)"" The answer is present.

Ultimately, I'm leaning towards a low score. The context is incomplete, and while it *hints* at Xylem being the answer, it's not directly and completely answerable. Let's go with a 2 or 3. I'll give it a 2.


",Reinterpreting Query to Force Match,"Model B recognized that 'these cells' was undefined and made the question unanswerable, but regressed by attempting to rephrase the question to artificially fit the text ('Which primary vascular tissue type contains ""these cells"" (Xylem)'). Consequently, it awarded partial credit for mere topical overlap with 'vascular tissue' rather than strictly assigning a score of 0 for an unanswerable query."
156493,2708305,156493,"You should have a 30-gallon aquarium at the very minimum for 3 fancy goldfish (though I highly suggest a 40 gallon tank, even more if you can afford it). If you have 3 common, comet, or shubunkin goldfish, aim for an 60 to 80 gallon aquarium (or more).uying a goldfish tank that is large enough and designed to house the number of goldfish you plan to keep is the first step to raising healthy fish that thrive.",0,0,2,N/A,N/A,Hallucinated Relevance,"The query consists entirely of an arbitrary numeric string with no lexical or semantic connection to goldfish aquariums. While Model A correctly identified the complete lack of relevance (score 0), Model B assigned a score of 2, failing to penalize a completely unrelated document and hallucinating relevance."
1133167,2365196,1133167,"Ocho Rios. Things to do, Attractions, Restaurants, Tours, Galleries, Spas, Parks and Golf Courses - Visitors Guide. UPDATED: Fall 2011 - Print a copy of this page and take with you to Jamaica. Thank you for visiting our site on Ocho Rios, Jamaica.",0,0,1,"**Analyzing the Context for Severe Weather Information**

Okay, so the user's question is straightforward: can we determine if there are any active severe weather advisories based on this provided information? My initial instinct is to assess the context directly. I'm given a description of Ocho Rios, Jamaica, focusing on tourist-related activities and amenities. It's a visitor's guide, updated in Fall 2011, detailing things to do like attractions, restaurants, and the like. My expertise tells me this type of information source would not be expected to offer real-time weather alerts or advisories. Considering the absence of any weather-related data, such as a weather report, forecast, or any mention of severe weather, I have to conclude that the answer is definitively ""no."" The context is completely irrelevant to the question. Therefore, the score should be 0, as the question is unanswerable with the provided data. It is important to remember that there is no weather data within the given text. The prompt is asking specifically if the question can be answered, and since it can't, it's a 0.


","**Analyzing the Ocho Rios Travel Guide**

Okay, here's the deal. I've been given a travel guide for Ocho Rios, Jamaica, and it dates back to Fall 2011. My task is to assess whether it contains information about any active, severe weather advisories that might be in effect. I mean, given my expertise, I wouldn't expect this older guide to have real-time, up-to-the-minute updates, so I immediately zero in on the text. Unfortunately, it's pretty clear: there is *nothing* about severe weather advisories mentioned. It's a snapshot in time from years ago. Therefore, based solely on this limited data, I can't answer the question. It's a complete null result. It's a 0. No useful information, not even historical context on severe weather events.


",Score-Reasoning Inconsistency,"Model B explicitly concluded in its reasoning that the document contained no relevant information and stated 'It's a 0', but contradicted itself by outputting a final score of 1."
130510,8391407,130510,"On the eve of the election, however, plaintiff, who owns property along the shore of Lake Diane not currently under defendant's jurisdiction, brought this action for declaratory and injunctive relief, challenging the constitutionality of the summer resort owners corporation act on a number of grounds.1.",0,0,1,N/A,N/A,Hallucinated Relevance,"The query consists solely of the numeric string '130510', which does not appear in the document. Model B hallucinated a topical or contextual connection to an entirely unrelated legal excerpt that contains no matching terms."
359349,3265498,359349,"1 Step 1: Line l divides AB into two equal parts and O is the midpoint of AB. [ 2 As the segment bisector passes through the midpoint of the segment.]. 3  Step 2: AB = 2(AO) = 2(6) = 12 [Substitute AO = 6.]. 4  Step 3: So, the length of AB is 12 units.",0,0,2,"**Evaluating Contextual Relevance**

Okay, let's break this down. My objective is clear: determine if I can ascertain the lengths of parallel bases based solely on the provided information. The question posed to me explicitly asks if the lengths are either directly stated or deducible from the given context. I'm focusing on that, right? The provided context describes a line bisecting AB, the midpoint O, and calculation of the length of AB itself. I'm looking for anything related to parallel bases, trapezoids, anything suggesting that sort of shape or figure. And...there's nothing. Absolutely nothing. It's a completely irrelevant tangent.

Therefore, the only reasonable grade here is a 0. The context offers zero usable information towards answering the question. It’s like asking if a recipe includes apples when all you've got is a list of ingredients for a chocolate cake – completely unrelated.

Now, let me make sure I'm interpreting this correctly. The prompt is specifically asking if the question *can* be answered based on the context. If the answer is a resounding ""no"", then the corresponding grade should, logically, be 0. ""0: The answer is not relevant or complete at all"" precisely reflects that. I'm pretty certain about this.


","**Evaluating the Context's Relevance to Parallel Bases**

Okay, so the prompt is asking me to determine if a question about parallel bases can be answered based on a given context. I need to assess the context's ability to provide information relevant to the question: ""Are the lengths of both parallel bases provided, either directly or derivable from other given dimensions?""

The context I'm given discusses a line segment $AB$ being bisected by a point $O$, with $AO = 6$ and subsequently calculating $AB = 12$. The problem is: this context has absolutely *nothing* to do with ""parallel bases,"" or even any geometric figure where such a concept might be relevant (e.g., a trapezoid).

My initial thought is that the answer is clearly ""No, they are not provided or derivable."" However, I need to make sure I'm answering the *right* question. Am I evaluating the *correctness* of an answer that might be derived, or evaluating if the *context* itself can provide any answer. In this case, the prompt wants to know if the context can answer the parallel bases question.

Thinking about how this type of evaluation is usually structured, the benchmark likely favors a '0' or a low score if the information needed is completely missing from the given context. It's not about making a clever deduction to find some implied parallel bases; it's about what the context *explicitly* offers.

Okay, re-reading the context reinforces this. It's just a step for calculating the length of a line segment. No mention of parallel bases, no figures, nothing relevant. Therefore, the context is completely irrelevant to the question about parallel bases, which means a ""0"" score is definitely appropriate here. My conclusion is that the context is insufficient to address the parallel bases question, and that ""No"" is a valid deduction based on the information provided, or rather, the absence of said information.


",Score-Reasoning Inconsistency,"Model B explicitly determined in its reasoning that the context was completely irrelevant and that 'a ""0"" score is definitely appropriate here', but then erroneously assigned a final score of 2, exhibiting a direct disconnect between its reasoning and final output."
87181,229627,87181,"Aortic insufficiency, also known as aortic regurgitation, is the leaking of the aortic valve of the heart that causes blood to flow in the reverse direction during ventricular diastole, from the aorta into the left ventricle. As a consequence, the cardiac muscle is forced to work harder than normal.",0,0,1,N/A,N/A,Hallucinated Relevance,"The query is an arbitrary numerical code ('87181') with zero topical connection to aortic insufficiency. Model B incorrectly gave a non-zero relevance score, likely exhibiting leniency bias or hallucinating an implicit association between an ungrounded number and medical text."
19335,3959463,19335,"Confidence votes 252. Environmental Studies is the interdisciplinary study of how humans interact with their environment. This field examines all aspects of the natural environment, social environments, politics, ecology, etc., and how they all work together.",0,0,1,N/A,N/A,Hallucinated Relevance,"Model B assigned a non-zero score to a document that has no semantic or lexical overlap with the numeric query '19335', failing to recognize complete irrelevance."
855410,8751751,855410,"Quick Moisturizer Dry Skin Formula is an anti-aging multi-functional moisturizer for dry skin exclusively designed to quickly hydrate skin as it lifts up and smoothes the appearance of lines. UV protection in skin care: it's a day at the beach for many anti-aging products. Increasingly popular in skin product formulas, SPF's are a necessity in daily anti-aging care But since moisturizers contain nonpolar lipids, they lock in your body's natural moisture.",0,0,1,N/A,N/A,Hallucinated Relevance,"The query consists solely of an arbitrary number ('855410') with no connection or textual match to the skin moisturizer document. Model B erroneously assigned a non-zero relevance score, likely assuming an ungrounded connection (such as treating it as an unseen product ID) rather than recognizing complete irrelevance."
855410,5210919,855410,"Lanolin is a fatty substance that is only found on animals that grow wool, such as sheep. Pure lanolin is a powerful moisturizer that can promote the smoothness and translucency associated with healthy, youthful skin.istorically, lanolin has been the choice for dry skin and aging skin. Lanolin cream works by forming an oily layer on top of the skin to trap moisture loss from the skin. This gives your skin the translucent texture and hydrated look and feel. Lanolin is such a powerful moisturizer that it is used for industrial use.",0,0,1,N/A,N/A,Hallucinated Relevance,"Model B assigned a positive relevance score to a document about lanolin for an arbitrary numeric query ('855410') with which it shares zero semantic or lexical connection, whereas Model A correctly recognized complete irrelevance."
855410,6427817,855410,"Uses For Bactrim DS. Sulfamethoxazole and trimethoprim combination is used to treat infections such as urinary tract infections, middle ear infections (otitis media), bronchitis, traveler's diarrhea, and shigellosis (bacillary dysentery).",0,0,1,"**Analysis of the Question's Answerability**

Okay, so I'm looking at this question: ""What specific age-related skin concerns does its core system target?"" and my initial thought is: can I even *begin* to answer this with the information I have? I'm assessing the context, which, as it stands, is focused on ""Uses For Bactrim DS"". We're talking about Bactrim DS and conditions like UTIs, middle ear infections, and traveler's diarrhea. Nothing in this list even *hints* at a ""core system"" or, crucially, anything related to ""age-related skin concerns."" It's a complete mismatch. Therefore, based purely on the information presented, there's absolutely no basis for arriving at an answer, or even making an informed guess. The question is entirely unanswerable given this context. The grade, of course, has to be a 0.


","Here's my analysis of the situation:

**Analysis of Question and Context**

Okay, the prompt is straightforward; it's asking me to identify age-related skin concerns addressed by a core system. I see the provided context, which is about the uses of Bactrim DS. Now, my immediate thought is, ""Bactrim? That's an antibiotic. It's used for bacterial infections, and, at a glance, none of those things seem related to age-related skin concerns."" The context details urinary tract infections, middle ear infections, bronchitis – all distinctly bacterial infections. There's nothing here about skin aging, wrinkles, dryness, or any dermatological issues specifically associated with age. Essentially, I'm dealing with a significant mismatch. Therefore, I can't derive an answer from the provided information, I can only report that an answer cannot be derived from the available context. It's a clear 'zero'.


",Score-Reasoning Inconsistency,"Model B's internal chain of thought correctly recognized that the document was completely irrelevant and concluded that the result was 'a clear zero', but it suffered an execution failure by outputting a final score of 1 instead of 0."
87181,6501556,87181,"Some specific causes of sudden cardiac death in young people include: Hypertrophic cardiomyopathy (HCM). This is a disease in which the heart muscle (myocardium) becomes abnormally thick, making it harder for the heart to pump blood. Hypertrophic cardiomyopathy, while usually not fatal in most people, is the most common cause of heart-related sudden death in people under 30. It's the most common cause of sudden death in athletes. HCM often goes undetected.",0,0,1,N/A,N/A,Hallucinated Relevance,The query '87181' is a numeric code (likely a ZIP code) with no semantic connection or textual overlap to the medical passage about hypertrophic cardiomyopathy. Model B failed to recognize the complete absence of relevance and improperly assigned a positive score.
146187,4178942,146187,"History Of The Cheeseburger. There are at least 5 different theories to the origin of the modern day cheeseburger, all of which involve a cook and a 1930′s diner in America. But before we even start talking about cheese we must trace the history of the plain old Hamburger. This story goes as far back as the 11th Century when the Mongols carried flat patties of meat with them on long horseback trips.",0,0,1,N/A,N/A,Hallucinated Relevance,"The query consists solely of an arbitrary number string ('146187') with zero connection to the history of cheeseburgers. Model A accurately assigned a score of 0 for complete irrelevance, whereas Model B exhibited over-leniency or hallucinated a tenuous connection to award a score of 1."
1103812,2750965,1103812,"In August 1991 Soviet hardliners staged a coup against President Gorbachev and President Yeltsin emerged as a national hero as he rallied the people from the top of a tank to keep the peace. In early December, the leaders of Russia, Ukraine and Belarus precipitated the end of the Soviet Union with the formation of the CIS or Commonwealth of Independent States. Mr Gorbachev stepped down as Soviet leader on 25 December 1991 and Mr Yeltsin became president of independent Russia.",0,0,1,N/A,N/A,Hallucinated Relevance,"The query consists solely of an arbitrary numerical ID ('1103812') with no semantic relation to the document about the collapse of the Soviet Union. Model B incorrectly assigned partial relevance to completely irrelevant text, whereas Model A correctly identified that there is zero relevance."
19335,429852,19335,Definition of ecology for Students. 1  1 : a branch of science concerned with the relationships between living things and their environment. 2  2 : the pattern of relationships between living things and their environment.,0,0,1,N/A,N/A,Hallucinated Relevance,The query '19335' (likely a postal code or arbitrary numeric identifier) has no semantic or lexical overlap with the definition of ecology. Model B failed to recognize complete irrelevance and assigned a non-zero relevance score where a 0 was warranted.
168216,4215272,168216,"CAP is the most common type of pneumonia. The most common causes of CAP vary depending on a person's age, but they include Streptococcus pneumoniae, viruses, the atypical bacteria, and Haemophilus influenzae.Overall, Streptococcus pneumoniae is the most common cause of community-acquired pneumonia worldwide.evere acute respiratory syndrome (SARS) is a highly contagious and deadly type of pneumonia which first occurred in 2002 after initial outbreaks in China. SARS is caused by the SARS coronavirus, a previously unknown pathogen.",0,0,1,"**Evaluating the Question's Answerability**

Okay, let's break this down. The question posed asks about *specific virulence factors* of *L. pneumophila* implicated in pneumonia pathogenesis. My immediate task is to assess whether the provided context allows me to answer this. I need to see if the text contains any information about *Legionella pneumophila*, or its virulence factors at all.

I've scanned the text, and it's clear: there's absolutely nothing here about *L. pneumophila*. The context focuses on general causes of Community Acquired Pneumonia (CAP), mentions SARS, and lists some common pathogens like *Streptococcus pneumoniae*, viruses, and *Haemophilus influenzae*. But *Legionella* and its virulence mechanisms are completely absent.

Therefore, given the lack of relevant information within the context, I cannot answer the question. The appropriate grade, based on the question's answerability given the context, is a resounding zero. This context offers nothing on the subject.


","**Assessing the Information Provided**

Okay, so I'm presented with a question about *Legionella pneumophila*'s virulence factors specifically related to pneumonia, and I need to determine if the given context allows for an answer. I'm taking a quick look at what's in this context. Hmm, CAP, *Streptococcus pneumoniae*, viruses, other bacteria like *H. influenzae*, even SARS coronavirus... but there's absolutely nothing about *Legionella* mentioned. Absolutely nothing on *L. pneumophila* and no discussion of any of its virulence factors. Given my expertise, I know I'm looking for very specific information here, mechanisms of action, perhaps a discussion of the intracellular lifecycle, specifics of the Dot/Icm secretion system, the factors that promote endosome evasion, that sort of thing. This context is completely irrelevant. It's a straight zero. The answer is a resounding ""no."" We're not even close. This provided context is of no help in answering this particular question.


",Score-Reasoning Inconsistency,"Model B correctly deduced that the context was completely irrelevant and explicitly stated in its text that the result was 'a straight zero', but then contradicted its own reasoning by assigning a score of 1."
156493,627302,156493,"It can also depend on it's company, or lack of it, the size of the tank, and the cleanliness of the tank. But … generally tank goldfish live for 2-3 years. If you have a pond goldfish they can live as long as five years. hi, im a marine biologist and i get this question alot. People say goldfish only live for a couple of years.",0,0,1,N/A,N/A,Hallucinated Relevance,"The query consists solely of an arbitrary number ('156493') with no semantic connection to the document discussing goldfish lifespans. Model A correctly recognized the complete lack of relevance and scored it 0, while Model B incorrectly gave a non-zero score, hallucinating a topical link or exhibiting a false-positive bias on an uninformative query."
855410,181259,855410,"Lanolin Cream Properties. Lanolin cream is mostly comprised of lanolin oil, which is extracted from sheep’s wool. The oil occurs naturally within the wool and is taken out before the wool is processed to make clothing and other products.Most lanolin cream products contain other ingredients, but there are also products that contain only pure lanolin oil.ossible Side Effects of a Lanolin Cream. While a lanolin cream has a number of beneficial properties when it comes to healing and moisturizing dry, cracked skin, people who are considering its use should be aware that lanolin oil has been known to cause allergic reactions in those individuals with sensitive skin.",0,0,1,N/A,N/A,Hallucinated Relevance,"Model B assigned partial relevance to a document about lanolin cream for an arbitrary numeric query ('855410'), despite there being absolutely no topical, semantic, or lexical connection."
1113437,2884191,1113437,"White Spruce Picea glauca – native from Alaska to Montana, Minnesota and New York, often found at the arctic tree line. Short blue needles covered with a waxy substance that rubs off, small 1-2” cones. Tough plant withstands heat, cold, drought and crowding. Mature trees are 80’ tall x 15-20’ wide.",1,1,2,N/A,N/A,Spurious Relevance Assumption,"The query is an opaque numeric identifier (1113437) that does not appear anywhere in the document about White Spruce trees. Model B erroneously assumed an unverified connection or partial relevance (scoring 2), whereas Model A correctly recognized the lack of demonstrable match and assigned the lowest relevance score."
527433,653103,527433,"Quadriplegia Cerebral Palsy. Quadriplegia refers to a type of spastic cerebral palsy in which all four limbs are affected. Like other types of spastic cerebral palsy, quadriplegia is marked by stiff or permanently contracted muscles. However, the severity of the condition will vary from child to child.",0,0,1,"**Analyzing the Context for Relevant Information**

Okay, so the user wants to know if the text I'm analyzing links specific dysarthria types to the spastic, dyskinetic, or ataxic subtypes of Cerebral Palsy. That's the core of the question. Let's see...

I'm scanning the text now. Hmm, it's talking about quadriplegia, which it explicitly connects to *spastic* cerebral palsy. It describes stiff muscles, which aligns with the spastic presentation. But... does it mention any *other* CP subtypes? No, not at all. And more importantly, does it bring up any information regarding *dysarthria types*? No, not even a mention. 

So, I have to conclude that the information needed to answer the user's question—the specific relationships between dysarthria types and those CP subtypes—is simply *not* present in this text.

The prompt, of course, isn't asking for an *answer* to the question itself, but rather if the context *allows* an answer. It's a binary thing: can it, or can't it? In this case, it *cannot*. So, if the context is insufficient, it's a 0. I'm going with that.


","**My Assessment of the Query**

Okay, here's what I'm thinking. The core of the issue is this: the text provided explicitly mentions only quadriplegic cerebral palsy, a specific type of spastic CP. The question, however, is asking about the connection between dysarthria types and broader subtypes of CP – that is, spastic, dyskinetic, and ataxic. The provided information just doesn't bridge that gap. There's simply no correlation or discussion of dysarthria across the different CP subtypes presented in the text. I can’t answer the question accurately or completely from what I’ve been given. Therefore, based on the material, the answer is a big, fat zero.


",Score-Reasoning Contradiction,"Model B's internal reasoning correctly identified that the document does not contain the required information and explicitly concluded that 'the answer is a big, fat zero', but it failed to align its final output score with its conclusion, outputting a 1 instead of 0."
131843,2064776,131843,"When tornadoes are likely to form during the next few hours, a tornado watch is issued to alert the public that tornadoes may develop within a specific area during a certain time period. Once a tornado is spotted, a warning is issued.",0,0,1,N/A,N/A,Hallucinated Relevance,"The query is an arbitrary numeric string ('131843') with no semantic connection or textual overlap to the document about tornado watches and warnings. Model B erroneously assigned relevance to a completely unrelated passage, whereas Model A correctly identified zero relevance."
156493,3015801,156493,Cottonwoods and poplars can be 10feet in a year. Grow really fast. Most trees will grow about 3 to 6 feet in a year. Slow growing trees can grow a foot or less in a year.,0,0,1,N/A,N/A,Spurious Relevance Attribution,"The query consists solely of an arbitrary numeric string with no semantic or contextual connection to tree growth rates. While Model A correctly marked it as completely irrelevant (0), Model B assigned partial relevance (1), likely due to an overly lenient scoring baseline or hallucinating relevance where none exists."
168216,5024310,168216,"However, the number of infections is probably higher because many infections aren’t diagnosed or reported. Some cases are so mild that affected individuals never seek treatment. The symptoms of Legionnaires’ disease are similar to those of other types pneumonia. These symptoms may include fever, chills, and a cough.",0,0,1,N/A,N/A,Hallucinated Relevance,"The query consists solely of an arbitrary numeric identifier ('168216') that has no connection or mention in the document about Legionnaires' disease. Model B mistakenly assigned relevance to completely unrelated text, whereas Model A correctly recognized the total absence of relevance."
1114646,392985,1114646,"Antibiotics: Oral antibiotics are used to treat many skin conditions. Common antibiotics include dicloxacillin, erythromycin, and tetracycline. Antifungal agents: Oral antifungal drugs include fluconazole and itraconazole. These drugs can be used to treat more severe fungal infections. Terbinafine is an oral antifungal medicine that may be used to treat fungal infections of the nails. Antiviral agents: Common antiviral agents include acyclovir (Zovirax), famciclovir (Famvir), and valacyclovir (Valtrex). Antiviral treatments are used for skin conditions including those related to herpes and shingles.",0,0,1,N/A,N/A,Hallucinated Relevance,"The query consists solely of an opaque number ('1114646') with no textual overlap or identifiable semantic relationship to the medical passage. Model B inappropriately awarded a relevance score of 1, likely hallucinating a connection or being overly lenient toward an uninterpretable query, whereas Model A correctly marked it as completely irrelevant."
87181,7112964,87181,"Potential causes of elevated brain natriuretic peptide levels. Cardiac. Heart failure. Diastolic dysfunction. Acute coronary syndromes. Hypertension with left ventricular hypertrophy. Valvular heart disease (aortic stenosis, mitral valve regurgitation). Atrial fibrillation.",1,1,2,N/A,N/A,Hallucinated Connection,"Model B likely assumed or hallucinated that the numeric code '87181' specifically relates to brain natriuretic peptide (BNP) or cardiac diagnostic testing, thereby overestimating the document's relevance compared to the human ground truth."
156493,1172287,156493,"What Do Goldfish Eat Besides Goldfish Flakes? Goldfish come in a number of colors and sizes. However, all goldfish have large eyes and keen senses of smell. They even hear exceptionally well. When hungry, goldfish also have a flexible palate, partaking of foods that are, among other things, slippery, slimy, fuzzy, crunchy, and sometimes squishy.",0,0,1,"**Evaluating the Question's Applicability**

Okay, let me break this down. The core question is whether we can quantify age-dependent growth rate changes based on this goldfish food information. I'm looking at the provided context: ""What Do Goldfish Eat Besides Goldfish Flakes?"" and the following description of goldfish characteristics. While this is interesting information about their sensory capabilities and dietary flexibility, it's immediately clear there's *nothing* here about how their growth rate varies with age. No data, no methodologies, no even vague hints of such information. Therefore, the question is entirely unanswerable given this context. The data simply isn't present. That settles it; the appropriate rating is a resounding 0.


","Okay, here's my assessment, rendered in the first person, as requested:

**Assessing the Goldfish Information**

Alright, let's break this down. The core issue is about goldfish, their eating, and their senses. The question is centered around age dependent growth rate changes. The information provided, however, does not address any age-related shifts in growth rate. It is purely focused on their eating habits and senses, and doesn't explicitly link these aspects to any stage of the goldfish's development. My answer must be based solely on the provided text, and therefore, since the required information is absent, I cannot provide a meaningful answer to the question asked. Therefore, I must rate this as a 0, as the context is not sufficient to address the query.


",Score-Reasoning Contradiction,"Model B's reasoning logically concluded that the text did not answer the query and explicitly stated it should be rated a 0, but it mistakenly output a final score of 1, resulting in an internal contradiction."
156493,1939301,156493,Common goldfish in a pond. It is a common practice to keep common goldfish in a small bowl but this allows waste in the water to build up to toxic levels and does not provide enough oxygen. For every small/young goldfish there should ideally be at least 10 to 20 US gallons (38 to 76 l; 8.3 to 16.7 imp gal) of water.,0,0,1,N/A,N/A,Hallucinated Relevance,"The query '156493' is an arbitrary numeric string with no semantic or lexical connection to the document regarding goldfish care. Model B exhibited leniency bias or hallucinated a minimal connection, assigning a score of 1 to a completely irrelevant document that Model A correctly evaluated as 0."
182539,6816574,182539,Definition of MONOTONIC. 1. : characterized by the use of or uttered in a monotone. 2. : having the property either of never increasing or of never decreasing as the values of the independent variable or the subscripts of the terms increase. — mono·ton·i·cal·ly \-ni-k(ə-)lē\ adverb.,1,1,0,N/A,N/A,Literal Interpretation of Query ID,"The query '182539' appears to be a benchmark query ID (e.g., from MS MARCO corresponding to a definition query like 'what is monotonic') rather than natural language text. Model B evaluated the number literally and found no lexical match with the definition of 'MONOTONIC', marking it irrelevant, whereas Model A recognized the query ID context or aligned with the ground truth mapping."
527433,8306451,527433,The types of cerebral palsy are: 1  spastic: the most common type of cerebral palsy; reflexes are exaggerated and muscle movement is stiff. 2  dyskinetic: dyskinetic cerebral palsy is divided into two categories.,0,0,1,N/A,N/A,Hallucinated Relevance,"The query is an isolated numeric string ('527433') with no semantic relationship to the medical document about cerebral palsy. Model A correctly assigned a score of 0, whereas Model B hallucinated a tenuous connection or exhibited a false-positive bias by awarding a score of 1 to an entirely irrelevant document."
1124210,4648414,1124210,"The most distinctive xylem cells are the long tracheary elements that transport water. Tracheids and vessel elements are distinguished by their shape; vessel elements are shorter, and are connected together into long tubes that are called vessels.Xylem also contains two other cell types: parenchyma and fibers.Xylem can be found: 1  in vascular bundles, present in non-woody plants and non-woody parts of woody plants. 2  in secondary xylem, laid down by a meristem called the vascular cambium in woody plants.n most plants, pitted tracheids function as the primary transport cells. The other type of tracheary element, besides the tracheid, is the vessel element. Vessel elements are joined by perforations into vessels. In vessels, water travels by bulk flow, as in a pipe, rather than by diffusion through cell membranes.",2,2,1,"**Analyzing the Query: Vascular Tissue and Cellular Composition**

Okay, so the user's question, ""Which primary vascular tissue type contains these cells?"" is front and center. My immediate task is to determine if the provided text furnishes the necessary information to provide a definitive answer. Let's break this down. The context explicitly details ""xylem"" as a primary vascular tissue type. Furthermore, it meticulously lists various cells associated with xylem – specifically, tracheary elements, which are further delineated into tracheids and vessel elements, alongside parenchyma and fibers. Bingo! The context directly links these cells to the xylem. Therefore, the question can be definitively answered: Xylem. The information is not just relevant; it's comprehensive and accurate, a solid grade 5 in terms of relevance, completeness, and accuracy. We've got a clean, concise response to the user's query.


","**Evaluating the Question's Answerability**

Okay, let me break this down. The core of this is figuring out if we can answer the question ""Which primary vascular tissue type contains these cells?"" based solely on the given context. The context focuses heavily on xylem, describing its distinctive cells and mentioning other cell types like parenchyma and fibers *within* xylem. The prompt essentially directs us to conclude that the cells being described are contained in xylem. So, the direct answer is right there.

The context provides a definitive answer: ""Xylem."" It directly names the vascular tissue. No ambiguity. Therefore, the question can be fully answered based on the provided information. Given that direct correlation, a rating of 5 is entirely appropriate. This is a straightforward lookup, nothing more complicated is needed.


",Score-Reasoning Discrepancy,"Both models determined that the document fully answered the query and deserved the highest possible rating (both mentioning a rating of 5 in their internal evaluation). However, Model B suffered from a disconnect between its reasoning and its final output, assigning a score of 1 instead of mapping its top-grade assessment to the maximum score of 2 as Model A did."
915593,4889894,915593,Related. 1  How To Cook rib eye steaks on a charcoal barbecue grill. 2  How To Cook a Cajun rib eye steak. 3  How To Cook a rib eye steak dinner with a side salad.  How To Grill the perfect tender & juicy 1  steak. How To Cook a ribeye steak.  How To Cook the perfect prime 1  rib. How To Cook prime rib with Worcestershire  sauce.,0,0,1,"**Assessing the Applicability of Provided Information**

Okay, so the user's asking a pretty specific question: does this context differentiate sous vide approaches for fibrous versus starchy vegetables? My initial thought is... well, let's take a look. This document is all about cooking methods like grilling, steaks, and prime rib. It’s clearly focused on meat, primarily beef, and different cooking techniques for achieving optimal results with that specific food group.

Right away, I can tell this is a total mismatch. Sous vide and vegetable preparation aren't even remotely touched upon. There's just no way to extract an answer to the user's question from this information. Based on the context provided, attempting to do so would be futile. It's a clear zero in terms of relevance.


","Okay, here's my take on those thoughts, framed as my own:

**Initial Assessment: Question Mismatch**

Right, so the query is specifically about applying sous vide techniques to fibrous and starchy vegetables. Seems straightforward enough. However, the context is all about grilling ribeye steaks and prime rib. *That's* where things get interesting in their own right, but it's completely irrelevant to the actual question at hand. Absolutely no helpful information here. Zero score. Looks like the query context is a red herring. Need to ignore that and focus solely on the question regarding the vegetables.


",Score-reasoning mismatch,"Model B's reasoning concluded that the document was completely irrelevant and explicitly stated 'Zero score', but it contradicted its own reasoning by assigning a final score of 1."
1121402,7142994,1121402,"Plowing and planting across the changing slope of land, rather than in straight lines, to help retain water and reduce soil erosion. Method for reducing soil erosion; plant stalks are left in the field after harvesting and the next year's crop is planted within the stalks without plowing.",0,0,1,N/A,N/A,Hallucinated Relevance,The query is an arbitrary numeric identifier ('1121402') with no topical or lexical connection to the agricultural text describing soil conservation methods. Model B incorrectly assigned positive relevance to a completely unrelated document.
156493,6357270,156493,"Taller running types, like Phyllostachys, usually grow 3-5 feet in height per year. Older, more established plants, usually at least 3 years in the ground, will grow faster than newly planted ones. Placement and care will influence how fast and tall a bamboo will grow.n general, bamboo will get as big as it can depending on how much space it has to grow, kind of like a goldfish in a goldfish bowl. If you want the bamboo to reach its full height, you need to be prepared to donate the space, an area at least 30 feet in circumference.",1,1,2,"**Assessing the Quantification of Age-Dependent Growth**

Okay, so the prompt wants to know if the context provides a *quantification* of age-dependent growth rate changes. Let's break this down. First, the text says ""Taller running types, like *Phyllostachys*, usually grow 3-5 feet in height per year."" That's a general growth rate, not specifically tied to age. It doesn't tell us how the rate *changes* with age. Then we get, ""Older, more established plants, usually at least 3 years in the ground, will grow faster than newly planted ones."" Ah, a comparison! But it's qualitative – ""faster"" – not quantitative. There's no numerical value attached to this increased growth. I need to know *how much* faster, not just *that* it's faster. Does it say ""grow 50% faster?"" Or that it grows 10 feet per year? Nope. So, definitely no quantification.

The question explicitly asks, ""Does it quantify...?"" My answer is a clear ""No."" And I can *explain* why based on the text. The context offers qualitative, comparative information, but not any measurable numbers on age-dependent rate changes.

So, the prompt probably wants me to judge whether the *context* contains the information to answer the *question*. Let's look at the possible grades for a moment. This particular prompt likely wants me to assess whether the context contains the answer to the question. A grade of 5 is used to evaluate how well the text answers the question. If the answer is ""no, it does not,"" and the answer is complete and accurate, then the context answers the question. Therefore, I can definitively answer the question.

Therefore, since I can answer the question based on the context, and it's a complete and accurate answer to say that the text does not contain a quantification, I'm assigning this a 5.


","**Analyzing the Context's Quantification of Growth Rates**

Okay, so the text mentions that older plants grow faster, specifically those at least three years in the ground. It gives a general growth rate of ""3-5 feet per year"" for running types, but it *doesn't* offer any numerical quantification of how the growth rate *changes* with age. It only says ""faster"" for older plants. Hmm.

Let's break down this question: ""Does it quantify age-dependent growth rate changes?"" Can this be answered *based on the given text*? Yes, it can. The answer is definitively ""No."" The text doesn't provide specific numbers to illustrate the relationship between plant age and growth rate, just that they grow faster.

Now, considering the evaluation scale (0 to 5) focused on whether a question can be *answered* based on the context...even if the answer is negative...that's key. The RAG evaluation essentially wants to know if you can derive an answer, even if that answer is ""No, the information isn't provided."" This context, therefore, allows an answer.

The question explicitly asks about ""quantify age-dependent growth rate changes."" The context does touch on age (3+ years), and it does touch on growth (""faster""), but it *completely* lacks any specific numerical data to quantify *the change itself*. It only qualitatively states that older plants grow faster without specific rates.
So the answer to the question ""Does it quantify age-dependent growth rate changes?"" is a solid ""No."" And that ""No"" is derived directly from the text.


",Over-weighting topical overlap,"Despite recognizing that the text fails to quantify age-dependent growth rate changes, Model B awarded a higher score (2) by giving undue credit to the passage merely touching on related keywords ('age' and 'growth') in a qualitative manner."
146187,5590508,146187,Hamburger 101g 240 8 12 3 0.2 16 25 510 21 32 11 2 8 7 12 2 2 10 20. McDouble® sandwich 149g 370 17 26 8 0.5 43 60 860 36 34 11 2 8 7 21 6 2 15 25. Mighty Angus 296g 790 43 66 16 1.5 88 120 1310 55 56 19 3 12 15 42 10 15 15 30.,0,0,1,"**Evaluating the Question's Answerability**

Okay, here's the deal. I need to figure out if the prompt, ""Does it specify the number of cheese slices per item?"" can be answered based on what I'm given. The context just lists nutritional information and weights for three menu items: Hamburger, McDouble, and Mighty Angus. No mention of cheese, let alone the *number* of cheese slices.

The question is a straight yes/no, thankfully. So, I can definitively say ""No, it doesn't mention the number of cheese slices."" But, the real test is, can the *question* itself be answered from what is given. The question is ""Does it specify..."", so a ""No"" answer is, in this case, completely valid, correct, and based on the context.

I initially thought I needed to somehow extract the number of cheese slices, but that's not the test. The test is if I can *answer* the question with the information at hand. It seems I can: ""No, it does not specify the number of cheese slices"".

Ah, I need to remind myself to interpret these problems properly. If the question is ""Does it specify the number of cheese slices?"", and the context clearly enables me to reply ""No"", the question is fully answerable.

I am confident the question can be answered from the provided text, and I can give a grade of 5.
I can answer the question ""No, the context does not specify the number of cheese slices,"" and this is highly relevant, complete, and accurate. 5/5.


","**Analyzing the Context and Question**

Okay, so I'm looking at this nutritional information for a Hamburger, McDouble, and Mighty Angus, and the question is whether the text specifies the number of cheese slices per item. Hmm, it doesn't mention ""cheese slices"" at all, that's immediately apparent. So, based on this context, the direct answer is ""No, it does not specify.""

But hold on, let me zoom out. The prompt is asking me to evaluate if the question is answerable *based* on the context, right? It's not necessarily about finding the answer itself, but whether the information is present. Right, this feels like a standard Retrieval-Augmented Generation evaluation.

Okay, so the question is ""Does it specify...?"" and the context *does* allow me to answer definitively, ""No."" Therefore, I can absolutely give a solid ""Yes"" to the question of answerability. The question is fully answerable given the provided information. I'd give this a Grade 5.


",Conflating Negative Answerability with Relevance,"Model B regressed by treating the absence of information (answering 'No, it does not specify') as proof that the document successfully answers the query, incorrectly scoring an irrelevant document as relevant (1 instead of 0)."
1133167,7217706,1133167,"Go-Jamaica Weather for daily forecasts on Jamaica's Cities and Towns,Hurricane and Tropical Storm Updates, with Satellite images and Maps Listen to Live Jamaican Radio, Listen to Power 106 FM 24x7. Click Here to Listen Free | (Advertisement)",1,1,0,N/A,N/A,Strict Lexical Matching,"Model B likely scored the document as 0 due to the complete lack of explicit lexical overlap with the numerical query '1133167', whereas Model A maintained the weak/latent relevance (score 1) designated by human raters."
1113437,520325,1113437,"Description: Douglas-fir trees, which are also called red firs, Oregon pines, and Douglas spruce, are neither true fir trees nor pines nor spruces! The scientific genus name Pseudotsuga means “false hemlock,” alluding to another kind of tree that Douglas-firs are similar too.Douglas-firs are evergreen trees, meaning that they keep their needle-like leaves year round.There are two varieties of this species, coast Douglas-fir and Rocky Mountain Douglas-fir, which are differentiated by their habitats, growth rates, and physical characteristics.he scientific genus name Pseudotsuga means “false hemlock,” alluding to another kind of tree that Douglas-firs are similar too. Douglas-firs are evergreen trees, meaning that they keep their needle-like leaves year round.",0,0,1,"**Analyzing the Context for Relevant Information**

Okay, so the question is: ""Are persistent sterigmata explicitly described on the twigs?"" My initial thought is to quickly scan the provided text and determine if it offers any information directly addressing that question. Let's see... the context describes Douglas-fir trees, mentioning alternate names, their evergreen nature, and two varieties. It touches on their scientific name, *Pseudotsuga*, meaning ""false hemlock,"" and alludes to a similarity with another tree.

Hmm... does this text even *mention* ""persistent sterigmata"" or ""twigs""? No, absolutely not. It doesn't even come close. Therefore, based purely on what's available here, I can't answer the question at all. It's completely irrelevant. In fact, if I were assigning a grade, it would be a zero – the context provides no relevant information.

The prompt, however, focuses on if the question *can be* answered based on the context. Since no pertinent information is present, the answer to the prompt must, therefore, be that the question *cannot* be answered using the provided text. Therefore, the question is unanswerable with the given context.


","**Analyzing the Context and Question**

Okay, here's my thought process. The question, ""Are persistent sterigmata explicitly described on the twigs?"" - right away, I notice the context is missing both ""sterigmata"" and ""twigs"". My initial reaction, as an expert in this field, is that this is a simple ""no information"" situation. The context doesn't provide the answer.

However, the prompt isn't directly asking for a ""yes"" or ""no"" response. It's couched in a scoring format: ""Can the question be answered based on the available context? choose one..."". This is a standard setup for evaluating Retrieval Augmented Generation (RAG) systems. The implicit question becomes ""does the context allow you to *determine* the answer, even if the answer is negative?""

So, let's break it down: Can I determine *if* the context explicitly describes persistent sterigmata on twigs? Yes! By reading the text, it is readily apparent they are *not* described, meaning the question *can* be answered. Thus, based on the context, the answer is ""no, they are not described"".

I see how these RAG benchmarks work. The context is given and then the question is asked; I simply need to determine from the context if the answer is there. Since the context does not contain the answer, the answer is ""No, the context does not provide sufficient info"". Therefore, I can safely state that the answer to the question ""Are persistent sterigmata explicitly described on the twigs?"" is ""No"".


",Conflating Absence of Information with an Answer,"Model B engaged in faulty meta-reasoning by arguing that because the document does not mention 'persistent sterigmata' or 'twigs', the question 'Are persistent sterigmata explicitly described on the twigs?' can be answered with 'No'. By mistaking the total absence of information for a definitive negative answer, it improperly judged the text as sufficient/relevant (score 1) rather than irrelevant (score 0)."
1133167,1833598,1133167,"December in Puerto Rico marks the begining of the tourist season, and with the beautiful weather, it's not hard to see why. Travelers wanting to escape from the cold winter weather back home will enjoy the warm temperatures, cooling breezes, and a decrease in rainfall that December has to offer.emperatures in Puerto Rico during December generally vary between an average high during the day of 84.0 degrees and an average low at night of 72.0 degrees. During the early morning hours of an average December day in Puerto Rico, you can expect the temperature will be in the vicinity of 75.0 degrees.",0,0,1,N/A,N/A,Spurious Relevance Assignment,"The query consists solely of an arbitrary number ('1133167') with no discernible semantic connection to the passage about Puerto Rico weather. Model B incorrectly gave a non-zero relevance score to a completely unrelated document, whereas Model A correctly identified it as entirely irrelevant."
915593,3538164,915593,"Sous vide recipes. Sous vide recipes. From the French for ‘under vacuum’, sous vide is a method of cooking where ingredients are sealed in an airtight bag and submerged in a water bath. This method not only ensures a constant cooking temperature, but allows the food to cook for long periods of time without losing any of its flavour or moisture.",0,0,1,N/A,N/A,False Positive on Irrelevant Query,The query is an arbitrary numeric string with zero topical or keyword overlap with the document about sous vide cooking. Model B regressed by awarding a non-zero relevance score instead of correctly assigning a score of 0 for complete irrelevance.
1124210,8087701,1124210,"That's where xylem and phloem come in. Zippy Xylem The xylem of a plant is the system of tubes and transport cells that circulates water and dissolved minerals. As a plant, you have roots to help you absorb water. If your leaves need water and they are 100 feet above the ground, it is time to put the xylem into action! Xylem is made of vessels that are connected end to end for the maximum speed to move water around.",0,0,1,N/A,N/A,Hallucinated Relevance,"The query consists solely of an arbitrary numerical string ('1124210') with no connection to the document's content on plant biology (xylem and phloem). Model A correctly recognized the complete lack of topical relevance and assigned a score of 0, whereas Model B improperly awarded a non-zero relevance score."
915593,2969050,915593,"1 Often, you will want to BBQ ribs on a grill. 2  However, you can also prepare BBQ beef ribs in the ov…. 3  Slow Smoked Rack of Beef Ribs Although beef ribs take more time, patience and effort to make than pork ribs, the juicy, flavorful result is well worth the wait.",0,0,1,"**Evaluating the Question's Relevance**

Okay, so I'm presented with a question: ""Does it differentiate sous vide approaches for fibrous versus starchy vegetables?"" My task is to figure out if this question can be addressed based on the provided context. I quickly scan the text... barbecue ribs, either grilled or oven-baked, and slow-smoked beef ribs. Hmmm, nothing about sous vide. Nothing about vegetables, fibrous or starchy. This is a clear case. The provided context simply *doesn't* touch on any of the core concepts in the question. Thus, the relevance is basically zero. The information is utterly absent. I'd consider this a complete non-starter for answering the question.


","**Evaluating Context for Relevance**

Okay, let's break this down. My objective is to determine if the given context allows me to answer the question: ""Does it differentiate sous vide approaches for fibrous versus starchy vegetables?"". Right off the bat, the context, which mentions BBQing beef ribs, is completely off-target. It's about grilling, not sous vide, and definitely not vegetables.

Now, I've got to be precise here. The question isn't asking *about* sous vide differentiation directly. It's asking if *the provided text differentiates*. So, the core of my assessment is to check if the text *contains* any information that would allow me to answer the differentiation question, even indirectly.

The context provides absolutely *nothing* related to sous vide or vegetables. Therefore, the answer to ""Does the context differentiate..."" is a resounding no, as there's no relevant information to base an answer on. The context, in essence, doesn't contain the necessary data to address the core of the question.

Consequently, I'm rating the relevance as a 0. The context is entirely unrelated to the concepts in the question.


",Reasoning-Output Discrepancy,"Model B correctly deduced that the context is completely unrelated and explicitly concluded in its reasoning that it was rating the relevance as 0, but it erroneously output a final score of 1 instead."
1114646,6704401,1114646,"The Effect of Famciclovir on Cold Sores. Famvir (Famciclovir) is approved by the FDA for the treatment of cold sores. If started at the first sign of symptoms, taking a single high dose of Famvir can shorten the herpes infection by two days. Valtrex Is a Well-Known Treatment for Cold Sores. Valtrex (Valacyclovir) is also approved by the FDA to treat cold sores. If started at the first sign of symptoms, taking Valtrex twice a day for one day can shorten the duration of herpes infection. Suppressive Therapy for Cold Sores.",0,0,1,N/A,N/A,Hallucinated Relevance,"The query consists solely of an unexplained numeric string ('1114646') that does not appear in or relate to the medical document about cold sore treatments. Model B erroneously assigned relevance to a completely unrelated document, whereas Model A correctly identified that there is zero relevance."
915593,4279299,915593,"1 Poaching: I like to add the fish to the cooking liquid while the liquid is room temperature. 2  I bring it to a simmer, and then turn the heat to low, cover, and cook for about 15 minutes.ooking time will vary greatly depending not only on the cut of fish but also the cooking method. In general, your cod will be done when it reaches an internal temperature of 54°C (130°F), regardless of cooking method.",0,0,1,N/A,N/A,Hallucinated Relevance,The query consists solely of an arbitrary number ('915593') with zero topical or semantic relation to the document about cooking fish. Model B erroneously assigned a positive relevance score to an entirely irrelevant document.
130510,2862518,130510,"Since KGK was a co-owner, KGK was not in the same situation as a non-exclusive licensee and therefore could be the subject of a Declaratory Judgment Action without the remaining co-owners. The Court further noted that the failure to join a party is not a matter of subject matter jurisdiction, but instead falls within the joinder requirements of Rule 19.",0,0,1,N/A,N/A,Hallucinated Relevance,"Model B assigned relevance to a legal text passage that has no connection or match to the numeric query '130510', likely assuming an ungrounded connection such as an unseen docket or case number, whereas Model A correctly recognized the document as completely irrelevant."
183378,1678836,183378,"Intron-RNA sequences between exons that are removed by splicing. Introns have been found in eukaryotic mRNA, tRNA and rRNA, as well as chloroplast, mitochondrial and a phage of E. coli.",0,0,1,N/A,N/A,Hallucinated Relevance,"The query is an arbitrary number with no presence or relation to the biological text provided. Model B incorrectly assigned relevance (score 1) despite a complete lack of lexical or semantic connection, whereas Model A correctly recognized the document as entirely irrelevant (score 0)."
1133167,3502794,1133167,"Here is a general explanation about the weather in Cancun. Hurricane season in the Atlantic beings June 1st and ends November 30th, however, most hurricanes occur August through October. The chances that a hurricane will hit during your vacation are very low. Cancun has only been hit by two major hurricanes: Gilbert on September 15, 1988 and Wilma on October 21, 2005. They were 17 years apart! The best precaution you can take, just in case a hurricane does occur, is to purchase trip insurance.",0,0,1,"**Analyzing the Context for Relevant Information**

Okay, so the user's question is pretty straightforward: can I tell, *right now*, if there are any active severe weather advisories based on this text? I need to analyze this context carefully. I see discussions of Cancun and its hurricane season, mentions of past hurricanes like Gilbert and Wilma, and advice about trip insurance. That's all good background, but *nothing* here addresses the immediacy of the user's query. There's no mention of *current* conditions, no discussion of *active* alerts, no details about any weather advisories currently in effect. Essentially, the context provides some historical background and general precautions but offers absolutely no relevant information to answer the question about *current* advisories. Therefore, the answer is a resounding 'no.' It's a complete mismatch.


","**Evaluating the Question's Answerability**

Okay, so I've got this question: ""Are any active severe weather advisories issued?"" My task is to figure out if I can answer that question based on the information provided. The context I'm given talks about Cancun's historical weather patterns and hurricane history. It gives me a good overview of what's *happened* there in the past, the general risks associated with the location, but it says *nothing* about the current conditions. I need to know the active advisories right *now*. Since the context doesn't include *current* advisories, I can't determine the answer, and thus the grade is a solid zero. It's a fundamental issue of missing information, and I can't extrapolate a *current* severe weather situation from historical data alone.


",Score-Reasoning Contradiction,"Model B correctly deduced that the text fails to answer the question and explicitly stated in its reasoning that 'the grade is a solid zero', but then erroneously outputted a final score of 1."
156493,2659082,156493,"Viruses (e.g., adenovirus, astrovirus, rotavirus, Norwalk virus) are the most common cause of diarrhea in the United States. The most common ones in children are rotavirus and in adults are norovirus. Escherichia coli, Clostridium difficile, and Campylobacter, Salmonella, and Shigella spp. are common bacterial causes.",0,0,1,"**Evaluating the Question's Relevance**

Okay, let's break this down. The core question is whether we can quantify age-dependent growth rate changes based on this information. My initial assessment is a hard ""no."" The context provided lists common viral and bacterial causes of diarrhea in the United States, differentiating between common causative agents in children versus adults. While that suggests a difference in susceptibility or perhaps exposure based on age, it doesn't even remotely touch on the *rate of growth* of anything, be it a virus, bacteria or the host. There is nothing provided which could inform a quantitative analysis of any age-dependent growth rate. Therefore, the question is entirely unanswerable given the limited scope of the text. I'd assign a solid grade of 0: not relevant or complete. It's a non-starter.


","Okay, here's my assessment of that question and the provided context:

**Analysis of Age-Dependent Growth Rate Quantification**

The core of the matter is whether this prompt quantifies age-dependent growth rate changes. The context provided is a list of common viral and bacterial agents causing diarrhea, citing examples like rotavirus in children and norovirus in adults. Immediately, I can see that this information is entirely irrelevant. While it *describes* illnesses prevalent at different ages, it makes no attempt to measure or quantify any kind of growth rate or any other metric. It's just a general overview of pathogens.

Therefore, the context simply doesn't address the core question in any way. I'd give it a solid zero. It's a non-starter; completely off-topic. I think 0 is the right grade to represent this answer.


",Score-Reasoning Inconsistency,"Model B correctly deduced that the document is completely irrelevant and repeatedly stated in its reasoning that the appropriate score was 0 ('solid zero', '0 is the right grade'), yet it erroneously output a final score of 1."
1063750,8781645,1063750,"In 1917, British intelligence intercepted the Zimmerman Telegram, sent from the German foreign minister to the German ambassador in Mexico. It urged Mexico to enter the war against the US in exchange for a German pledge to help restore Mexico's former territories of Arizona, New Mexico, and Texas.",0,0,1,N/A,N/A,Hallucinated Relevance,"Model B incorrectly assigned positive relevance to a completely unrelated historical passage in response to an opaque numeric query, failing to recognize the total absence of connection between the ID and the document content."
19335,6177788,19335,"Shallow water coral reefs straddle the equator worldwide. Corals are found across the world’s ocean, in both shallow and deep water, but reef-building corals are only found in shallow tropical and subtropical waters.n the so-called true stony corals, which compose most tropical reefs, each polyp sits in a cup made of calcium carbonate. Stony corals are the most important reef builders, but organpipe corals, precious red corals, and blue corals also have stony skeletons.",0,0,1,N/A,N/A,Spurious Relevance Attribution,The query '19335' is an isolated numeric string (likely a ZIP code or ID) with zero topical overlap with the document about coral reefs. Model B failed to recognize total non-relevance and awarded a positive score despite there being no connection whatsoever.
1124210,1649199,1124210,Xylem vessels xylem vessel: Vein-like tissue which transports water and minerals up a plant are involved in the movement of water through a plant from its roots to its leaves. Water: 1  Is absorbed from the soil through root hair cells.ylem vessels xylem vessel: Vein-like tissue which transports water and minerals up a plant are involved in the movement of water through a plant from its roots to its leaves. Water: 1  Is absorbed from the soil through root hair cells.,0,0,1,N/A,N/A,Hallucinated Relevance,"The query consists solely of an unrelated numeric string ('1124210') with no topical or lexical connection to the document about plant xylem vessels. Model B incorrectly inferred relevance where none exists, whereas Model A correctly identified the document as entirely irrelevant."
915593,6761344,915593,"Sous-vide is a method of cooking in which food is vacuum-sealed in a plastic pouch or a glass jar and then placed in a water bath or steam environment for longer than normal cooking times at an accurately regulated temperature. The temperature is much lower than normally used for cooking, typically around 55 to 60 °C for meat, higher for vegetables. The intent is to cook the item evenly, ensuring that the inside is properly cooked without overcooking the outside, and to retain moisture.",0,0,1,N/A,N/A,Hallucinated Relevance,"The query consists solely of an arbitrary number ('915593') that bears no lexical, semantic, or contextual relationship to the document about sous-vide cooking. Model A correctly identified complete irrelevance (score 0), whereas Model B was overly lenient and assigned unmerited relevance (score 1) despite a complete lack of match."
156493,5834207,156493,"Parasites such as Giardia lamblia and cryptosporidium can cause diarrhea. Common bacterial causes of diarrhea include campylobacter, salmonella, shigella and Escherichia coli. Diarrhea caused by bacteria and parasites can be common when traveling in developing countries and is often called traveler's diarrhea.",0,0,1,"**Analyzing the Relevance of Age-Dependent Growth Rate Changes**

Okay, so the prompt asks if I can determine ""Does it quantify age-dependent growth rate changes?"" based on the given text. Let's see... the text is basically a medical overview, specifically about causes of diarrhea, particularly in travelers. It mentions things like *Giardia*, *Cryptosporidium*, and a few bacterial culprits like *Campylobacter* and *E. coli*. The context is clearly focused on the *etiology* of the illness, with an epidemiological nod to its prevalence in travelers.

Right off the bat, I can see this is a non-starter. There's absolutely nothing here – no mention of growth rates, age, or any quantifiable biological changes related to age. We're talking about *pathogens* and *symptoms*, not *kinetics*. Given the complete lack of any relevant information, the answer is clearly a resounding *no*. This query cannot be answered based on this context. Thus, a solid 0 is the only reasonable grade.


","**Analyzing the Relevance of Age-Dependent Growth Rate Data**

Okay, so the prompt is straightforward: does the provided text quantify age-dependent growth rate changes? My initial assessment is that this is a complete non-starter. The context, dealing with parasites and bacteria responsible for diarrhea (including the traveler's variant), simply doesn't touch upon age-related growth dynamics. There's no mention of how these pathogens' proliferation varies with the age of the host, or any data presented that would allow me to calculate such a rate, or even infer a relationship. Therefore, the question is unanswerable based on the information provided. It's a clear 'zero' score – the context is entirely irrelevant to the core concept.


",Score-Reasoning Contradiction,"Model B's internal reasoning correctly identified that the document was completely irrelevant and explicitly concluded that it deserved a 'clear zero score', but it failed to align its final output score with its reasoning, assigning a 1 instead of 0."
130510,6881818,130510,"DECLARATORY ACT, 1766. DECLARATORY ACT, 1766. The first defining fact of the Declaratory Act of 1766 was that it followed hard on the heels of Parliament's repeal of the detested Stamp Act of 1765, England's first major retreat in the face of colonial American resistance.he Declaratory Act, in mid-March, affirmed England's right to bind the colonies … in all cases, whether it be the right to tax, enforcement of all parliamentary laws, or crown prerogatives over its colonies in general; all were subject always to British sovereignty.",0,0,1,N/A,N/A,Hallucinated Relevance,"Model B found marginal relevance between an arbitrary numeric query ('130510') and a historical text about the Declaratory Act of 1766, despite there being zero semantic connection or overlap, whereas Model A correctly identified it as completely irrelevant."
359349,3223833,359349,"The midsegment of a trapezoid is the segment that joins the midpoints of the nonparallel sides of a trapezoid. In the trapezoid below, the midpoints of the non-parallel sides are points S and V. The midsegment is the red line segment from S to V. The midsegment below can be found by. 1  calculating the lengths of the bases. 2  35-16 = 9 (length of upper base). 3  45-0 =45 (length of lower base). 4  calculating the sum of the bases. 5  9+45 = 54.",2,2,3,N/A,N/A,Spurious Pattern Matching,"Model B likely over-weighted fragmented or coincidental digit overlaps between the numeric query '359349' and numbers in the text (such as 35, 9, 45), incorrectly treating an accidental string match as highly relevant content."
833860,3087479,833860,"Food, ingredients and the way to prepare it varies greatly all over the country. Generally speaking, basic food items include a huge selection of bread (white, whole wheat etc.), dairy products such as milk, yogurt, butter and - of course - a great variety of the world famous Swiss cheese. Also important are vegetables including beans, carrots, cauliflower, potatoes, spinach etc.",0,0,1,N/A,N/A,Hallucinated Relevance,"Model B assigned a non-zero relevance score to a document about Swiss food and ingredients for an opaque numeric query ('833860') despite there being no topical connection, keyword match, or apparent context linking the two."
146187,8042972,146187,"Comprehensive nutrition resource for Sonic SuperSonic Double Cheeseburger With Mustard, Ketchup & Mayo. Learn about the number of calories and nutritional and diet information for Sonic SuperSonic Double Cheeseburger With Mustard, Ketchup & Mayo. This is part of our comprehensive database of 40,000 foods including foods from hundreds of popular restaurants and thousands of brands.",0,0,1,"**Evaluating the Cheeseburger Context**

Okay, so the user wants to know if I can determine the number of cheese slices in that Sonic SuperSonic Double Cheeseburger based on the description provided. Let's see... the context gives a nutritional breakdown for that specific burger, including its name, ingredients like mustard, ketchup, and mayo. Hmm, and *nothing* about the number of cheese slices.

Therefore, the query cannot be answered because the details don't exist in the provided context. My understanding is that when the context is completely unhelpful, or lacks the crucial data, we select a ""0."" This seems like the perfect scenario - the context fails to address the quantity of cheese.

Alright, time to evaluate the scale. It's a binary choice: ""Can the question be answered based on the available context? choose one: 0: The answer is not relevant or complete at all."" Yep, that's a zero, without a doubt.


","**Analyzing the Information about Cheese Slices**

Okay, so the question is, ""Does the context *specify* the number of cheese slices per item?"" My initial thought is to check the context provided about the Sonic SuperSonic Double Cheeseburger. Right away, I see that while it *mentions* the cheeseburger, it absolutely *doesn't* tell us how many cheese slices are on it.

Now, the prompt is asking if the question can be answered *based* on the context. If the specific question is ""Does the context *specify*..."", then my answer has to be ""No."" We can't determine the number of cheese slices from this text alone.

However, I need to make sure I'm thinking about this in the correct way for the kind of evaluation we are doing. Are we evaluating whether the *context* can answer the *user's* question? Or whether we can provide the correct answer from this information? If the question is about *specification*, the answer is simply ""No, it does not specify.""

But based on this context, it seems like we *cannot* answer the number of cheese slices. I need to think about how these evaluation tasks are usually set up. If the context *lacks* the answer, the score is typically a zero. I need to be sure I'm following that standard to arrive at the correct determination.


",Reasoning-Output Disconnect,"Model B correctly deduced that the context does not contain the required information and explicitly noted that a lacking context typically warrants a score of 0. However, it overcomplicated whether a negative answer counted as answering the question and ultimately assigned a score of 1, contradicting its own primary reasoning."
168216,5332126,168216,"1 Very broad antibiotics so easier to remember common bugs that it does NOT cover: MRSA, most strains of VRE, many Coag negative staph strains, Atypicals (Chlamydia, Mycoplasma, Legionella), ESBLs.  Note Zosyn’s higher dosing for PNA/Pseudomonas coverage: 4.5 g q6 hrs (vs.",0,0,1,"**Assessing the Relevance of the Provided Context**

Okay, so the user is asking a very specific and insightful question: they want to know the *Legionella pneumophila* virulence factors directly implicated in pneumonia pathogenesis. Excellent, a great question to delve into!

Let me quickly assess the provided context. Hmm, it appears the text is primarily focused on a mnemonic for antibiotic coverage – the “broad antibiotics” it mentions and lists bugs not covered. It's a useful clinical tool for remembering antibiotic spectrum, particularly regarding atypical pathogens, however, the text *completely* misses the mark on providing information about *L. pneumophila* virulence factors. There is no discussion of any factors at all!

Therefore, based on my understanding, this given context is completely irrelevant to the user's question. This means the answer is not at all relevant. In my expert opinion, this source provides no information and is not useful in this situation, so it gets a solid zero.


","Okay, here's my assessment of this question, framed as a thought process:

**Unpacking the Legionella Virulence Question**

Alright, so the task at hand is to address specific virulence factors of *L. pneumophila* that are involved in the pathogenesis of pneumonia. The problem I'm facing is the given text doesn't provide the information to answer this question. The context only mentions ""Legionella"" as an atypical organism that isn't covered by standard antibiotics. There's absolutely nothing in the text about any specific virulence factors. My understanding of the question, and my expertise in the subject, is being tested, but the text given is useless. So, the direct answer is that I cannot address the specifics requested based solely on what's provided. The question is essentially unanswerable using this context. I'm going to rate the answer/context match as a zero, or completely unanswerable based on the information provided.


",Score-Reasoning Mismatch,"Model B correctly deduced in its reasoning that the context was completely useless and explicitly stated that it was rating it as a zero, but then inexplicably output a final score of 1."
527433,5295980,527433,"In this section we will discuss two different types of Speech Sound Disorders: Articulation Disorders and Phonological Processing Disorders. For more information on Dysarthria or Childhood Apraxia of Speech, please see the Motor Speech Disorder section or click here.",0,0,1,"**Grading the Question's Answerability**

Okay, so I need to assess whether the provided text snippet actually answers the question. The question asks about specific types of dysarthria linked to certain CP subtypes – spastic, dyskinetic, and ataxic. Hmmm, let's see... the text seems to be about Speech Sound Disorders generally, specifically Articulation and Phonological Processing Disorders. It doesn't appear to get into CP or subtype-specific dysarthria at all. In fact, it explicitly points me *away* from this context, directing me to the ""Motor Speech Disorder section"" for Dysarthria details.

Therefore, this context doesn't provide an answer, not even a partial one. The relevant information just isn't here. Let me check the possible answers, the prompt indicates that I have to answer according to the following: ""... 0: The answer is not relevant or complete at all."". Alright, since the context is irrelevant to answering the question, the appropriate grade is definitely a 0. I confirm that 0 is the correct fit.


","**Analyzing the Context for Specific Information**

Okay, so the question is directly asking about the *correlation* between specific dysarthria types and Cerebral Palsy (CP) subtypes. I need to figure out if the provided text actually *contains* that level of detail. I immediately scan the context and see it mentions two types of Speech Sound Disorders and references Dysarthria to a ""Motor Speech Disorder"" section. This suggests a general awareness of dysarthria, but not the *specifics* needed to answer the question about CP correlations.

The heart of the matter is whether this information is *present* in the context. Since the text explicitly directs the reader elsewhere for dysarthria details, it's pretty clear the answer is a resounding ""no."" Therefore, the availability of information, and thus whether the question can be answered from the provided context, amounts to zero. The lack of correlation data means I should mark the score as a zero.


",Score-Reasoning Inconsistency,"Model B's reasoning correctly identified that the text contained no relevant information and explicitly concluded that it should assign a score of 0, but it suffered an execution failure and outputted a final score of 1 instead."
146187,3963185,146187,"Food Nutrition Information for Double cheeseburger (2 patties), plain, on double-decker bun, How many calories in Double cheeseburger (2 patties), plain, on double-decker bun. How many carbs in Double cheeseburger (2 patties), plain, on double-decker bun",0,0,1,"**Analyzing the Context for Cheese Slice Specificity**

Okay, so the user's question is pretty straightforward: does the provided context tell us how many cheese slices are in the double cheeseburger? Let's break this down. The context mentions ""Double cheeseburger (2 patties), plain, on double-decker bun"" and then dives into calorie and carb counts. My focus is laser-sharp: does it quantify the cheese?

No. There's nothing in that text that even hints at the number of cheese slices. It’s all about the patties, the bun, and the nutrition information. So, the question, ""Does it specify the number of cheese slices per item?"" is a definite ""no.""

Therefore, based on this limited context, I have to conclude that we can't answer the user's question. This is a clear case where the information just isn't there. So, looking at the grading rubric...it's a score of 0. The context is completely irrelevant to the question's core. We're looking at a ""The answer is not relevant or complete at all"" scenario. Just double-checking to confirm that ""Can the question be answered based on the available context?"" is the central question here. And the answer is a resounding ""No.""


","**My Evaluation of the Context's Ability to Answer the Question**

Okay, the question is ""Does it specify the number of cheese slices per item?"" My initial thought is to assess whether the provided context, ""Food Nutrition Information for Double cheeseburger (2 patties), plain, on double-decker bun..."" actually *explicitly* provides that information. It seems straightforward: the context describes a ""Double cheeseburger (2 patties)"" but doesn't mention the number of cheese slices.

I need to make sure I'm interpreting the prompt correctly; the prompt *does* ask me to determine if the context specifies the answer to the question. So, let's rephrase the question as ""Can the question be answered based on this context?"". The answer is clearly ""No."" It doesn't contain the slice count, just the number of patties.

However, in these sorts of evaluations, I must also consider *how* the prompt wants the evaluation to be graded. Standardly, in these QA/RAG scenarios, a *lack* of information about the requested detail usually results in a low score, typically a 0 or 1. If I was asked ""Does it specify?"", the answer would be ""No"". Now, in terms of these evaluation prompts, I would assume they are primarily focused on context relevance and sufficiency. So, because the context does *not* include the number of cheese slices, the appropriate grade is a 0.


",Score-Reasoning Contradiction,"Model B correctly deduced throughout its reasoning that the context completely lacked the required information and explicitly concluded that 'the appropriate grade is a 0', but it erroneously output a final score of 1."
87181,1346114,87181,"Illustrations of a normal heart (left) and a heart with hypertrophic cardiomyopathy (HCM). Note that the heart walls (muscle) are much thicker (hypertrophied) in the HCM heart. Hypertrophic cardiomyopathy (HCM) is a disease in which the heart muscle (myocardium) becomes abnormally thick (hypertrophied).The thickened heart muscle can make it harder for the heart to pump blood.owever, in a small number of people with HCM, the thickened heart muscle can cause shortness of breath, chest pain or problems in the heart's electrical system, resulting in life-threatening abnormal heart rhythms (arrhythmias).",0,0,1,"**Analyzing the Context for Relevant Information**

Okay, so the question is whether the context provides an answer to ""Are chronic afterload elevation mechanisms detailed?"". Let me break this down. The provided text is describing the difference between a normal heart and hypertrophic cardiomyopathy, right? It talks about the heart walls thickening, making it harder to pump blood, and resulting in symptoms like shortness of breath. My gut tells me this is related to elevated afterload, but *does* the text *explicitly* discuss ""chronic afterload elevation mechanisms?"" No, it doesn't. Not even a little. It's describing the *effects* of afterload, but not the *mechanisms* themselves.

Therefore, looking at the answer choices, a grade of 0 is appropriate here. The context provided doesn't even touch on the specific question of ""mechanisms,"" and is therefore completely irrelevant. The answer is unavailable.


","Here's my assessment of the text and how it relates to the question, as I understand it:

**Analysis of Text Relevance**

Okay, the prompt is asking about whether the text details ""chronic afterload elevation mechanisms."" The context provided primarily discusses hypertrophic cardiomyopathy (HCM), its definition, and its clinical manifestations. My expert knowledge tells me that HCM often *results* in increased afterload, but the text itself doesn't explicitly go into the *mechanisms* behind sustained chronic afterload elevation.

Therefore, looking at it directly, the provided context *doesn't* contain a detailed explanation of the mechanisms. The question asks if they are ""detailed,"" and the answer is definitively no. So, in terms of information present, the context scores as very low, essentially a zero or low score. We could say that the context *lacks* the answer, as the details are simply not present. This is a straightforward case of insufficient information. The context doesn't explicitly answer the question asked. My expertise allows me to definitively evaluate the text for relevance and completeness, and it's quite clear the specific mechanisms are not detailed here.


",Score-Reasoning Inconsistency,"Model B correctly deduced that the text completely lacks the required details and even noted that it deserved 'essentially a zero or low score', but failed to map its conclusion to the lowest score (0), resulting in an ungrounded score of 1."
156493,1321883,156493,"If the water temperature in your house varies considerably from day to day, then you need to install a heater in your tank. Fancy goldfish varieties require a water temperature between 60oF(15oC) and 75oF(24oC). Water temperature is also very important when breeding goldfish.",0,0,1,"**Analyzing the Relevance of the Question**

Okay, so the user's question is ""Does it quantify age-dependent growth rate changes?"" I need to determine if the given context allows for a definitive answer to this. Let's see... the context is about goldfish and water temperature: suggesting a heater if the temperature fluctuates, and specifying temperature ranges for fancy goldfish and breeding. Hmmm, the temperature is certainly important for goldfish health, but it doesn't mention anything about *growth rates* being dependent on *age*. Absolutely nothing. The context provided gives me no information on age-dependent growth changes. Therefore, my expert assessment is that I can't derive an answer from it at all. Based on the context, there's just no way to quantify anything related to growth rate changes. The answer to the question has to be a resounding ""No, this context is completely irrelevant to the question."" I'm rating this a solid zero.


","Okay, here's my assessment of that question, considering my expertise:

**My Evaluation of the Question's Applicability**

Alright, so the prompt is asking if the provided text about goldfish tank water temperature somehow quantifies age-dependent growth rate changes. Immediately, the phrasing jumps out – ""quantify."" That implies a numerical relationship, a measurable effect. My brain's already going down the path of thinking, ""Can I *derive* anything from this? Are there *any* variables even mentioned that could relate?""

And the answer, as I read it, is a resounding *no*. The text is talking about water temperature in a goldfish tank, period. It doesn't allude to the age of the goldfish, the rate at which they grow, or any factors that might cause changes in their growth rate related to their age. It’s entirely absent. So, while I could *technically* answer ""No,"" the better evaluation, given my understanding of the scientific method and data analysis, is that the context is completely irrelevant. It offers a value of zero in answering the question. We're looking at apples and oranges here; there's no way to connect these ideas with the given context. It's not a question of poor wording, it's a matter of complete lack of relevant data.


",Score-Reasoning Inconsistency,"Model B's qualitative reasoning correctly concluded that the document is completely irrelevant and 'offers a value of zero', but it failed to align its final numerical rating with its own conclusion, incorrectly awarding a score of 1 instead of 0."
183378,1730040,183378,"Exome sequencing is only able to identify those variants found in the coding region of genes which affect protein function. It is not able to identify the structural and non-coding variants associated with the disease, which can be found using other methods such as whole genome sequencing.",0,0,1,N/A,N/A,Hallucinated Relevance,"The query consists entirely of an arbitrary numeric identifier ('183378') that does not appear in or relate to the passage on exome sequencing. Model B incorrectly assumed topical relevance despite the complete absence of matching information, whereas Model A correctly assigned a score of 0."
359349,2293818,359349,"All trapezoids have two main parts: bases and legs. The opposite sides of a trapezoid that are parallel to each other are called bases. The remaining sides of the trapezoid, which intersect at some point if extended, are called the legs of the trapezoid.",1,1,2,"**Analyzing the Context to Determine Answerability**

Okay, so the prompt wants me to figure out if I can determine the lengths of the parallel bases from the provided information. The context defines bases and legs, but it's purely *definition*. There aren't any actual *dimensions* given, no specific trapezoids described with their measurements. The question implied seems geared towards a math problem, but without any numbers or figures, there's nothing to work with.

Therefore, looking at what I have, the answer to the question ""Are the lengths...provided?"" is a resounding ""No."" The information required to determine those lengths isn't here. This means the ability to *answer* the question based on *this* context is zero. Basically, the grade I'd assign to this attempt is a 0. I'm confident in that assessment. The context is insufficient.


","Here's my thought process, summarized as you requested:

**Assessing the Information**

Okay, so the prompt wants me to figure out if I can determine the lengths of both parallel bases of a trapezoid *given* the information in the provided context. Let's break this down systematically. The context defines the terms: ""trapezoid,"" ""bases,"" and ""legs."" No problem there; I understand these geometric concepts.

However, and this is crucial, the context provides *zero* numerical values or dimensions. It's purely definitional. Hmm, that's important. The prompt is specifically asking if the question's answer is **based on** the context.

Wait a second, let me refine that...it isn't just asking if the lengths are *explicitly* given. It's asking if the context gives *enough* to *derive* those lengths. Since the context contains no numbers at all, the answer to the question must be no. There's nothing to work with. There are no dimensions to use in a formula. The correct response, then, is a solid 0. It is not possible to answer the question based on the given context.


",Score-Reasoning Inconsistency,"Model B's internal chain-of-thought concluded that the context provided no relevant information and explicitly stated 'the correct response, then, is a solid 0', yet it failed to align its final assigned score with this conclusion, outputting a score of 2 instead."
168216,4245224,168216,"Transmission of Legionnaires' disease from Person to Person. Legionnaires' disease is considered infectious but is not transmitted from person to person. Generally, a disease like this is caused by an infectious agent and not spread between people.",0,0,1,N/A,N/A,Hallucinated Relevance,"The query consists solely of an arbitrary number ('168216') with no semantic link or factual match to the document about Legionnaires' disease. Model A correctly assigned a score of 0 for complete irrelevance, whereas Model B hallucinated a connection or applied an overly lenient threshold to mark an entirely unrelated document as relevant."
527433,3224400,527433,"Traumatic brain injury and brain tumors are also causes of dysarthria. Slurred speech is the result of weakened or uncoordinated muscles within the throat or mouth. All of the aforementioned ailments can cause these types of speech impairment and muscular issues, states Mayo Clinic. Neuromuscular diseases, which affect the nervous system and the muscles, are often causes of dysarthria.",0,0,1,"**Evaluating the Context's Relevance**

Okay, let's break this down. My task is to figure out if this provided context has what I need to answer a very specific question: does it detail specific types of dysarthria that are linked to the different subtypes of Cerebral Palsy – the spastic, dyskinetic, and ataxic varieties?

Right away, I'm scanning for any mention of Cerebral Palsy. Nope, nothing. The context talks about traumatic brain injury, brain tumors, neuromuscular diseases, and generally weakened or uncoordinated muscles leading to slurred speech. That's all good, useful information, but it completely misses the mark. It's describing causes of dysarthria in a general way.

Therefore, since the context doesn't mention CP or those specific subtype correlations, I can't even begin to answer the question. It's a complete mismatch. The prompt clearly states I should evaluate if the question ""can be answered based on the available context?"". Since it cannot, the grade has to be a 0. It's simply not relevant to the query at all.


","Okay, here's my assessment of the information, rendered as if it were my thought process:

**Analysis of Dysarthria & CP Subtype Correlation**

Alright, the query specifically asks if the provided information correlates distinct types of dysarthria with the spastic, dyskinetic, or ataxic subtypes of Cerebral Palsy. That's the crux of the matter.

Now, let's dissect the context. We're given details regarding traumatic brain injury, brain tumors, slurred speech (which is a symptom, not a specific type of dysarthria), and mentions of institutions like the Mayo Clinic and neuromuscular diseases. But here's the kicker: *nowhere* in this provided material is there any discussion of the various Cerebral Palsy subtypes, nor does it provide a delineation between dysarthria types that are specific to any of them.

Consequently, there is absolutely nothing in this provided context that allows a response to the central question. The link between specific dysarthria and CP subtype is simply absent. It’s a complete non-starter. This merits a grade of 0. There's just no there, there.


",Score-Reasoning Inconsistency,"Model B correctly deduced in its reasoning that the context was completely irrelevant and explicitly stated that it 'merits a grade of 0', but it erroneously output a final score of 1, contradicting its own conclusion."
131843,3773270,131843,"Thunderstorms, hail and tornadoes. The SPC is primarily concerned with forecasting thunderstorms and tornadoes in the continental United States. At the core of its work is climatology, the study of climates and how they change. A basic understanding of how weather works relies on the historical record, Carbin said.",0,0,1,N/A,N/A,Hallucinated Relevance,"The query is an arbitrary numeric identifier ('131843') that has no connection to the document's content on weather forecasting and climatology. Model B incorrectly gave a non-zero relevance score, likely due to overly lenient thresholding or hallucinating a potential match for an ambiguous query."
1124210,2859505,1124210,Xylem vessels xylem vessel: Vein-like tissue which transports water and minerals up a plant are involved in the movement of water through a plant from its roots to its leaves. Water:1  Is absorbed from the soil through root hair cells.ylem vessels xylem vessel: Vein-like tissue which transports water and minerals up a plant are involved in the movement of water through a plant from its roots to its leaves. Water:,0,0,1,N/A,N/A,Spurious Match,"The query consists solely of an arbitrary numeric string ('1124210') with zero topical relation to the document about plant xylem vessels. Model B incorrectly assigned a relevance score of 1, likely triggered by a spurious overlap with isolated digits in the text (such as '1') rather than recognizing the document is completely irrelevant."
1124210,3466959,1124210,"The bark of a tree is a mixture of old, nonfunctional phloem and the young functional phloem (periderm). Xylem: There are two types of conducting cells in xylem, tracheids and vessel elements. Both have thick lignified secondary walls and are dead at maturity.round tissue has a wide variety of functions, even though it is composed of fairly simple tissue types. Parenchyma Tissue: The most abundant, diverse, and versatile cells in a plant are found in the parenchyma tissue.",2,2,1,"**Evaluating the Question's Answerability**

Okay, let's break this down. The question is ""Which primary vascular tissue type contains these cells?"". Immediately, my expert eye hones in on the ambiguity of ""these cells."" The provided context mentions phloem (both old and young), xylem (with tracheids and vessel elements), and parenchyma (ground tissue). The question, as it stands, is unanswerable. ""These cells"" is a floating signifier; it could refer to tracheids or vessel elements, which *are* in xylem (a vascular tissue), or it could be implying the parenchyma cells, which are mainly in ground tissue (though you *can* find parenchyma in vascular bundles).

Given that the question doesn't define ""these cells"" within *this* specific prompt, I'm forced to assume it's referring to something unstated, or perhaps to the tracheids/vessel elements mentioned previously. But even then, the question, as it stands, can't be conclusively answered. It hinges on an undefined term.

Therefore, since the prompt provides no information to determine what ""these cells"" are, I am forced to conclude that the answer cannot be confidently provided. The response is definitely not relevant or complete. I will go with a grade of **0**; The answer is not relevant or complete at all.


","**Analyzing the Question's Clarity and Contextual Relevance**

Okay, here's how I'm approaching this question. The initial phrasing, ""Which primary vascular tissue type contains these cells?"" immediately raises a flag. ""These cells"" is vague, and without a defined reference, I have to hunt for clarity. The context provided initially mentioned xylem, and mentions both tracheids and vessel elements in that context, and also mentions parenchyma tissue. 

So, I have to consider: can this question be answered effectively given the ambiguity? The context directly links tracheids and vessel elements to xylem. This suggests a direct answer is possible if ""these cells"" refers to either of those. If the question refers to parenchyma, then the answer is Parenchyma/Ground Tissue. But, since ""these cells"" is unclear, I have to think about how well the question can be answered.

Then, I remember that the context also provides other vascular tissue types (Xylem, Phloem). The critical link is that tracheids and vessel elements are clearly associated with Xylem.

Given that the original question is a bit lacking in specifics, I think about how well the question is actually defined. The question is a bit incomplete/ambiguous, and has gaps but the context provides clear links between vascular tissue types (phloem, xylem) and their cells.

I'm leaning towards rating this as a 3 or 4, with 3 likely being the best. The context provides enough information for a reasonable answer, but the vagueness of the question (""these cells"") prevents a truly complete assessment. Therefore, ""partially relevant and complete, with noticeable gaps"" (3) seems the most accurate rating.


",Score-Reasoning Inconsistency,"Model B explicitly reasoned toward a rating of 3 (arguing that the text provides sufficient links to partially answer the question despite the ambiguous phrasing), but ultimately output a score of 1, demonstrating an internal contradiction between its evaluation logic and its final score."
915593,6923054,915593,"A slow cooker sous vide is rather similar to a slow cooker in truth, but better. When you use a slow cooker to cook your food, the way it heats up is a lot different. Using a crockpot, your home will fill with an amazing aroma, and when you go to eat, you’ll often find that the flavor is lacking.",0,0,1,"**Analyzing the Context for Relevance**

Okay, so the user's question is pretty specific: ""Does it differentiate sous vide approaches for fibrous versus starchy vegetables?"" My initial assessment is, can the context even *begin* to address this? Let's break it down. The context mentions a slow cooker/sous vide comparison, and vaguely criticizes slow cookers. But I see *no* mention of vegetables, not a word about fibrous versus starchy textures, nor any discussion of cooking methods specific to vegetable types. It's really just talking generally about slow cooking and sous vide equipment, and the aromatic quality of the cooking process. Therefore, based on *this* particular chunk of text, the answer is a resounding *no*. This context is completely irrelevant to the actual question. The provided information offers no insight whatsoever into the nuances of sous vide vegetable preparation or their differing characteristics. So, in my expert opinion, the grade I'd assign is a flat 0. It's not just incomplete; it's entirely the wrong topic.


","**Analyzing the Context's Relevance**

Okay, so I'm presented with a comparison of slow cooker sous vide versus a crockpot – interesting, but not quite what I was expecting. The question asks about differentiating sous vide approaches for fibrous versus starchy vegetables. Right away, I see the disconnect. The provided context offers absolutely no insight into vegetable classifications or sous vide techniques specific to those types.

My initial assessment is clear: the context is silent on this matter. I can't derive an answer from it. But wait, this isn't about answering the *question*, it's about evaluating the context's suitability for answering the question! This changes things. This is a grading rubric. If the context *doesn't* offer information, then the relevant scoring option is '0' which in the rubric is ""The answer is not relevant or complete at all"" or simply ""0"". Seems straightforward, I'll go with zero.


",Score Inconsistency,"Model B correctly deduced that the text was completely irrelevant and explicitly concluded in its reasoning that the appropriate score was 0 ('I'll go with zero'), but contradicted itself by outputting a final score of 1."
104861,4724393,104861,"So, for a 40'x20' area (about 800 square feet), you're probably looking at 10-16 cubic yards of concrete, or about $1000-1600 in concrete alone ($1-2 per square foot in concrete is a good general rule).",0,0,1,N/A,N/A,Spurious Numeric Match,"The query consists solely of an arbitrary numeric identifier ('104861') that has no relation to the document about concrete costs. Model B likely hallucinated relevance or made a false-positive connection based on the presence of numbers in the text, whereas Model A correctly recognized that the document is completely irrelevant."
146187,4777147,146187,"McDonald’s may have scaled back their Dollar Menu recently, instead replacing it with the “Dollar Menu & More” menu, which includes items that cost up to two dollars, but thankfully their breakfast Dollar Menu remained unaffected, and you can still get a handful of McDonald’s breakfast items for a buck.",0,0,1,"**Analyzing the Context for Relevance**

Okay, so the core question is whether the provided text tells us how many cheese slices come with a specific item. I need to carefully examine the context to determine if it explicitly provides this detail. Let's see... the text discusses McDonald's menu changes, specifically the Dollar Menu and the breakfast items on that menu. Hmm, interesting...

But does it say *anything* about cheese slices? No, not a word. The context focuses on the price and the existence of certain menu items, but there is nothing about cheese. Therefore, the question cannot be answered. Since the context fails to provide any relevant information, the appropriate score would have to be a 0, as the answer is neither relevant nor complete.

Right, the prompt is about the ability to *answer* the question based on the context, so a score of 0, meaning that the question cannot be answered at all, is the correct response.


","**Analyzing the Cheese Slice Inquiry**

Okay, here's the deal. The prompt asks if the context specifies the number of cheese slices per item. The context references McDonald's Dollar Menu and breakfast items, but cheese isn't mentioned. My initial thought is a straightforward ""No,"" because the context is silent on the matter. However, I need to evaluate this through the lens of *can the context answer the question?*

Wait, I need to assess the context's ability to answer, and this looks like a binary evaluation of whether the information can be derived from the context - not about whether I know the answer myself.

The grading prompt, thankfully, clarifies that I'm assessing the context, not my knowledge. It's expecting a JSON format: `{ ""grade"": int }`.

Now, the important part. Since the context contains *zero* information about cheese slices, I need to assign a context rating, and a rating of ""0"" seems right because the answer cannot be found.


",Reasoning-Output Inconsistency,"Model B correctly deduced that the text contains no relevant information and explicitly concluded in its thought process that a score of 0 was appropriate, but failed in the final execution step by outputting a score of 1."
1124210,2461681,1124210,"vascular tissue. n. 1. (Botany) tissue of higher plants consisting mainly of xylem and phloem and occurring as a continuous system throughout the plant: it conducts water, mineral salts, and synthesized food substances and provides mechanical support.Also called: conducting tissue.oun. 1. vascular tissue-tissue that conducts water and nutrients through the plant body in higher plants. vascular system-the vessels and tissue that carry or circulate fluids such as blood or lymph or sap through the body of an animal or plant.",0,0,1,N/A,N/A,Hallucinated Relevance,"The query consists solely of an arbitrary numeric ID ('1124210') with no lexical or semantic connection to the botanical definition of vascular tissue. Model A correctly recognized complete irrelevance (0), whereas Model B regressed by being overly permissive and hallucinating relevance where none exists."
915593,4566816,915593,"The term sous vide (pronounced soo–veed) is a French term, meaning under vacuum. Sous vide is a culinary technique in which vacuum-sealed food is immersed in a water bath and cooked at a very precise, consistent temperature.This cooking technique typically involves cooking food for longer periods of time at a lower temperature.he term sous vide (pronounced soo–veed) is a French term, meaning under vacuum. The term s ous vide (pronounced soo–veed) is a French term, meaning under vacuum.",0,0,1,N/A,N/A,Hallucinated Relevance,"Model B assigned a non-zero relevance score to a document about sous vide cooking for a completely unrelated numeric query ('915593'), likely due to a tendency to award baseline relevance or an inability to reject completely irrelevant content."
156493,4623709,156493,I am getting a lot of questions on how much to feed a goldfish. You can not go by the directions on the tank with my fish because they can keep eating in a few minutes over and over due to their anatomy. So I have two goldfish who should be in a 20 gallon tank.,0,0,1,"**Evaluating the Context for Relevance**

Okay, let's see. My primary task here is to determine whether this text segment has the information necessary to address the question of age-dependent growth rate changes. The question is very specific, and I need to be equally precise in my evaluation. I see the context revolves around goldfish feeding and tank size – how much to feed, how many goldfish in a 20-gallon tank… Hmm, it's about goldfish care, specifically focusing on basic needs. I'm not seeing *anything* about growth rates, let alone how they change with age. There's no mention of measuring length or weight over time, no discussion of metabolic shifts, nothing. It's completely absent. Therefore, this context is entirely irrelevant, no matter how much I analyze the finer points. The answer to the question of age-dependent growth rate change is definitively *not* within this text. It's a clear zero.


","**Evaluating the Context's Ability to Address the Question**

Okay, here's what I'm thinking. The core question is whether the context lets us quantify age-dependent growth rate changes, which, based on my understanding of this field, is a specific and potentially complex analysis. The immediate context of feeding goldfish and tank size has nothing to offer on this topic. It's a non-starter.

But hang on… is this about evaluating an *answer* that's provided, or simply about whether the *question can be answered* given the text? The prompt says, ""Can the question be answered based on the available context?"" That's a key distinction. Traditionally, I'd expect an evaluation to judge how a given *answer* aligns with the *context*, but there isn't an explicit ""Answer"" section, just Question and Context.

Ah, I see. It seems the prompt wants me to evaluate the *context* itself. Does the *context* provide enough information to *answer* the question? Since the context is silent on age-dependent growth rates, the answer, or rather, the *evaluation* of the context's ability to answer, is a clear zero. The context is insufficient for a positive response.


",Score-Reasoning Inconsistency,"Model B's chain-of-thought explicitly concludes that the text is entirely irrelevant and warrants 'a clear zero', but it erroneously outputs a final score of 1, contradicting its own internal logic."
1124210,6996637,1124210,They help protect the leaf and also give it a fuzzy appearance. What does dermal tissues consists of in roots and what is its function? Dermal tissues includes root hair cells that provide a large amount of surface area and did in water absorption outside it contains guard cells. What is the function and cell types of xylem? Transports water and vessel elements,0,0,1,N/A,N/A,Hallucinated Relevance,"The query consists solely of an arbitrary numeric identifier ('1124210') with zero lexical, semantic, or conceptual connection to the document, which discusses plant anatomy and tissue functions. Model B was overly lenient or hallucinated a connection, failing to assign a score of 0 to a completely irrelevant text."
182539,6037973,182539,"Two facts about these functions are: 1  if is a monotonic function defined on an interval, then is differentiable almost everywhere on, i.e. the set of numbers in such that is not differentiable in has Lebesgue measure zero.2  In addition, this result cannot be improved to countable: see Cantor function.f the order in the definition of monotonicity is replaced by the strict order, then one obtains a stronger requirement. A function with this property is called strictly increasing. Again, by inverting the order symbol, one finds a corresponding concept called strictly decreasing.",1,1,0,N/A,N/A,Misunderstood Query Intent,"Model B failed to recognize that the query '182539' represents a document/passage identifier rather than a topical search term. By evaluating the text solely for topical or lexical overlap with the number, it incorrectly judged the document as irrelevant."
1124210,2075641,1124210,Xylem and Phloem are the vascular tissues of plants. Xylem is the plant tissue that form the vessels that transport water and mineral salts absorbed from the soil to plant cells. Phloem is the plant tissue that forms the vessels that transport dissolved sugar from the leaves (where it is produced via photosynthesis) to other plant cells.,0,0,1,N/A,N/A,Hallucinated Relevance,"The query consists solely of an arbitrary number ('1124210') with no connection to the biological text about xylem and phloem. Model A correctly identified complete irrelevance (0), while Model B hallucinated a connection or defaulted to a non-zero relevance score for an unmatchable query."
1113437,8128798,1113437,"The Blue Spruce is the state tree of Colorado and Utah, plus the U.S. National Christmas Tree is also a Blue Spruce. Description Spruce trees are large, with some species maturing up to 200 feet tall.",0,0,1,"**Assessing the Viability of a Specific Question**

Okay, let's break this down. The core query is whether the provided text allows for a definitive ""yes"" or ""no"" answer to the question about persistent sterigmata on twigs. That's the crux of the matter.

Looking at the text, the description focuses on the Blue Spruce's stature – its height and significance as a state and national symbol. It's a broad-strokes overview, almost a ceremonial introduction. There's absolutely nothing in this description that delves into the microscopic morphology of twigs, nor does it even hint at the presence or absence of persistent sterigmata. These are specialized botanical terms, and the provided text is clearly not intended to be a taxonomic or physiological treatise.

Consequently, there is no way to formulate a responsible or scientifically sound answer to that specific question based on this context. The information simply isn’t there. Therefore, the assessment has to be a resounding zero. The question is unanswerable with the given material.


","**Analyzing the Inquiry: Blue Spruce Sterigmata**

Okay, so the provided text gives some basic facts about the Blue Spruce, like its status as a state tree and its typical height. But the question's focus is on the *presence* and *description* of ""persistent sterigmata"" on its twigs. Hmmm... the context just doesn't offer that level of detail. It's completely silent on both ""sterigmata"" and ""twigs.""

Given my expertise, I instantly recognize that the context lacks the specific botanical information necessary to address this particular question. The rating system typically aligns a '0' with situations where the context is irrelevant or fails to address the question.

Therefore, considering the prompt is asking if the question can be answered from the provided context, I must conclude that the answer is: No. I can't answer the question based on the text. Grade 0.


",Score-Reasoning Inconsistency,"Model B correctly deduced that the text lacks the necessary information and explicitly stated in its final reasoning sentence that the assessment should be 'Grade 0', but it erroneously output a score of 1."
1114646,3467665,1114646,"1 Antiviral medications, such as acyclovir (Zovirax), valacyclovir (Valtrex), and famciclovir (Famvir), can decrease the duration of skin rash and pain, including the pain of PHN. 2  These medications must be started early (up to about 24-72 hours after rash development) in the disease course to have any benefit.",0,0,1,N/A,N/A,Spurious Relevance Attribution,"The query consists entirely of an arbitrary numeric string ('1114646') with no semantic connection to the medical passage about antiviral medications. Model B failed to recognize the complete lack of relevance and incorrectly assigned a positive score, likely distracted by superficial token patterns or hallucinating a topical link."
359349,2826513,359349,"All trapezoids have two main parts: bases and legs. The opposite sides of a trapezoid that are parallel to each other are called bases. The remaining sides of the trapezoid, which intersect at some point if extended, are called the legs of the trapezoid. The top and bottom sides of the trapezoid run parallel to each other, so they are the trapezoid's bases. The other sides of the trapezoid will intersect if extended, so they are the trapezoid's legs.",1,1,2,"**Grading the Question About Trapezoid Base Lengths**

Okay, so I need to evaluate whether we can determine if the lengths of a trapezoid's parallel bases are *given* within the provided context. The user is asking me to grade this question based on the material at hand. My expertise tells me this is a simple task, looking for specific data.

I see that the context defines a trapezoid, its bases, and its legs. That's good; we have the terminology. However, there's no mention of *specific* numerical values or any sort of example trapezoid with lengths or dimensions. It's purely definitions.

Therefore, the phrase ""Are the lengths of both parallel bases provided…?"" is referencing a separate, external problem or mathematical figure that is *not* present in the text I'm given. The context is only definitions and that's not enough to say that the answer is yes, or derive an answer. I can't answer the question based solely on what's here.

The question explicitly asks ""Can the question be answered based on the available context?"". That's the key. Since the necessary dimensions are missing, the most appropriate score is a 0. I considered a 1, because the answer could be interpreted as a ""No, they're not provided,"" but the standard approach for this kind of evaluation is 0 when the context is lacking the required elements. It seems to me the system is meant to determine if the relevant information is contained within the context. And here, it isn't, so the score must be zero.


","**Grading the Question's Answerability**

Okay, so I'm presented with a question and some context. My task is to assign a grade (0-5) based on whether the question can be answered *using only* the provided context. Let's break this down. The question is: ""Are the lengths of both parallel bases provided, either directly or derivable from other given dimensions?"" The context, as I understand it, defines what the bases and legs of a trapezoid are. Simple definitions. No specific numbers, no dimensions, nothing.

My immediate thought is, ""This is a straightforward assessment."" Since the context doesn't offer *any* numerical values or dimensions – not for bases, not for legs, nothing – it's impossible to determine if the lengths of the parallel bases are provided, either directly or indirectly. The answer, based purely on the context, would be a flat ""No, no dimensions are given"". But, the context doesn't even contain the elements of a math problem or specific lengths or calculations, so it's not even relevant to a math problem in particular. So, does the context actually *answer* the question?

The question asks a *specific* question about data, but the context doesn't have any specific data. It's only a definition. So either the answer is incomplete, or the context is irrelevant to the question. Therefore, my initial instinct says the grade should be either a 0 or a 1. Now, let's carefully evaluate if it's a 0. Thinking about it, the context doesn't offer anything useful to the question, and the answer is not at all complete or relevant. Okay, a grade of 0 feels appropriate.


",Score-Reasoning Inconsistency,"Model B concluded in its reasoning that the context was insufficient and explicitly stated that a grade of 0 was appropriate, yet it ultimately output a score of 2, directly contradicting its own evaluation."
156493,1171591,156493,"Rating Newest Oldest. Best Answer: They can, but do not have to. Goldfish in a home aquarium are perfectly fine not hibernating. The vast majority of pond fish (goldfish, koi, comets, shubunkins and orfe) are related to the carp and have been overwintering in our climate very successfully for hundreds of years.Fish are cold blooded, which means that they take their body temperature from that of the surrounding environment.es they can and will if the conditions are right. Usually outside pond goldfish once the water reaches 50 degrees will begin their hibernation stage. If they are in a pond they should not be fed once the temps reach 55.",0,0,1,N/A,N/A,Hallucinated Relevance,The query consists solely of an arbitrary numeric identifier ('156493') with no semantic connection or match to the document about fish hibernation. Model B failed to recognize the query as completely irrelevant noise and erroneously awarded a non-zero relevance score.
146187,262494,146187,"More than 17 million Americans live in manufactured housing. 1  Owners of manufactured homes are disproportionately low-income: in 2009, the median annual household income for those living in manufactured housing was $30,000, versus a national median of $49,777.",0,0,1,"**Evaluating Context Relevance**

Okay, so I'm presented with a question: ""Does it specify the number of cheese slices per item?"" My task is to determine if the provided context allows me to answer this question. The context, as I see it, discusses manufactured housing and median household income – completely unrelated topics. There's not a single mention of cheese, food items, or anything that would allow me to determine the number of cheese slices.

Now, I could technically say ""No, the context doesn't specify..."" in response to the *question itself*. However, the core of these assessments is typically about whether the *context* provides enough information to address the subject of the question. Does the context contain the answer? Does the context allow me to answer the question? In this case, the context is utterly irrelevant. While the question *is* answerable on its own, the context is useless. Therefore, giving a 0 makes the most sense. The context offers nothing to help us. It's not a matter of a partial or incomplete answer; it's a matter of no relevant information whatsoever. So, I'm assigning a 0 score because the context is totally irrelevant.


","Here's my assessment of the situation:

**Irrelevant Context, Zero Points**

Okay, so the query is straightforward – it's explicitly asking about ""cheese slices per item."" But then, we're hit with a description of manufactured housing and household income in the US. Now, I'm well-versed in statistical analysis, demographics, and consumer behavior, but this context has absolutely *nothing* to do with the quantity of cheese slices in a given product, whatever that product might be. There's no possible logical connection here. Therefore, applying any analytical framework or attempting to derive an answer based on the given information is a complete waste of time. My professional judgment is that the relevance score has to be a resounding zero. No amount of creative interpretation can bridge this contextual gap.


",Score-Reasoning Discrepancy,"Model B explicitly argued that the document was completely irrelevant and concluded that the score should be a 'resounding zero,' but suffered an alignment failure when assigning the final numerical output, resulting in a score of 1 instead of 0."
131843,8156986,131843,"Supervisors, along with the CHP, monitor the weather and highway conditions. If inclement weather is forecasted, a snow removal crew is activated to monitor and observe the actual conditions. If there is a high probability that a storm will pass through the Grapevine area, a base crew will be mobilized. After the storm, the",0,0,1,"**Grading the Question: Issuing Authority and Geographical Scope**

Okay, let's break this down. My task is to evaluate whether the context provides sufficient information to answer the question: ""Does it specify the issuing authority and geographical scope?"" The context states, ""Supervisors, along with the CHP, monitor the weather..."" and mentions the ""Grapevine area.""

Now, examining the question, the context is somewhat helpful. ""Issuing authority"" isn't *explicitly* identified as a singular entity, but ""CHP"" (California Highway Patrol) and ""Supervisors"" are named as those who are *monitoring*. We can reasonably infer that the authority for issuing something weather-related might be implied, even if not explicitly stated. The ""Grapevine area"" is clearly stated as the geographical scope.

So, *can* the question be answered, based on the provided context? Absolutely. The context *does* specify, in a way. I can say, with confidence, that the context allows us to determine whether issuing authority and geographical scope are mentioned. The question asks ""Does it specify..."" and the answer based on the context is ""Yes, it mentions Supervisors and CHP (potential authority) and the Grapevine area (geographical scope).""

Therefore, the response is highly relevant, the answer is complete, and the information is accurate. This merits a high score. I'm assigning a grade of 5.


","**Evaluating the Context's Answerability**

Okay, here's the deal. I need to figure out if the context provided is sufficient to answer the question: ""Does it specify the issuing authority and geographical scope?"" The context mentions ""Supervisors, along with the CHP"" and ""Grapevine area."" Hmm, that's something. But, does it actually *specify* the issuing authority of a document, or is it just talking about who's monitoring the situation? And the context cuts off, leaving me hanging after ""After the storm, the..."" That's less than ideal.

Wait a second. Let's step back and look at this as if it is a RAG evaluation. We need to assess if the *context* allows us to answer the question, not necessarily if the answer is definitive on its own. Now the answer is clear.

So, the question is: ""Does it specify the issuing authority and geographical scope?"" The context tells us about ""Supervisors, CHP"" (which could be issuing or monitoring), and the ""Grapevine area."" In the context of RAG evaluation the context does indeed provide the answer. It specifies Supervisors, CHP, and Grapevine area. Therefore, looking at the standard RAG evaluation, I'd say the context is highly relevant, complete, and accurate, easily warranting a 5.


",Hallucinated Context,"Both models suffered from severe prompt drift by hallucinating an entirely unrelated query/evaluation task ('Does it specify the issuing authority and geographical scope?' instead of the actual query '131843'). However, Model B regressed by outputting a non-zero relevance score (1) instead of 0, incorrectly awarding relevance to completely unrelated text."
527433,7991767,527433,And that's just the beginning! 1  We can also serve individuals with: 2  Autism Spectrum Disorder (or ASD) 3  Apraxia of Speech. 4  Cochlear Implants. 5  Learning Disorders/Learning Disabilities. 6  Pervasive Developmental Disorder (or PDD) 7  Speech Muscle Weakness (also known as Dysarthria) 8  Sensory Integration Disorder.,0,0,1,N/A,N/A,Over-permissive Scoring,"Model B incorrectly assigned marginal relevance (score 1) to a document that shares no lexical or semantic connection with the numeric query '527433', whereas Model A correctly identified that the document is completely irrelevant (score 0)."
962179,3896630,962179,"William Booth died on August 20, 1912 at the age of 83.",0,0,1,"**Evaluating the Question's Answerability**

Okay, so I've got this question: ""Does the information specify when The Christian Mission officially adopted the name 'The Salvation Army'?"" My immediate task is to figure out if the provided context actually *answers* that question, or at least gives me something to work with.

The context I'm given is, ""William Booth died on August 20, 1912 at the age of 83."" Hmm. That's about William Booth's death date and age. It's historically relevant, sure, but… it doesn't mention *anything* about ""The Christian Mission"" or the name ""The Salvation Army,"" much less a date of name adoption!

Therefore, based purely on this context, I can't even begin to address the core question. There's zero relevant information. My assessment is clear: the answer is simply *not* present within the provided text. So, the grade has to be a resounding 0.


","**Evaluating the Question's Answerability**

Okay, here's the task: I need to determine if the provided context allows us to answer the question about the name change of The Christian Mission to The Salvation Army. Specifically, the question is ""Does the information specify when..."" and that's the key.

My initial assessment is that the context, which mentions William Booth's death in 1912, is completely unrelated to the name change. I need a rating from 0 to 5, and in this situation, I'm leaning heavily towards 0. Why? Because the context is completely silent on the specific date or any information related to the official adoption of the name. It's not just incomplete; it's *absent*.

Let me re-evaluate based on the instructions. The question is ""Does the information specify when..."" and I can grade 0 as ""The answer is not relevant or complete at all"". That's perfect. The provided text doesn't specify *anything* about the name change. Therefore, my final rating is a 0.


",Score-Reasoning Contradiction,"Model B correctly deduced throughout its reasoning that the context was completely unrelated and explicitly concluded that the final rating should be a 0, but it erroneously assigned a score of 1 in the final output."
156493,2940587,156493,"How Much Should I Feed My Goldfish. When feeding your goldfish you should try and only give your goldfish enough food that they can eat within 2 minutes of feeding them. If they've eaten all you've given them before 2 minutes is up, give them a little more.",0,0,1,"**Grading the Question's Answerability**

Okay, so I need to assess whether the provided text allows for an answer to the question: ""Does it quantify age-dependent growth rate changes?"" I'm looking for a solid ""yes"" or ""no"" based solely on the context.

The context is about goldfish feeding: ""How Much Should I Feed My Goldfish. When feeding your goldfish you should try and only give your goldfish enough food that they can eat within 2 minutes of feeding them. If they've eaten all you've given them before 2 minutes is up, give them a little more."" Hmm, not a single mention of age, growth rates, or anything related to how feeding might change as the goldfish grows older. This is purely about immediate feeding practices.

Therefore, given this information, the question is unanswerable. There's zero relevance to age-dependent growth rates. It's a complete mismatch. The task specifically asks for a grade from 0 to 5, and in this case, a score of 0 is the correct choice because there is no information in the context to answer the question.


","Okay, here's my take on that.

**Analysis of the Question and Context**

Right, so the question is probing whether this material provides a quantitative assessment of how growth rates shift with age. That's pretty straightforward. Now, let's look at the ""context."" Feeding goldfish? The two-minute rule? That's all about providing the right amount of food, not about measuring or analyzing growth rates in relation to age. There's simply nothing here that relates to the core of the question. Nothing about experimental design, data on growth over time, or any statistical analysis related to aging effects. Essentially, the context is completely irrelevant to quantifying anything about age-dependent growth rate changes. Therefore, it's a resounding ""no,"" and I'd give it a solid zero.


",Score-Reasoning Inconsistency,"Model B correctly deduced that the text was completely irrelevant and explicitly concluded in its reasoning that it deserved a 'solid zero', but it erroneously output a final score of 1 instead of matching its stated conclusion."
1133167,8839919,1133167,"Weather Overview for Ocho Rios. Ocho Rios is located on the north coast of Jamaica about 100 miles to the east of the island’s other popular holiday destination, Montego Bay. It’s a fast-growing town, thanks in no small part to the tourist trade, and now has nearly 100,000 inhabitants.",1,1,0,N/A,N/A,Failure to Recognize Identifier,"Model B failed to recognize the numeric query as a location, weather station, or database entity identifier corresponding to Ocho Rios, incorrectly dismissing it as an irrelevant number."
962179,4257876,962179,"Booth abandoned the conventional concept of a church and a pulpit, instead taking his message to the people. His fervor led to disagreement with church leaders in London, who preferred traditional methods. As a result, he withdrew from the church and traveled throughout England, conducting evangelistic meetings.",0,0,1,"**Evaluating the Question's Answerability**

Okay, let's break this down. The core of the issue is whether the provided text lets me determine when ""The Christian Mission"" officially became ""The Salvation Army."" My first step is to quickly scan the context for those specific terms. Nope, not seeing either of them mentioned. The passage describes William Booth's early ministry and divergence from traditional church structures, but it doesn't give any historical detail like the name change I'm looking for.

Therefore, since the context fails to provide any relevant information on the question, the question is unanswerable. My evaluation of its answerability based on the given text is a resounding zero. Given the instructions, I am choosing the option that says this.


","**Analyzing the Context and the Question**

Okay, let me break this down. The context provided focuses on William Booth, his evangelistic work, and his separation from the established church. Crucially, it *doesn't* mention ""The Christian Mission"" or the point at which it became ""The Salvation Army."" Therefore, the question of *when* the name change happened is simply unanswerable based on the information I have.

Wait a second, the prompt is asking me to rate if the question can be answered from the *context*, or if the answer itself has quality? The scale specifies ""The answer is..."" meaning it's really about the context's ability to provide an answer. Since I don't have an actual answer here, I'm evaluating the *context*. It's a standard prompt evaluation of a retrieval question.

So, let me re-evaluate... Does the provided context answer the question about the name adoption date? No, it completely omits that detail. Therefore, on this scale, the rating is definitely a 0. The context doesn't provide enough information.


",Score-Reasoning Inconsistency,"Model B correctly deduced in its reasoning that the document does not contain the necessary information and explicitly stated that the rating should be 0, but inexplicably output a final score of 1, contradicting its own conclusion."
1124210,2089545,1124210,"As vascular plants, gymnosperms contain two conducting tissues, the xylem and phloem. The xylem conducts water and minerals from the roots to the rest of the plant and also provides structural support.",0,0,1,N/A,N/A,Hallucinated Relevance,"The query consists solely of an arbitrary number ('1124210') with no lexical, semantic, or topical relation to the botanical passage about gymnosperms. Model A correctly assigned a score of 0, whereas Model B hallucinated relevance or defaulted to a non-zero score despite the complete lack of connection."
168216,4493884,168216,"Although legionnaires' disease primarily affects the lungs, it occasionally can cause infections in wounds and in other parts of the body, including the heart. A mild form of legionnaires' disease — known as Pontiac fever — may produce signs and symptoms including a fever, chills, headache and muscle aches. Pontiac fever doesn't infect your lungs, and symptoms usually clear within two to five days.",0,0,1,N/A,N/A,Hallucinated Relevance,"Model B assigned relevance to a document about Legionnaires' disease for an opaque numeric query ('168216') with no textual, contextual, or semantic overlap, whereas Model A correctly identified that the document is completely irrelevant."
855410,5465332,855410,"Anti-Aging Acne Regimen is a 3-step system to help clear adult acne and reduce the visible signs of aging without over-drying skin. Murad’s Anti-Aging Acne products are formulated with pharmaceutical-grade ingredients to treat and help prevent breakouts, and reduce the appearance of fine lines and wrinkles.",0,0,1,N/A,N/A,Assumed Latent Match,"Model B likely treated the numeric query '855410' as a possible SKU or product identifier that could correspond to the regimen, awarding partial relevance despite the document containing zero evidence or mention of the number."
168216,1974327,168216,"To kill general bacteria, 110˙f should be sufficient, but … most people don't have the water that hot, because it's too hot for them.(you still need soap to kill bacteria). But there are different temperatures for different bacterias. Like Legionella requires the water to be 170˙f.o kill general bacteria, 110˙f should be sufficient, but … most people don't have the water that hot, because it's too hot for them.(you still need soap to kill bacteria). But there are different temperatures for different bacterias. Like Legionella requires the water to be 170˙f.",0,0,1,N/A,N/A,Hallucinated Relevance,"The query consists solely of an arbitrary number ('168216') that bears no relation to the document discussing water temperature and bacteria. Model A correctly identified complete irrelevance (0), while Model B erroneously awarded a point, likely hallucinating a connection or defaulting to lenient scoring on an uninterpretable query."
156493,5122743,156493,"If your goldfish tank is kept in a place that does not have enough light then you may notice your fish’s color start to fade. Goldfish have even been known to turn an unhealthy white color when not getting the light they need!Changes in light levels also let your goldfish know whether it’s currently day or night.oldfish definitely do need light! Like most animals, goldfish would not be healthy if permanently kept in dull or dark conditions. Unlike some fish that live deep in the sea, wild goldfish live in lakes and rivers that are often illuminated by relatively bright daylight.",0,0,1,N/A,N/A,Hallucinated Relevance,"The query is an arbitrary numeric string ('156493') that has no semantic or topical connection to the document about goldfish lighting requirements. Model A correctly identified the complete lack of relevance and gave a score of 0, whereas Model B generated a false positive by assigning a relevance score of 1."
1114819,1625836,1114819,"BERKS MEDICAL EQUIPMENT LBN SJH SERVICES CORPORATION Durable Medical Equipment & Medical Supplies. A supplier of medical equipment such as respirators, wheelchairs, home dialysis systems, or monitoring systems, that are prescribed by a physician for a patient?s use in the home and that are usable for an extended period of time.",2,2,1,"**Assessing the Definition of ""Durable""**

Okay, so the question is, can we definitively say *how* the ""durable"" aspect is defined, either quantitatively or qualitatively, based on the given context? The context defines ""Durable Medical Equipment & Medical Supplies"" as equipment prescribed for home use that's ""usable for an extended period of time."" Alright, that gives me a *qualitative* definition: ""usable for an extended period of time."" But that's it. It doesn't tell me anything *quantitative*.

Therefore, the response is partially complete. We have a qualitative aspect, but it's very brief. We're missing that quantitative piece entirely. Let's see, what grade should I give it?

Initially, I considered a 3, but the lack of a quantitative definition is a big gap. Let's revisit if the question can be answered *at all*. The context really only says ""usable for an extended period of time"" – that's it. So, a grade of 2 or 3 feels appropriate, considering how limited that definition is.

The qualitative definition is there, though, albeit in a rudimentary form. Given that it partially answers the question, I will go with a 3. Perhaps that is being too generous. ""usable for an extended period of time"" *is* a qualitative definition. But is it really a 3? Perhaps it is only a 2, given the *significant gaps* due to the missing quantitative aspect. Given it is missing the quantitative portion, the grade is actually likely closer to a 2 than a 3. Let's stick with 3.


","**Defining ""Durable"" in Context**

Alright, let's break this down. The core of the question seems to be about how we define ""durable"" within this specific scenario. The context provided, thankfully, is pretty clear. It defines ""durable"" as something ""usable for an extended period of time."" That's the key. That definition is, by nature, qualitative, but it's *there*. And it's sufficient to answer the question as it's been posed. Given that we have a workable definition right in front of us, the problem is fairly straightforward. I'd give it a solid 5; it's a simple deduction, nothing overly complex.


",Score-Reasoning Contradiction,"Model B concluded in its reasoning that the definition was completely sufficient and deserved a 'solid 5', yet inexplicably outputted a score of 1, showing an extreme disconnect between its evaluation and final numerical rating."
405717,6654653,405717,Charles de Gaulle Airport is located within portions of several communes 25 km (16 mi) to the northeast of Paris. The airport serves as the principal hub for Air France as well as a European hub for fellow SkyTeam alliance partner Delta Air Lines.,1,1,0,"**Analyzing the Context for CDG's Administrative Location**

Okay, so the user wants to know if I can pinpoint the specific administrative department containing Charles de Gaulle Airport (CDG) based on the information provided. Let me see... the text says CDG is located within portions of several communes, 25km northeast of Paris. It also mentions its importance as a hub for Air France and Delta. *Crucially*, it doesn't actually name any administrative departments, like Val-d'Oise, Seine-et-Marne, or Seine-Saint-Denis, which are the relevant units here. Therefore, my assessment is that *no*, the question cannot be definitively answered from this provided context. The context is silent on the critical detail of administrative departments. The appropriate grade, given the lack of relevant information, is a 0.


","**Evaluating the Question's Answerability**

Okay, let me break this down. The core question is: can I definitively identify the administrative department housing Charles de Gaulle Airport (CDG) based on the given text? My initial assessment is that I need to carefully sift through the context provided to see if the administrative division, such as a specific *département* like Val-d'Oise, is mentioned.

The text describes the airport's location as being within ""portions of several communes 25 km (16 mi) to the northeast of Paris."" While this provides geographical context, and even speaks of communes, critically, it *doesn't* specify the administrative *department* itself. My expertise tells me that communes are contained within *départements*, so knowing the communes alone is insufficient to identify the department. The context also highlights CDG's role as a hub, but that's irrelevant to the departmental question.

Therefore, because the relevant administrative department isn't explicitly named, or even implicitly deducible from the information, the answer is a resounding ""no."" I'd grade this as a 0 – the context simply doesn't contain the data required to answer the question, or any information that would enable inference.


",Overly Strict Answerability,"Model B applied an excessively strict standard, requiring the document to explicitly and definitively name the administrative department rather than recognizing the passage's partial relevance to the query's location question."
156493,490166,156493,More Growing Tips for Vegetables and Herbs that Bolt: 1  Growing Basil. 2  Growing Beets. 3  Growing Broccoli. 4  Growing Cabbage. 5  Growing Cilantro. 6  Growing Dill. 7  Growing Lettuce. 8  Growing Spinach.,0,0,1,"**Evaluating the Question's Applicability**

Okay, let's break this down. My immediate task is to assess whether the provided context allows me to answer the question: ""Does it quantify age-dependent growth rate changes?"" I need to determine if the given material has information relevant to that specific query.

The context I have is simply a list: ""Growing Basil,"" ""Growing Beets,"" etc. These are all common vegetables and herbs, and the topic seems to be about those that ""bolt."" My expertise instantly tells me that this list alone gives me nothing quantitative about age-dependent growth rates. There's no data, no models, no experimental results—nothing that addresses growth changes over time, let alone age-dependent changes.

Therefore, since the context provides absolutely no information that would allow me to answer the question, the response is definitely a zero. It's not even a case of the answer being incomplete; it's completely irrelevant. The question *cannot* be answered based on what's available. The prompt is clear: *Can* the question be answered based on the context? The answer is no. Thus, zero is the appropriate grade.


","**Analyzing the Context for Age-Dependent Growth Rates**

Okay, so the prompt is asking about age-dependent growth rate changes in vegetables and herbs that bolt, specifically focusing on ""Growing Tips for Vegetables and Herbs that Bolt."" My initial assessment is that the context *explicitly* avoids mentioning or quantifying any age-related changes in growth rates. It's a hard zero, as far as I can see. The focus is likely on environmental factors or specific strategies to *prevent* bolting, not on a detailed analysis of how growth rate itself changes with the plant's age. I'm essentially looking for a specific dataset, or research paper, or even just some kind of descriptive mention of age-related rate changes within the provided context, and it's simply not there. The question, in this context, is unanswerable.


",Score-Reasoning Contradiction,"Model B's written reasoning explicitly concluded that the document was completely irrelevant and deserved a 'hard zero', but it inexplicably output a final score of 1, contradicting its own assessment."
1124210,6688367,1124210,The specialized structures in vascular plants transport water and  minerals is the xylem vessels. There are two types of transport  tissue and they are the xylem and phloem.,0,0,1,N/A,N/A,Spurious Relevance Detection,"The query consists solely of an arbitrary numeric string with no semantic or contextual connection to plant biology. While Model A correctly recognized complete irrelevance and assigned 0, Model B exhibited a false-positive bias by granting non-zero relevance to completely unrelated text."
915593,7082922,915593,Related Posts. 1  How to Bake Country Style Pork Ribs Pork ribs are a favorite the world over. 2  How to Bake Pork Ribs Low heat and slow cooking is a great way to achieve a delicious meal of baked pork ribs. 3  How to Bake Corned Beef There are other alternatives to boiling corned beef with cabbages and carrots.,0,0,1,"**Grading the Answerability of the Question**

Okay, so I'm being asked to assess whether a question can be answered, given this context. The question is about differentiating sous vide approaches for fibrous versus starchy vegetables. My initial reaction is, ""This is going to be a quick one."" I reviewed the provided context and it discusses baking country-style pork ribs, standard pork ribs, and corned beef. There's literally nothing here about sous vide, and certainly nothing about vegetables, their starch content, or their fibrous composition.

Therefore, the context is completely irrelevant to the question. It’s a mismatch. Based on the rating scale, a ""0"" is the appropriate grade. It says that ""the answer is not relevant or complete at all"" or ""we cannot answer the question at all from the context."" It's a clear 0. Done.


","Here's my analysis of the query:

**Analysis of Sous Vide Differentiation in the Given Context**

Alright, let's break this down. The core of the question is whether the provided text differentiates sous vide techniques based on the vegetable type – fibrous versus starchy. My initial impression is, ""No way."" The titles I'm seeing are all about baking various pork and beef dishes. ""How to Bake Country Style Pork Ribs"", ""How to Bake Pork Ribs"", and ""How to Bake Corned Beef"" - that's all meat-centric, and not in a sous vide context. There's absolutely nothing here about vegetables, let alone the nuances of preparing them with sous vide methods. Therefore, based purely on the given information, I can't even begin to answer the question, as I don't have enough to work with. So, from a purely analytical standpoint, I'm giving this a resounding zero. The provided context is utterly irrelevant to the question posed.


",Score-Reasoning Contradiction,"Model B correctly deduced that the text was completely irrelevant and explicitly concluded in its reasoning that the score should be a 'resounding zero', but then erroneously outputted a final score of 1, resulting in a contradiction between its analysis and final rating."
146187,1028972,146187,"Dig into one of our delicious burgers. From the Big Mac® to the McDouble, we've got something you’ll want!",0,0,1,N/A,N/A,Hallucinated Relevance,"The query consists solely of an arbitrary numeric identifier ('146187') with no topical or semantic overlap with the document's content regarding fast-food burgers. Model B likely hallucinated a connection or defaulted to a lenient non-zero rating, failing to recognize that the document is completely irrelevant."
146187,8664004,146187,"For me, I worked at a McDonald's in west central Wisconsin and I know some McDonald's serve different food depending on the region. Anyway, I'll just make a list of the food and how I was told to prepare it. Burgers (McDouble, Cheeseburger, Chicken sandwiches, etc.) -There is the part in the back which we referred to as the kitchen. This is where one half was the grill area and then the prep table.",0,0,1,N/A,N/A,Overly Lenient Scoring,"The query consists solely of a six-digit number with no lexical or semantic connection to the document describing McDonald's food preparation. Model B exhibited unwarranted leniency or hallucinated marginal relevance, whereas Model A correctly assigned a score of 0 for complete irrelevance."
1063750,3259885,1063750,"First used during World War I, this type of warfare was highly controversial and deemed a breach of the rules of war. Resumption of unrestricted submarine warfare by Germany in early 1917 was a key reason the United States entered the conflict.",0,0,1,N/A,N/A,Hallucinated Relevance,"The query consists solely of an arbitrary number ('1063750') that has no presence or semantic relation to the document about World War I submarine warfare. Model B failed to recognize the complete lack of relevance and incorrectly assigned a positive score, whereas Model A correctly rated it as completely irrelevant."
146187,7704676,146187,"If a fresh tasting burger is what you're looking for, but you also crave the taste and texture of gooey cheese, then ask the server to add two slices of cheese to the Double Meat Whataburger and enjoy something that you didn't even know you were missing.",0,0,1,N/A,N/A,Hallucinated Relevance,"The query consists solely of an arbitrary numerical string ('146187') with no discernible connection to Whataburger or fast food. While Model A correctly identified the complete lack of relevance, Model B applied an overly lenient standard or hallucinated an implicit connection, improperly assigning a relevance score of 1 to an entirely unrelated document."
182539,7637811,182539,"Solutes can have different effects on surface tension depending on the nature of the surface and the solute: 1  Little or no effect, for example sugar at water|air, most organic compounds at oil|air. 2  Increase surface tension, most inorganic salts at water|air. 3  Non-monotonic change, most inorganic acids at water|air.",0,0,1,N/A,N/A,Hallucinated Relevance,"The query consists solely of an arbitrary numerical string ('182539') with zero semantic overlap or relation to the document about solutes and surface tension. Model A correctly identified total irrelevance, whereas Model B hallucinated a connection or applied overly lenient grading criteria to award a score of 1."
1114646,994964,1114646,"Acyclovir is used to treat infections caused by certain types of viruses. It treats cold sores around the mouth (caused by herpes simplex), shingles (caused by herpes zoster), and chickenpox. This medication is also used to treat outbreaks of genital herpes.",0,0,1,N/A,N/A,Hallucinated Relevance,"Model B gave a non-zero score to an arbitrary numeric query with no established connection to the document, likely assuming or hallucinating a link between the number and medical identifiers/codes, whereas Model A correctly recognized that the document is completely irrelevant."
1106007,4255223,1106007,"there are two types of pleura: visceral pleura covers the lungs, parietal pleura lines the inner surfaces of the walls of pleural cavity; parietal pleura is sensitive to pain but visceral pleura is not sensitive to pain.pleura, cervical parietal.here are two types of pleura: visceral pleura covers the lungs, parietal pleura lines the inner surfaces of the walls of pleural cavity; parietal pleura is sensitive to pain but visceral pleura is not sensitive to pain.",0,0,1,N/A,N/A,Spurious Association,"Model B likely made an ungrounded inference or spurious association connecting the numeric query '1106007' (potentially an obscure medical identifier like a SNOMED CT code) to the text about pleura, whereas Model A correctly recognized that the text contains no direct or user-accessible relevance to the numeric query."
168216,4481323,168216,"Purulent sputum is characteristic of pneumonia caused by bacterial community-acquired pneumonia (CAP) pathogens and is not usually a feature of pneumonia caused by atypical pathogens, with the exception of Legionnaires disease.",0,0,1,N/A,N/A,Hallucinated Relevance,"The query is an arbitrary number with no semantic, lexical, or contextual relation to the medical passage about pneumonia. Model A correctly recognized the complete lack of relevance, whereas Model B assigned a positive score, likely due to overly permissive matching behavior or hallucinating an implicit connection."
87181,7129011,87181,"What is aortic valve stenosis? Aortic valve stenosis is a narrowing of the aortic valve. The aortic valve allows blood to flow from the heart's lower left chamber (ventricle) into the aorta and to the body. Stenosis prevents the valve from opening properly, forcing the heart to work harder to pump blood through the valve.",0,0,1,N/A,N/A,Hallucinated Relevance,"Model B assigned a non-zero relevance score to a document that has zero semantic relationship with the numeric query '87181', failing to identify it as completely irrelevant noise."
168216,3463554,168216,"Legionnaires' disease usually begins with a headache, pain in the muscles and a general feeling of unwellness. These symptoms are followed by high fever (up to 40-40.5°C or about 104-105°F) and shaking chills. Nausea, vomiting, and diarrhea may occur.",0,0,1,N/A,N/A,Hallucinated Relevance,"The query consists solely of an arbitrary numeric identifier ('168216') that shares no evident semantic or topical overlap with the document describing Legionnaires' disease. Model A correctly assigned a score of 0, whereas Model B hallucinated relevance or adopted an overly lenient threshold for an irrelevant query."
1133167,2407383,1133167,"Rain is rare, and temperatures usually range from the upper 60’s or mid 70’s to the mid 50’s at night. The ocean stays cool at around 60 degrees while the rivers in the area warm up to around 70 degrees. Most of the rain in Brookings falls during the winter months between November and April.",0,0,1,"**Analyzing the Context for Severe Weather Information**

Okay, so I've got this question: ""Are any active severe weather advisories issued?"" My immediate thought is, ""Can I actually answer that question *with* what's provided?"" Let's break down the context. I'm seeing information about general climate data for Brookings: how rare rain is, average temperatures, the usual water temperatures in the ocean and rivers, and the seasonal rainfall. Now, I know my stuff, and I can see *no* mention of any real-time weather advisories whatsoever. No warnings, watches, nothing about current storm systems or severe weather risks. It's all general climatological data.

Therefore, the question, as posed, *cannot* be answered from this material. It’s simply irrelevant. The prompt itself is very clear - ""Can the question be answered based on the available context? choose one..."". Since I *cannot* answer the question, the appropriate rating is a 0. It's a clear case of information mismatch.


","Here's my assessment of the situation:

**Analysis of the Query Regarding Active Severe Weather Advisories**

Alright, let's break this down. The user's question explicitly wants information regarding active severe weather advisories. My initial assessment is that the provided context focuses primarily on general climate data and typical weather patterns for Brookings, like average temperatures, rainfall, and ocean/river temperatures. I see no mention of *current*, real-time alerts or advisories related to severe weather. Therefore, I can confidently conclude that the information needed to answer the user's question is not present in the provided context. I have to give this a grade of 0. It's a fundamental mismatch between the query's need for actionable, real-time data and the contextual data offered.


",Score-Reasoning Inconsistency,"Model B's reasoning accurately deduced that the document was completely irrelevant and explicitly concluded that it should receive a grade of 0, but it mistakenly emitted a final score of 1, contradicting its own assessment."
489204,8047853,489204,"Constipation can cause pain localized in the lower right abdomen, as well as rebound tenderness. But the constipation starts before the abdominal pain, unlike when you have appendicitis — though constipation is sometimes a symptom of appendicitis, too. A kidney infection can be another cause of lower right abdominal pain — if the right kidney is infected — but this also causes groin pain, back pain, and painful urination.",1,1,2,N/A,N/A,Overestimated Relevance,"The query consists solely of an obscure numeric string ('489204') with no clear semantic link to the medical document about abdominal pain. Model B over-evaluated the topical relevance of the text, awarding an unwarranted score of 2 to an ungrounded or irrelevant match."
146187,480353,146187,American cheese is not cheese! the cheese police cry out. And they have a point. American cheese—even the fancy stuff you can get sliced at the deli counter—is not exactly cheese. But here's the thing. Saying American cheese is not cheese is like saying meatloaf is not meat..,0,0,1,"**Grading the Cheese Slice Question**

Okay, so I'm looking at this question: ""Does it specify the number of cheese slices per item?"" My initial reaction is, based on the context provided, the answer is a resounding ""No."" The text is about the definition of American cheese, not its packaging or slice count.

But then I start to overthink it a bit. The question *can* be answered with a ""No,"" so is that a high score? Or am I missing the core intention of the evaluation, which is to see if the *context* provides the requested information? It's that subtle difference. Does the context *directly* address how many slices, or not?

Usually, in these QA tasks, a ""No"" answer, meaning the context is missing the answer, means a low score. The context is supposed to *directly* answer the question. It’s like a 0 or 1 in a lot of datasets because the key information isn't present in the source.

So, I need to focus on what the *context* actually says. The text talks about ""American cheese"" and comparing it to meatloaf. There's absolutely nothing about individual slices, items, or quantities. The context doesn't provide *any* useful information to answer the question, so the context is not helpful.

Therefore, the appropriate grade has to be a zero. The answer isn't just not there, it's completely irrelevant to the context. It's a clear case.


","**Analyzing the Context's Ability to Answer a Specific Question**

Okay, so I'm looking at this text, which compares American cheese to real cheese, and the question is ""Does it specify the number of cheese slices per item?"" My initial thought is, ""No, it doesn't mention anything about the number of slices."" It's pretty straightforward. However, this is one of these evaluation tasks where the scoring can sometimes be tricky.

The prompt wants me to rate how well the *context* answers the question, or evaluate an implied response. My immediate impulse is to say ""No,"" it doesn't specify. But I need to think this through. It *can* be answered, definitively, with a ""No."" But how is this graded? Does a negative answer in the absence of information warrant a high score? In the context of RAG evaluations, I have to consider: if the context lacks the core information, how do I score?

Let me look at the scoring options again. One of the options is highly relevant, complete, and accurate. The *answer* is relevant. Does that apply if there isn't actually a generated answer, only a judgment based on the context? The context has *no* information about slice count. So, the question is, ""Does it specify the number of slices?"" And the answer, directly from the context, is ""No."" The question *can* be answered. Thus, the context is sufficient for an answer.

Okay, I've re-read it. ""Does it specify the number of cheese slices per item?"" The context is explicitly silent on this point. I've re-read the context, I'm confident. The question *can* be answered based on the context, and the answer is ""No."" So I choose to answer with ""No"". I would suggest that ""No"" answers are a complete answer, and if a 5 is an option it would be a reasonable one.


",Conflating Absence of Information with Relevance,"Model B fell into a logical fallacy by arguing that because the document lacks information about slices, it definitively answers the binary question 'Does it specify...' with 'No'. It treated this absence of information as a valid, complete answer provided by the text, whereas Model A correctly recognized that missing/irrelevant information warrants a score of 0."
1037798,8780804,1037798,"TV's Michael Gray is an actor and a former lover of Dr. Sklodowska. His voice is provided by Michael Gray. Michael Gray played Billy Batson / Shazam on Shazam! (later The Shazam!/Isis Hour). Michael Gray was, at one point, one of Dr. Sklodowska's many lovers.",0,0,1,N/A,N/A,Spurious Relevance Attribution,"The query is an arbitrary numeric identifier ('1037798') with no textual match or semantic connection to the document about actor Michael Gray. Model B erroneously assigned a non-zero relevance score instead of recognizing the complete lack of topical overlap, whereas Model A correctly assigned 0."
915593,7837084,915593,"Sous vide cooking is made even easier with the Anova recipes app — simply choose your recipe, prepare your ingredients, and hit “connect” on the app. It’ll set the time and temperature settings for you! The key to sous vide cooking is the “sous vide” (or “under vacuum”) part of the equation.",0,0,1,N/A,N/A,Hallucinated Relevance,The query consists solely of an arbitrary numeric identifier ('915593') with zero connection or mention in the document about sous vide cooking. Model B failed to recognize the complete absence of relevance and improperly assigned a non-zero score.
168216,4461562,168216,"It is a human pathogen that causes the disease mycoplasma pneumonia, a form of atypical bacterial pneumonia related to cold agglutinin disease.. pneumoniae is characterized by the absence of a peptidoglycan cell wall and resulting resistance to many antibacterial agents.",0,0,1,"**Grading the Question's Answerability**

Okay, so I'm being asked to assess if a question is answerable given a specific context. The question is about the virulence factors of *L. pneumophila* implicated in pneumonia. The provided context, however, is describing *Mycoplasma pneumoniae* – a completely different bacterium. It mentions ""mycoplasma pneumonia"" and also references ""*pneumoniae*"", but there's no mention of *L. pneumophila* anywhere. It's crucial to identify the relevant microorganism here.

Since the context completely fails to provide any details whatsoever about *L. pneumophila* or its virulence factors, the question is simply unanswerable based on what I've been given. There's not even a tangential hint. Therefore, the response must be a resounding zero. The information is utterly irrelevant to the question posed.
```json
{ ""grade"": 0 }
```


","Okay, here's my assessment of the situation:

**Irrelevant Context and a Dead End**

The prompt specifically wants me to discuss *L. pneumophila* virulence factors. However, the provided context dives deep into *Mycoplasma pneumoniae*, highlighting its characteristic lack of a peptidoglycan cell wall, and touches on ""mycoplasma pneumonia"". Essentially, the context given has absolutely nothing to do with the organism in question, *L. pneumophila*. I can't even begin to formulate a useful response about virulence factors with this material. It's a complete mismatch. Therefore, based purely on the presented information, providing an accurate answer is impossible. My understanding is that the response would, under these circumstances, warrant a grade of zero, as it is based on irrelevant and non-applicable information.


",Reasoning-Output Discrepancy,"Model B correctly identified that the context was completely irrelevant and explicitly concluded in its reasoning that the document warranted a grade of zero, but it contradicted itself by assigning a final score of 1."
264014,528377,264014,"In a humid environment, over 60% of newly hatched fleas can live without a host for 2 months. In a cool, dry environment, only 10% will live without an immediate host. Humidity is the key to flea survival.",1,1,0,"**Assessing the Relevancy of the Question**

Okay, so the query is asking about how ambient temperatures impact the time it takes for an egg to develop into an adult. My initial thought is to see if the provided context actually *addresses* that question directly. Looking over the text, I see mentions of ""humid environment"" and ""cool, dry environment,"" and a discussion of flea survival. However, I'm not seeing anything that speaks to the *duration* of the flea life cycle stages, specifically the egg-to-adult transition, nor any process related to ambient temperatures. The passage focuses on survival rates under different environmental conditions, not developmental timing. Therefore, based solely on this information, I can confidently say I cannot answer the question. The information is simply not present here. A solid zero is the only appropriate grade, because the context is entirely irrelevant to answering this query.


","Okay, here's my take on those thoughts, framed as an expert's internal monologue:

**Assessing the Flea Survival Inquiry**

Alright, let's break this down. They're talking about flea survival in the context of humidity versus aridity. The text specifically mentions a ""cool, dry environment."" My immediate thought is, ""Okay, that's a condition. But does this text give me enough information to answer the question at hand?"" No, it doesn't. While ""cool, dry"" is presented, there's a critical piece of information missing. The text fails to provide specifics about how the mentioned ambient temperatures might influence the crucial factor of ""egg-to-adult development time."" We'd need that connection to give a properly supported answer. Therefore, as I see it, the provided context simply does not give me the necessary evidence for a meaningful assessment. It's a zero, plain and simple. Not enough information.


",Overly Strict Relevance Threshold,"Model B applied an excessively strict criterion, requiring complete and explicit information regarding egg-to-adult development time rather than recognizing partial, topical relevance related to flea environmental survival conditions."
527433,6498113,527433,"In addition to crying, pseudobulbar palsy may include dysarthria, dysphagia, bifacial weakness, increased facial and mandibular reflexes, and weak tongue movements. There were no signs or symptoms of pseudobulbar palsy in this patient.",0,0,1,"**Evaluating the Context's Relevance**

Okay, let me break this down. My primary goal here is to determine if the given context allows me to answer the question: ""Does the information detail specific dysarthria types correlating with spastic, dyskinetic, or ataxic CP subtypes?"" First, I need to understand what the context *does* provide. I see it mentions ""dysarthria"" in relation to ""pseudobulbar palsy,"" alongside other symptoms. However, crucially, there's absolutely *nothing* about ""spastic, dyskinetic, or ataxic CP subtypes.""

Therefore, based purely on the given information, I can't answer the question directly. The context doesn't provide the necessary details about the correlation between specific dysarthria types and CP subtypes. While the question could be answered literally, with ""No, it does not,"" I need to consider how these evaluations are typically scored. I think the key here is not a simple yes/no response to the verbatim wording. I must evaluate the context's ability to shed light on the *core topic* of the question: CP subtypes and associated dysarthria. It seems more fitting to assign a 0 in this case, meaning the context is not at all relevant, as it provides zero insight into the core inquiry.


","Okay, here's my breakdown of this question and its answer:

**My Assessment of the Query on Dysarthria and CP Subtypes**

Alright, let's break this down. The question boils down to this: does the provided information link specific types of dysarthria directly to those three primary Cerebral Palsy (CP) subtypes – spastic, dyskinetic, and ataxic?

The information mentions dysarthria, fair enough, and even includes pseudobulbar palsy as a potential cause. However, a passing mention of a symptom does not provide the detail of *specific types* of dysarthria corresponding to these CP subtypes. It's like saying ""headaches can be caused by various things,"" but not specifying which types of headaches are tied to a given ailment.

Therefore, considering the scope of the question, and the specific query, I must conclude that the context doesn't offer enough specific, actionable information to provide a clear answer based on a subtype-by-subtype basis. There is a lack of the detailed information required. I would have to give it a 0.


",Score-Reasoning Contradiction,"Model B's reasoning correctly concluded that the document was not relevant and explicitly stated 'I would have to give it a 0', but it erroneously assigned a final score of 1."
915593,7643828,915593,"Temperature Rules for Cooking Foods. at Home (safe internal temps): 145°F Beef, lamb & veal steaks and roasts, medium rare (medium - 160°F) 160°F Ground beef, pork, veal and lamb. Sausages and hotdogs. Pork chops, ribs, roasts. Fish and seafood.",0,0,1,"**Evaluating the Context for Relevance**

Okay, so I'm presented with a question: does this snippet differentiate sous vide approaches for fibrous versus starchy vegetables? My expert eye immediately scans the context provided, which is essentially a list of safe internal temperatures for various meats. My initial assessment is, this is not even remotely in the ballpark. There's nothing here about vegetables, let alone the nuances of sous vide cooking specific to fibrous versus starchy types. It's blatantly irrelevant. The context, as it stands, is completely useless for addressing the given query. My judgement? 0. This doesn't provide *any* useful information.


","Here's my assessment of the situation:

**Evaluation of Contextual Relevance**

Okay, so the question is whether the provided context can differentiate sous vide approaches for fibrous versus starchy vegetables. Let's see... the context is about ""Temperature Rules for Cooking Foods at Home (safe internal temps),"" specifically listing temperatures for meat and seafood. Hmm, no mention of vegetables, and definitely no discussion of sous vide techniques for either fibrous or starchy varieties. Given that, it's pretty clear this context isn't even touching on the pertinent topic. My conclusion? This material is completely irrelevant to answering the question. We're at a grade zero here; it's a non-starter.


",Score-Reasoning Contradiction,"Model B accurately determined that the document was completely irrelevant and explicitly stated it should receive a 'grade zero', but contradicted its own reasoning by outputting a score of 1."
146187,7306056,146187,"The thinner the slices, the faster the cheese will dehydrate. Try to make each cheese slice the same thickness so that all of the pieces dehydrate at the same speed. 2Place single layers of cheese slices in a food dehydrator. Leave room between the pieces of cheese so that none of the pieces are touching each other.",0,0,1,"**Analyzing the Context for Information Specificity**

Okay, so the question is whether the provided text specifies the number of cheese slices per item. My initial instinct is to scan the text and determine if there's a direct numerical mention. Looking at the context, I see instructions about slice thickness and layering, specifically ""2Place single layers of cheese slices in a food dehydrator."" but no actual number.

My first thought: the context doesn't *directly* specify a number. The text focuses on ensuring uniform dehydration through consistent slice thickness and layer arrangement.

Now, let's step back. The *question* is ""Does it specify the number of cheese slices per item?"" It seems straightforward: if the answer is ""No, it doesn't mention a specific number"", then the question can be answered.

But I have to remember that in this format, a missing number is often graded as a zero, or a one if the question can be answered. So, is it a binary ""Yes/No"" question, or is this about whether the core information is present? The question is about whether the *context* contains the specification.

Let me re-frame the issue. The question ""Does it specify..."" leads to a clear ""No"" as the answer. That ""No"" *is* an answer based on the context. So, yes, the question *can* be answered.

My conclusion is this: I can definitively answer the question. The text doesn't specify an exact number, but it *does* provide information allowing for an accurate ""No"" answer: ""No, the context does not specify the number of cheese slices per item; it only mentions making them the same thickness and placing them in single layers."" The answer is relevant, complete, and fully accurate based on the context.


","**Analyzing the Context and Question**

Okay, so the prompt is asking if the text specifies the number of cheese slices per item. Let's see... the text mentions ""thinner slices"" and ""single layers,"" but it doesn't give a specific number, does it? My initial assessment is that it *doesn't* specify the number. The evaluation criteria, from what I understand, is whether the information in the text can be used to answer the question, essentially whether the retrieval augmented generation system, or RAG, provides enough context.

Aha! Now I'm catching on - it's a binary question, a ""yes"" or ""no"" situation. The question is, ""Does it specify...?"" and the text's clear implication, even if not explicitly stated, is ""No, it does not specify."" The context allows us to definitively answer the question.

Okay, let's step back and be absolutely sure.
Does the *absence* of a specific number within the given context allow us to answer ""No, it does not specify""?
Yes. The context talks about thin slices and single layers, which helps answer the question.

Therefore, the context provides the correct information needed to answer the question, as the question is binary. I'd give it a score of 5. It is directly answerable, and is complete within the context given.


",Conflating Absence of Information with Relevance,"Model B fell into a logical fallacy by arguing that because the document lacks the specific information, it enables answering a hypothetical 'Does it specify...' question with 'No', thereby deeming the document relevant (score 1). In contrast, Model A correctly assigned a score of 0 recognizing that the absence of target information means the passage is not relevant/informative."
1113437,6601849,1113437,"Types of Trees. The types of trees that we grow and offer at our farm include: Canaan Fir, Colorado Spruce, Norway Spruce, Scotch Pine, and White Pine. People tend to have differences in opinion as to what makes the most beautiful Christmas tree.he types of trees that we grow and offer at our farm include: Canaan Fir, Colorado Spruce, Norway Spruce, Scotch Pine, and White Pine.",0,0,1,"**Evaluating the Question's Answerability**

Okay, so I'm looking at this question: ""Are persistent sterigmata explicitly described on the twigs?"". My task is to figure out if I can answer that question *based on the given context*. Let's see... the context provided describes the types of trees grown at the farm: Canaan Fir, Colorado Spruce, Norway Spruce, Scotch Pine, and White Pine. It also mentions that people have opinions about the ""most beautiful Christmas tree.""

Right away, I see the problem. There's absolutely nothing in this text that mentions ""persistent sterigmata"" or ""twigs"". Therefore, based solely on this context, the question *cannot* be answered. It's completely irrelevant.

So, how do I grade this? It seems pretty straightforward. The question's answer is not relevant, or completely incomplete, based on this provided context. The prompt says ""Can the question be answered based on the available context? choose one..."" the answer is clearly that it cannot be answered. I think I would have to give it a grade of 0.


","**Analyzing the Context for Information on Persistent Sterigmata**

Okay, the task is to determine if the given text explicitly describes persistent sterigmata on twigs. Let me see... the provided context lists different types of Christmas trees: Canaan Fir, Colorado Spruce, Norway Spruce, Scotch Pine, and White Pine. There's also a general statement about Christmas trees, but *nothing* about persistent sterigmata or twigs themselves. Clearly, there's no mention of the specific feature the question asks about.

Hmm, wait. I need to be careful here. The evaluation criterion is: ""Can the question be answered based on the available context?"" It's *not* asking if the answer is *correct* or *incorrect*, or what *my* knowledge on the topic is. It's solely whether the context supports an answer.

And since the context is completely silent on the topic of persistent sterigmata on twigs, I'd have to say the answer simply *cannot* be found there. Considering the scoring guideline, a score of 0, which signifies ""not relevant or complete at all"" or ""cannot answer"", seems to be the most appropriate.

Ah, I think I've got it. The prompt asks if the question can be answered from the provided text, and I've concluded that it cannot. The context is insufficient. So a 0 is the correct choice.


",Score-Reasoning Discrepancy,"Model B's reasoning correctly concluded that the text does not answer the question and explicitly stated that a score of 0 was appropriate, but it mistakenly emitted a final score of 1."
1113437,5514593,1113437,"Fill 4-inch square pots with the peat mixture. Leave the top 1/4 inch of each pot empty to make watering easier. Prepare a pot for each blue spruce cutting you wish to root. Gather 4- to 5-inch-long tip cuttings from the side branches of a young, healthy blue spruce tree. Snip the cuttings between two sets of needles using sharp pruning shears.",0,0,1,"**Grading the Answerability of a Biological Question**

Okay, so the task is to determine if we can answer the question ""Are persistent sterigmata explicitly described on the twigs?"" given the provided context. My immediate assessment is that this is going to be a straightforward one, given the specificity of the question and the nature of the context.

The context is a set of instructions for rooting blue spruce cuttings. It discusses preparing pots, gathering cuttings from side branches, and snipping them. It's all very practical, gardening-focused information. There's absolutely no mention of ""persistent sterigmata"" or even ""twigs"" in a botanical sense beyond the broad descriptor of the source material for the cuttings. The level of detail here is far removed from the kind of morphological or taxonomic information that would be necessary to address a question like the one posed.

Therefore, my conclusion is that the provided context offers absolutely no basis for answering the question about persistent sterigmata. We’re dealing with a fundamental lack of relevant information. The instructions are completely silent on the finer biological details that would be required to address this query. Therefore, the answerability score is a resounding 0. The question is entirely unanswerable based on this provided information.


","**Evaluating the Question's Answerability**

Okay, so the question is whether the context explicitly describes persistent sterigmata on the twigs. Right, let's break this down. The text is all about potting and gathering cuttings for a blue spruce. It talks about those processes. Hmm, nowhere in this description do I see any mention of ""persistent sterigmata."" It's simply not there. Therefore, based on *this* context alone, the answer is definitively *no*. The provided material doesn't even touch on the subject. So, the rating has to be zero; the context is useless for answering this question. The task is to evaluate how well the question can be answered *given the context*. Since there's zero information related to the topic, the answer is unachievable from the provided text. A grade of 0. Got it.


",Score Mismatch / Output Inconsistency,"Model B's reasoning correctly identified that the context provided no relevant information and repeatedly concluded that the rating should be 0 ('A grade of 0. Got it.'), but it ultimately produced a conflicting score of 1."
146187,4227179,146187,"This is illustrated by the large increase in prices per acre and in a comparison with agricultural land values. In 2002, the average auction price of urban land was $32.600. By 2006, which was the peak of the Phoenix housing bubble, urban land sales reached an average auction price of $190,800.",0,0,1,"**Analyzing Relevance & Completeness**

Okay, so I'm presented with a question: ""Does it specify the number of cheese slices per item?"". My task is to determine if I can answer that question based on the provided context. I immediately scan the context – which, I see, is discussing land prices in Phoenix, specifically the increase in urban land values from 2002 to 2006.

Hmm, this is clearly about real estate, land values, and economic trends. Not even remotely related to food, ingredients, or, obviously, cheese slices. There's absolutely nothing in this text that mentions, implies, or even vaguely touches upon the concept of cheese slices, or for that matter, *any* kind of food.

Therefore, given the total absence of relevant information, I conclude that the question is completely unanswerable based on this context. It's a classic case of the context being entirely irrelevant to the query. The appropriate score here is, unequivocally, a 0. The context doesn't even come close to providing any information on the topic in question.


","Okay, here's my take on those thoughts, tailored for an expert audience:

**Analyzing the Disconnect**

Alright, I'm looking at this problem, and immediately I see a fundamental disconnect. We're talking about cheese slices per item, a classic quantity/portioning question, likely related to a culinary or food service context. But the provided text? It's all about land values and prices per acre in Phoenix. The subject matter is entirely unrelated. There's simply *no* relevant data here. There's no way I can infer anything about the cheese-to-item ratio from information about real estate. Therefore, despite any inherent merit the cheese question might have on its own, I'm forced to assign a grade of zero. The lack of contextual information renders it unanswerable.


",Score-Reasoning Inconsistency,"Model B correctly deduced that the content was completely irrelevant and explicitly stated in its text that it was 'forced to assign a grade of zero', but contradicted itself by outputting a final score of 1."
168216,4713638,168216,"Chlamydia is a sexually transmitted infection that can cause a life-threatening pneumonia in newborns. A baby may get pneumonia during birth by inhaling some of the bacteria from the birth canal. The symptoms of chlamydia pneumonia are a persistent cough, rapid breathing, and mild or no fever.",0,0,1,"**Evaluating the Question's Answerability**

Okay, let me think this through. I'm being asked if I can answer a very specific question: ""What specific virulence factors of *L. pneumophila* are implicated in pneumonia pathogenesis?"" Alright, let's break this down. My goal is to determine if the given context allows me to answer this question.

The context... Ah, it's about *Chlamydia* and pneumonia in newborns. Hmm, that's definitely not *L. pneumophila*. Nor does the provided context even *mention* Legionella pneumophila, let alone its virulence factors. So, based on this information, the answer is a resounding ""no."" I cannot even begin to address the question based solely on what's been given. The connection is absent. Therefore, I must give this a 0.


","**Analysis of the Query and Context**

Okay, here's how I'm approaching this. The core of the issue is that I'm being asked about *Legionella pneumophila* virulence factors in the context of pneumonia. However, the provided material is focused entirely on *Chlamydia* and its association with pneumonia in newborns. There's simply no discussion, even tangential, of *L. pneumophila* within the given information. As an expert, I need directly relevant information, and this material fails to provide it. Given the complete lack of overlap between the question and the context, there's no way to formulate a correct response. Therefore, a grade of 0 is the only justifiable outcome.


",Score/Reasoning Inconsistency,"Model B's reasoning correctly identified that the context is completely irrelevant and explicitly concluded that 'a grade of 0 is the only justifiable outcome', but it suffered an execution mismatch and outputted a score of 1 instead."
1133167,2863394,1133167,It's still Hurricane season but it's percentage of hurricanes in October is low. As in climate; it's warm with a breezy wind most of the time around late October it has chilly winds. The average high temperature is 87 degrees Fahrenheit and the average low is 75. It receives the highest rainfall of any month of the year -- a total of about six inches.,0,0,1,N/A,N/A,Hallucinated Relevance,"The query consists solely of an arbitrary numeric identifier ('1133167') with no semantic connection or relevance to the document's climate and weather content. Model B falsely identified relevance where none existed, whereas Model A correctly recognized that the document does not address the query."
1114819,5019832,1114819,"NPI Lookup Durable Medical Equipment & Medical Supplies — WICHITA, KS. A supplier of medical equipment such as respirators, wheelchairs, home dialysis systems, or monitoring systems, that are prescribed by a physician for a patient?s use in the home and that are usable for an extended period of time. Durable Medical Equipment & Medical Supplies – Filter by City in Kansas. KS.",2,2,1,"**Analyzing the Durability Definition**

Okay, so the user wants to know if we can determine how ""durable"" is defined (quantitatively or qualitatively) based on the provided context. Let's see... the context defines ""durable"" qualitatively as ""usable for an extended period of time."" And it provides some examples of equipment: respirators, wheelchairs, etc.

Now, does this context *answer* the question? Well, yes, it does provide a qualitative definition: ""usable for an extended period of time."" Is it a *good* answer, though? Is it complete? It's pretty brief, admittedly. It's right there in the text, so the information is *there*.

Let's break down how to evaluate it. The question is asking: ""How is the 'durable' aspect quantitatively or qualitatively defined?"" The provided text says ""usable for an extended period of time."" Okay, so the text *does* give a *qualitative* definition. It's direct. So, based on the text, it is defined qualitatively, as ""usable for an extended period of time."" Since the context provides *that* definition, the answer is fully contained in the text.

The grade? Is it a 5? ""Highly relevant, complete, and accurate""? I'm leaning toward a 4, because ""extended period of time"" is a bit vague. It's the only definition provided, however, it is *directly* given, and the question is ""can the question be answered..."" so it's accurate and very relevant. Let's say 4, because it's slightly vague, but answers the question.


","Here's my assessment of the question, as I see it:

**Defining ""Durable"" in Context**

Alright, so the core of this is pinpointing how ""durable"" is defined, either with numbers or descriptive terms, within the provided context. Let me see... the passage states that something durable is ""...usable for an extended period of time."" Okay, that's a qualitative description right there. The context itself is providing the answer, not just leaving it up for grabs. Specifically, it uses the phrase ""usable for an extended period of time"" to describe this durability.

So, in essence, the context *does* provide the definition. It offers a qualitative definition, which is exactly what I was looking for. Now, can this information fully satisfy the query of identifying the definition? Yes, it does! The passage gives us the exact phrasing used. I'd give this a solid grade 5, no problem.


",Reasoning-to-Score Contradiction,"Model B concluded in its reasoning that the document fully satisfied the query and warranted a 'solid grade 5, no problem', but contradicted its own evaluation by outputting a score of 1."
19335,429846,19335,ecologies. 1  1: a branch of science concerned with the interrelationship of organisms and their environments. 2  2: the totality or pattern of relations between organisms and their environment. 3  3: human ecology.,0,0,1,N/A,N/A,Spurious Relevance,"Model B produced a false positive by assigning marginal relevance to a definition of 'ecologies' for an unrelated numeric query ('19335', likely a ZIP code), failing to recognize that the document is completely irrelevant."
87181,2307979,87181,"In this condition, the walls of both the left and right side of the heart (ventricles) become thin and stretched. The result is an enlarged heart. In the other types of cardiomegaly, the heart's large muscular left ventricle becomes abnormally thick. Hypertrophy is the usually what causes left ventricular enlargement. Hypertrophic cardiomyopathy is typically an inherited condition.",0,0,1,N/A,N/A,Hallucinated Relevance,"Model B hallucinated a topical association between the numeric query '87181' and the unrelated medical text about cardiomegaly, whereas Model A correctly recognized that there is no semantic connection."
1133167,6570019,1133167,"The weather is dry and cloudy, and it is still very cold. Tibet is probably open to tourists in early April. April is one of the best months to visit since it is low tourist season and the weather is comfortable during the day.Clothing: The temperature can still drop to freezing at night so bring warm clothes with you.n Hong Kong in April, the weather is pleasant and warm. It will be warm during the day and even hot and humid. Guilin can still be quite cool following rain in April. It rains 2/3 of the days of April. Clothing: Bring light clothes that will feel comfortable under rain gear.",0,0,1,N/A,N/A,Hallucinated Relevance,"The query consists solely of an arbitrary number ('1133167') with no topical or textual relation to the document about travel weather in China. Model B was overly lenient and hallucinated relevance where no match existed, whereas Model A correctly identified the document as completely irrelevant."
168216,2036278,168216,"Treating Legionnaires' disease. Legionnaires' disease is treated with a course of antibiotics, such as erythromycin or clarithromycin. Antibiotics will be taken as a tablet or capsule, or through a continuous drip into a vein in your arm.",0,0,1,"**Evaluating the Context for Relevance**

Alright, let's see. My task is to determine if this context provides sufficient information to answer the question: ""What specific virulence factors of *L. pneumophila* are implicated in pneumonia pathogenesis?"" My expert intuition tells me that's a very specific line of inquiry. Now, the context provided focuses entirely on the treatment of Legionnaires' disease with antibiotics, specifically mentioning erythromycin and clarithromycin. It describes administration methods too – tablets, capsules, or intravenous drip. Hmm, that's all about *treating* the disease, not *understanding* its underlying mechanisms. As an expert, I would expect a discussion on virulence factors to delve into the molecular and cellular mechanisms by which *L. pneumophila* causes infection. This would include things like effector proteins injected into host cells, bacterial surface components involved in adherence and phagocytosis, or enzymes involved in disrupting host cell defenses. I see none of that here. Based on this very limited information, this context does not even begin to address the question. My assessment is clear: the context is entirely irrelevant. Therefore, the answer must be a zero.


","**Analyzing the Legionnaires' Disease Question**

Okay, so I've got a question here that's diving into *L. pneumophila* and the nitty-gritty of its virulence factors in pneumonia. The context, though, it's all about antibiotic treatment strategies for Legionnaires' disease. My initial assessment is that this is a mismatch, a classic case of incompatible information. There's simply nothing here in this material about the specific mechanisms that *L. pneumophila* uses to cause pneumonia – the key virulence factors the question's probing for. I can't even begin to formulate a reasonable answer based on this text, and given my expertise, I am not being provided with enough data to even start. It’s a complete knowledge gap. So, unfortunately, I have to rate this as a zero.


",Score-Reasoning Inconsistency,"Model B correctly deduced that the text was completely irrelevant and explicitly concluded in its reasoning that it must rate the context as a zero ('I have to rate this as a zero'), but then outputted a final score of 1 instead."
1117099,2153481,1117099,"Notable Features. 1  The great majority of earthquakes occur at tectonic plate boundaries. 2  The majority of great earthquakes (magnitude 8.0 or larger) are megathrust earthquakes that occur at convergent plate boundaries, also called destructive margins or subduction zones.",1,1,0,"**Evaluating the Question's Answerability**

Okay, let's break this down. The question is ""Which plate boundary types define them?"" The core of my analysis here is figuring out what ""them"" refers to. It's ambiguous, sure, but the provided text gives us some clues. ""Them"" *could* be referring to earthquakes in general, or, more specifically, to ""great earthquakes."" The context highlights ""convergent plate boundaries"" as the location of the greatest of these.

Based on the explicit information, we can say that great earthquakes are linked to convergent boundaries (also known as destructive margins or subduction zones). The broader statement about earthquakes occurring at tectonic plate boundaries adds more generality, but the key piece for me is this clear connection to convergent boundaries when speaking about great earthquakes. So, can we answer the question?

Yes, if ""them"" is great earthquakes, we can say convergent plate boundaries (and related types). It is pretty directly mentioned.

My instinct is to rate the question's answerability a 3 or 4. It's mostly answerable, and the context certainly offers a viable answer. The potential ambiguity of ""them"" is the only thing holding me back from a 5, but I think that the ""convergent plate boundary"" connection means that it's closer to a 4. I'm choosing 4.


","**Analyzing the Relevance of Provided Context**

Okay, so the question is asking me to identify which plate boundary types are relevant, and the context provided only explicitly mentions ""convergent plate boundaries,"" also known as destructive margins or subduction zones. My first thought is: does this fully answer the question, or is it only a partial answer? The text doesn't explicitly *list* all plate boundary types, like transform or divergent boundaries, but it *does* provide information about one. Therefore, the context is limited.

I need to evaluate if the question can be answered *based on the available information*. The question wants ""which types"". I'm thinking, based on this limited context, it can only be answered *partially*. So, considering a grading rubric, it's either going to be a 2 or a 3. Grade 3 implies ""partially relevant and complete, with noticeable gaps or inaccuracies."" Grade 2 indicates ""limited relevance or completeness.""

Since only convergent boundaries are described, there are *noticeable gaps* in the answer regarding other boundary types. I'm going to lean towards a 3 because it is *partially* relevant, but with *significant* gaps in terms of completeness.


",Overly Strict Completeness Requirement,"Model B penalized the document for not providing an exhaustive list of all tectonic plate boundary types (such as transform or divergent boundaries), wrongly treating a relevant, partial answer as completely non-relevant (score 0), whereas Model A recognized that identifying convergent boundaries directly addresses the question."
19335,8677296,19335,Definition of biosocial environment. : domesticated plants and animals as a factor affecting human life.,0,0,1,N/A,N/A,Spurious Relevance Attribution,"Model B assigned a positive relevance score to a document that has no lexical or semantic connection to the purely numeric query ('19335'), failing to identify complete irrelevance."
130510,7186622,130510,"an installment payment order is an order by the court that may be entered after a money judgment is entered…. “The plaintiff further contends that when the court entered the installment payment order, this action somehow remedied the defect in the underlying judgment. While the entering of an installment payment order without a basis in a",0,0,1,N/A,N/A,Hallucinated Relevance,"The query consists solely of an opaque number ('130510') that does not appear in or relate to the legal text provided. Model B incorrectly inferred relevance where there was none, whereas Model A correctly recognized that the document does not match or satisfy the query."
359349,8811558,359349,"are base angles of isosceles trapezoid JKLM . If and a. 1 b. 151 c. 29 d. 75.5 ____ 34. and Find The diagram is not to scale. U R S T a. 10 b. 110 c. 20 d. 60 35. One side of a kite is 7 cm less than four times the length of another side. The perimeter of the kite is 65 cm. Find the lengths of the sides of the kite. a. 19.75 cm c. 7.9 cm and 24.6 cm b. 19.75 cm and 72 cm d. 7.9 cm 36. In quadrilateral MNOP , Which of a parallelogram, trapezoid, or rhombus could quadrilateral MNOP be? a. parallelogram or rhombus c. trapezoid only b. parallelogram only d. any of the three Short Answer 37.",1,1,2,"**Evaluating the Context for Parallel Base Lengths**

Okay, let's break this down. My primary goal here is to determine if the given context provides enough information to answer the question: ""Are the lengths of both parallel bases provided, either directly or derivable from other given dimensions?"" I'm treating this as a straightforward information retrieval task.

First, I examine the context provided. It's a jumbled snippet of what appears to be a multiple-choice test. I see mentions of an isosceles trapezoid JKLM, which *could* be relevant, and a diagram labeled U R S T, although I don't have the diagram itself. However, the text is incomplete. The information about the trapezoid is truncated (""If and a. 1 ...""), making it impossible to assess the details.

The core of my analysis boils down to a simple check: is the question about parallel base lengths actually addressed *anywhere* in this context? I'm looking for direct mentions of base lengths or any information that would allow their derivation. After a thorough scan, I come up empty. There is absolutely *nothing* here, at least in this fragmented snippet, that references parallel bases or their lengths.

Given this lack of information, I'm forced to conclude that the provided context is insufficient to determine whether the lengths of the parallel bases are provided or derivable. It's a clear miss.
Therefore, a grade of 0 is appropriate.


","Here's my thought process on this:

**Analyzing the Query's Feasibility**

Okay, so the prompt wants me to figure out if we *know* the lengths of both parallel bases in a geometry problem. The context is a snippet from a test, but it's *seriously* mangled. My immediate reaction is: ""This is going to be a struggle!""

I need to focus on what the *context* provides. The question itself is pretty straightforward: Do we have the base lengths? The provided text fragments include things about an isosceles trapezoid, a kite, quadrilaterals, all that good stuff – but it’s all chopped up. I can't even get a complete, coherent problem statement. It’s like someone shredded the quiz and then tried to piece it back together.

Now I have to evaluate: Is there *anything* in this mess that actually *answers* the initial question? Nope. There's absolutely nothing that directly gives me base lengths, nor is there anything that I can use to *derive* them. I'm working with half-formed questions, and missing parts everywhere. It's frustrating to even attempt to make sense of.

So, realistically, based on this truncated text, it's impossible to know if the base lengths are provided or even derivable. Therefore, I'm going to have to grade this as a big, fat zero. The context is just totally inadequate. I am sure I am getting the desired result here.


",Score-Reasoning Inconsistency,"Both models suffered from hallucinating an unrelated geometry evaluation task and both concluded in their text that the context deserved a grade of zero. However, Model B exhibited a severe score-reasoning discrepancy by outputting a score of 2 despite concluding it should be a 'big, fat zero', regressing further away from the human relevance score of 1."
1133167,4926201,1133167,"Click here to learn more about what to expect year-round from the weather in Jamaica, this will help you to plan what to do during your vacation.",1,1,0,N/A,N/A,Over-strict Filtering on Ambiguous Query,"Model B strictly evaluated semantic and lexical overlap, rejecting the document because the numeric query '1133167' lacks obvious surface-level connection to Jamaica weather, whereas Model A accommodated potential ID-based retrieval, latent intent, or baseline relevance."
1117099,894295,1117099,"1 Convergent Boundaries-A convergent boundary is where two tectonic plates push together. 2  Sometimes one plate will move under the other. 3  This is called subduction. 4  Although the movement is slow, convergent boundaries can be areas of geological activity such as the forming of mountains and volcanoes.",0,0,1,N/A,N/A,Spurious Number Matching,The query consists solely of an arbitrary numerical string ('1117099') with zero semantic overlap with the document's content on plate tectonics. Model B likely hallucinated relevance or over-weighted superficial digit overlaps (such as the sentence numbers 1-4) instead of recognizing the query as completely irrelevant.
1113437,5362609,1113437,"Black spruce can grow to reach heights up to 20 m and are thought to live as long as 280 years, though few are thought to reach this age, owing to the prevalence of forest fires and logging in the boreal forest. The dominant feature in the life cycle of the black spruce, and all other coniferous trees, is the cone. A cone, which may also be called a strobilus, consists of a central axis which is surrounded by tightly packed, thick scales.",0,0,1,"**Analyzing the Question Regarding Black Spruce**

Okay, so the question is whether the provided text about Black Spruce can tell me if ""persistent sterigmata"" are explicitly described on the twigs. Let's see... I need to scan the text for those specific terms. Hmm, it talks about the height of the trees, their lifespan, and the importance of cones. It goes on to describe the cone structure.

Nope, I don't see any mention of ""persistent sterigmata"" or ""twigs"" in here. Therefore, based *solely* on this context, I can't answer the question. It's simply not addressed.

The prompt wants a ""0"" if the question can't be answered. So, the answer is a solid zero. I can't derive any useful information from what's given. This is a straightforward case where the context is irrelevant to the question.


","Okay, here's my assessment of the situation, tailored for a fellow expert:

**Assessment of Contextual Limitations**

Alright, I've reviewed the provided context regarding black spruce, and it's immediately clear that the information is insufficient to address the query. The document focuses on height, lifespan, and cone characteristics. However, there's absolutely no mention of the specific details regarding twigs or persistent sterigmata. Given this complete lack of relevant information, any attempt to answer the question based solely on this text would be purely speculative, and therefore entirely unreliable. We're operating with a grade of zero. We simply don't have the data needed.


",Score-Reasoning Inconsistency,"Model B correctly identified that the text completely lacked the relevant information and explicitly concluded in its thought process that 'We're operating with a grade of zero,' but then contradicted its own reasoning by outputting a score of 1."
1114819,1302007,1114819,"DIVERSIFIED MEDICAL PRODUCTS, INC. Durable Medical Equipment & Medical Supplies. A supplier of medical equipment such as respirators, wheelchairs, home dialysis systems, or monitoring systems, that are prescribed by a physician for a patient?s use in the home and that are usable for an extended period of time.",2,2,1,"**Evaluating the ""Durable"" Definition**

Okay, so the question is whether we can quantify or further define ""durable"" based on this provided context. Let's see... the text is from DIVERSIFIED MEDICAL PRODUCTS, INC. and they're talking about Durable Medical Equipment. It seems like it's a supplier of medical equipment that a doctor prescribes.

The text *does* give a definition: ""usable for an extended period of time."" Hmm, ""extended period of time"" is clearly a qualitative descriptor, not quantitative. It doesn't give any specifics, like a number of years, cycles, or operational hours. And the examples - respirators, wheelchairs, etc. - those are just that, examples.

Can the question be *answered*? Yes, definitely. It's defined as ""usable for an extended period of time."" Is it complete? Yes, in *this* context, that's the whole definition. There's nothing more to add or infer. It's a precise definition, given the limited scope of the text. Therefore, the answer's a solid 5.


","**Evaluating the ""Durable"" Definition**

Okay, let's break this down. My primary goal here is to determine if the given context adequately defines ""durable,"" specifically addressing whether the definition is quantitative or qualitative. The question explicitly asks for the definition of ""durable."" The context provides, ""...usable for an extended period of time.""

So, does this answer the question? Yes, absolutely. It gives us a *qualitative* definition – ""usable for an extended period of time."" There's no numerical value or specific timeframe provided, so it's clearly not quantitative. The context directly addresses and answers the core question.

Therefore, considering the completeness, relevance, and accuracy of the response in relation to the available information, I'm comfortable assigning this a Grade 5. The answer is directly present in the context and fully addresses the prompt.


",Score Inconsistency,"Both models evaluate the document favorably in their reasoning (concluding it warrants a top grade/5 based on an apparent hallucinated QA task), but Model B suffers from an internal discrepancy by mapping this positive evaluation down to a score of 1 instead of matching the target score of 2 as Model A did."
1063750,3610446,1063750,show more Why did Germany abandon the “Sussex Pledge? to force the United States cut off diplomatic relations to stop the supplies going to Britain and France the United States entered the war the Lusitania was sunk Which of the following events forced the United States into World War 1?...hy did Germany abandon the “Sussex Pledge? to force the United States cut off diplomatic relations to stop the supplies going to Britain and France the United States entered the war the Lusitania was sunk Which of the following events forced the United States into World War 1? ...,1,1,0,N/A,N/A,Failure to handle identifier query,"Model B likely treated the numerical query solely as an arbitrary string with zero lexical or semantic overlap with the document text, rejecting it completely, whereas Model A correctly preserved relevance (likely recognizing the number as an ID or following dataset-specific retrieval context)."
359349,2293820,359349,"This segment's length is always equal to one-half the sum of the trapezoid's bases, or. Consider trapezoid ABCD shown below. The midsegment, EF, which is shown in red, has a length of. The measurement of the midsegment is only dependent on the length of the trapezoid's bases.",2,2,1,N/A,N/A,Failed to Recognize ID Lookup,"The query '359349' is an opaque numeric document or question identifier. Model B penalized the document for a lack of topical and lexical overlap with the geometry text, failing to recognize that the query is an identifier lookup that directly corresponds to this document."
168216,5024312,168216,Legionnaires' disease is difficult to diagnose because the pneumonia caused by LDB is not easily distinguished from other forms of pneumonia. The Centers for Disease Control and Prevention (CDC) defines a confirmed case of Legionnaires' disease as a clinically compatible case that is confirmed by a laboratory.,0,0,1,N/A,N/A,Hallucinated Relevance,The query is an opaque numeric string with no apparent connection to the medical passage about Legionnaires' disease. Model B failed to recognize the complete lack of topical overlap and erroneously assigned marginal relevance instead of a score of 0.
915593,3450898,915593,"Everything is also very fresh and the bread goes so well with the delicious broth, soak what is soma drug used for up! Sous Vide Chicken in Laksa Broth – $11.50 The laksa was an interesting dish with their own rendition by adding in sous vide chicken which was nice and tender.",0,0,1,N/A,N/A,Hallucinated Relevance,"The query is an arbitrary numeric string ('915593') with zero lexical or semantic connection to the document, which is a food review excerpt containing spam text. Model B failed to recognize the complete lack of relevance and incorrectly assigned a positive score."
1113437,5346404,1113437,"Sitka Spruce (Alaska’s State Tree) The Sitka Spruce (Picea sitchensis) is a large evergreen tree growing to 120-180 feet tall, and with a trunk diameter of 3-5 feet. It is by far the largest species of spruce, and the third tallest tree species in the world (after Coast Redwood and Coast Douglas-fir).",0,0,1,"**Grading the Sitka Spruce Question**

Okay, here's the situation: I need to determine if the question ""Are persistent sterigmata explicitly described on the twigs?"" can be answered based solely on this Sitka Spruce context. Let's see... the text describes the Sitka Spruce as a large evergreen tree, highlighting its size and general characteristics. It mentions its height, trunk diameter, and how it compares to other tree species. However, nowhere in this description do I see any mention of ""persistent sterigmata"" or even ""twigs."" Since these specific terms are absent, I have to conclude that the information needed to answer the question is simply not present within the provided context. Therefore, the question cannot be answered. My grade for this would be a resounding zero.


","**Analyzing the Context: A Straightforward Evaluation**

Okay, so I've got the context here, and I'm assessing whether it allows me to answer a very specific question. My immediate thought is, the context focuses on the Sitka Spruce’s size and height ranking. It's a completely quantitative description. The problem is, the question doesn't relate to height or size at all, it's about *persistent sterigmata* on twigs. The context just doesn't offer any details to work with in that area.

The question explicitly asks if I can answer based solely on this context. It's asking for a direct link, and that link just isn't there. There's no mention of persistent sterigmata – not even a hint. So, essentially the question is assessing my ability to determine an answer based on what's available. The context doesn't have the information. My evaluation is that I cannot answer the question definitively with this context. So the score is zero. It's a binary assessment.


",Score-Reasoning Mismatch,"Model B's internal reasoning correctly determined that the context does not answer the question and explicitly concluded that 'the score is zero', but it mistakenly output a score of 1, resulting in a contradiction between its rationale and its final assigned rating."
1114646,687066,1114646,"BRAND NAME(S): Zovirax. Medication Uses | How To Use | Side Effects | Precautions | Drug Interactions | Overdose | Notes | Missed Dose | Storage. USES: Acyclovir is used to treat infections caused by certain types of viruses. It treats cold sores around the mouth (caused by herpes simplex), shingles (caused by herpes zoster), and chickenpox.This medication is also used to treat outbreaks of genital herpes.",0,0,1,N/A,N/A,Spurious Association,"Model B likely assumed or hallucinated that the opaque numeric query corresponds to an identifier (such as an NDC, RxNorm, or database ID) for the medication described in the document, whereas Model A correctly recognized there is no factual or visible connection between the query and the text."
489204,2798566,489204,"Some cases of pneumonia will result to inflammation of the right lung, thus causing sharp pain in the right side of the body, specifically on the upper abdomen. This is accompanied by colds and cough. The pain it causes starts as a dull ache on the right back side that progressively increases in intensity.",0,0,1,N/A,N/A,Hallucinated Relevance,The query consists entirely of an arbitrary numeric identifier ('489204') that shares no semantic or factual connection with the document discussing pneumonia symptoms. Model B was overly lenient and assigned marginal relevance to a completely irrelevant text.
359349,3739666,359349,"Using the midpoint formula, label the points as x 1 = -1, y 1 = -2, x 2 = -3, and y 2 = 5. To find the midpoint M of the line segment joining the points, use the midpoint formula :Test Yourself (Click HERE).sing the midpoint formula, label the points as x 1 = -1, y 1 = -2, x 2 = -3, and y 2 = 5. To find the midpoint M of the line segment joining the points, use the midpoint formula : Test Yourself (Click HERE).",0,0,1,"**Analyzing the Query and Context**

Okay, so the user's question is pretty specific: are we able to determine the lengths of parallel bases? Right off the bat, I need to see if this context even *mentions* parallel bases. I'm seeing a problem about finding the midpoint of a line segment defined by the points (-1, -2) and (-3, 5). Hmm, no trapezoids, no mention of any shapes with parallel sides... nothing. 

Given what's provided, there's absolutely no way to glean any information about parallel bases, directly or indirectly. The question is completely irrelevant to the current context. It's a non-starter. Therefore, the rating has to be a resounding zero. The question just doesn't apply here.


","**My Assessment of the Current Situation**

Okay, so I'm looking at this problem, and it's asking about the lengths of parallel bases. That immediately screams ""trapezoid"" to me. But wait a minute... I'm supposed to figure out if I can answer this based on the provided context, which is about finding the midpoint of a line segment given two points – basic coordinate geometry stuff. There's absolutely nothing in *this* context about parallel bases, trapezoids, or even anything remotely related to their dimensions. It's a fundamental disconnect. Therefore, given the information I have at hand, there is no possible way for me to provide an accurate and informed answer. So, ultimately, the answer is a big fat zero.


",Score-Reasoning Contradiction,"Model B correctly deduced that the content was completely irrelevant and explicitly concluded in its reasoning that 'the answer is a big fat zero', but inexplicably outputted a final score of 1."
156493,1820469,156493,"Plus, …though the common goldfish lives for about 2 days in a bowl, but if you get a 10 gallon tank for it and feed it every morning and night until it's mature, then once a day when it's mature, it can live for a long time; I had a goldfish that I cared for ( the pet goldfish not pond goldfish), and it lived for 9 years!",0,0,1,N/A,N/A,Hallucinated Relevance,"The query '156493' is an arbitrary numerical ID with zero connection to the document's content on goldfish care. Model A correctly identified the complete absence of topical relevance and assigned a score of 0, whereas Model B improperly awarded relevance to an entirely unrelated document."
359349,15799,359349,"How to Calculate the Area of a Trapezoid. A trapezoid is a quadrilateral with two parallel sides of different lengths. This means that both of these sides can be called a base, and that the trapezoid is unique in having two bases.If want to know how to calculate the area of a trapezoid, just follow these steps.Ad.ivide 147 cm 2 by 2 to get the final answer. 147 cm 2 /2 = 73.5 cm 2. The area of the trapezoid is 73.5. You have just followed the formula for finding the area of a trapezoid, which is [(b1 + b2) x h]/2.",1,1,2,N/A,N/A,Hallucinated Relevance,"Model B assigned partial relevance to a purely numeric query ('359349') that shares no context or connection with the document discussing how to calculate the area of a trapezoid, failing to recognize that the document is completely irrelevant."
156493,5555924,156493,"My goldfish is laying on the bottom of the tank & not eating... I'm really sorry. Okay, so now you have two fancy goldfish left, but you will still need a bit bigger tank. Fancies however, don't need as much water and swimming space as comets, so a 100 liter would do.y goldfish is laying on the bottom of the tank & not eating... Help! My goldfish (I think a Comet, very long pretty tail, mostly white in colour with a red/orange head & patch on body) has been laying on bottom of tank for about 4 days or so now, & hasn't eaten anything (from what i've seen) in that time!",0,0,1,N/A,N/A,Hallucinated Relevance,"Model B assigned a relevant score to a completely unrelated document about goldfish care for a numeric query ('156493'), failing to recognize the total absence of topical overlap or intent match."
1063750,3610442,1063750,"Fearing the entry of the United States into World War I, Germany attempted to appease the United States by issuing, on May 4, 1916, the Sussex pledge, which promised a change in Germany's naval warfare policy. These were the primary elements of the undertaking:n 1917, Germany became convinced they could defeat the Allied Forces by instituting unrestricted submarine warfare before the United States could enter the war. The Sussex pledge was therefore rescinded in January 1917, thereby initiating the decisive stage of the so-called First Battle of the Atlantic.",1,1,0,"**Evaluating the Context's Relevance to a Nuanced Question**

Okay, so the question is, beyond the *Lusitania*, what *specific* U-boat actions nullified US neutrality? I'm looking at this context and trying to figure out if it provides that level of detail. It mentions the *Sussex* pledge, which is a start, implying the attack on the *Sussex* was a key event, even if it doesn't explicitly *detail* that attack. The context also highlights Germany rescinding the pledge and initiating ""unrestricted submarine warfare"" in January 1917. That's clearly a major shift, but is it *specific* enough? Does it cite other sinkings beyond the *Sussex*, or those that prompted the change? The context does *not* mention any specific vessels, dates, or details of other attacks like those on the *Housatonic*, which I know were significant.

So, am I getting a complete answer here? Definitely not. The context focuses on broad policy changes, the Sussex pledge and its later rescinding, rather than granular details of specific incidents. It's too high-level to directly answer the question of ""specific provocations,"" and certainly does not provide the detail I need. Therefore, considering the information is very brief and lacking specific information. The context doesn't contain the answer itself. I think a '0' is appropriate here as it does not answer the question.


","**Analyzing the Context for Specific U-boat Provocations**

Okay, so the question is asking me to pinpoint specific U-boat provocations that directly violated US neutrality, going beyond the Lusitania incident. The context lays out the Sussex Pledge from May 1916 and its subsequent revocation in January 1917, leading to unrestricted submarine warfare. But, hold on a second... the text only *mentions* the Sussex Pledge; it doesn't actually detail specific attacks or incidents associated with it (like the *Sussex* itself, or individual merchant ship sinkings). The context just *implies* the Sussex incident through the pledge's name.

The core issue is that while the context outlines the *policy shift* to unrestricted warfare, it doesn't give me the actual *incidents* – the concrete examples of U-boat attacks – that would *directly* nullify US neutrality. It’s light on specifics. I can infer the *implication* of the pledge rescinding, but not identify specific actions.

So, am I able to actually answer the question *using only the available context*? No, not fully. The context explicitly *states* Germany's actions, but not the specific instances of those actions that are needed to actually answer the question. It doesn’t provide the critical data points I need. Therefore, based *solely* on the provided information, I'd have to grade the context as unable to answer the question, or perhaps only able to provide a very partial answer. It's definitely a zero or one, maybe a two at best. The context *describes* the policy shift, but it lacks the necessary *specifics* on the provocations themselves.


",Overly strict threshold,"Model B recognized that the document provided relevant background on policy shifts (the Sussex pledge and unrestricted submarine warfare) and contemplated scores of 0 or 1, but set an overly strict threshold demanding specific named ship sinkings, leading it to dismiss the partial relevance and award a score of 0 instead of 1."
1124210,4554223,1124210,"Transport system in plant. Transport system in plant consists of tubes (vessels) of cells, adapted to perform the function of transport, so it is known as vascular system. There are two types of vessels in the plant 1. Xylem: transport water and mineral from roots to leaves.2.ransport system in plant consists of tubes (vessels) of cells, adapted to perform the function of transport, so it is known as vascular system. There are two types of vessels in the plant 1. Xylem: transport water and mineral from roots to leaves. 2.",0,0,1,N/A,N/A,Hallucinated Relevance,"The query consists solely of an arbitrary number ('1124210') with no lexical or semantic connection to the passage about plant transport systems. Model A correctly identified the complete lack of relevance (0), while Model B erroneously awarded relevance points to an entirely unrelated document."
359349,4020479,359349,The triangle midsegment theorem looks at the relationship between a midsegment of a triangle and the triangle's third side. Follow along with this tutorial to learn about the triangle midsegment theorem. 1  triangle. 2  midsegment.  theorem.,0,0,1,N/A,N/A,Hallucinated Relevance,"Model B produced a false positive by assigning relevance to a document about geometry for an arbitrary numeric query ('359349') with which it shares zero lexical, semantic, or topical overlap, whereas Model A correctly identified the complete absence of relevance."
573724,8626954,573724,"Often an ignored side of the health triangle, even your social health can be affected by a large degree of stress. Think about it: Your social standing and income level can affect how stressed you are from time to time.",0,0,1,N/A,N/A,Hallucinated Relevance,"The query consists solely of an arbitrary numeric string ('573724') with no connection to the document's content on social health and stress. Model B assigned a positive relevance score despite the complete absence of topical or lexical overlap, likely due to an overly lenient scoring threshold or hallucinating an implicit connection."
182539,2909960,182539,"In mathematics, a monotonic function (or monotone function) is a function between ordered sets that preserves or reverses the given order. This concept first arose in calculus, and was later generalized to the more abstract setting of order theory. 1 Monotonicity in calculus and analysis.",1,1,0,N/A,N/A,Failure to Recognize Identifier Lookup,"The query '182539' appears to be an internal passage or document identifier rather than a topical keyword. Model B strictly evaluated semantic and lexical overlap, failing to recognize the ID-based retrieval intent that Model A captured."
359349,792264,359349,A median is a segment connecting any vertex of a triangle to the midpoint of the opposite side. midline. close window. A midline is a segment connecting two consecutive midpoints of a triangle. midline theorem.,0,0,1,"**Grading the Question's Relevance**

Okay, so I've got a question: ""Can we figure out if the parallel bases of a shape have their lengths provided, either directly or indirectly, from the context?"" My job is to see if this question can be addressed with the information I've been given.

Looking at the context – triangles, medians, midlines, and the midline theorem – I see nothing about parallel bases. That's a concept usually associated with trapezoids, which aren't mentioned. More importantly, there are no dimensions or lengths provided, either directly or implied.

Therefore, the answer is a clear negative. This question is completely irrelevant to the provided context. I have to give it a grade of 0. The context doesn't offer anything that would allow an answer, period.


","**Analyzing the Query about Trapezoid Bases**

Okay, so the question is about the lengths of parallel bases. My immediate thought is, ""trapezoid!"" Although, wait, the surrounding context is about triangle medians and midlines, which is throwing me off a bit, but it makes me think about similar concepts. Let's see... the core query is, ""Are the lengths of both parallel bases provided, either directly or derivable from other given dimensions?""

Now, based solely on what's *given* in this snippet of context – definitions of median and midline for a triangle – the answer is a resounding ""No."" There are *zero* actual lengths or dimensions presented here. The question can't be answered based on *this* provided context. But then I have to step back and think, wait, the rubric here wants to assess if the question *can* be answered based on the context. So, by that evaluation scale, this context gives me absolutely no relevant information at all, since it does not contain dimensions or lengths. So the grade is a zero. The context is entirely inadequate to determine anything about the parallel base lengths.


",Score-Reasoning Inconsistency,"Model B's reasoning correctly concluded that the context provided no relevant information and explicitly stated 'the grade is a zero', but it mistakenly output a final score of 1, resulting in an unfaithful score assignment."
156493,5009744,156493,"I’d love to hear which type of goldfish YOU like. One last thing: If you want to know the ins and outs of taking care of your goldfish, be sure to grab, The Truth About Goldfish!",0,0,1,"**Evaluating the Question's Relevance**

Okay, let's break this down. The core question is: ""Does it quantify age-dependent growth rate changes?"" My initial assessment, based on the provided context (""I’d love to hear which type of goldfish YOU like. One last thing: If you want to know the ins and outs of taking care of your goldfish, be sure to grab, The Truth About Goldfish!""), is a resounding no. The text discusses goldfish preferences and a care guide, ""The Truth About Goldfish."" It's essentially a fluff piece about goldfish keeping. There isn't a single shred of information, no data, no methodology, nothing that even *hints* at quantifying growth rates or their age dependency. Therefore, from a purely technical standpoint, the question is unanswerable with the given information. The score should be a 0; it's completely irrelevant.


","Here's my assessment of the situation:

**Analyzing the Query: Age-Dependent Growth Rate**

Okay, the prompt presents a question: ""Does it quantify age-dependent growth rate changes?"" I'm immediately scanning the provided context, which, as I recall, seems to be a passage about goldfish care and a book mention (""The Truth About Goldfish!""). Now, given my expertise, I know the nuances of growth rates and age dependencies. My initial thought is: this context *absolutely* lacks the necessary information to address the core of the question. There's nothing about quantifiable growth changes based on age. It's just too general.

The prompt, specifically, asks if the question *can* be answered based on what's available. The answer is a definitive ""no."" There is no applicable data, equations, research, or even general commentary on growth or age. It would be an outright leap of logic.

Considering the given scale, the most accurate grading is a ""0."" The context is completely irrelevant, and it provides absolutely no information that allows for an answer. This is a clear case of context insufficiency.


",Score-Reasoning Inconsistency,"Model B correctly deduced in its written reasoning that the document is completely irrelevant and explicitly concluded that the most accurate grading is a 0, but it inexplicably output a final score of 1, contradicting its own assessment."
1133167,7217701,1133167,You are here: Water Temperature > Caribbean > Jamaica Water Temperature Jamaica Water Temperature Jamaica is the third largest island in a group called the Greater Antilles after Cuba and Hispaniola which is home to Cuba and the Dominican Republic. It is the 5th biggest of all the Caribbean islands and one of the most popular destinations in the world.,1,1,0,N/A,N/A,Failure to Resolve Numeric/ID Query,"Model B marked the document as irrelevant due to the absence of clear lexical or semantic overlap with the opaque numeric query ('1133167'), whereas Model A was able to retain relevance, likely by accommodating entity/identifier mappings or benchmark context."
19335,6867870,19335,"Description of the field. Political ecology analyses social forms and human organisation that interact with the environment. This burgeoning field has attracted scholars from the fields of anthropology, forestry, development studies, environmental sociology, environmental history, and geography.",0,0,1,N/A,N/A,Hallucinated Relevance,"The query consists solely of an arbitrary numeric string ('19335') with no semantic or lexical overlap with the document about political ecology. Model B failed to recognize the complete lack of topical relation, assigning an ungrounded non-zero score where Model A correctly identified zero relevance."
855410,6467180,855410,"Liquid Lanolin Our Pure Lanolin is a thick natural moisturizer derived from sheep wool. Use as a skin conditioner, salve, and emollient for sealing your body's moisture. Use in its pure form or mix with other oils.iquid Lanolin Our Pure Lanolin is a thick natural moisturizer derived from sheep wool. Use as a skin conditioner, salve, and emollient for sealing your body's moisture. Use in its pure form or mix with other oils.",0,0,1,N/A,N/A,Hallucinated Relevance,"The query consists solely of an arbitrary numeric identifier ('855410') that does not appear anywhere in the document. Model B erroneously assigned a non-zero relevance score, likely assuming an ungrounded product or SKU match, whereas Model A correctly identified the document as completely irrelevant."
1133167,4494100,1133167,"Ocho Rios Jamaica Weather - Autumn (Sept, Oct And Nov) Truth be told, autumn is the best time to get cheap flights to Jamaica and save big on hotels, but autumn is not the best time to visit Ocho Rios as it relates to the weather.",1,1,0,N/A,N/A,Over-penalization of Lexical Mismatch,"Because the query is an opaque numeric string with no obvious textual overlap with the Ocho Rios weather passage, Model B strictly penalized the lack of keyword matching and deemed it completely irrelevant, whereas Model A correctly preserved the reference relevance label."
131843,6926607,131843,"© The Weather Company, LLC Monitor severe weather conditions and forecasts for Macroom, Ireland using the new Tornado Central storm tracker map, and get tornado and severe thunderstorm safety and preparedness tips from weather.com and The Weather Channel.",0,0,1,N/A,N/A,Hallucinated connection,"The query consists solely of an ambiguous numeric string ('131843') with no relation to the document about weather in Macroom, Ireland. Model B likely assumed an ungrounded connection (such as treating the number as a location or station ID) or applied overly lenient grading to an ambiguous query, whereas Model A correctly recognized the total absence of relevance."
1124210,4636525,1124210,"Xylem and phloem tissues are involved in the conduction processes within plants. Sugars are conducted throughout the plant in the phloem, water and other nutrients through the xylem. Conduction occurs from a source to a sink for each separate nutrient. Vascular plants have vascular tissues which distribute resources through the plant. 2  This feature allows vascular plants to evolve to a larger size than non-vascular plants, which lack these specialized conducting tissues and are therefore restricted to relatively small sizes.",0,0,1,N/A,N/A,Hallucinated Relevance,"The query is an arbitrary number with no semantic or contextual connection to the biological text on plant tissues. Model B hallucinated relevance or applied an overly permissive scoring threshold to an entirely irrelevant query, whereas Model A correctly identified a complete lack of relevance."
527433,8322920,527433,"cerebral palsy. noun. Medical Definition of cerebral palsy. : a disability resulting from damage to the brain before, during, or shortly after birth and outwardly manifested by muscular incoordination and speech disturbances—see ataxic cerebral palsy, athetoid cerebral palsy, spastic cerebral palsy.",0,0,1,N/A,N/A,Hallucinated Relevance,"Model B assigned a non-zero score despite there being no discernible relationship or textual overlap between the numeric query '527433' and the definition of cerebral palsy, improperly treating completely irrelevant content as partially relevant."
156493,4940231,156493,"Goldfish tanks are expensive. But on the flip side, your goldfish won’t have to breathe through murky water. Assuming the aquarium is properly maintained, of course. And it’s much easier to keep the water crystal clear in a large goldfish tank.",0,0,1,"**Evaluating the Question's Relevance**

Okay, let me break this down. The question posed is whether the given context allows us to quantify age-dependent growth rate changes. My initial thought is to assess the provided text: ""Goldfish tanks are expensive..."". Now, as an expert in [assumed field based on goldfish tank context, e.g., aquatic biology, animal husbandry, etc.], I immediately recognize that this context, while potentially relevant to goldfish care, deals with tank expense, maintenance, and water clarity. It doesn't touch upon goldfish growth rates, let alone age-dependent variations in those rates, nor anything that would allow any kind of quantification. 

Therefore, I have to conclude that the question cannot be answered at all based on this context. It's completely irrelevant to the subject matter. So, the evaluation has to be a resounding 0. The context doesn't offer *any* information that could be used to address the question. There is no partial answer possible.


","**My Assessment of the Question's Applicability**

Okay, so the prompt is asking if the provided context quantifies age-dependent growth rate changes. Let me see... I'm looking at goldfish tanks, the price, and how clear the water is. None of that, not even remotely, touches on growth rates or how they change as the goldfish get older. It doesn't even *hint* at quantifying them. Therefore, there's absolutely no way this context can answer the question. It's simply irrelevant. Zero.


",Score-Reasoning Contradiction,"Model B's reasoning correctly identified that the context was completely irrelevant and explicitly concluded with 'Zero', but it contradicted its own reasoning by assigning a final score of 1 instead of 0."
131843,988474,131843,A Tornado WATCH will be issued when conditions are favorable for the development of severe thunderstorms and tornadoes. The Storm Prediction Center (SPC) is the sole agency responsible for issuing a watch. A watch covers several thousands of square miles and generally lasts from two to six hours.,1,1,2,"**Evaluating the Question's Answerability**

Okay, let's break this down. My goal here is to determine whether the provided context allows for a definitive ""yes"" or ""no"" answer to the question: ""Does it specify the issuing authority and geographical scope?"" I need to evaluate this as if I were answering a question within my professional field, ensuring accuracy and precision.

First, I'll examine the context. Right, it's about a Tornado Watch. Now, let's dissect the provided information piece by piece to see if we can derive the necessary details.

*   **Issuing Authority:** The text explicitly states, ""The Storm Prediction Center (SPC) is the sole agency responsible for issuing a watch."" That's a direct and unambiguous identification of the issuing authority. Definitely, that component is addressed.

*   **Geographical Scope:** The text states, ""A watch covers several thousands of square miles..."" This provides a clear indication of the spatial extent covered by a Tornado Watch. Therefore, the geographical scope is well defined.

Given that I've found precise answers to both parts of the question within the context, I can confidently conclude that the question is fully answerable. My assessment is that the provided context supports a complete and accurate response to the posed inquiry. That certainly warrants a high grade. I'm going to assign a perfect score, a 5, for the ability of the context to directly and correctly answer the question posed.


","**Analyzing the Question's Clarity**

Okay, so the question is straightforward: does the provided information clearly identify both the issuing authority and the geographical scope of whatever we're talking about? Let's break it down methodically. First, the text explicitly states that ""The Storm Prediction Center (SPC) is the sole agency responsible for issuing a watch."" Bingo! That definitively answers the first part of the question: the issuing authority *is* specified. It's the SPC.

Now, on to geographical scope. Does the text give us a handle on the area covered? Absolutely. The phrase ""covers several thousands of square miles"" tells us precisely that the spatial extent *is* defined. It’s not just a vague ""somewhere"" – we have a quantifiable range, and that's enough for the question to be satisfied. Given the clarity on both points – issuing authority and geographical scope – a grade of 5 is entirely appropriate. This is a well-defined response that directly addresses the prompt.


",Score Miscalibration,"Both models suffered from hallucinating a phantom question ('Does it specify the issuing authority and geographical scope?') rather than evaluating the numerical query '131843'. However, Model B regressed by mapping its internal evaluation to a higher, more lenient score of 2 instead of the lowest relevance score of 1, departing further from the human ground truth."
19335,4510384,19335,"From an anthropological perspective, culture is what it means to be a member of a certain group. It is the underlying characteristics that the people in that particular subset share. This can include values, standards, religion, language, and all sorts of other things. Society is a different animal. You can think of it as the people in a given group and as the sum-total of interactions between people in a given group. Society relies on culture, because culture determines how people react to certain things.",0,0,1,"**Assessing the Applicability of Political Ecology**

Okay, so I'm looking at this question: ""Does it incorporate political ecology perspectives?"" and need to figure out if I can answer that based on the provided context. I've got a description of anthropology, culture, and society, which is a broad and diverse field. My initial instinct is that the answer isn't immediately apparent.

Let me break this down logically. The context *doesn't* explicitly mention ""political ecology."" That's the key. Since it's not present, I can't confidently assert whether these perspectives are present or absent. It doesn't give me enough information to make that judgement.

Therefore, using the grading scale, a '0' seems appropriate. The context doesn't provide any relevant information to answer this question. The answer can't be found in context. A '0' means the answer is completely missing.


","**Analyzing the Context and Question**

Okay, so the prompt is asking if ""it"" incorporates political ecology perspectives. My immediate assessment is that the provided text – which seems to be about anthropology, culture, and society – doesn't actually *mention* political ecology. Not even in passing. Therefore, answering this question definitively based on the information given is impossible. It's a context-faithfulness issue. I have to base my judgement on what's presented, and political ecology is simply absent. It's not a matter of whether the answer is ""no,"" but rather, there's no basis to formulate an answer at all. So, the appropriate score, reflecting how well the question can be answered from the provided text, has to be zero. The context is silent on this point.


",Score-Reasoning Discrepancy,"Model B correctly deduced throughout its reasoning that the context provides no relevant information and explicitly concluded that the appropriate score 'has to be zero', but it inexplicably output a final score of 1, contradicting its own assessment."
359349,8058873,359349,"trapezoid, closed plane figure bounded by four line segments, or sides, two of which are parallel and two of which are nonparallel. The parallel sides of a trapezoid are called bases and the nonparallel sides legs; in an isosceles trapezoid the legs are of equal length. The median of a trapezoid is the line segment connecting the midpoints of the legs; it is parallel to the bases and equal to half the sum of their lengths.",2,2,1,N/A,N/A,Over-penalized Lack of Keyword Match,"Model B likely downgraded the passage due to the complete lack of lexical overlap with the numeric string '359349' (an unmapped query ID from benchmark data such as MS MARCO), failing to infer the underlying query context or benchmark convention that Model A and human raters adhered to."
130510,7127694,130510,"by FreeAdvice staff. A judgment is the official decision of a court of law in a lawsuit. A final judgment resolves the issues involved in the lawsuit, and determines the rights and obligations that each party in the lawsuit has. That ruling becomes legally enforceable and the act taken by the party who is owed money by the other party is called judgment enforcement.",0,0,1,N/A,N/A,Hallucinated Relevance,"The query '130510' is an arbitrary numerical code with no semantic overlap or apparent connection to the legal explanation of court judgments. While Model A correctly deemed the passage completely irrelevant (0), Model B hallucinated a tenuous connection or was overly permissive with an ambiguous numeric query, incorrectly assigning a positive relevance score."
915593,6923056,915593,"A sous vide circulator allows you to use your own pot or water container for the cooking process. So, instead of there being a big water tank, the unit will tell you how much water it can handle. Place the machine in the water, change some settings and it takes care of the rest.",0,0,1,"**Analyzing the Sous Vide Question**

Okay, so the user's question is pretty specific: ""Does it differentiate sous vide approaches for fibrous versus starchy vegetables?"" My initial assessment is, can I answer this *at all* based on the given context? Let's see... the text describes a sous vide circulator – a device that heats water in a container. It talks about its functionality, like the size of the water container. But, it mentions nothing about vegetables, specific cooking methods, or any distinction between fibrous and starchy varieties. From what I can tell, the context is entirely about the *equipment* and not about the *application* of the equipment to different ingredients. Given that, I have to conclude that the information isn’t present within the provided text, and I can't provide a useful answer. So the relevance grade is a definite zero. There's simply nothing here to work with.


","Here's my assessment of the text, from my expert perspective:

**Analysis of Sous Vide Differentiation**

Alright, let's break this down. The core of the question is whether the provided text distinguishes between sous vide techniques for fibrous versus starchy vegetables. Now, with my background, I know this is a key aspect of optimal sous vide preparation. The variations in cell structure and starch content necessitate different temperature and time profiles for best results.

However, the text... well, it's pretty rudimentary. It's focused solely on the *equipment* – describing a sous vide circulator and its setup. It completely avoids the practical application, the *why* behind the method. There's zero mention of vegetable types, let alone any nuanced differences in approach for fibrous or starchy varieties. It's like explaining how to plug in a blender without mentioning what you might blend.

Therefore, considering the lack of relevant content, I can only conclude that the text *doesn't* address the question. My assessment is a resounding zero. It's a missed opportunity to get into the detail.


",Score-Reasoning Inconsistency,"Model B correctly deduced that the text completely failed to address the question and explicitly concluded with 'a resounding zero' in its reasoning, but contradicted itself by outputting a score of 1."
146187,8042967,146187,"Amount of fat in SuperSonic Double Cheeseburger, with Mayonnaise: Total Fat How much saturated fat is in SuperSonic Double Cheeseburger, with Mayonnaise? Amount of saturated fat in SuperSonic Double Cheeseburger, with Mayonnaise: Saturated fat",0,0,1,"**Analyzing the Context for Cheese Slice Specificity**

Okay, so the user's asking if the context provides the number of cheese slices in a SuperSonic Double Cheeseburger. I need to be precise. Let's see... the provided context focuses on the *fat content* – total fat and saturated fat, specifically. There's no mention, whatsoever, of how many cheese slices make up that nutritional profile. Therefore, based purely on the text I've been given, I can definitively say that the number of cheese slices *isn't* specified.

Right, I'm now recalling the structure of this assessment. The prompt *explicitly* asks if the question is answerable given the context, and if it's *not* answerable, the correct response is ""0"". The information is irrelevant to the question's requirements, I need to assign the appropriate grade for this situation. Considering the context doesn't address the number of slices, a ""0"" is absolutely the correct call here.


","**Analyzing the Context and Question**

Okay, so the question is asking if the provided context specifies the number of cheese slices per item, and the context itself details the fat content of a specific burger. I immediately see the disconnect here. The context mentions ""Double Cheeseburger,"" which *implies* two patties, and presumably cheese, but it doesn't *explicitly* state the number of cheese slices. It's a subtle but crucial distinction. The task here is to determine if the question can be answered *based solely on the provided context*.

My gut reaction is ""No,"" because the information isn't present, and the question is a direct yes/no evaluation of the context itself. I need to be careful; these evaluations sometimes have specific scoring rubrics. I'm used to assessing whether the context *allows* a question to be answered, or if it contains the information needed, and this is different. Wait, it's asking if the context explicitly *specifies* it. Got it. So I can answer *that* question directly: ""No, the context does not specify it.""

Okay, let's break this down further to make sure I'm on the right track for the assessment. ""Does it specify the number of cheese slices per item?"" The context gives no mention of cheese slices. It's focused on fat content. We're looking for an explicit statement of slice count. Since there isn't one, the assessment should be low, probably a 0. The context is only about fat; it's completely missing the required details. I am confident that I can assess this as a zero.


",Score-Reasoning Contradiction,"Model B correctly deduced that the context contained no relevant information and explicitly concluded in its reasoning that the score should be 0, but contradicted itself by outputting a final score of 1."
1113437,8503455,1113437,Spruce trees are all coniferous evergreen trees of the genus Picea. There are about 35 species of Spruce known in the northern temperate and boreal (taiga) regions of earth.,0,0,1,"**Analyzing the Context for Information**

Okay, so the user's question is pretty specific: ""Are persistent sterigmata explicitly described on the twigs?"" My job is to see if the context given provides an answer. Let's see... the context is about spruce trees – *Picea* specifically – and tells us they're coniferous evergreens found in northern regions. Alright, basic taxonomy and distribution.

Now, does this tell me anything about sterigmata, or even twigs for that matter? Nope. Not a word about anatomical details. There's nothing here about *how* the needles are attached, whether they persist, or anything related to the specific features being asked about.

Therefore, looking at the context alone, I have to conclude that I can't answer the question at all. There is simply no relevant information present. This requires a '0' grade.


","**Evaluating the Context for Relevance**

Okay, here's the deal. I'm being asked if the provided text explicitly mentions persistent sterigmata on twigs. Right off the bat, I know that the text is about spruce trees, specifically defining them as coniferous evergreens of the genus *Picea*, and noting the number of species. It's a general description. I'm scanning for any mention of ""persistent sterigmata"" or ""twigs,"" and... nope. Nothing. The text is completely silent on those specific details.

So, the question is whether the context can *answer* the question. The answer is obvious: it can't. It doesn't even come close. The prompt then asks me to rate its relevance on a scale, which confirms my initial assessment. The prompt then asks me to choose from a list: ""0: The answer is not relevant or complete at all."" That's exactly where this lands, no question about it. It's a classic example of context failure. This is a clear case for a '0'.


",Score-Reasoning Mismatch,"Model B's chain of thought correctly deduced that the text contains no relevant information and explicitly concluded that it deserved a score of '0', but it erroneously emitted a final score of 1, failing to align its final output with its reasoning."
915593,2210593,915593,"Sous-vide. Sous-vide is a method of cooking food sealed in airtight plastic bags in a water bath for longer than normal cooking times—72 hours in some cases—at an accurately regulated temperature much lower than normally used for cooking, typically around 55 °C to 60 °C for meats and higher for vegetables.",0,0,1,N/A,N/A,False Positive on Irrelevant Query,"Model B awarded partial relevance to an arbitrary numeric query ('915593') matched against an unrelated culinary document about sous-vide cooking, failing to recognize the total absence of semantic or lexical overlap that Model A correctly scored as 0."
1117099,5633587,1117099,Subduction boundaries occur where oceanic lithosphere is pushed beneath continental or oceanic lithospheres. Where two plates converge at an oceanic trench a subduction boundary is formed as cold oceanic lithospheres are pushed back down into the mantle.,0,0,1,N/A,N/A,Hallucinated Relevance,The query is an arbitrary numeric string with no semantic meaning or overlap with the document about subduction boundaries. Model B failed to identify the total lack of relation and erroneously assigned a positive relevance score.
264014,2810700,264014,"Generally speaking, 65-80 degrees Fahrenheit with 75-85 percent humidity is the ideal temperature range for growth and reproduction of fleas. All they need is a warm place in which to settle and lay their eggs. For the majority of pet owners who keep their homes at a consistently warm temperature throughout the winter season, this can mean that a flea population, once settled indoors, can remain active all year long.",1,1,0,N/A,N/A,Failure to Handle Unexpanded Query ID,"The query consists solely of an ID number ('264014') from a retrieval benchmark (such as MS MARCO) rather than the natural language question. Model B evaluated the literal text match and found no semantic connection to the passage about flea temperatures, scoring it 0, whereas Model A was able to associate the query ID with its benchmark ground truth or handle the unexpanded identifier appropriately."
156493,293048,156493,"Dainichi fish can grow a long time, up to a decade I once had a growing contest with one of my friends. We both had 35 gallon tanks and each purchased one 2 inch fish to grow.",0,0,1,"**Evaluating the Question's Answerability**

Okay, let's break this down. The core of the issue is whether the provided context allows us to determine if we can quantify age-dependent growth rate changes. The text itself mentions that Dainichi fish can live and grow for a long time – up to a decade, even, as that anecdote about the growth contest suggests – but that statement is, in itself, not quantitative. It doesn't offer any specific data about *how* the growth rate changes over time, just that they grow for an extended period.

Therefore, the question, as posed, cannot be definitively answered based on this information alone. We're missing the crucial numbers, the rates of change that would allow us to quantify this age-dependent growth. My expertise in this field tells me that we need concrete data to answer a quantitative question.

Given this lack of relevant information, I'm going to assign a grade reflecting that. There's simply no basis for a meaningful answer here. I will output a grade of 0. It's the only logical conclusion based on what we have.


","Okay, here's my assessment of the situation:

**Analysis of Dainichi Fish Growth Data**

Alright, let's break this down. The information provided about Dainichi fish mentioning their potential lifespan of a decade and that someone might purchase a 2-inch specimen is, frankly, insufficient. While it provides a basic context, it completely sidesteps the crucial aspect that I, as an expert in this field, would need. It doesn't quantify age-dependent growth rate changes. We're talking about specific growth rates at different ages here – how fast does a Dainichi fish grow during its first year versus years 5 through 7? That kind of data is essential for any meaningful prediction or analysis. Without this granular data, the original question is unanswerable based solely on the context given. Therefore, I have to rate this as a zero – completely irrelevant and lacking the required information.


",Score-Reasoning Mismatch,"Model B's reasoning actually correctly identified that the document is completely irrelevant and explicitly concluded that it should be rated as a zero ('Therefore, I have to rate this as a zero'), but it mistakenly output a score of 1 instead."
1133167,4212709,1133167,"Expect perfect tropical weather if you plan to visit Martinique in the month of April. Rainfall is slight (with only 3 inches of precipitation) and temperatures are perfect, with an average low of 73 degrees Fahrenheit and an average high closer to 84 degrees.8.0. During the early morning hours of an average April day on Martinique, you can expect the temperature will be in the vicinity of 79.1 degrees. In April, temperatures typically rise to around 84.0 degrees by early afternoon.",0,0,1,N/A,N/A,Hallucinated Relevance,"The query consists solely of an unexplained numeric string ('1133167') that shares no context or connection with the document describing Martinique's weather. Model B incorrectly assigned a non-zero relevance score to a completely unrelated document, whereas Model A correctly identified that there is no relevance."
156493,2154542,156493,"Goldfish prices vary wildly. But, let’s explore the cost to keep a goldfish and then examine how that relates to the purchase price of the fish itself. We can do a rudimentary economic analysis of a home aquarium and then repeat the exercise for a small pond. Note that this is not a how-to-keep-a-goldfish article.",0,0,1,"**Evaluating the Context for Relevance**

Okay, so I'm presented with the question, ""Does it quantify age-dependent growth rate changes?"" and I need to determine if the provided context allows me to answer it. Let's see... the context is about goldfish prices, the ongoing costs associated with keeping goldfish, and then an economic analysis focused on aquariums and ponds. Hmm. Reading through this, I can't see anything explicitly addressing how goldfish growth changes with age, in terms of quantifiable rates or any related data. It's all about the financial aspects of goldfish ownership.

Therefore, since the context completely lacks any information regarding age-dependent growth rates, I have to conclude that the question is unanswerable based on the information provided. The information is not relevant to the question. The appropriate response here would be a ""0,"" as ""the answer is not relevant or complete at all."" The prompt asks me about whether *the question can be answered* based on the context, and it's clear that it cannot be. So a 0 is the correct evaluation.


","Here's my assessment of the situation:

**Analysis of the Question and Context**

Okay, the question is explicitly asking about quantifying age-dependent growth rate changes. My immediate thought is, ""Does the given text even *touch* on that specific topic?"" It seems like a pretty straightforward check.

Now, I scan the context. Goldfish prices and the costs of keeping them... That's about the economics of goldfish ownership, not their biological growth. I'm looking for any mention of size over time, growth curves, metabolic rates – anything that relates the goldfish's development to its age. Nothing. Zip. Zilch.

Therefore, this context is completely irrelevant to the question. It’s a mismatch. I can't even begin to extract any useful information for determining a rate of growth, dependent on age. The conclusion is obvious: the context provides no insights whatsoever.


",Score-Reasoning Inconsistency,"Model B's analysis correctly concluded that the text was completely irrelevant with 'no insights whatsoever,' but it contradicted its own reasoning by assigning a score of 1 instead of 0."
130510,1494937,130510,"The Court also observed that “declaratory judgment jurisdiction will not arise merely on the. basis that a party learns of the existence of a patent owned by another or even perceives such a. patent to pose a risk of infringement, without some affirmative act by the patentee.” Id. at. 1381.",0,0,1,N/A,N/A,Spurious Numerical Association,"Model B likely made a false-positive connection between the numerical query '130510' and unrelated numeric citations in the legal text (such as '1381'), failing to recognize that the document bears no topical or exact relevance to the query."
359349,7579883,359349,"A trapezoid with equal lateral sides ( AB = CD ) is called an isosceles trapezoid. In an isosceles trapezoid angles by each base, are equal ( A = D, B = C ). A parallelogram can be considered as a particular case of trapezoid. Midline of a triangle is a segment, joining midpoints of lateral sides of a triangle.",1,1,2,"**Evaluating the Context's Relevance**

Okay, let's break this down. My goal is to determine if the given information allows me to answer the question: ""Are the lengths of both parallel bases provided, either directly or derivable from other given dimensions?"" The context presents definitions related to trapezoids, specifically isosceles trapezoids, and throws in a quick mention of parallelograms and the midline of a triangle. Now, I need to see if these definitions provide any actual *lengths* or any relationships that would *allow* me to calculate those lengths for a specific trapezoid.

Looking closely, the text does *not* provide any specific dimensions, numerical values, or formulas related to the lengths of the parallel bases. It describes properties of shapes, but it doesn't give any concrete figures that I could use in a calculation. My immediate conclusion is that I cannot answer the question definitively based *solely* on the provided context, which consists only of definitions.

I need to confirm this: Can I infer the lengths from any given relationships? I'm checking to make sure that the question is asking a math question, not a definition question. So the correct answer is, No. Based on the given context, I have absolutely nothing to work with. The context is only definitions.

Therefore, the answer is ""not relevant"" or ""incomplete,"" or more precisely, a score of 0. I can't derive or find the information I need from this text. The question is a practical one, and the context is only definitional. The context completely lacks the numerical foundation required to address the question. Thus, 0 is the correct assessment.


","**Analyzing the Problem: Base Lengths in an Isosceles Trapezoid**

Okay, so the prompt wants to know if I can determine the lengths of the parallel bases in this trapezoid scenario. Specifically, are they *given* to me outright, or can I somehow calculate them from other information that's provided? I see the prompt lays out some context: definitions for an isosceles trapezoid, its angle properties, the relationship between a parallelogram and a trapezoid, and even a midline of a triangle. A good framework but, critically, there are *no* actual dimensions provided. No lengths, no specific numbers, no diagrams with labeled sides. My expert intuition tells me right away, I'm missing some crucial pieces of the puzzle. I'm essentially given *concepts* but not *values*. Because of this, I can confidently conclude that, based on the *current* context, there's absolutely no way to determine if the base lengths are given or can be calculated. The information I need isn't there, so answering the question is impossible. My assessment of the situation: 0.


",Score-Reasoning Inconsistency,"Model B explicitly concluded in its reasoning that the context lacks the required information and stated 'My assessment of the situation: 0', yet it inexplicably outputted a high relevance score of 2, creating a total contradiction between its reasoning and final score."
87181,5298150,87181,"Hypertrophy of the breast tissues may be caused by increased histologic sensitivity to certain hormones such as female sex hormones, prolactin, and growth factors. Breast hypertrophy is a benign progressive enlargement, which can occur in both breasts (bilateral) or only in one breast (unilateral).",0,0,1,"**Evaluating Relevance: Afterload Elevation in the Context of Breast Hypertrophy**

Okay, let's break this down. My task is to figure out if I can answer the question ""Are chronic afterload elevation mechanisms detailed?"" using the provided text. The question is clearly geared towards cardiac physiology – think about the mechanisms that drive *cardiac* hypertrophy.

However, the context is all about breast hypertrophy: a completely different organ system and a very different etiology. The text mentions hormonal sensitivities and benign enlargement, but it's *breast* tissue, not the heart. There's simply no overlap here.

Therefore, the provided context offers absolutely nothing useful in addressing the original question. It's irrelevant. My assessment is clear: the answer is completely absent from the given material. The grade for relevance is a definitive zero.


","**Evaluating the Relevance of Context**

Okay, so I'm presented with a question: ""Are chronic afterload elevation mechanisms detailed?"" and some context that’s focused on hypertrophy of breast tissue. Immediately, my expertise kicks in. The question is clearly rooted in cardiac physiology or pathophysiology, dealing with afterload, a key hemodynamic parameter. But this context... this is all about breast tissue changes. It's totally unrelated to the question at hand.

I'm systematically assessing if this information is applicable and can lead to a relevant conclusion. The answer is obvious: there's absolutely no mention, no hint, no angle that connects breast hypertrophy to chronic afterload elevation mechanisms. We're talking about two completely different biological systems and disease processes. Therefore, I can confidently assign a grade of 0. The context doesn't even come close to answering the question. It’s completely irrelevant. I'll flag this as unanswerable based on the information provided. I should check the option labeled ""The answer is not relevant or complete at all"" since the context cannot answer it.


",Reasoning-Output Disconnect,"Model B correctly deduced that the text was completely irrelevant and explicitly stated in its reasoning that it should assign a grade of 0, but it mistakenly output a score of 1."
146187,1246346,146187,"Burger King has issued a Required Menu for the Burgers at Breakfast program that mandates an extensive selection: Whoppers and Double Whoppers, the new Big King, Whopper Jr. burgers, cheeseburgers, double cheeseburgers, Bacon Double Cheeseburger, Original Chicken Sandwich and french fries.",0,0,1,N/A,N/A,Hallucinated Relevance,"Model B awarded a positive relevance score despite there being zero semantic, lexical, or topical relationship between the numeric query '146187' and the Burger King menu document."
489204,6337933,489204,A kidney infection can cause lower abdominal pain in many women that can also cause flank pain and pain under the ribs. Kidney infections are often caused by bacteria that makes its way via the urinary tract to the kidneys.,0,0,1,N/A,N/A,Hallucinated Relevance,The query consists solely of an arbitrary number ('489204') with no semantic or textual connection to the medical text about kidney infections. Model B improperly assigned positive relevance to completely unrelated noise.
915593,8002852,915593,This was the most tender & juicy slice of tenderloin I have ever had. Sous Vide is a method of cooking foods to perfection in a temperature controlled water bath. This application is being used in restaurants all over the world.,0,0,1,N/A,N/A,Hallucinated Relevance,"The query consists solely of an arbitrary numeric string with no topical, lexical, or contextual overlap with the document about sous vide cooking. Model B incorrectly inferred a connection or defaulted to a non-zero score, failing to recognize that the document is completely irrelevant."
146187,3193119,146187,"As you look through this list of five types of cheese for burgers, keep in mind that cheeseburgers don't have to be made with ground beef. Other types of meat, like buffalo or turkey, are great with cheese. Veggie burgers are especially good with a thick layer of melted cheese on top.",0,0,1,"**Grading the Cheese Slice Question**

Okay, so I'm presented with a question: ""Does it specify the number of cheese slices per item?"" and given this context about cheese for burgers. My first thought is to assess if the question can be answered from the provided text. The question itself is a yes/no question - ""Does it specify...""

My instinct is immediately to say ""No,"" because the text clearly doesn't mention a specific number of cheese slices. But, I need to make sure I'm interpreting the prompt correctly. It's asking if the question is *answerable* from the context. It doesn't ask if the number of cheese slices is in the context.

I need to decide if I can confidently say ""No"" based on the given text.

I need to stop and remember the prompt: ""Can the question be answered based on the available context? choose one: 5 (highly relevant/complete/accurate)... 0 (not relevant at all)""

Given the yes/no nature of the question, the answer of ""No, it doesn't specify"" is both complete and accurate based on the text. The context is short and I can clearly and confidently say it doesn't specify.

Therefore, because I can give a complete and accurate answer, the grade has to be a 5.


","**Analyzing the ""Cheese Slice Specification"" Question**

Okay, so the prompt is asking me if a given question *can be answered* based on the provided context. My initial thought was about the specifics of the cheese slices themselves, but that's not the core issue. The question is: ""Does it specify the number of cheese slices per item?""

The provided context talks about burger types, like meats and veggie burgers, and different kinds of cheese. But it *doesn't* actually say anything about *how many* slices are used per burger. So, my instinct is to immediately say ""No,"" because the context doesn't specify.

Now, I need to make sure I'm interpreting the evaluation task correctly. Does ""Can the question be answered?"" mean ""Can the *original* question be answered based on the context, or does the context lack the ability to answer it?"" I think it's the former: can *the* question be answered, using the context given? And the answer to ""Does it specify the number of cheese slices per item?"" *is* ""No"".

In other words, the provided context *allows* for a complete, definitive answer. The context itself is enough. I can answer the question ""Does it specify..."" with certainty just by *looking* at the context and observing the lack of information about slice quantity. Therefore, I can absolutely answer the question ""Does it specify..."" based on the context, and the answer is ""No"". My evaluation of the context is 100% complete.


",Score Calibration Error,"Both models suffered from context hallucination regarding an unprompted meta-evaluation question about cheese slices, but Model B regressed by awarding a score of 1 (partial relevance) to a completely irrelevant document and query ('146187'), failing to assign a clean 0."
131843,7617929,131843,"METEOROLOGIST JEFF HABY. Each day, National Weather Service Forecast offices and the SPC will release a forecast discussion and at times a convective discussion, severe weather discussion, winter storm discussion or some other type of related discussion. Reading these discussions is an important part of the forecasting process.",0,0,1,N/A,N/A,Spurious Relevance Attribution,The query consists solely of an arbitrary numeric identifier ('131843') with zero lexical or conceptual overlap with the weather discussion text. Model B regressed by assigning marginal relevance (1) to completely irrelevant content rather than recognizing total irrelevance (0) as Model A did.
915593,3573479,915593,"How to Cook Using Sous Vide. Sous-vide, which is French for “under vacuum”, also called cryovacing, is a method of cooking that is intended to maintain the integrity of ingredients by heating them for an extended period of time at relatively low temperatures. It was developed by Georges Pralus in the mid-1970s.",0,0,1,N/A,N/A,Hallucinated Relevance,"The query consists of an ambiguous numerical identifier ('915593') with no semantic connection to cooking sous vide. Model B improperly assigned non-zero relevance to an entirely unrelated document, failing to recognize the complete absence of overlap."
527433,2773789,527433,"Weakness on the side of the body and in muscles also causes speech problems in stroke victims. Muscles in the tongue, palate and lips may be affected to result in slowed, distorted or slurred speech, according to the American Heart Association. The condition that affects the tongue and other muscles is called dysarthria. Recovering stroke victims may need the help of a speech therapist to regain their speech.",0,0,1,N/A,N/A,Hallucinated Relevance,"Model B incorrectly assigned partial relevance to an arbitrary numeric query ('527433') that has no connection to the document's content on stroke recovery and speech impairment, whereas Model A correctly recognized the complete lack of relevance."
131843,1587424,131843,State of the Art Forecasting Process. 1  Ensemble of Intelligent System Based Forecasting Models. 2  Weather data provided by four major weather data services. 3  Daily IM Commentary on Market Load Forecasts from a Meteorologist. 4  User Interaction with Forecasting Models (optional feature) 5  Continuous quality control & monitoring.,0,0,1,N/A,N/A,Hallucinated relevance,"The query is an arbitrary numeric code with zero lexical overlap or semantic connection to the document. Model B incorrectly assigned a non-zero relevance score, likely assuming an ungrounded connection or being overly lenient on completely unrelated content."
1114646,1576677,1114646,These valacyclovir uses include: 1  Treating shingles. 2  Treating cold sores. 3  Treating genital herpes. 4  Treating chickenpox. 5  Preventing recurrent genital herpes outbreaks. 6  Decreasing the spread of herpes to sexual partners.,0,0,1,N/A,N/A,Hallucinated Relevance,"Model B gave a positive relevance score to a document about valacyclovir uses for an opaque numerical query ('1114646') with which it has no apparent topical connection, failing to recognize complete irrelevance."
915593,1772930,915593,"Well, one of Arnold's biggest insights is what resulted in the invention of the Searzall, and it's something we got wrong in our sous vide video. Sous vide, if you recall, is the process of cooking food in a controlled-temperature water bath, using a vacuum sealer to protect your meat from the liquid. What you get from sous vide is your food cooked to exactly the temperature you want to kill bacteria and make it safe to eat, but not overcooking it.",0,0,1,N/A,N/A,Hallucinated Relevance,"The query consists solely of an arbitrary number ('915593') that does not appear in or relate to the document about cooking and the Searzall tool. Model A correctly recognized the complete absence of topical connection (score 0), whereas Model B exhibited a false positive bias by assigning a score of 1 to an entirely unrelated document."
156493,2403231,156493,"If you want to get some baby goldfish, the most fascinating way of obtaining them is of course to breed goldfish in your own aquarium or pond. A goldfish becomes sexually mature when it is around one year old, but will not reach their prime until two years later.",0,0,1,"**Analyzing the Context for Age-Dependent Growth Rate Quantification**

Okay, so the core question is whether the provided text addresses age-dependent growth rate changes. Let me see... the text discusses goldfish breeding and maturation. It states that goldfish become sexually mature around one year and reach their prime two years after that. Hmm... while it references age and development, it doesn't actually *quantify* changes in growth rate—that is, the changes in size or weight over time as the goldfish ages. It's more about stages of development.

Therefore, the provided context simply does not provide the specific information to answer the question, as I understand it. I was going to rate this as a 0, meaning the context is totally irrelevant to the question. Yes, 0 is appropriate. If the question can't be answered, that corresponds to the minimum score, in my understanding.


","**Analyzing the Context's Ability to Answer the Question**

Okay, the prompt is asking if the text quantifies age-dependent growth rate changes. The context provided discusses goldfish reaching sexual maturity at one year and their prime two years later. My immediate thought is, ""No, this doesn't actually *quantify* growth rate changes."" It gives time markers for maturity and prime, but it doesn't give me any numerical data on how the growth rate changes between those points, or any other.

Now, I need to make sure I understand how the evaluation is being done. Is it assessing a *correct* answer to the question based on the text, or the text's ability to even *allow* an answer? Given the phrasing ""Can the question be answered based on the available context?"", it seems to be the latter. It's about context relevance. The question requires a quantification, the provided context does not offer one.

The evaluation metric gives 0 for ""The answer is not relevant or complete at all. / context doesn't contain the answer."" Since my interpretation is that the context *doesn't* contain the answer to the specific question, the grade should be 0. I need to treat the question as a Yes/No. Given the context, the answer is ""No"".

In these types of RAG or Faithfulness assessments, a grade of 0 or 1 is typical when the information isn't present in the context.

Given that the context describes goldfish maturity and prime age, but doesn't offer quantification of growth rates, the context does not contain the answer. My final conclusion is that the grade is 0.


",Reasoning-Output Inconsistency,"Model B correctly deduced throughout its reasoning that the context does not answer the question and explicitly concluded that the final grade should be 0, but ultimately output a score of 1, contradicting its own conclusion."
527433,1187918,527433,"Mixed dysarthria – This is a difficult to define speech pattern caused by damage to several regions of the nervous system, such as the upper or lower motor neurons. Diagnosis of Dysarthria. Dysarthria and its more severe form, anarthria, are diagnosed by a medical professional.",0,0,1,N/A,N/A,Hallucinated Relevance,"The query consists solely of an arbitrary numeric string ('527433') with no semantic overlap or topical relation to the medical text on mixed dysarthria. Model A correctly assigned a score of 0, whereas Model B assigned a score of 1, incorrectly assuming relevance or applying an overly lenient threshold for an ungrounded, opaque query."
131843,284784,131843,"CAPE - Convective Available Potential Energy. 1  Convective Available Potential Energy (CAPE) is measure of the amount of energy available for convection. 2  Observed values in thunderstorm environments often may exceed 1,000 joules per kilogram (j/kg), and in extreme cases may exceed 5,000 j/kg.",0,0,1,N/A,N/A,Hallucinated Relevance,The query consists solely of an unrelated numerical identifier ('131843') that does not appear or relate in any way to the meteorological text about CAPE. Model B erroneously assigned marginal relevance instead of recognizing the complete lack of topical overlap.
915593,3538166,915593,"Sous vide info. From the French for ‘under vacuum’, sous vide is a method of cooking where ingredients are sealed in an airtight bag and submerged in a water bath. This method not only ensures a constant cooking temperature, but allows the food to cook for long periods of time without losing any of its flavour or moisture.",0,0,1,N/A,N/A,Hallucinated Relevance,The query consists solely of an arbitrary number ('915593') with no semantic or lexical connection to the document discussing sous vide cooking. Model B incorrectly awarded marginal relevance instead of recognizing complete irrelevance like Model A.
573724,5721831,573724,"between health and social service agencies. ocial determinants of health (SDOH) are conditions in the environment in which people are born, live, learn, work, play, worship, and age that affect health outcomes and risks, functioning, and quality -of-life.2 These.",1,1,0,N/A,N/A,Overly strict lexical matching,"The query is an opaque numeric identifier (likely a document ID or metadata key) that does not appear verbatim in the text snippet. Model B strictly penalized the lack of direct lexical or semantic overlap, failing to recognize or accommodate valid identifier-based relevance."
156493,3370619,156493,"Their are three classifications of foods and they are named as Go, Glow, and Grow. Go foods are the energy giving foods, Grow foods are the body building foods and the Grow foods are the kind of foods that are classified as the body regulating foods.",0,0,1,"Here's my thought process, distilled:

**Rating the Context's Relevance**

Okay, I'm tasked with evaluating whether the provided context allows us to answer the question about quantifying age-dependent growth rate changes. Let's see... the context talks about food classifications – Go, Glow, and Grow foods. Right away, I can see that this has absolutely nothing to do with *age*, *growth rates*, or any kind of *quantification*. We're dealing with very basic food categories. I'm looking for any mention, even a hint, of age-related physiological processes, or any way to interpret the provided content in that framework. I see absolutely nothing. Thus, my professional assessment is that the context is completely irrelevant. The question is unanswerable based on this information. I'm giving this a resounding zero.


","**Evaluating the Context's Relevance**

Okay, here's what I'm thinking. I need to figure out if this context can actually answer the question, ""Does it quantify age-dependent growth rate changes?"" I'm looking at this text about Go, Glow, and Grow foods – a pretty basic nutritional categorization, if I recall. Now, the key here is ""quantify"" and ""age-dependent growth rate changes"". Does the context, in any way, shape, or form, present any quantifiable data related to how growth rates change *specifically* as we age? Does it even *mention* age-dependent growth rate changes? No, it doesn't. It's a very simple classification, nothing more. Therefore, based on that quick assessment, I have to give it a 0. It's completely irrelevant to the actual question.


",Score-Reasoning Inconsistency,"Model B's internal reasoning correctly determined that the context was completely irrelevant and explicitly concluded that it should receive a rating of 0, but it experienced an output mismatch error and assigned a score of 1 instead."
183378,5824064,183378,What happens to the introns and the exons during transcription? introns-are cut out of the resulting mRNA strand before it is sent out of the nucleus for protein synthesis.,0,0,1,N/A,N/A,Hallucinated Relevance,"Model B awarded relevance to a biology document despite the query being an arbitrary numeric string ('183378') with zero semantic connection or relevance to the text, failing to recognize complete irrelevance as Model A correctly did."
183378,5391358,183378,The basic splicing process. (A) Exons are represented by boxes and introns by lines. The invariant GU and AG nucleotide sequences of the 5′ and 3′-splice sites are shown. Also shown is the branch point (A) and the nearby polypyrimidine tract (YYYY).,0,0,1,N/A,N/A,Hallucinated Relevance,"The query is an arbitrary numeric identifier ('183378') that does not appear anywhere in the document, nor does the document describe it. Model B incorrectly assigned a non-zero relevance score, likely hallucinating a connection or exhibiting an overly lenient threshold for unrelated text."
962179,1882903,962179,"The USO was founded in 1941 in response to a request from President Franklin D. Roosevelt to provide morale and recreation services to uniformed military personnel. This request led six civilian agencies -- the Salvation Army, YMCA, YWCA, NCCS, NTAA and the NJWB -- to unite in support of the troops.",0,0,1,"**Analyzing the Context for Information on ""The Salvation Army"" Name Adoption**

Okay, so the user is asking about when ""The Christian Mission"" officially became ""The Salvation Army."" My task is to assess if the provided text gives me that information. Reading the text, I see it's about the USO's founding in 1941 and lists organizations involved, including ""The Salvation Army."" However, I don't see any mention of ""The Christian Mission"" or any information about a name change.

Therefore, this context doesn't provide the answer. The question, ""Can the question be answered based on the available context?"" is a definite ""No.""

The rating system uses a scale from 0 to 5. Since the context is completely unhelpful – it contains absolutely *nothing* relevant to the query – a grade of 0 is the only reasonable option. The context simply doesn't contain the necessary information, making any attempt to answer from it impossible. So, 0 it is.


","**Analyzing the USO Information and the Salvation Army Question**

Okay, so I'm looking at this text about the USO, its 1941 founding, FDR's involvement, and the six agencies, including the Salvation Army. The core question is whether the text clarifies the date when ""The Christian Mission"" officially became ""The Salvation Army"". Hmm... the text *doesn't* actually say when the name was adopted.

Now, the question itself is important: it's asking if the information *specifies* something. So, even though the text might not explicitly address the name change, can I still answer based on *what the text contains*?

Let's see... if the question is ""Does the info specify X?"" and the info *doesn't* mention X, then the answer is ""No."" So I can answer it.

Thinking about typical evaluation scenarios, in these kinds of assessments, if the text completely avoids the topic, like not mentioning ""The Christian Mission"" at all, the answer is usually ""incomplete.""

Let's look more closely. The context never brings up ""The Christian Mission"" or the specific name change. Therefore, it's missing that info. I'm going to grade it as ""0"" because the answer isn't provided, it's irrelevant to the question.


",Reasoning-Output Disconnect,"Model B correctly deduced in its final sentence that the document was completely irrelevant and explicitly stated it would grade it as '0', but then erroneously output a score of 1, showing an inconsistency between its thought process and final score."
1113437,1218865,1113437,"Needles primarily in bundles or clusters of 2, or sometimes 2 and 3 on the same tree ………………… 32. Needles 5 to 9 inches long; cones 3 to 6 inches long and prickly to the touch ………… (A) loblolly pine2.",0,0,1,"**Grading the Question: Persistent Sterigmata on Twigs**

Okay, so I need to assess whether the question ""Are persistent sterigmata explicitly described on the twigs?"" can be answered based solely on the provided context. I've read the context – it describes needle arrangement, needle length, cone size, and texture characteristics of a loblolly pine. However, I'm not seeing *any* mention of ""persistent sterigmata"" or ""twigs"" within that text. It's a fundamental lack of relevant information.

Given the complete absence of these terms, the question is simply unanswerable based on the context given. Therefore, the most accurate grade here would be a 0. That's the appropriate score to indicate that the information needed to address the question is completely missing or irrelevant. We aren't able to confirm or deny anything about persistent sterigmata on the twigs from the data. Let's assign that grade.


","**Analyzing the Sterigmata Question**

Okay, so the question is whether ""persistent sterigmata"" are explicitly described on the twigs within this provided context. Let's see... the context describes needles, cones, their sizes, and the arrangement of needles on a loblolly pine, specifically focusing on bundles or clusters. It mentions no characteristics of the twigs at all. My initial gut reaction is ""No, it's not mentioned.""

But hold on, let's be precise. The question explicitly asks if it's *described*, not if it's *present*. The absence of information on twigs means the description is absent, therefore, the answer must be No. However, can the question be answered based on the text? It doesn't contain the answer, so the answer is ""not mentioned"".

Ah, right, the scoring rubric! It rates the answerability based on the context. If the context *doesn't* provide the necessary information, the score is a zero. That seals it. The context is silent on the matter, so the answer is a definitive ""No, it's not described,"" and according to the scoring guidelines, the response merits a zero.


",Score-Reasoning Discrepancy,"Model B correctly deduced that the context lacked the necessary information and explicitly stated in its final sentence that the score should be 0, but it erroneously output a final score of 1."
1133167,7991601,1133167,Bermuda Weather in December. 1  December is the time in Bermuda when the winter starts setting in. 2  The December temperature usually varies between 70 degree high to 63 degree low on an average. 3  The average air temperature during the day remains generally at 66.7 degree Fahrenheit.,0,0,1,"**Evaluating the Relevance of Provided Context**

Okay, I need to figure out if I can determine if any severe weather advisories are active based on this information about Bermuda's December weather. Let's see... the text describes December in Bermuda as the start of winter, with average temperatures ranging from a high of 70°F to a low of 63°F, and an average daytime temperature of about 66.7°F.

Hmm, that's all general climate data. It's giving me typical December conditions. But there's absolutely nothing in here about *current* advisories, severe weather events, or even the possibility of them. No mentions of storms, high winds, heavy rain, nothing.

Right, so the answer is clearly ""no."" I can't determine anything about active severe weather advisories from this information. Since the evaluation scale states that a score of 0 is appropriate when the information to answer the question is completely missing, that is the most appropriate score. It's a straight zero. The prompt essentially evaluates if an answer can be derived at all, and that answer is a resounding ""no.""


","**Evaluating the Context for Relevance**

Okay, so I'm presented with a question: ""Are any active severe weather advisories issued?"" and a snippet of context: ""Bermuda Weather in December..."" My task is to determine if the context provides *any* information that helps answer the question.

Immediately, my expert knowledge kicks in. I know that weather advisories are specific alerts regarding potentially dangerous meteorological conditions – things like tornadoes, hurricanes, blizzards, etc. General temperature information, even if specific to a location and time, is fundamentally *different*. ""Bermuda Weather in December"" describes the typical climatological conditions, which, while interesting, have no inherent link to *current* severe weather.

Therefore, the provided context is completely irrelevant to the question of active severe weather advisories. It doesn't mention any advisories, warnings, or watches, nor does it provide any indirect clues that could be used to infer their existence. The question is unanswerable with this information. My score here is a resounding 0. It's not just incomplete; it's entirely the wrong domain.


",Score-Reasoning Inconsistency,"Model B's internal chain-of-thought correctly concluded that the context was completely irrelevant and explicitly stated that the score should be 'a resounding 0', but it erroneously emitted a final score of 1 instead, resulting in a contradiction between its reasoning and output."
168216,2036281,168216,"This signs and symptoms information for Legionnaires' disease has been gathered from various sources, may not be fully accurate, and may not be the full list of Legionnaires' disease signs or Legionnaires' disease symptoms. Furthermore, signs and symptoms of Legionnaires' disease may vary on an individual basis for each patient.",0,0,1,"**Assessing the Context's Relevance**

Okay, so I've got a question: ""What specific virulence factors of *L. pneumophila* are implicated in pneumonia pathogenesis?"" and a chunk of text labeled as context. My initial instinct is to dive in and see if the information's there. However, after a quick scan, it's immediately clear that the context is *not* helpful. It's all about the signs and symptoms of Legionnaires' disease, with some disclaimers about accuracy and variability. It doesn't mention any specific *virulence factors* at all, let alone their role in causing pneumonia. This context is completely irrelevant to the question. Consequently, a grade of 0 is the only justifiable outcome here. We have nothing to work with.


","Here's my assessment of the situation:

**Evaluation of Virulence Factor Question**

Okay, I'm taking a look at this question, ""What specific virulence factors of *L. pneumophila* are implicated in pneumonia pathogenesis?"" My goal is to determine if I can actually answer it based on the information I've been given. Let me see... the provided context here is rather brief, essentially a basic overview of signs and symptoms of Legionnaires' disease. It's a disclaimer, essentially. Hmm, that's not going to cut it. There's absolutely nothing in this snippet about the bacterial components or mechanisms that cause the disease itself. Not a word on *virulence factors* or how they might contribute to the pathogenesis. Therefore, based on what I see here, I have to give this a big fat zero. The answer to the question simply isn't present in this context. It's like asking about the ingredients in a cake and being handed the recipe for a completely different dessert! Point blank, this context is useless.


",Score-Reasoning Inconsistency,"Model B's reasoning explicitly concludes that the context is completely irrelevant and states it should receive a 'big fat zero', but the model erroneously outputs a final score of 1 instead of 0."
915593,4378740,915593,What temperature should you drink wine at? The best temperature for red wine is 62-68 degrees. The best temperature for white wine is 49-55 degrees. Serving wine is not an exact science unless you are the guys at Modernist Cuisine (who’d probably put the wine sous vide to the ‘perfect’ temperature).,0,0,1,"**Analysis of the Query Regarding Sous Vide and Vegetable Differentiation**

Okay, let's break this down. The user's question is pretty specific: does the given information allow us to differentiate sous vide approaches for fibrous versus starchy vegetables? I need to analyze the provided context – which is about wine temperature – and determine if there's *any* relevant information.

The context provides optimal serving temperatures for red and white wine, and includes a tongue-in-cheek reference to Modernist Cuisine and sous vide for achieving the ""perfect"" wine temperature. However, *nowhere* in this text are vegetables mentioned, let alone fibrous versus starchy vegetables. Nor does it delve into different *approaches* for using sous vide with any specific food category, just a general mention regarding achieving an ideal temperature.

So, the answer is clear: the context is completely irrelevant to the query. The user's question cannot be answered using this information. Therefore, a grade of 0 is the only logical conclusion. It's a fundamental lack of relevant data.


","Here's my assessment:

**The Sous Vide Conundrum**

Okay, so the text touches on ""sous vide"" in a pretty superficial way – specifically in relation to wine temperature. That's a complete non-starter for my purposes. The question I posed requires a detailed understanding of how sous vide techniques might vary for fibrous vegetables versus starchy ones. The subtleties of cellular breakdown, starch gelatinization, and texture control are absolutely critical here. Since the provided context doesn't even acknowledge that there *is* a distinction in approach, let alone provide any specific guidance, it's utterly useless. It’s like asking a theoretical physicist about quantum entanglement and getting a response about the weather. No, the context simply doesn't address the core issue at all. My rating needs to be a flat zero.


",Score-Reasoning Inconsistency,"Model B correctly deduced that the document was completely irrelevant and explicitly concluded that the rating 'needs to be a flat zero,' but it contradicted its own reasoning by assigning a final score of 1."
855410,7972231,855410,Itch Relief Moisturizing Lotion; Moisturizing Cream; Moisturizing Cream with Pump; PM Facial Moisturizing Lotion; Psoriasis Moisturizing Cream; Renewing SA Foot Cream; SA Cream for Rough & Bumpy Skin; SA Lotion for Rough & Bumpy Skin; Skin Renewing Cream Serum; Skin Renewing Day Cream; Skin Renewing Gel Oil; Skin Renewing Night Cream; Therapeutic Hand Cream,0,0,1,N/A,N/A,Ungrounded Assumption,Model B likely assumed that the numeric query was an SKU or product identifier matching one of the listed skincare items despite zero textual evidence in the document connecting the code to the products.
87181,377541,87181,Hypertrophic Cardiomyopathy - HCM. Introduction. Hypertrophic Cardiomyopathy is the most common cardiac disease in cats. Affected cats are at risk of sudden cardiac death due to defects that produce increased left ventricular heart muscle thickness.,0,0,1,N/A,N/A,Hallucinated Relevance,"The query is a purely numeric string with zero topical connection to feline hypertrophic cardiomyopathy. Model B assigned a positive relevance score despite the complete absence of shared meaning or context, failing to recognize the document as entirely irrelevant."
156493,1464632,156493,"Bacteria and parasites. Contaminated food or water can transmit bacteria and parasites to your body. Parasites such as Giardia lamblia and cryptosporidium can cause diarrhea. Common bacterial causes of diarrhea include campylobacter, salmonella, shigella and Escherichia coli.",0,0,1,N/A,N/A,Hallucinated Relevance,"The query consists solely of an arbitrary numeric identifier ('156493') that has no relation to the medical text regarding bacterial and parasitic causes of diarrhea. Model B incorrectly assigned positive relevance to a completely unrelated passage, whereas Model A correctly recognized the complete lack of topical overlap."
146187,7095976,146187,"BYB Back Yard Classic Cheddar Cheeseburger: 792.9: 427.9: 48: 19.2: 2.5: 135.3: 1,176.9: 47.1: 3: 5.8: 42.5: BYB Back Yard Classic Pepper Jack Cheeseburger: 769: 425.5: 47.7: 18: 2.3: 129.9: 1,489.8: 46.2: 2.7: 5.8: 40: BYB Back Yard Classic Swiss Cheeseburger: 789.5: 426: 47.8: 18.5: 2.3: 137.5: 1,127.5: 46.2: 2.7: 5.8: 43.5: BYB Back Yard Double Classic American Cheeseburger: 1,272: 779: 87: 35.7: 4.5: 263.2: 2,112.7: 46.2: 2.7: 5.8: 72.6",0,0,1,N/A,N/A,Hallucinated Connection,"Model B assigned relevance to a document containing nutritional statistics for an unrelated numeric ID query ('146187'), likely assuming an ungrounded topical connection or spurious match simply because the document contained numerical data."
87181,1408695,87181,Hypertrophic cardiomyopathy. Hypertrophic cardiomyopathy Illustrations of a normal heart (left) and a heart with hypertrophic cardiomyopathy (HCM). Note that the heart walls (muscle) are much thicker (hypertrophied) in the HCM heart.,0,0,1,N/A,N/A,Hallucinated Relevance,"Model B assigned a positive relevance score to a completely unrelated medical text for the numeric query '87181', likely hallucinating a connection (such as assuming the number represented a medical code or ID) where no topical overlap exists."
1124210,145208,1124210,"Parenchyma cells are living cells that have functions ranging from storage and support to photosynthesis and phloem loading (transfer cells). Apart from the xylem and phloem in their vascular bundles, leaves are composed mainly of parenchyma cells.",0,0,1,N/A,N/A,Defaulted to Non-Zero Relevance,"The query is an arbitrary numeric string with no contextual or topical connection to the botanical document. Model A correctly assigned a score of 0 for complete irrelevance, whereas Model B improperly defaulted to a non-zero relevance score instead of penalizing the total lack of overlap."
146187,8795494,146187,"How many calories are in a Wendy's double cheeseburger? How many calories are in a $0.99 Wendy's double cheeseburger and small fries and how much jump rope would I have to do to work it off? Update: Thanks to all the people who gave real answers, instead of being @$$hole pricks like the rest.",0,0,1,"**Analyzing the Context for Cheese Slice Specificity**

Okay, so the user's asking if the context provides the number of cheese slices per item. Let me see... the provided text is about Wendy's double cheeseburgers, calories, and exercise to burn them off. Hmm, I don't see anything explicitly stating the number of cheese slices. The context just says ""double cheeseburger."" It's not concerned with the number of cheese slices.

Therefore, since the context completely omits any mention of the number of cheese slices, I can't answer the question about the cheese slices. The answer is not in the text. I need to make sure I get the scoring right. Let me review the exact prompt: ""Can the question be answered based on the available context?"" Since I can't answer the question with the text, the score must be a 0. I need to make sure my reasoning is solid and defensible. Yep, it's a 0: the text cannot be used to answer the question.


","**Analyzing the Query: Cheese Slice Specificity**

Okay, so the prompt is asking me about a seemingly straightforward question: ""Does it specify the number of cheese slices per item?"" The provided context is about Wendy's calorie counts, but it doesn't mention cheese slices at all.

Initially, my instinct is to immediately answer ""No,"" the context doesn't specify. But, wait, this isn't just a fact-finding mission; it's an *evaluation*. I need to dissect the phrasing. The rubric is potentially nuanced. Am I being asked if the context allows me to *answer* a question about cheese slices, or if it *contains* a direct specification?

The core question is, again, ""Does it specify...?"" Since the text is silent on the number of cheese slices, the answer is unequivocally ""No."" The context is clearly lacking the information needed to specify the cheese slice count. But the wording, the meta-question is... confusing.

Perhaps the prompt intends this as an indirect way of asking if the context answers a question like ""How many cheese slices...?"" In that case, since we cannot *answer* with a specific number, does the lack of information merit a 0 or 5 score?

However, the question *itself* is asking about the specification. If the text does not specify it, then the answer is ""No"". It's a binary choice. It seems the context enables me to answer that specific meta-question: ""Does it specify...?"" Yes or No. The answer is ""No"". The context does not specify. It's a question about specification, not a question about answering a particular factual question. The context's lack of information is what *enables* me to answer the meta-question with a definitive ""No."" Thus, it's answerable.


",Flawed Meta-Reasoning,"Model B overthought the evaluation prompt, convincing itself that because the context lacks the required information, it allows one to answer a meta-question ('Does it specify X?') with a definitive 'No', thus erroneously treating an uninformative document as relevant/answerable."
1037798,3620983,1037798,"I'm not a politician, said Gray in a Wednesday interview. I'm not a person who really wanted to run for Governor.. Robert Gray is 46-year-old truck driver. That schedule prevented him from campaigning, aside from a couple of small events. He also didn't fundraise at all. So with no money in the campaign bank, a man who admits he usually shies away from attention, clinched the nomination. It doesn't take a brain surgeon to do what needs to be done in the state of Mississippi, explained Gray. Gray wants to see more money brought into the state.",0,0,1,N/A,N/A,Hallucinated Relevance,"The query is an opaque numeric string ('1037798') with zero presence or contextual connection to the document about Robert Gray's political campaign. While Model A correctly recognized the complete lack of relevance and scored it 0, Model B generated a false positive by awarding relevance to an entirely unrelated text."
1133167,2573354,1133167,"Average Temperature and Rainfall Hawaii enjoys warm, tropical weather year-round. Cooled by the gentle breezes of the Pacific, the climate of these islands is sunny and pleasant.",0,0,1,"**Evaluating the Question's Answerability**

Okay, let's break this down. My goal is to determine if I can answer the question ""Are any active severe weather advisories issued?"" given the provided context. I'm looking at the text: ""Average Temperature and Rainfall Hawaii enjoys warm, tropical weather year-round. Cooled by the gentle breezes of the Pacific, the climate of these islands is sunny and pleasant.""

Hmm, after a quick skim, it's clear: there's absolutely nothing in this text about severe weather advisories. It describes general climate and temperature, but zero mention of any current warnings or alerts. Therefore, based solely on this information, the answer is definitively ""no.""

The grading guidance confirms that a score of 0 signifies the question cannot be answered. I have to select one. It is correct. There's simply no relevant information here. It's a straight 0, representing the fact that there's no data to support an answer to that question. Perfect, I'm done.


","**Analyzing the Context for Severe Weather Information**

Okay, let's break this down. The provided text paints a pretty picture of Hawaii – ""warm, tropical weather year-round,"" sounds lovely, right? ""Sunny and pleasant,"" even. But, here's the rub: it doesn't say *anything* about active severe weather advisories. Not a peep. The question specifically asks if we *can* answer the question about active advisories based on the information given. And the answer is a resounding no. The context is completely silent on that front. It's like asking for the capital of France and getting a description of a beautiful sunset – relevant? Absolutely not. Therefore, the answer is ""not relevant or complete at all"" because there is absolutely no information to support the query. Simple, really.


",Score-Reasoning Inconsistency,"Model B's reasoning correctly identified that the context contained zero relevant information to answer the query ('absolutely not' relevant), but it incorrectly mapped this conclusion to a score of 1 instead of 0."
130510,6862766,130510,"Privity. A legal relationship between two parties based on contract, estate, or other lawful status, that confers certain rights or remedies. For example, parties that are in privity of contract can enforce the contract or obtain remedies based on it.",0,0,1,N/A,N/A,False Positive Relevance,"The query is an arbitrary numeric code with no semantic, textual, or contextual connection to the legal definition of 'privity'. Model B failed to recognize complete irrelevance and assigned an unearned marginal score, whereas Model A correctly identified the document as entirely irrelevant (0)."
156493,2154550,156493,1 Tank parameters to consider when choosing a goldfish aquarium: 2  Tank size. 3  Ten gallons is the absolute minimum required to house a Ryukin Goldfish. 4  It's best to start with a 20 - 30 gallon tank for your first goldfish and then increase the size of the tank by 10 gallons for each additional goldfish.,0,0,1,N/A,N/A,Hallucinated Relevance,"The query is an arbitrary numeric string ('156493') that has no lexical, semantic, or topical overlap with the document about goldfish tank parameters. Model B incorrectly gave a non-zero score instead of recognizing the complete irrelevance of the document to the query."
156493,5694167,156493,"The rule of thumb is 10 gallons of water for 1 inch of shell. Since your turtle is 3 long, he needs 30 gallons of water. For him/her to grow, it needs a larger tank. Reptiles will only grow as large as their environment will allow.",0,0,1,N/A,N/A,Hallucinated Relevance,"The query '156493' is a meaningless number sequence with zero semantic connection to turtle care. Model B improperly assigned positive relevance, likely misinterpreting arbitrary numbers in the document as a match or failing to recognize completely nonsensical/unrelated input."
146187,7404796,146187,"''By the third quarter of 2011, Melbourne ranked just behind Sydney as one of the most unaffordable housing markets in the world,'' the report said. ''The multiple between the median house price ($567,000) and median household income ($67,700) in Melbourne was 8.4.",0,0,1,N/A,N/A,Hallucinated Relevance,"The query consists solely of an arbitrary number ('146187') with no presence, context, or semantic connection in the document. Model B incorrectly inferred relevance despite the document being entirely unrelated."
146187,7956019,146187,The California Classic Double Cheeseburger; Kid's Cheeseburger; Kid's Hamburger ; Big Hamburger; Double Cheeseburger,0,0,1,N/A,N/A,Hallucinated Relevance,"The query is an arbitrary numeric code with no lexical or semantic connection to the menu items listed in the document. Model B was overly lenient, likely assuming an ungrounded connection (such as an item code or product ID) and awarding a score of 1 instead of correctly identifying complete irrelevance."
156493,4380944,156493,"I've got two 6 foot by 3 foot beds I plan on growing bush beans in. The varieties I'm growing are European Soldier & Kenearly Yellow Eye and the seed spacing that is on the packets says about 2 inches apart, 1 inch deep, and in rows 20-36 inches apart.",0,0,1,"Here's my assessment of the situation:

**Analysis of Question Relevance and Contextual Limitations**

Okay, so the user's asking if the provided text – which, let's be honest, is about as far from my area of expertise as you can get, dealing with bush bean cultivation and all – can shed any light on the question of ""age-dependent growth rate changes."" Let's break it down.

First, the context itself. It's focused on practical aspects of bean gardening: bed preparation, seed spacing, and the different varieties available. Nothing about this even touches upon the concept of how a plant's growth rate changes over its lifespan. There's no mention of any parameters that would facilitate such a determination. It's all about getting the beans planted and harvested.

Consequently, there's no basis within the provided text to answer that question. It's a classic case of the context simply not being relevant to the query. Therefore, considering the information available, a ""0"" grade is the only logical conclusion. My experience tells me this is a simple assessment, easily made, but required to be explicit due to the user's expectations.


","**Analyzing the Relevance of Context to a Specific Question**

Okay, so the prompt is asking if the provided context quantifies age-dependent growth rate changes. The context seems to be about bush bean gardening – bed size, varieties, spacing, and all that. My immediate thought? No, it doesn't. This information is about planting practices, not plant physiology or growth over time. The question specifically mentions *age-dependent* growth rate changes. The context is completely silent on that topic.

Wait a minute, these prompts usually revolve around evaluating whether a question *can* be answered based on the given information, or evaluating the quality of a submitted *answer*, right? And now I see the question posed as such, framed as ""Can the question be answered based on the available context?"". It's asking for a simple yes/no. Given that the context is about gardening practices, and the question is explicitly about growth rates tied to age, there's absolutely no overlap. The context is wholly irrelevant.

Therefore, the only logical conclusion is that the context cannot be used to answer the question about age-dependent growth rate changes. The answer is a resounding ""No."" The appropriate score here is, unequivocally, a zero.


",Score-Reasoning Mismatch,"Model B's reasoning thoroughly and correctly concluded that the context was completely irrelevant, even explicitly stating that 'The appropriate score here is, unequivocally, a zero.' However, it suffered an alignment failure in its final output by outputting a score of 1 instead of 0."
1133167,8484845,1133167,"Live weather in Montego Bay. The latest and today's weather in Montego Bay, Jamaica updated regularly.",1,1,0,N/A,N/A,Unrecognized Entity Identifier,"Model B failed to recognize the numeric query '1133167' as a specific location or weather API identifier corresponding to Montego Bay, incorrectly dismissing the document as unrelated."
1133167,8250503,1133167,"For more information, see the weather forecast and our average climate infomation (in graphs) below. * Data from nearest weather station: Montego Bay, Jamaica (0.0 Miles). Average water temperature over the year.",1,1,0,"**Analyzing the Context for Severe Weather Information**

Okay, so the user's question is straightforward: can we determine if any active severe weather advisories are issued based on this given context? My initial assessment is a resounding no. The context is rather limited. We have a pointer to a weather forecast, some average climate information presented graphically, and data from a nearby weather station, specifically in Montego Bay, Jamaica. The context primarily deals with general weather forecasts, average climate data and water temperature - useful information, certainly, but nothing that speaks directly to *active* severe weather warnings.

Therefore, since the context doesn't provide the data needed to answer the question, I will assign the minimum score, a ""0."" I should double-check the grading rubric to be absolutely sure... Yes, the rubric states, ""Can the question be answered based on the available context?"" If a question cannot be answered, a ""0"" is appropriate. My reasoning is sound. The available text doesn't even allude to advisories, severe weather, or any real-time conditions. So, a ""0"" it is.


","**Evaluating the Context for Severe Weather Advisories**

Okay, so I need to figure out if I can answer the question ""Are any active severe weather advisories issued?"" based solely on this information. Let's see... the context mentions a weather forecast and average climate information, along with data from a nearby weather station in Montego Bay. Hmm, but *crucially*, it doesn't actually *show* any active advisories or provide any specifics that would allow me to determine if any exist. It's just general weather-related information, not *current* severe weather alerts.

Therefore, since the context doesn't *contain* the answer, I can't answer the question definitively. The answer would be a ""no"" – or, more accurately, ""not possible"" because the context lacks the necessary information. It's clear that the prompt specifically wants me to choose ""0: The answer is not relevant or complete at all"" in this scenario. So, I'll go with that. The grade should be 0.


",Overly Strict Evaluation,"Model B applied an overly strict, all-or-nothing standard, treating the lack of a definitive real-time advisory as completely irrelevant (score 0) rather than recognizing the document's partial topical relevance regarding regional weather and climate data (score 1)."
146187,5090006,146187,"Turn over one of the slices (yes, butter and cheese side down, but it will be fine!) and put a nice layer of cheese on top. This will actually be the gooey center. I’m not sure there’s going to be enough cheese in this sandwich. Carefully lift the other piece and put it on top of the piece with the filling.",0,0,1,"**Analyzing the Context to Answer the Question**

Okay, so the question is whether the provided text specifies the number of cheese slices per item. Let's break this down. The text talks about ""slices"" – specifically bread slices – and adding ""a nice layer of cheese."" It doesn't give a concrete number for cheese slices, only that a layer is to be put on top.

My immediate thought is, can this question be answered based on the provided text? The question is ""Does it specify the number of cheese slices per item?"" and I can clearly see that it doesn't. Therefore, the answer is ""No"". Since the answer can definitively be deduced from the provided context, I need to focus on what the question is asking. Is the question asking if we can answer it? Yes, we can say, unequivocally, ""No, it does not specify.""

Wait, am I evaluating how well the *context* answers the *topic* of the question? If the question is ""Does it specify..."" and the context *doesn't* specify, then a complete and accurate answer to the question ""Does it specify..."" is ""No"".

Therefore, the question ""Can the question be answered based on the available context?"" is answered ""Yes, we can answer 'Does it specify...' with 'No'"". Thus, the question is not asking for an answer, but if we *can* answer the question.

In this rubric, the context does not specify, and that is all that matters. Based on the rubric criteria, the context *does* provide enough information to answer the question. The provided text allows for a clear and accurate response. The grade is a 5 because we can definitively answer, ""No, it does not specify"". The answer is highly relevant, complete, and accurate.


","**Analyzing the Question's Clarity**

Okay, so the question is: ""Does it specify the number of cheese slices per item?"" My initial reaction, looking at the provided context about the sandwich, is no. It describes a ""nice layer of cheese"" when assembling the item. It doesn't give any concrete numbers, like ""two slices"" or ""three slices."" I'm not sure if there will be enough cheese on the sandwich.

Given the context, can I definitively answer the question? Yes, absolutely. The context clearly indicates the number is *not* specified. The phrase ""a nice layer"" is qualitative, not quantitative. I can decisively and accurately respond with ""No, it doesn't specify an exact number.""

Now, let's consider the scoring criteria. We typically are evaluating how well the question can be answered *given* the context. So the context needs to be judged as sufficient or insufficient and the answer needs to fit the text. The specific question ""Can the question be answered based on the available context?"" is pivotal here. The answer is a clear ""Yes."" The context provides the information needed.

Therefore, since I can answer ""No, it doesn't specify an exact number of slices,"" and the context supports that, the context is absolutely sufficient to answer the question, and the question is answerable. A grade of 5 is appropriate. It can be answered, and the answer is clear from the context.


",Treating absence of information as relevance,"Both models hallucinated an evaluation question ('Does it specify the number of cheese slices?'), but Model B regressed to a score of 1 by committing the fallacy that being able to answer 'No, it does not specify' makes the document relevant and sufficient, rather than irrelevant."
168216,2160685,168216,"11. Record the maximum hot water system temperatures using a thermometer in a cup within 6 inches of the fixture outlet at all fixtures utilizing hot water. Record the temperatures every 15 seconds for five minutes or until the temperature has stabilized for five consecutive readings.. The minimum temperature of hot water to prevent Legionella bacteria growth-The minimum temperature to prevent Legionella Bacteria growth is 122°F. Above 122°F and up to 131°F, Legionella bacteria survives, but will not multiply. At 131°F, it takes about 5 to 6 hours for the bacteria to die.",0,0,1,N/A,N/A,Hallucinated Relevance,The query is an arbitrary numeric code with zero semantic or lexical connection to the document's instructions on hot water temperatures and Legionella prevention. Model B erroneously assigned a positive relevance score despite a complete lack of match.
182539,6816571,182539,The adjective MONOTONE has 2 senses: 1. of a sequence or function; consistently increasing and never decreasing or consistently decreasing and never increasing in value. 2. sounded or spoken in a tone unvarying in pitch. Familiarity information: MONOTONE used as an adjective is rare.,1,1,0,"**Analyzing the Context for Derivative Information**

Okay, so the user wants to know if we can determine something about the first derivative of a function based on this definition of ""monotone."" My immediate thought is, does the provided context even *mention* the concept of a first derivative or explicitly address whether the function's first derivative maintains a consistent sign across its domain? Let me review the text.

The definition is: ""of a sequence or function; consistently increasing and never decreasing or consistently decreasing and never increasing in value."" Hmm, mathematically, a consistently increasing function implies a non-negative first derivative (and consistently decreasing, a non-positive one). But the text *doesn't actually say that* directly. It talks about increasing/decreasing values. The phrase ""first derivative"" isn't explicitly there.

Therefore, strictly based on this context, I can't definitively answer the user's question about the *first derivative's* consistent sign. The provided information indirectly relates to it via the mathematical relationship between monotonicity and derivative signs, but the core concept is absent. The context doesn't provide the explicit information needed to answer their question. So, unfortunately, the answer is a definitive ""no"". This is where a grade of zero is appropriate.


","**Analyzing the Relationship Between Monotonicity and Derivative Sign**

Okay, here's how I'm approaching this. The core of the question is whether we can determine if a function's first derivative has a consistent sign across its domain, based solely on the provided context. The context defines ""MONOTONE"" as a function that's consistently increasing or consistently decreasing.

My initial thought is that a function being monotone *should* imply a consistent sign for its first derivative. That's Calculus 101 – increasing means positive derivative, decreasing means negative. However, the context *doesn't* explicitly mention the first derivative. It uses the term ""monotone"", but it doesn't state it's linked to the derivative's sign.

Now, I'm reminding myself that the evaluation hinges on whether the context provides enough *within itself* to answer the question, or at least answers it. The prompt does not specify which function. Could I infer the answer, relying only on what's given?

Let's break it down: The question asks about *a function*. The context defines *monotone*. Does defining ""monotone"" imply a consistent derivative sign? The question specifically asks, “Does the function exhibit a consistent sign?” The context defines monotone which implies consistent slope.

Without outside knowledge of calculus, there is no direct answer. The context does *not* explicitly link ""monotone"" to the derivative, so I can't definitively say the question is answered by the context alone. It gives very indirect info.

So, I'm thinking a low score is appropriate. Either a 0 or 1. If it's *completely* irrelevant, then 0. If it's *minimally* relevant (because the definition of ""monotone"" *relates* to the derivative's sign even if it doesn't explicitly state it), then 1.

Since the definition does relate to the derivative, I'm leaning toward a 1. The context defines monotonicity, which has a *relationship* to the derivative's sign. But that relationship needs external calculus knowledge to be made. It's not *directly* stated. Therefore, the context cannot fully or accurately answer the question.


",Score-Reasoning Inconsistency,"Model B explicitly reasoned that the document warranted a score of 1 rather than 0 because the definition of monotonicity minimally relates to the concept of derivative signs. However, despite this conclusion in its chain of thought, it failed to align its final rating and outputted a score of 0."
915593,2401465,915593,"Home / Beef Filet Tenderloin Steak. The tenderloin is the most tender of beef cuts. It also has little fat marbling which makes it a favorite of those that love steak but yet watch their consumption of fat. Surprising to most, a tenderloin steak has less fat than the equivalent weight of a chicken thigh.",0,0,1,"**Analyzing the Information and the Question**

Okay, so I'm presented with a question: ""Does it differentiate sous vide approaches for fibrous versus starchy vegetables?"" and a bit of contextual information. My immediate thought is, can I answer this? Let's break it down. The context provided is *completely* focused on beef tenderloin. It discusses the cut's tenderness and fat content, comparing it to chicken thighs, but it *doesn't* mention vegetables of any kind, sous vide cooking techniques, or the characteristics of fibrous vs. starchy vegetables. As a seasoned professional, it's clear the subject matter isn't present in this information. Therefore, the question is entirely unanswerable given the limited data. The answer, if I had to assign a numerical value, would be a resounding zero. The provided context offers nothing relevant to the query at hand. It's a non-starter.


","**Analyzing the Question's Relevance**

Okay, so the prompt is about ""Beef Filet Tenderloin Steak,"" and it's asking if the text differentiates *sous vide* approaches for fibrous versus starchy vegetables. Immediately, I'm thinking, ""Wait a minute, this is a non-starter."" The provided context says absolutely nothing about vegetables, either fibrous or starchy. It doesn't mention sous vide, period!

The question specifically asks if the answer is in the available context, so the answer is clearly that it *cannot* be answered based on what's there. My immediate thought is to give it a 0. It's not a matter of the answer being incomplete; the context provides zero information to even begin addressing this question. The text doesn't support an answer to this query. That's the only way to evaluate this.


",Score-Reasoning Contradiction,"Model B correctly deduced throughout its entire reasoning that the document had zero relevance and explicitly concluded it should receive a 0, but it inexplicably output a final score of 1 instead, creating an internal contradiction between its analysis and final rating."
833860,4675806,833860,"Popular foods. 1  Beverages 1% Low-Fat Milk Jug. Coffee, without milk or sugar. Fat-Free Chocolate Milk Jug. Iced Tea. Sweet Tea. White Hot Chocolate, with whole milk & whipped cream, large. 2  Breakfast Bacon, Egg & Cheese Bagel. Bacon, Egg & Cheese Biscuit. Bacon, Egg & Cheese Biscuit, large. Bacon, Egg & Cheese McGriddles.",0,0,1,N/A,N/A,False Positive Relevance,The query consists solely of an arbitrary number ('833860') with zero connection to the document's fast-food menu items. Model B exhibited excessive leniency or hallucinated weak relevance by scoring it a 1 instead of a completely irrelevant 0.
19335,7198044,19335,"anthropology: Human ecology Problems of population composition, size, and stability are important in many ways. An immediate aspect is the varying rate of change that may occur in populations of different sizes.",0,0,1,"**Evaluating the Context for Political Ecology Perspectives**

Okay, let's break this down. My task is to determine whether this given context can answer the question of whether it incorporates political ecology perspectives. The provided context touches on anthropology and human ecology, specifically referencing ""population composition, size, and stability,"" and ""varying rate of change."" That's interesting, certainly within the purview of anthropological studies. However, nowhere in this context do I see any mention of *political* ecology. It's absent.

Therefore, and this is crucial, the provided text does *not* answer the question. It doesn't even come close. So, the evaluation has to be a resounding zero. Given the limitations, a rating of zero is appropriate here. The context is simply not relevant to the question.


","Okay, here's my assessment of this situation:

**Analyzing the Query and Context**

Right, the core question is whether this material incorporates political ecology perspectives. The provided context, however, is firmly rooted in anthropology – specifically, human ecology and demographic dynamics: population composition, size, stability, and rates of change. It doesn't even *touch* on anything related to political ecology, power structures, environmental justice, or any of the key concepts that define that field. My initial instinct is that the context is completely inadequate for addressing the question.

Hang on a second. This evaluation hinges not just on whether the context *directly* answers the question, but *how well* it enables an answer. Sometimes, the evaluation is less about the inherent merit of the context and more about the contextual adequacy relative to the question. The specific rubric here is: ""Can the question be answered based on the available context?""

So, given that specific criterion, the answer is clear. Absolutely not. The provided context offers zero relevant information. Therefore, a grade of 0 is the only logical conclusion. The context is simply insufficient.


",Score-Reasoning Contradiction,"Model B's internal chain-of-thought explicitly concluded that the document provided zero relevant information and that 'a grade of 0 is the only logical conclusion', but it erroneously emitted a final score of 1, contradicting its own assessment."
359349,4020478,359349,The triangle midsegment theorem looks at the relationship between a midsegment of a triangle and the triangle's third side. Follow along with this tutorial to learn about the triangle midsegment theorem. 1  triangle. 2  midsegment. 3  theorem.  third side.,0,0,1,"**Evaluating the Context's Relevance**

Okay, let me break this down. The question posed, regarding the lengths of parallel bases, immediately makes me think of trapezoids, or some geometric problem that uses that concept. My initial thought is to assess if the given context allows for answering this question. I need to figure out if I can determine those lengths, either directly or indirectly, from what's provided.

Let's look at the context, and it's pretty sparse: It's talking about a ""triangle midsegment theorem,"" mentioning things like triangles, midsegments, and a third side. Does any of this even hint at base lengths? No, nothing. There's no mention of specific dimensions, lengths, or anything that could be interpreted as a parallel base.

Therefore, since the context fails to provide any relevant information, it's impossible to answer the question regarding those base lengths. The question can't be answered based on the context. If I'm following instructions correctly and assessing whether the question can be answered from the provided text, and I can't, then the score has to be a resounding zero. The information is simply not there, and I can't manufacture it.


","**Evaluating the Information**

Okay, so the question is straightforward: can I figure out if the lengths of the parallel bases are available, either directly or indirectly, based on this provided context? Let's break it down. The core here is ""parallel bases,"" which, in my experience, immediately suggests trapezoids or something similar, though it could be a more abstract use of the term.

The context itself, however, discusses the ""triangle midsegment theorem,"" focusing on a triangle's midsegment and its relationship to the third side. This theorem is definitely relevant to geometric concepts, but it doesn't provide *any* information related to parallel bases, nor does it explicitly or implicitly introduce any dimensions or specific shapes that would allow me to determine those lengths.

Therefore, looking at the context alone, I'm forced to conclude that there's absolutely no basis for answering the question. I can't derive the necessary information from this snippet. The answer is definitively undefined. The score should be 0.


",Score-Reasoning Inconsistency,"Model B's reasoning explicitly concluded that the document provided no relevant information and stated 'The score should be 0', but it erroneously emitted a final score of 1, directly contradicting its own analysis."
156493,4400818,156493,"Ideally, you should keep goldfish aquarium water between 68 and 72 degrees Fahrenheit. Temperatures slightly outside this range will usually not cause a goldfish to instantly die. However, lower temperatures may cause a goldfish to hibernate -- particularly low temperatures, below 50 degrees, can kill goldfish.hey need water warmer than goldfish need. While some tropical species' ideal temperature range may overlap with the upper range for goldfish, water in a fish tank with both goldfish and tropical fish will be either too warm for the goldfish or too cold for the tropical fish.",0,0,1,N/A,N/A,Hallucinated Relevance,"The query consists solely of an arbitrary number ('156493') that has no semantic relationship to the document regarding goldfish aquarium temperatures. Model A accurately identified this complete lack of connection and scored it 0, while Model B incorrectly assigned marginal relevance to an entirely irrelevant query."
131843,8044668,131843,NSSL's Warn-on-Forecast project aims to create highly detailed computer weather forecast models that predict what the atmosphere will look like in the future. These models are unique because they will use the latest weather observations and radar scans to continuously re-compute forecasts. We want these forecasts to accurately predict when and where tornadoes will occur in the next hour so forecasters can issue warnings based on that forecast and give people more time to find shelter. Tornado Preparedness,0,0,1,N/A,N/A,Hallucinated Relevance,"The query consists solely of an arbitrary number ('131843') that does not appear in or relate to the document about weather forecasting. Model B regressed by being overly permissive and finding spurious relevance, whereas Model A correctly recognized that the document is completely irrelevant."
156493,1939302,156493,Steps. 1  1. Get the largest possible tank. Do not use a fish bowl; At least 75 liters (20 gallons) is necessary to make quality life for a single fish. 2  2. Set up the tank prior to the purchase of a goldfish. Getting it ready may take four or more weeks. 3  3. Provide mental and physical stimulation for the fish.,0,0,1,N/A,N/A,Hallucinated Relevance,The query consists solely of an arbitrary numeric identifier ('156493') that shares no semantic connection with the goldfish care instructions in the document. Model B awarded an unmerited relevance score instead of recognizing the complete lack of topical relevance.
130510,617865,130510,"1 In court a judgment becomes final when the case is over and a judge has signed a piece of paper. 2  The judgment is then effective until it is satisfied (by payment, or by doing whatever the judgment says) or until the judge has a legal reason to set the judgment aside.",0,0,1,N/A,N/A,Hallucinated Relevance,"Model B assigned partial relevance to a completely unrelated legal document for an ambiguous/opaque numerical query ('130510'), likely assuming an ungrounded connection (such as a case or statute number) or applying an overly lenient baseline threshold, whereas Model A correctly scored it as completely irrelevant."
962179,2978869,962179,"The Salvation Army began its work in Canada in 1882, just fifteen years after Confederation, and quickly began giving hope to those in need in this country and around the world. The first open-air ‘meetings’, or worship services, were held in Toronto in January, 1882, and in London, Ontario, five months later.",0,0,1,N/A,N/A,Hallucinated Relevance,"The query is an arbitrary numeric string with no lexical or semantic connection to the document about The Salvation Army. Model A properly recognized the complete lack of relevance and scored it 0, whereas Model B exhibited an overly lenient threshold and assigned a score of 1 despite no actual relationship."
1133167,6635813,1133167,"Average Temperature and Rainfall. Hawaii enjoys warm, tropical weather year-round. Cooled by the gentle breezes of the Pacific, the climate of these islands is sunny and pleasant. The average ocean temperature is in the high 70’s.",0,0,1,N/A,N/A,Hallucinated Relevance,The query is an isolated numeric string ('1133167') with no semantic overlap or relevance to the document discussing Hawaiian climate. Model B regressed by adopting an overly permissive baseline and assigning positive relevance to a completely unrelated document.
1133167,5990516,1133167,"February brings some of the year's best weather to the Caribbean. This is an ideal time to escape northern winters for a warm beach vacation on the tropical islands. Temperature. The days during February usually get pleasantly hot at all the Caribbean's cities and beaches. At the coolest cities Havana, Cuba and Nassau, Bahamas, the temperature stays only a few degrees lower than at places farther south. The ocean averages 79 degrees Fahrenheit around most islands in February. In the Bahamas, the water's a degree or two cooler. Rainfall. Caribbean weather in February is typically dry. This is usually the month of lowest rainfall for islands in the eastern Caribbean.",1,1,0,N/A,N/A,Failure to handle ID-based query,"The query consists solely of a numeric identifier ('1133167'), likely a benchmark query ID or document ID artifact. Model B scored it 0 due to an apparent lack of semantic or lexical overlap, failing to recognize the benchmark ID lookup context that Model A and the ground truth accepted as relevant."
156493,6152109,156493,you can grow baby carrots in any size container but longer varieties need deeper pots choose a pot that is at least 8 inches deep to grow short or half long varieties and one that is 10 to 12 inches deep for standard length carrots,0,0,1,N/A,N/A,Hallucinated Relevance,"The query consists solely of an arbitrary number ('156493') that has no semantic or keyword connection to the carrot gardening document. Model B erroneously assigned a positive relevance score to a completely unrelated text, failing to recognize the total lack of topical overlap."
962179,2329694,962179,"Gradually opinion on William Booth's activities changed. He was made a freeman of London, granted a honorary degree from Oxford University and in 1902 was invited to attend the coronation of Edward VII. When William Booth died in 1912, his eldest son, William Bramwell Booth, became the leader of the Salvation Army.The narrative text on this website is copyright. This means that any school which copies the site for local use onto a school cache is in breach of copyright.n 1852 Booth met Catherine Mumford. Catherine shared William's commitment to social reform but disagreed with his views on women. On one occasion she objected to William describing women as the weaker sex. William was also opposed to the idea of women preachers.",0,0,1,"**Evaluating the Question's Answerability**

Okay, here's the deal. I need to assess whether the provided context allows us to answer the question: ""Does the information specify when The Salvation Army officially adopted the name 'The Salvation Army'?"" And I'm doing this on a 0-5 scale.

The context mentions William Booth, London, Oxford, the coronation, his death in 1912, and the succession of William Bramwell Booth. It touches on Catherine Mumford, etc. It's got some good biographical info, but there's no mention, absolutely zero, of when ""The Christian Mission"" rebranded itself as ""The Salvation Army"".

So, the immediate answer to the specific question *itself* – ""Does the information specify when...?"" – is ""No."" It *doesn't* specify it. But here's the rub, and where I get a bit tripped up: the prompt says ""Can the question be answered based on the available context?"". It's asking about answerability based on the *content*.

If I answer ""Does the information specify when?"", with a ""No"", is that a complete answer based on the context? Yes, it is a complete answer to the question ""Does the information specify when..."". So, in that way, it *can* be answered.

But my experience tells me that these evaluations usually hinge on whether the *core information requested in the question* – the *date of the name change* – is present in the text. And it's not. It's missing entirely. In these cases, it's typically a zero, meaning ""not relevant"" or ""completely unanswerable"".

Let's stick with that. We're looking for whether the *content* is in the text. Since the content is not there, I'll go with a **0**.


","**Evaluating the Context for Relevance**

Okay, so I need to figure out if this context actually answers the question: ""Does the information specify when The Christian Mission officially adopted the name 'The Salvation Army'?"" First, I need to make sure I understand the scope of the evaluation. Does the prompt want me to judge a provided answer, or to evaluate the context in isolation? Since there's no separate ""answer"" provided, I'm leaning towards the latter: *can* the question be answered based solely on this text?

Right, let's look. The text mentions William Booth and the Salvation Army – key elements – but I'm not seeing *anything* about ""The Christian Mission"" or, crucially, the *date* of the name change. The question specifically asks if the text *specifies when*. It’s a definite ""when"". Since that information is completely absent, I have to conclude the context *cannot* answer the question.

Wait... am I getting tripped up on a point of grading? The scale says ""The answer is..."" but there is no specific answer! Is the prompt trying to trick me? Never! I am here to judge this properly. The context is insufficient. ""0: The answer is not relevant or complete at all"" seems to fit perfectly here, or, ""context cannot answer the question at all."" The question cannot be answered. Therefore, grade it a 0.


",Score-Reasoning Mismatch,"Model B's internal reasoning correctly identified that the required information was completely missing and explicitly concluded with 'Therefore, grade it a 0.' However, it suffered an execution failure or formatting mismatch by outputting a final score of 1 instead of the 0 it had determined."
359349,6108721,359349,"The top and bottom sides of the trapezoid run parallel to each other, so they are the trapezoid's bases. The other sides of the trapezoid will intersect if extended, so they are the trapezoid's legs. The segment that connects the midpoints of the legs of a trapezoid is called the midsegment.",2,2,1,N/A,N/A,Over-reliance on lexical overlap,"Model B likely penalized the document for having zero lexical match with the numeric identifier query '359349', failing to account for the context where the number functions as a specific problem or test-item ID directly answered by the document."
527433,8586716,527433,"Muscle weakness (which is often only on one side of the body, such as one arm or one leg) as well as changes in the character of the individual’s voice (especially slurred words or slowness of speech). The exam will evaluate muscles of the mouth, the tongue, and those involved in chewing and swallowing.",0,0,1,N/A,N/A,Hallucinated Relevance,"The query consists solely of an arbitrary numeric identifier ('527433') with no relation to the medical text provided. Model B incorrectly awarded non-zero relevance to a completely irrelevant passage, failing to recognize the total absence of semantic or keyword overlap."
1117099,4458506,1117099,"A continental margin that has a broad continental shelf, a gentle continental slope, and a pronounced continental rise is known as a passive continental margin. This type of margin experiences little, if any, volcanic or earthquake activity. The build-up of sediment is the primary activity affecting a passive margin.",1,1,0,N/A,N/A,Failure to Resolve Query ID Artifact,"The query consists solely of an ID/numeric artifact ('1117099') from a retrieval dataset rather than natural language text. Model B regressed by evaluating the query literally against the passage text and finding no semantic match, failing to handle or recognize the dataset query identifier."
156493,4588177,156493,"Your Tank The fishtank is, of course, the most important piece of equipment. Tanks are not at all expensive, and buying a nice, big tank is the best thing you can do for your fish. You should never keep your fish in a goldfish bowl or other small container. Since goldfish get their oxygen from the surface, you want a tank with a big surface area. The number of gallons is not nearly as important as the surface area. You can get this surface area by multiplying the tank's LENGTH by its DEPTH. For every inch of fish length, you must have 30 sq inches of surface area.",0,0,1,N/A,N/A,False Positive on Noise Query,"The query consists solely of an arbitrary number ('156493') that does not appear anywhere in the document about goldfish tanks. Model A correctly identified complete irrelevance (score 0), whereas Model B likely had an overly lenient threshold or hallucinated a connection, inappropriately assigning a non-zero relevance score."
156493,2616515,156493,"There is a big difference between how long goldfish can live and how long most goldfish actually do live. Here at The Goldfish Tank, you can learn all about taking care of goldfish and help your goldfish to live a really long time! Goldfish can live for several decades. One goldfish was reported to have lived to 45 years old! That’s a long time even for a goldfish, but with proper care, many goldfish live into their teens and twenties. Most goldfish don’t make it past a few years and many die within a matter of months or even weeks.",0,0,1,"**Evaluating the Question's Relevance**

Okay, let me think this through. The core of this exercise is whether the context provided allows me to answer the question: ""Does it quantify age-dependent growth rate changes?"" I'm an expert in this field, so I know exactly what I'm looking for.

I'm given information on goldfish lifespan, specifically things like how long they live, average age, and even a maximum age of 45 years. But, and this is the crucial point, there's absolutely *nothing* in here about *growth rate* and how that changes with age. Not a word. Not a hint.

Therefore, since age-dependent growth rate changes aren't even mentioned in this context, the answer to the question has to be ""no, it cannot be answered."" Looking at the evaluation scale, it's pretty clear: a score of 0 is the correct choice here. The context is completely irrelevant to the question. The scale says ""0: The answer is not relevant or complete at all"" -- in this case, the context *doesn't contain* the answer, so it's a 0. The prompt phrase is ""Can the question be answered based on the available context? choose one:"" so, zero it is.


","Here's my assessment of the information, tailored for an expert like yourself:

**Analyzing Goldfish Lifespan and Growth Rates**

Okay, let's break this down. The core of the prompt revolves around goldfish lifespan and whether the provided information quantifies age-dependent growth rate changes. Immediately, my experience tells me that lifespan data doesn't directly translate into growth rate metrics, particularly changes across different ages.

The key is in the specifics; this context, whatever it is, doesn't even touch on growth rates. I'm looking for mentions of size, weight, or any metric that could be related to growth and how it varies with age. There's simply nothing here on that subject. Based on this very limited context, it's impossible to draw any conclusions regarding those growth rate changes. It's a clear-cut case. Therefore, a score of 0 is the only reasonable answer.


",Score-Reasoning Discrepancy,"Model B's reasoning correctly identified that the text was completely irrelevant and explicitly concluded that 'a score of 0 is the only reasonable answer', but it erroneously output a final score of 1 instead of 0."
1063750,7122843,1063750,Each group must prepare a cartoon that comments on the difficult position of the United States and President Wilson now that Germany has declared unlimited submarine warfare in the Atlantic Ocean and has attempted to ally with Mexico (as the intercepted Zimmermann telegram revealed).,0,0,1,N/A,N/A,Hallucinated Relevance,"The query is an arbitrary numeric identifier ('1063750') with no semantic or keyword connection to the historical assignment text. Model A correctly identified the complete lack of relevance and scored it 0, whereas Model B hallucinated relevance or applied an overly generous baseline score to a completely unrelated document."
156493,2598792,156493,The cost is around 50% less expensive than a koi pond. Goldfish ponds can be as small as 500 gallons and as big as 1500 gallons. Goldfish ponds are alot of times referred to as water gardens. Goldfish ponds are for those that want the excitement of the fish and the soothing water sounds.,0,0,1,"**Evaluating the Question's Answerability**

Okay, let me break this down. My objective here is to determine if the provided context allows us to answer the question: ""Does it quantify age-dependent growth rate changes?"". As a seasoned expert, I'm already mentally sifting through the text, looking for relevant data points.

The context itself mentions things like cost, pond sizes (in gallons), and the general nature of goldfish ponds – essentially describing them as water gardens suitable for those seeking specific aesthetic and auditory experiences. It describes *what* they are, not *how* they grow. I'm not seeing *any* information related to how quickly goldfish grow at different ages, what factors influence their growth rate, or anything that would allow for quantitative assessment of age-dependent changes in growth.

Therefore, and I have to conclude that the context is insufficient. The question is entirely unanswerable based on the information provided. It's a clear '0' in terms of answerability.


","**Assessing the Applicability of Context**

Okay, so I've got a question: ""Does this information give me a handle on age-dependent growth rate changes?"" My immediate thought is, ""Let's see..."" The context given is all about goldfish ponds – their costs, their dimensions, and even their names. Interesting, in its own way, I suppose, but completely irrelevant to my question. I see no mention of growth rates, period. Let alone any discussion of how those rates might shift depending on the age of the goldfish. Therefore, I can confidently score this context a big fat zero. It's simply not relevant. Moving on.


",Score-Reasoning Mismatch,"Model B correctly deduced in its reasoning that the text was completely irrelevant and explicitly concluded that it deserved a 'big fat zero', but failed in execution by outputting a score of 1 instead."
146187,4741857,146187,"The menu item maintains 440 calories, 25 grams of protein, 22 grams of fat, and 1,050mg of sodium. Similarly, the McDouble, featuring two patties and one slice of cheese, consists of 390 calories, 18 grams of fat, and 850mg of sodium.",1,1,2,N/A,N/A,Hallucinated Relevance,"The query consists solely of an arbitrary numeric string ('146187') with no identifiable connection to fast-food nutritional information. Model B incorrectly inferred partial relevance where none exists, whereas Model A correctly identified the document as irrelevant."
962179,7126025,962179,"The Salvation Army Mission Statement The Salvation Army, an international movement, is an evangelical part of the universal Christian Church. Its message is based on the Bible.",0,0,1,"**Evaluating the Context's Relevance**

Okay, let's break this down. The core question is whether the provided text tells us when ""The Christian Mission"" officially became ""The Salvation Army."" I'm looking at the context, which is the Salvation Army's Mission Statement, and immediately, it's clear: there's absolutely no mention of ""The Christian Mission"" or any specific timeline for a name change.

So, *directly* answering the question ""Does the information specify...?"" is a straightforward ""No, it doesn't."" But, in these datasets, we typically grade based on whether the context *allows us to answer the underlying question*. And it doesn't. We're trying to figure out if we can *use the context to answer* the original question, which is essentially about a historical event (the name adoption). The context is silent on that, so the score should be zero. The context fails to provide the relevant information. It doesn't enable us to answer the *substantive* question.


","Here's my thought process, as if I were analyzing this:

**Analyzing the Question and Context**

Okay, so the question is a straightforward one: does the provided text pinpoint the *exact* date The Christian Mission officially became The Salvation Army? Let's dissect this. The text gives us the Salvation Army's mission statement, it tells us it's an evangelical part of the Christian Church, and mentions the Bible as its foundation. But, does it actually *tell* us when the name change happened? No, it doesn't seem to. It's a statement about what the Salvation Army *is* now, not its history or origin story.

Wait a second, this isn't the typical question where I'm evaluating an answer. The criteria are asking if *the question itself* can be answered given this provided context. I'm focusing on the context to see if the information is explicitly stated. Nope. It's not in there at all. Therefore, based purely on what's available, I have to conclude that it is impossible to answer this question. The text simply doesn't contain that specific piece of historical data. Therefore, the score is zero.


",Score-Reasoning Contradiction,"Model B correctly analyzed the document as irrelevant and explicitly concluded in its reasoning that 'the score is zero', but contradicted itself by outputting a final score of 1."
168216,1181393,168216,"Erythromycin belongs to the class of medications known as macrolide antibiotics. It is used to treat infections caused by certain types of bacteria. It is most commonly used to treat the following: lower respiratory tract infections such as pneumonia, whooping cough, diphtheria, and Legionnaires' disease.",0,0,1,"**Grading the Question: Virulence Factors of *L. pneumophila***

Okay, here's the deal. I've been tasked with assessing whether the question ""What specific virulence factors of *L. pneumophila* are implicated in pneumonia pathogenesis?"" can be answered based on the provided text. My initial thought is, this seems straightforward, and I can quickly determine the answer.

I've reviewed the provided context, and it's clear: it's all about Erythromycin, its classification as a macrolide antibiotic, and the conditions it's used to treat. While the text mentions ""pneumonia"" and even ""Legionnaires' disease,"" which is caused by *L. pneumophila*, there's absolutely nothing in here about the *specific* virulence factors of the bacterium itself. Absolutely nothing. It doesn't discuss any of the proteins, enzymes, or mechanisms that *L. pneumophila* uses to cause infection or the pathogenesis of the disease. That’s missing completely.

Therefore, the answer is a resounding ""no."" The necessary information just isn’t present. The context provided doesn't even begin to address the question of virulence factors or their role in pneumonia. The response must be a ""0,"" as the answer is not at all relevant or complete.


","Okay, here's my assessment of the situation:

**Analysis of Virulence Factor Question**

Right, the question specifically targets *L. pneumophila*'s virulence factors that contribute to pneumonia. And the provided context? Completely useless. All it mentions is Erythromycin as a treatment for Legionnaires' disease. Absolutely nothing about how *L. pneumophila* actually *causes* the disease, no mention of any specific proteins, effectors, or mechanisms involved in its pathogenesis. It's a classic example of a question that's impossible to answer based on the given material. The grade here is a resounding zero.


",Score-Reasoning Mismatch,"Model B's reasoning correctly identified that the text does not answer the question and explicitly concluded that the grade is a 'resounding zero', but it erroneously emitted a final score of 1."
527433,1664517,527433,"In bulbar dysarthria, the disorder results from some form of damage or disease involving the nerve supply to the muscles of speech, with slurring of words and sometimes nasal escape of fluids when swallowing.",0,0,1,N/A,N/A,Hallucinated Relevance,The query is an arbitrary numeric string with no semantic relation or textual match to the medical document about bulbar dysarthria. Model B erroneously assigned a non-zero score instead of identifying the complete lack of relevance.
527433,6038398,527433,"Ataxic Cerebral Palsy Explained. Like all other types of cerebral palsy, ataxic CP is a developmental disorder that affects motor function.Ataxic cerebral palsy is characterized by problems with balance and coordination. These issues are caused by damage to the developing brain’s motor control centers.",0,0,1,N/A,N/A,Hallucinated Relevance,The query consists solely of an arbitrary number ('527433') with no semantic or textual connection to the medical text on Ataxic Cerebral Palsy. Model B improperly assigned a non-zero relevance score instead of recognizing the complete lack of relevance.
833860,1791883,833860,"All types of food, a truly diverse range of dishes are on the menu. With people coming from extremely diverse backgrounds, it is very hard to say that there is a specific cuisine. But of course there are dishes which can be considered as typical Australian food. People eat a lot of red meat, especially beef.And no wonder, as the beef in this country is among the best in the world. Lamb is also a favourite food and so is pork. Chicken and fish are very important in Australian diet. Pulses and vegetables are eaten as side dishes or as mains.ut of course there are dishes which can be considered as typical Australian food. People eat a lot of red meat, especially beef. And no wonder, as the beef in this country is among the best in the world. Lamb is also a favourite food and so is pork. Chicken and fish are very important in Australian diet.",0,0,1,"**Analyzing the Context for a Definition of ""Popular""**

Okay, so the user wants to know if I can nail down the definition of ""popular"" within this context. They're specifically asking if I can determine *how* ""popular"" is being defined – is it based on consumption, cultural recognition, sales, that kind of thing? Makes sense, it's a crucial piece of information for any meaningful assessment.

Alright, I'll take a look at the provided context. Hmm, it seems to be focusing on Australian food, listing out various types of meats and fish. I'm scanning for any mention of ""popular,"" any description of an ""assessment,"" or any explanation of how popularity is being measured. Nothing. Absolutely nothing that defines, even vaguely, what 'popular' means in this instance.

Given the complete lack of information to work with, it's clear I can't answer the question. The context just doesn't provide the necessary parameters. The appropriate grade here is a resounding zero. The question is simply unanswerable based on the information provided.


","**Assessing the Definition of ""Popular""**

Okay, so the query wants a definition of ""popular"" within the context of Australian food. My immediate thought is, what's the metric here? Are we talking consumption frequency, cultural significance, maybe sales figures? The provided text gives a general overview of foods eaten in Australia – red meat is mentioned, as are ""favourite foods"" and items ""important in the Australian diet"" – but it fundamentally *doesn't* offer a concrete definition of ""popular"" for an assessment. It's frustratingly vague. Therefore, the information needed for a good score isn't explicitly there. The answer has to be a resounding zero. Without a defined metric, any attempt at a meaningful assessment of ""popular"" would be pure guesswork, and as a subject matter expert, I can't in good conscience endorse that.


",Internal Inconsistency,"Model B's reasoning explicitly concluded that the document fails to answer the question and stated that 'the answer has to be a resounding zero', but it mistakenly output a score of 1 instead of 0."
156493,2940589,156493,"What not to feed. 1  While goldfish are omnivores, they do not need a lot of extra proteins in their diet. 2  Never feed your goldfish bread! 3  Don’t give foods to your goldfish that contain extra ingredients like salt or dairy.  If you have a pond, don’t continue feeding during winter.",0,0,1,"**Grading the Question's Relevance**

Okay, here's the deal. I'm being asked to assess if the given context allows for answering the question: ""Does it quantify age-dependent growth rate changes?"". Honestly, it's pretty straightforward. I've got a short text about goldfish diets: what to avoid feeding them – bread, extra proteins, salt, dairy, and to stop feeding in the winter if they're in a pond.

Nowhere in this text, *nowhere*, is there any mention of age, or growth rates, let alone how they might change over time. It's all about dietary restrictions, not longitudinal studies of fish development. Therefore, the question is entirely irrelevant to this material. My assessment is clear: the context provides absolutely no information that would allow for a reasonable response. I'm going with a resounding zero.


","**Analyzing the Context for Age-Dependent Growth Rate Information**

Okay, let's break this down. My primary goal here is to determine if the provided context – the information about goldfish feeding restrictions – contains any data or discussion regarding age-dependent growth rate changes. The question is explicitly asking about *quantification* – does the context provide *numbers* or *specifics* related to how a goldfish's growth rate alters as it ages?

Having read through the context on inappropriate goldfish foods, I can definitively say that it offers *zero* insight into this specific area. The information focuses entirely on dietary components that are generally bad for goldfish, and conditions like winter feeding, but this context says nothing about any quantified changes to growth rate as the fish matures.

Therefore, given the RAG-context instructions, the appropriate evaluation is a '0'. The context doesn't provide any meaningful or complete information to address the question of age-dependent growth rate quantification. I'm essentially saying, based on this provided material, I can't answer the question at all.


",Score-Reasoning Contradiction,"Model B correctly identified that the context provided no relevant information and explicitly concluded in its text that the appropriate evaluation was '0', but it contradicted its own reasoning by assigning a final score of 1."
1121709,3423061,1121709,Three Percent/Four Percent – The missing percent is lost in a mathematical conundrum and entirely irrelevant. The point is that it represents the people who are willing to stand up in defense of the Constitution against any enemy and when everyone else is afraid to do it or simply will not.,0,0,1,N/A,N/A,Spurious Relevance,"The query is an arbitrary numeric sequence with no semantic or lexical overlap with the document about constitutional defense. Model B incorrectly inferred relevance where none exists, whereas Model A correctly identified the complete lack of topical relationship."
19335,5078863,19335,"The definition of environment is the influences and resources in  a system.   The environment is your surroundings, your house, your garden, your  town, your shops, the …hills and rivers, the ocean, the air and so  on.",0,0,1,"**Evaluating the Context's Relationship to Political Ecology**

Okay, so I'm presented with a definition of ""environment"" and asked if it incorporates political ecology perspectives. Let's break this down. The definition given is very basic – essentially a list of surroundings: house, garden, town, and so on. It's a very *local* and almost physical understanding of the environment. No mention of power, political systems, socio-ecological relationships, or any of the core tenets of political ecology whatsoever.

Therefore, can I answer the question ""Does it incorporate political ecology perspectives?"" based *solely* on the provided context? Absolutely, I can. The answer is a clear ""No."" I can state definitively, based on what's given, that it *does not* incorporate those perspectives.

Now, the rub here, the question of how to assign the grade based on this analysis, gets more complicated. My expertise tells me these rubrics often assess whether the context provides a *substantive answer* to the question. It doesn't mean that the text contains the answer; it's about whether the answer can be *derived* from the text. If the question is about the text, the answer is ""no"". If the grade is about the context's ability to answer, yes, we can say ""No"".

So, is the answer ""No"" – that it doesn't incorporate those perspectives – relevant, complete, and accurate? In this case, ""Yes, absolutely"". If the question is a direct yes/no question about an absence of a quality, and the absence is clear, then ""no"" is a complete answer.

Now, the question is whether the prompt implies a 0, as in ""the answer is absent"", because the text *lacks* political ecology concepts, or a 5, because we can directly answer the yes/no question?

In these evaluation datasets, a missing answer usually translates to a 0. But this question is different. It's a meta-question: ""Does *it incorporate*...?"" The absence of information directly provides the answer. Looking back, there's absolutely no mention of politics or ecology in any relevant sense.

If I give it a 0, am I saying that the question is completely unanswerable based on the text? Not at all. I *can* answer it; the answer is ""No, it does not.""

So, I'm going with the standard interpretation: Can the question be answered *based on* the context? Yes, the answer is a perfectly valid ""No"".


","**Analyzing the Context and Question**

Okay, so I'm presented with a definition of ""environment,"" and the task is to determine if it incorporates political ecology perspectives. The provided text offers a basic definition and examples – nothing hinting at the nuances of political ecology.

My immediate assessment is that based on the text, the answer is a clear ""No."" The definition focuses on a physical or spatial understanding of the environment, not the social, political, or economic factors that political ecology emphasizes.

Now, I need to consider if the text *provides* an answer. Given the question, ""Does it incorporate...?"" and the context's content, yes, it does provide the answer. ""It"" (the definition) demonstrably does *not* incorporate political ecology perspectives. The lack of mention is key.

If I'm being thorough, I should evaluate if the answer is complete and relevant, even when it's a negative answer. The context does not mention political ecology at all. Therefore, a ""No"" is a complete and accurate answer derived directly from the text. This absence is the evidence. This absence, in fact, is the answer.

I'm confident in rating this a ""5."" The question ""Can it be answered?"" is definitively addressed by the text: ""No, it only defines the environment in physical/spatial terms."" The answer is direct and justified by the lack of relevant content.


",Hallucinated Task Context,"Both models hallucinated an unstated evaluation task regarding 'political ecology' instead of evaluating the document against the query '19335'. However, Model B regressed by failing to output a score of 0 for completely irrelevant text, instead awarding relevance based on its flawed meta-logic that the absence of information constituted an answer."
855410,7070234,855410,"WHAT ENANTYUM IS AND WHAT IT IS USED FOR. Enantyum is a pain killer from the group of medicines called non-steroidal anti-inflammatory drugs. (NSAIDs). It is used to treat mild to moderate pain, such as muscular pain, painful periods (dysmenorrhoea), toothache.",0,0,1,"**Evaluating the Question's Answerability**

Okay, let me break this down. The user is asking whether we can determine if the core system of *something* – we don't know what that ""something"" is yet – targets specific age-related skin concerns, based on the provided text. Let's see...

Right, the context is about ""Enantyum"". I'm intimately familiar with Enantyum; it's a non-steroidal anti-inflammatory drug, or NSAID, used to manage mild to moderate pain. We're talking muscle pain, period pain, toothaches, the typical stuff. So, this ""Enantyum"" *itself* is the provided context.

Now, let me think. The core question is about age-related skin concerns and a ""core system"" specifically targeting them. But, wait, this Enantyum information has absolutely zero relevance to skin, any potential age-related skin concerns, or a dedicated ""core system"" of anything. It's a painkiller! It's focused on inflammation and pain pathways. No mention of skin. No mention of aging. No mention of targeting anything skin-related.

Therefore, the only honest answer is that the question cannot be answered using the provided context. It's a clear miss. No information, no insight, no connections... nothing to draw on. A grade of zero is the only justifiable outcome here.


","Here's my analysis of the situation:

**Analysis of the Question and Context**

Okay, so I'm presented with a question about age-related skin concerns addressed by a particular system. My first thought is to zero in on the key terms: ""age-related skin concerns"" and the ""system"" in question. The context, however, is completely irrelevant. It discusses ""ENANTYUM"", which is clearly identified as a nonsteroidal anti-inflammatory drug (NSAID) used for pain relief—muscular pain, dysmenorrhea, toothache, that kind of thing. There's absolutely nothing in this description that links it to skin health, let alone age-related changes in the skin.

Given this complete disconnect, there's no way I can formulate a meaningful answer. The available information simply doesn't allow me to address the question. My assessment is that a solid zero is appropriate. It's a fundamental lack of relevant data; any attempt to guess or infer would be entirely baseless.


",Score-Reasoning Inconsistency,"Model B correctly deduced in its reasoning that the document was completely irrelevant and explicitly stated that 'a solid zero is appropriate', but erroneously outputted a final score of 1 instead of 0."
131843,1033903,131843,"If a tornado watch is issued for your area, that means conditions are favorable for the formation of tornadoes. If a tornado warning is issued, that means that a tornado has been spotted or that radar is showing a possible tornado forming in a storm.",0,0,1,N/A,N/A,Hallucinated Relevance,"The query consists solely of an arbitrary numerical identifier ('131843') which has no connection to the weather alert document. Model B failed to recognize the complete absence of topical overlap and inappropriately assigned non-zero relevance, whereas Model A correctly evaluated it as entirely irrelevant."
156493,2259185,156493,Recommended goldfish tank sizes: Fancy goldfish: 3 feet long and a volume of at least 20 gallons for one goldfish. If you plan to keep more than one goldfish in your tank then add an extra 10 gallons for each additional fish. Common goldfish: 4 feet long and a volume of at least 30 gallons. If you plan to keep more than one goldfish in your tank then add an extra 12 gallons for each additional fish. Shop for goldfish tanks on amazon OR work out the size of your tank using our fish tank size calculator!,0,0,1,"**Analyzing the Query and Context**

Okay, so the user's question is pretty specific: ""Does it quantify age-dependent growth rate changes?"" My initial assessment is that I need to determine if the provided context actually *addresses* this point. I'm focusing on ""age-dependent growth rate changes"" – that's the key phrase.

Looking at the context – the goldfish tank sizes for Fancy and Common goldfish – it's immediately clear that it's talking about recommended tank volume. There's absolutely nothing here about how a goldfish grows at different ages. It doesn't allude to the velocity of growth. There is no information or data provided that I could use, even inferentially, to calculate any change in the growth rate over time.

Therefore, my conclusion is straightforward: The question cannot be answered using the information available. This is a grade 0 situation; the context is simply irrelevant to the core concept.


","Here's my thought process, distilled:

**Analyzing the Query and Context**

Okay, the core question is whether the provided context quantifies age-dependent growth rate changes. The context is about goldfish tank sizes. Hmm. That's a pretty clear ""no."" The context doesn't offer any specific data, formulas, or even descriptive information that relates growth rate to age. It's missing entirely.

The prompt, though, asks if the *question* can be answered based on the context. My initial assessment stands: zero. The information simply isn't present in the text to provide an answer, let alone a quantified one.

Let me just quickly verify my understanding of the scoring rubric for unanswerable questions. Right, a score of zero is warranted because the answer isn't relevant and, really, the context provides no relevant information to answer the core question. It's a textbook case of a missing link between question and data.


",Score-Reasoning Inconsistency,"Model B's reasoning repeatedly concludes that the context is irrelevant and explicitly states that a score of 0 is warranted, yet it inexplicably assigns a score of 1 in its final output."
168216,2036284,168216,"It usually takes six to seven days between getting the infection and the start of symptoms (known as the incubation period), although it can be any time from two to 19 days. As Legionnaires' disease has similar symptoms to other illnesses, your recent travel history will be relevant in making a diagnosis. If an infection is suspected, a urine test can be used to check for Legionnaires' disease.",0,0,1,N/A,N/A,Hallucinated Relevance,"The query consists solely of an arbitrary numeric identifier ('168216') with zero lexical or semantic connection to the passage on Legionnaires' disease. While Model A correctly identified the complete lack of relevance, Model B applied an overly lenient threshold or hallucinated a weak topical connection, inappropriately assigning a non-zero score."
131843,6038230,131843,"Monitor severe weather conditions and forecasts for Huizhou, China using the new Tornado Central storm tracker map, and get tornado and severe thunderstorm safety and preparedness tips from weather.com and The Weather Channel.",0,0,1,N/A,N/A,Hallucinated Connection,"Model B likely assumed an unverified association between the numeric query '131843' (such as mistaking it for a postal code or identifier) and the Huizhou weather report, whereas the document completely lacks the query terms and bears no actual relevance."
1133167,4926202,1133167,"Making yourself aware of Jamaica's weather patterns will help you decide what clothing to pack, and the best time to visit the island, to fully experience all it has to offer. The following chart helps you to do this by detailing the average daily high and low temperatures of each month.",1,1,0,N/A,N/A,Failure on Query Artifact,"The query appears to be an unexpanded benchmark query ID ('1133167') rather than natural language text. Model B strictly evaluated literal lexical/semantic overlap between the ID and the document and scored it as completely irrelevant (0), whereas Model A recognized or recovered the benchmark association to assign the relevant score (1)."
146187,3129298,146187,Calories in a Double-Double w/ Mustard & Ketchup. There are 590 calories in a Double-Double w/ Mustard & Ketchup from In-N-Out Burger. Most of those calories come from fat.,0,0,1,"**Analyzing the Context for Cheese Slice Specificity**

Okay, so the user is asking whether the context provided gives us the number of cheese slices in a Double-Double. Hmm, let me think. The context is just about calories in an In-N-Out Double-Double with mustard and ketchup. It mentions *nothing* about cheese slices directly. 

The prompt wants me to rate on a 0-5 scale whether the question can be answered from the context. Usually, if the answer isn't present, a 0 is the right choice. Let me make sure I'm interpreting this correctly. The question isn't asking for the *calories* from the cheese, it's about the *number* of cheese slices. The context doesn't specify, or even hint at, the number.

Wait a second, the question is a yes/no question: ""Does it specify...?"" It's a meta-question about the context itself. And the answer is clearly ""No, it does not specify"". However, the usual tasks evaluate if the target information, in this case, the number of cheese slices, is present in the context.

So, although I could answer the question with ""No, it does not specify"", this doesn't tell us if it can answer the core question, ""How many cheese slices are there?"" So, I'm going with 0. The context is simply silent on the cheese slice quantity. There's zero useful information there for answering that question.


","**Analyzing the Cheese Slice Question**

Okay, so the prompt is asking if the provided context specifies the number of cheese slices per item. Let's break this down systematically. The context gives us calorie information for a Double-Double. Right away, I'm thinking, does that *necessarily* tell us anything about the cheese? No, it doesn't. My immediate thought is ""No, it doesn't specify.""

But then I catch myself. The question isn't asking for the *count*, it's a meta-question: ""Does it specify...?"" Essentially, can we determine from the context whether the number is mentioned, regardless of what that number *is*? And the answer is still a definitive ""No"". The context is silent on cheese slices altogether.

So, the key here is whether the question ""Does it specify..."" can be answered, given the available information. Yes, it can. We can say with certainty that the context *does not* specify the number of cheese slices. Therefore, the context is sufficient to answer the question, even if the answer is ""No"". Since the question is of a binary nature: asking if the context explicitly details this or not, the answer should be ""no"" here. Based on this, it's clear the context provides enough information to answer ""No"". Therefore, I'm assigning it a value of 5, indicating that the information is absent within the prompt.


",Overthinking Meta-Question,"Model B got trapped in a hyper-literal loop regarding whether a negative answer ('No, it does not specify') counts as successfully answering the prompt. Instead of recognizing that the document completely lacks the required target information (justifying a 0), it treated the ability to confirm absence as sufficient context to award points."
1124210,2806533,1124210,Xylem vessels xylem vessel: Vein-like tissue which transports water and minerals up a plant are involved in the movement of water through a plant from its roots to its leaves. Water: 1  Is absorbed from the soil through root hair cells.ylem. Xylem vessels xylem vessel: Vein-like tissue which transports water and minerals up a plant are involved in the movement of water through a plant from its roots to its leaves. Water: 1  Is absorbed from the soil through root hair cells. 2  Is transported through the xylem vessels up the stem to the leaves.,0,0,1,N/A,N/A,Overestimating Relevance,The query is an arbitrary numeric string ('1124210') with zero topical relation to the document about plant xylem vessels. Model B failed to recognize the complete lack of relevance and incorrectly assigned a non-zero score.
87181,3354162,87181,"hypertrophic subaortic stenosis (idiopathic hypertrophic subaortic stenosis) a cardiomyopathy of unknown cause, in which the left ventricle is hypertrophied and the cavity is small; it is marked by obstruction to left ventricular outflow.",1,1,2,"**Analyzing the Context for Information on Chronic Afterload Elevation**

Okay, so the question is whether the provided text addresses the mechanisms of chronic afterload elevation. Let me see... the context describes hypertrophic subaortic stenosis, highlighting ""obstruction to left ventricular outflow."" Now, obstruction to outflow *is* related to afterload, but does this brief mention constitute a *detailed* explanation of chronic afterload elevation mechanisms?

No, definitely not. This is just a concise definition of the condition. It says there's obstruction, which *implies* afterload elevation, but it's not a detailed explanation. It’s more of a mention than a dissection of the underlying physiology. Therefore, the answer's not in this context.

Given that the question is ""Can the question be answered based on the available context?"", the answer is a resounding ""no."" A grade of 0 is appropriate here because there's no relevant information. The context is completely insufficient. It hints at afterload elevation via obstruction, but that's the extent of it.


","**Analyzing the Context for Chronic Afterload Elevation Mechanisms**

Okay, so the question is asking me if the provided text details ""chronic afterload elevation mechanisms."" The context gives a quick overview of hypertrophic subaortic stenosis – a cardiomyopathy characterized by left ventricular hypertrophy and obstruction to outflow. My immediate assessment is that the text *doesn't* delve into the specific mechanisms that *cause* chronic afterload elevation. It *describes* the condition, not the physiological processes behind it.

Therefore, the most accurate response is that the context doesn't detail any such mechanisms. It's a ""no,"" and on a coverage scale of providing information about the mechanisms, it would be a 0. The wording of the question is precise: ""Are chronic afterload elevation mechanisms detailed?"" I need to evaluate the context *against* that specific phrasing. The context doesn't explicitly *detail* those mechanisms, therefore it can't be answered affirmatively with the given text. A negative response is the only reasonable conclusion. So, I will answer 0 or ""no"" to the question.


",Score-Reasoning Inconsistency,"Model B explicitly concluded in its reasoning that the context was completely insufficient and that it should assign a grade of 0 ('no'), yet it inexplicably output a final score of 2, diverging significantly from both its own conclusion and the ground truth score."
183378,2272251,183378,"He argues against attempts to splice different genres or species of literature into a single composition. To remove intron sequences from the pre-messenger RNA, and then join together exons. Related terms . splice the mainbrace; Translations",0,0,1,N/A,N/A,Hallucinated Relevance,"Model B assigned marginal relevance (score 1) to a document discussing literary and biological splicing, despite the query being an ungrounded numeric string ('183378') with zero semantic or lexical connection to the text."
915593,8103063,915593,"With sous vide cooking, there's no way for that flavor to escape the bag. Meanwhile, spices rubbed on the surface of the meat have a tendency to get rinsed off by any juices that are being expressed. The short answer is that it's very tough to predict exactly how spices are going to react in a sous vide bag.",0,0,1,N/A,N/A,Lenient Scoring on Opaque Query,"The query consists solely of an uncontextualized numeric identifier ('915593') with zero topical or lexical relation to sous vide cooking. Model A correctly recognized the total lack of relevance and scored it 0, whereas Model B exhibited an overly lenient scoring bias and assigned partial relevance (1) to a completely irrelevant passage."
182539,5567732,182539,"Quite similarly, a function is termed as monotonically decreasing or a decreasing function if Y axis values do decrease as the X axis values are decreasing. The nature of increasing or decreasing function is to either increase or decrease throughout the function.",1,1,0,N/A,N/A,Strict Literal Keyword Matching,"The query consists solely of an opaque identifier or number ('182539') with no lexical overlap to the document. Model B strictly evaluated semantic or keyword match and dismissed the document as completely irrelevant (score 0), failing to account for unmapped query IDs or benchmark-specific context that Model A captured."
527433,8126064,527433,"Symptoms may include: 1  drooping of one or both eyelids (ptosis) 2  blurred or double vision (diplopia) due to weakness of the muscles that control eye movements. 3  a change in facial expression. 4  difficulty swallowing. 5  shortness of breath. 6  impaired speech (dysarthria) 7  weakness in the arms, hands, fingers, legs, and neck.",0,0,1,N/A,N/A,Hallucinated Relevance,"Model B awarded relevance to a medical symptom text for an unexplained numeric query ('527433') with no textual overlap or verifiable connection, whereas Model A correctly recognized the document as entirely non-relevant."
87181,6969187,87181,"In the other types of cardiomegaly, the heart's large muscular left ventricle becomes abnormally thick. Hypertrophy is usually what causes left ventricular enlargement. Hypertrophic cardiomyopathy is typically an inherited condition. There are many techniques and tests used to diagnose an enlarged heart.",0,0,1,N/A,N/A,Hallucinated Relevance,"The query '87181' represents a postal ZIP code, which has zero connection to the medical passage discussing cardiomegaly. Model B inappropriately assigned marginal relevance to an entirely unrelated document rather than scoring it as completely irrelevant."
19335,2071723,19335,"1 Biological Anthropology (also: Physical Anthropology):Specific type of Anthropology that studies humanity through the human body as a biological organism, using genetics, evolution, human ancestry, primates, and the ability to adapt.",0,0,1,N/A,N/A,Spurious Token Matching,"Model B likely associated the leading number '1' in the document's list item with the numeric query '19335', hallucinating partial relevance despite the document on biological anthropology having completely no contextual or semantic connection to the query."
19335,7961908,19335,ecology. n. 1. (Environmental Science) the study of the relationships between living organisms and their environment. 2. (Environmental Science) the set of relationships of a particular organism with its environment. 3. (Sociology) the study of the relationships between human groups and their physical environment.,0,0,1,N/A,N/A,Overly Lenient Scoring,"The query is an arbitrary numeric code (likely a zip code or ID '19335'), while the document is a dictionary definition of 'ecology'. There is zero semantic or topical overlap. Model B failed to recognize total irrelevance and improperly awarded a non-zero score."
915593,8178997,915593,"We used both ziplock-style bags and sous vide bags, you can use the water displacement method and clip them to the top of the bath with the opening outside of the water). We also do recipes in mason jars. Also, check out our forum, where you can chat with our community members about sous vide and safety.",0,0,1,N/A,N/A,Hallucinated Relevance,"The query '915593' is a purely numeric identifier with no discernible connection to the document's content regarding sous vide cooking. Model B inappropriately assigned relevance to a completely unrelated document, whereas Model A correctly recognized the total absence of relevance."
1124210,7507400,1124210,"Plant tissues are categorized broadly into three tissue systems: the epidermis, the ground tissue, and the vascular tissue. 1  Epidermis-Cells forming the outer surface of the leaves and of the young plant body. 2  Vascular tissue-The primary components of vascular tissue are the xylem and phloem.ylem is a chief, conducting tissue of vascular plants. It is responsible for conduction of water and mineral ions/salt. Xylem is a very important plant tissue as it is part of the 'plumbing system' of a plant. Think of bundles of pipes running along the main axis of stems and roots.",0,0,1,N/A,N/A,Hallucinated Relevance,Model B assigned relevance to a document about plant tissue systems for an arbitrary numeric query ('1124210') that has no apparent semantic or lexical connection to the text.
130510,1159414,130510,"Shelby County, in the covered jurisdiction of Alabama, sued the U.S. Attorney General in the U.S. District Court for D.C. in Washington, D.C, seeking a declaratory judgment that sections 4(b) and 5 are facially unconstitutional and a permanent injunction against their enforcement.",0,0,1,N/A,N/A,Hallucinated Relevance,"Model B assigned a positive relevance score to a document that has no lexical, topical, or semantic connection to the numeric query '130510'."
156493,2141938,156493,"Goldfish usually do best when fed  two or three times per day. At each feeding, it is best to put a small amount of food in the tank. If the goldfish eats all the food within one or two minutes, a second helping of similar size can be given.",0,0,1,"**Grading the Question: A Quick Assessment**

Alright, let's break this down. The user wants me to determine if the provided context allows us to answer the question: ""Does it quantify age-dependent growth rate changes?"" My initial instinct is that this is a straightforward evaluation. The core of the issue is to establish if the information given is relevant to age-dependent growth rates.

The context itself is focused on the *feeding* of goldfish. It describes optimal feeding frequency and portion sizes. The text specifically details that goldfish thrive when fed small portions two or three times daily. Further, the text clarifies that one should consider the amount consumed by the goldfish within a minute or two to consider a second helping. I do not see anything relating to how goldfish grow or how that growth might differ across the lifespan of the goldfish. There's nothing about how age influences growth, nor is there any mention of growth rates.

Therefore, considering the focus on feeding instructions and the complete absence of any discussion related to age-dependent growth rates, I conclude that the question *cannot* be answered using this context. Consequently, a grade of 0 is appropriate. It's a clear no-go.


","Here's my assessment of the situation:

**Analysis of the Goldfish Feeding Query**

Alright, let's break this down. The question boils down to whether the provided text about goldfish feeding actually *quantifies* age-dependent growth rate changes. Immediately, my experience tells me that such a calculation would need specific data on growth rates at different ages.

The key is that the context *completely* fails to provide any such information. I'm seeing nothing about how fast these goldfish grow at three months versus six months, or any other measurable metric relating age to growth. The context appears focused solely on the *act* of feeding and potentially some aspects like behavior or appetite.

Therefore, applying my expertise in this domain, it's a straightforward ""no."" There is zero basis within the given context to provide a meaningful answer. This is not even a ""partial"" answer; it's a completely irrelevant response based on this material. Score: 0. The context provided is simply not applicable.


",Score-Reasoning Discrepancy,"Model B's internal reasoning correctly identified that the document was completely irrelevant and explicitly concluded with 'Score: 0', but it erroneously emitted a final score of 1, creating a direct contradiction between its rationale and output score."
156493,6456916,156493,Goldfish Care. A good general rule is 1 gallon per goldfish. The larger the bowl the longer it will take for ammonia to increase to harmful levels and the less often you will need to clean it.,0,0,1,N/A,N/A,Failure to Identify Complete Irrelevance,The query consists solely of an arbitrary number ('156493') with zero topical or semantic overlap with the document about goldfish care. Model B regressed by awarding a non-zero relevance score to a completely unrelated document instead of recognizing that there is no connection.
833860,1501734,833860,"This is a list of cheeses by place of origin. Cheese is a milk-based food that is produced in wide-ranging flavors, textures, and forms. Hundreds of types of cheese from various countries are produced.",0,0,1,"**Analyzing the Context for a Definition of ""Popular""**

Okay, so the user wants to know how ""popular"" is defined in relation to this cheese assessment. The specific question is: ""How is 'popular' defined for this assessment (e.g., consumption frequency, cultural recognition, sales volume)?"" I need to see if the provided context – a description of cheese origin and variety – provides any clues to that definition.

Looking closely at the text, the description of the cheeses and their origins just isn't helpful at all. There’s absolutely no mention, no hint, of what criteria are used to determine if a cheese is ""popular."" The context describes the *existence* of cheeses, their diverse flavors and origins, but it gives no framework for judging popularity. There is simply no available data to infer any definition of ""popular"".

Therefore, the question cannot be answered. My assessment of whether the context helps us is a definitive zero. The context is completely irrelevant to the question of defining ""popular.""


","**My Assessment of the Question's Answerability**

Okay, so I've been presented with a question and some context, and my task is to determine if the question can be answered *given* that context. The question is specifically about how ""popular"" is defined in relation to this particular assessment. I need to give a rating from 0 to 5, and the response needs to be in a JSON format.

Looking at the question, I'm noting the implied need for a definition: is ""popular"" being judged by consumption, by cultural awareness, or by sales? Now I'm comparing that question to the context. I'm focusing on the provided text, which is just a list of cheeses and some basic information about them. It describes the variety and production of cheese, but doesn't touch on popularity, metrics, or ranking systems. There's absolutely nothing in this text that provides a definition of ""popular,"" or any data points that I could use to infer a definition for it. Therefore, I can't answer the question in any meaningful way. It's a clear miss.

The only logical rating, given the information at hand, is a zero. The question is unanswerable with the context given.


",Score-Reasoning Inconsistency,"Model B explicitly reasoned that the context was completely irrelevant and concluded that the 'only logical rating... is a zero', but contradicted its own deduction by outputting a score of 1."
1117099,2153487,1117099,"The great majority of earthquakes occur at tectonic plate boundaries. The majority of great earthquakes (magnitude 8.0 or larger) are megathrust earthquakes that occur at convergent plate boundaries, also called destructive margins or subduction zones.",1,1,0,"**Evaluating the Answer to a Question About Plate Boundaries**

Okay, so the user's question is ""Which plate boundary types define them?"" Hmm, the ambiguity of ""them"" is the first hurdle. Based on the provided context, the meaning of ""them"" is not entirely clear. I have to consider a few possibilities. If ""them"" refers to great earthquakes, well, the text explicitly mentions that ""convergent plate boundaries, also called destructive margins or subduction zones"" are where the majority of great earthquakes happen. Seems straightforward enough there. But, if ""them"" refers to tectonic plate boundaries in general, or perhaps even just to the more general category of earthquakes, the answer is less direct.

The text clearly pinpoints convergent boundaries as defining the locations of great earthquakes. It's essentially an answer to the question if ""them"" means great earthquakes. However, it doesn't give a definition or explanation for other types.

So, how do I score this? If ""them"" refers to great earthquakes, it seems pretty well answered. However, the lack of clarity in the question itself forces me to acknowledge that it's not a *perfect* answer. The context gives some of the answer, but the ""them"" is ambiguous. It's not completely irrelevant, and it's not totally complete either. It is a partially complete answer, but with noticeable gaps.

I'm leaning towards a score of 3. Partially relevant and complete, with gaps and potential inaccuracies that come from the ambiguity of the question's phrasing. If ""them"" is about great earthquakes, the context is good. If it's about plate boundaries generally, it's weaker. Yes, it's a 3. Let's stick with that.


","**Analyzing the Context for Plate Boundary Types**

Okay, so the question is asking me to identify the plate boundary types that ""define them"" – whatever ""them"" is. The context immediately mentions ""convergent plate boundaries,"" which are also called ""destructive margins"" or ""subduction zones."" My initial thought is, does this context actually *list* all the relevant boundary types, or is it just highlighting a specific one? The question is a little vague, using ""them,"" so I need to clarify what ""them"" is referring to.

Let me think…can I answer the question *solely* based on this context? Hmm. The context specifically links ""convergent plate boundaries"" to megathrust earthquakes, which suggests that ""them"" likely refers to these great earthquakes. This *could* be a direct answer. However, the context does *not* provide a comprehensive list of all plate boundary types (e.g., transform, divergent, and convergent).

Okay, let's re-evaluate. It states that ""The majority of great earthquakes... occur at convergent plate boundaries..."". So, if ""them"" is great earthquakes or megathrust quakes, we have a clear answer: convergent plate boundaries. But, if the question is asking for *all* the plate boundary types involved with megathrust earthquakes, then we're missing crucial information, and the answer is incomplete.

So, how do I rate this? Given the ambiguity of the question and the specific mention of ""convergent plate boundaries"" in relation to megathrust earthquakes, it feels like the answer is *partially* complete, with some noticeable gaps depending on how the vague question is interpreted.

I’m leaning towards a rating of a 3 or 4, leaning towards the lower end of that range. Let me read the original question again carefully. If ""them"" = great earthquakes, the context *does* provide a direct answer about the type of plate boundaries involved, but the question is still incomplete. I will go with a 3, for ""partially relevant and complete, but noticeable gaps.""


",Score-Reasoning Inconsistency,"Model B concluded in its reasoning that the document was partially relevant and complete (rating it a 3 internally), yet it output a final score of 0 (irrelevant), directly contradicting its own evaluation. In contrast, Model A correctly mapped its internal judgment of partial relevance to a positive score of 1."
156493,6464089,156493,"There is a big difference between how long goldfish can live and how long most goldfish actually do live. Here at The Goldfish Tank, you can learn all about taking care of goldfish and help your goldfish to live a really long time! Goldfish can live for several decades.",0,0,1,"**Evaluating the Question's Relevance**

Okay, let's break this down. My objective here is to determine if the provided information allows us to address the query: ""Does it quantify age-dependent growth rate changes?"". Let's assess the context, which is about goldfish lifespan and care: ""There is a big difference between how long goldfish can live and how long most goldfish actually do live. Here at The Goldfish Tank, you can learn all about taking care of goldfish and help your goldfish to live a really long time! Goldfish can live for several decades.""

Now, after carefully reviewing this, there's absolutely nothing in this passage that touches upon growth rates, let alone how those rates might change with age. We're talking longevity and care, but not the quantifiable aspects of growth itself.

Given this complete lack of relevant information, the question cannot be answered. It's simply not addressed. The context doesn't give a starting point to quantify any such change. Therefore, a grade of 0 is the only logical conclusion. The answer is wholly irrelevant.


","**Analyzing the Prompt and Context**

Okay, so the prompt is asking if the question, ""Does it quantify age-dependent growth rate changes?"" can be answered based on the provided context. I immediately see the disconnect. The context is all about goldfish lifespan – how long they *can* live and how to help them live a long time. It doesn't mention anything about their growth rate, let alone changes in growth rate over time.

Initially, I'm thinking that based on the context, there's absolutely no way to determine if the answer is yes. Wait, am I being too direct? Let me go back and re-read the specific instruction. Ah, yes, the evaluation criteria is how well the question can be *answered* based on the context. Okay, so even though I can't *answer* the question itself, I can say that, based on the provided text, there's absolutely no basis for arriving at any conclusion. There is zero.

The text doesn't quantify, or even mention age-dependent growth rate changes. The evaluation criteria mentions 'grade 0: ""The answer is not relevant or complete at all"" or cannot answer at all'. Yep, seems like a straight grade 0 is appropriate.


",Score-Reasoning Inconsistency,"Model B correctly deduced in its chain of thought that the document contained no relevant information and explicitly concluded that a grade of 0 was appropriate, but it suffered from an execution failure and output a final score of 1 instead."
1124210,1886340,1124210,"Vascular Bundle. in plants, the aggregate of elements of the vascular tissue. The vascular bundle appears in the sprout from the apical meristem or, more precisely, from the procam-bium. It comprises the xylem, the phloem, mechanical tissues, and cells of the living parenchyma.",0,0,1,N/A,N/A,Hallucinated Relevance,"Model B assigned a non-zero relevance score to a document that has no relation or connection to the opaque numeric query '1124210', exhibiting false-positive bias on ambiguous or uninterpretable input."
183378,7045994,183378,"Scientists thought that the complex DNA of a human was made up by perhaps as many as 150,000 different genes. The approximation was based on the number of different transcripts, mRNAs, which had been found in humans, assuming that there should be one gene for each mRNA.lternative splicing is a process which allows the production of a variety of different proteins from one gene only (3, 4) (Figure 1).Most genes in eukaryotic genomes consist of exons and introns. After transcription, introns need to be removed from the pre-mRNA by a step called splicing.",1,1,0,N/A,N/A,Over-reliance on Lexical Overlap,"Model B likely failed to recognize the numeric query as a benchmark topic or entity identifier and rejected the document due to the absence of exact keyword matches, whereas Model A correctly identified the relevance of the target passage."
1124210,5977964,1124210,1 Vascular tissues transport water and dissolved substances inside the plant and helps support the stem. 2  The 2 types of vascular tissue are xylem & phloem. 3  Xylem carries water and dissolved ions from the roots to stems and leaves.  Phloem carries dissolved sugars from the leaves to all other parts of the plant.,0,0,1,N/A,N/A,Superficial Pattern Matching,"Model B likely matched isolated digits (such as '1' and '2') appearing in the document's list numbering to the numeric query '1124210', failing to recognize that the biological text has no semantic relevance to the query."
156493,2259184,156493,"You want a goldfish tank that your fish can comfortably live in. Goldfish can live for 15 to 20 years, and some have even surpassed the 20-year mark. But to ensure your goldfish reach adulthood, it’s important that you choose goldfish tank your fish will thrive in.",0,0,1,N/A,N/A,Hallucinated Relevance,"The query is an arbitrary numeric string ('156493') with zero topical or lexical relation to goldfish tanks. Model A correctly identified complete irrelevance, whereas Model B exhibited an overly lenient threshold and assigned relevance despite no plausible connection."
146187,4777146,146187,"T he Dollar Menu at McDonald's is sometimes prominently displayed and at other franchises it is all but hidden. In any case, it is a good deal. There are many items that can be purchased at McDonald's for just $1, really, just check their dollar menu !",0,0,1,"**Analyzing the Context for Cheese Slice Specificity**

Okay, so the user wants to know if the context tells us how many cheese slices are in each item. Let me see... ""The Dollar Menu at McDonald's...good deal...many items for $1."" Nope. That's it. It's all about the Dollar Menu in general. No mention of cheese. Not a single word about cheese. The context *definitely* doesn't specify the number of cheese slices per item.

The prompt wants a definitive ""Yes"" or ""No"" in relation to the context. Alright, the question *cannot* be answered from this provided text. Okay, if I *can't* answer the question, then the score is essentially zero. It's a binary ""Does it? Yes/No"" type of question and the answer is ""No"". Since the context doesn't provide *any* relevant information about cheese slices, I'm assigning a grade of zero for this evaluation. It's simply not relevant.


","**My Assessment of the Context and Question**

Okay, here's how I'm breaking this down. The text talks about the Dollar Menu, generally. It mentions McDonald's and the price point of $1, but no specifics about cheese slices or any item details are included. So, the question is, ""Does it specify the number of cheese slices per item?""

Initially, I thought about whether the context *provided* the answer to the implicit question, even if that answer was a negative one. Essentially, can the text *answer* this question accurately. It’s a yes/no question.

Wait, now the re-reading starts. The question itself is ""Does it specify the number of cheese slices per item?"". Considering the context does not specify ANY quantity, and does not provide an item with cheese, the answer is ""No, it does not.""

So, based on the *explicit* information or lack thereof, the context *does* allow me to answer ""No"". But often in these RAG evaluations, a lack of info gets different points.

Let's look at it again, ""Can the question be answered based on the available context?"" My answer is ""Yes, it can. The answer is 'No, it does not'.""

The question is, ""Does it specify..."" and the context definitely *doesn't* contain that information. That's a perfect ""No"".

Am I overthinking this? Is this about evaluating a *specific system's* ability to answer, or the context's inherent ability to *allow* the answer?

The best rating is ""5"" because the text asks, ""Does it specify..."" and the context does not, so the answer is ""No"".

The answer is complete and accurate. It directly addresses the question based on what's available. The best rating is ""5"".


",Conflating Absence of Information with Relevance,"Model B fell into an overthinking loop regarding the meta-nature of the question ('Does it specify...?'). Instead of recognizing that the passage lacks relevant information and assigning a 0 like Model A, Model B reasoned that the context's total lack of cheese-related information allows a user to definitively answer 'No', conflating non-relevance with an authoritative negative answer."
183378,6548235,183378,Many thousands of proteins may have arisen form only a few thousand exons because. -one gene can code for hundreds of different proteins. -an exon does not actually code of any meaningful information. -an exon may be used by many different genes.,1,1,0,N/A,N/A,Ignored Identifier Lookup Context,"The query is an explicit numerical ID (common in passage retrieval benchmarks), which maps directly to the document. Model B evaluated relevance based purely on semantic text overlap and failed to recognize the query as a valid passage/document identifier, leading to a false negative score of 0."
855410,2171731,855410,"Skin cleansing cosmetic cream with calendula flowers vitamin spa lotion natural organic herbal moisturizer product. Medical dermatology anti aging, acne, blemish, pimple, blackhead clear treatment - picture of blemishes. Acne spot pimple spot skincare beauty care girl pressing on skin problem face.",0,0,1,N/A,N/A,Spurious Relevance Attribution,"The query consists solely of an arbitrary numerical ID ('855410') that has no apparent connection or match to the skin care cosmetic document. Model B erroneously inferred a marginal relevance (possibly assuming it was an unlisted product or stock photo ID), whereas Model A correctly recognized that there was no matching content or relevance."
1124210,2753154,1124210,Metatracheal (or apotracheal) parenchyma is axial parenchyma independent of the pores or vessels and is a morphological character that distinguishes some birches and alders (partially diffuse xylem parenchyma) from their relatives such as oaks and chestnut trees (exclusively metatracheal parenchyma).,0,0,1,"**Analyzing the Context to Answer the Question**

Okay, so the question is ""Which primary vascular tissue type contains these cells?"" and I need to determine if the provided text gives me enough information. Let's see... the text mentions ""metatracheal parenchyma,"" ""axial parenchyma,"" ""pores or vessels,"" and ""xylem parenchyma."" Ah, *xylem*. That rings a bell; that's a primary vascular tissue. And the cells in question are described as ""parenchyma"" – specifically, metatracheal, axial, and xylem parenchyma. So, the text *does* explicitly mention ""xylem"" in the context of parenchyma (""partially diffuse xylem parenchyma""). Therefore, the answer to the question is *xylem*.

Can I confidently say the question is answerable from this information? Absolutely. The context directly points to xylem. The cells (parenchyma) are specifically described as being associated with this vascular tissue. I'd give this a solid 5. The answer is not just relevant; it's complete and accurate based on the text. So, the answer to ""Which primary vascular tissue type contains these cells?"" is unequivocally ""xylem."" Yep, a grade 5.


","**Analyzing the Question and Context**

Okay, so the question is asking me about the primary vascular tissue type containing certain cells. The context mentions ""metatracheal (or apotracheal) parenchyma"" and then states something about ""partially diffuse xylem parenchyma."" Hmm, does the context directly answer the question about the *primary vascular tissue type*? I need to be precise here.

Let's break this down. The text mentions ""xylem parenchyma."" Now, is xylem a vascular tissue? Of course, it is. Xylem is a primary vascular tissue type. Good. The context also says ""partially diffuse xylem parenchyma"", so the tissue type is explicitly mentioned in that. The context *does* explicitly say ""xylem."" I need to determine if this can be the final answer. Can I answer the question based on this context alone? It appears I can. The context clearly implies the answer is xylem.

Therefore, evaluating completeness and accuracy, the context directly provides ""xylem"" (in ""xylem parenchyma""). I'd give it a solid score of 5, or maybe 4 if being overly cautious but ""xylem parenchyma"" is pretty clear. So the answer is xylem. Now I'm confident.


",Over-estimation of relevance,"Model B considered the mere mention of 'xylem parenchyma' sufficient to conclude that the text directly answers which 'primary vascular tissue type' contains the cells, failing to recognize that the passage discusses secondary wood characteristics rather than answering the primary vascular tissue question, resulting in a false-positive relevance score of 1."
156493,2236390,156493,"It’s up to you to ensure that your goldfish have the conditions they need for mating and encourage them to breed. In this article, we look at how goldfish mate and the environmental conditions required to encourage goldfish mating. To encourage your goldfish to mate, you will first need a stable, well established and properly cycled tank that is easily large enough to house adult goldfish. The tank should be well planted and it should contain at least one male and one female goldfish aged at least three years.",0,0,1,"**Evaluating the Question's Answerability**

Okay, let's break this down. The question posed – ""Does it quantify age-dependent growth rate changes?"" – needs to be assessed against the context provided, which seems to be about goldfish mating. I see that the context states, ""The tank should be well planted and it should contain at least one male and one female goldfish aged at least three years.""

Hmm. Based on that information alone, it's clear that the context *doesn't* quantify or even address age-dependent growth rate changes. We just have a mention of the goldfish's minimum age. We're not given anything that would allow any analysis of growth across different age groups.

Therefore, the context simply doesn't contain the answer to the question. So, let's double-check the grading: ""Can the question be answered based on the available context? ... 0: The answer is not relevant or complete at all."" That looks spot on; a grade of 0 is entirely appropriate here. The context and the question are just not related.


","**Analyzing the Query and Context**

Okay, so the prompt is asking if the provided context actually *quantifies* age-dependent growth rate changes. Let me see... the context is all about goldfish breeding and that they need to be at least three years old to mate. Hmm, nope. That really doesn't give us any numbers or data on how their growth rate *changes* as they age. I'm looking for quantifiable information, some kind of growth curve, anything that relates age directly to a measurable rate of growth, and it's simply not there.

The question explicitly demands quantification. The context, however, doesn't even touch on that aspect. It just mentions a general age for breeding maturity. Therefore, the context simply does not provide an answer, and my assessment is it's a firm zero - or, depending on the scale, a one if we're being generous and considering the context as completely unhelpful. It's not just incomplete; it's entirely irrelevant to the core of the question.


",Rating Scale Misalignment,"Model B correctly deduced that the text was completely irrelevant and deserved a 'firm zero', but arbitrarily chose to output a score of 1 out of misguided generosity or confusion regarding the scoring scale definitions."
915593,7176430,915593,"Travelers who visit Chicago and only want to eat steak could look to the short rib, a dense slab that almost assumes the form of a fillet thanks to the magic of sous vide. —",0,0,1,N/A,N/A,Hallucinated Relevance,"Model B assigned relevance to a document about Chicago dining for an arbitrary numeric query ('915593'), falsely attributing relevance despite a complete lack of lexical or semantic overlap."
1113437,594251,1113437,"This is a Balsam Fir, and the stiff and compact form is typical of most firs (Genus Abies). The middle tree is a Red Spruce, with the more “relaxed” and open form typical of most spruces (Genus Picea).",0,0,1,"**Evaluating the Context's Relevancy**

Okay, so I need to figure out if I can answer the question ""Are persistent sterigmata explicitly described on the twigs?"" given this text. First, I quickly scan the provided context: ""This is a Balsam Fir, and the stiff and compact form is typical of most firs (Genus Abies). The middle tree is a Red Spruce, with the more “relaxed” and open form typical of most spruces (Genus Picea)."" Hmm, nothing about *persistent sterigmata* or *twigs* anywhere. 

Therefore, based on this information alone, it's a complete non-starter. The question is unanswerable. I need to give this a 0. Let me just be absolutely sure. Nope. No sterigmata, no twigs. The answer is definitely a 0; the question is irrelevant. That's a clear 0.


","**Evaluating the Context's Relevance**

Okay, I need to figure out if I can answer the question ""Are persistent sterigmata explicitly described on the twigs?"" using this provided text. Let's see... the text describes a Balsam Fir and a Red Spruce, highlighting their forms, and mentions their genera, *Abies* and *Picea* respectively. But... there's absolutely nothing in here about sterigmata or twigs. Nothing.

So, *explicitly* described? Nope. The context simply doesn't address the core elements of the question. My first instinct, and honestly, what seems the most logical, is that I *cannot* answer this question based on the information given. I need to make sure I am not missing anything that would imply it is described.

Now, let me think about how these sorts of evaluations are graded. Ah, right. It is typically whether the context *contains* the answer. If the question is, ""Are persistent sterigmata explicitly described on the twigs?"" and the text makes no mention of either of those concepts in that context, then the context does not contain the answer.

Okay, let's consult the grading criteria. ""The answer is not relevant or complete at all"" gets a zero. This aligns perfectly. The context is completely silent on this. Therefore, the grade I should assign is a 0. I will confirm this grading, to make sure I am answering this as accurately as possible.


",Score-Reasoning Inconsistency,"Model B's reasoning trajectory was entirely correct and explicitly concluded that the document was completely irrelevant and deserved a score of 0, but it failed to output the matching final score and erroneously emitted a 1."
1113437,156334,1113437,"Many factors cause local spruce to turn brown. FFAGENTS. Recently several calls have come in regarding Colorado spruce and Black Hills spruce that have been showing brown needles. Many factors play into browning of spruce needles. First of these is normal needle drop. Evergreens shed older needles as growth continues. This needle drop is often confused with disease or insect problems. Older needles, those on the inside of the tree, that are three to five years old will turn yellow then brown and eventually fall off the tree. Usually we don't notice this as the newer growth does a good job of hiding this fact. Needle drop in this manner is a gradual process and should not concern us.",0,0,1,N/A,N/A,Hallucinated Relevance,The query is an arbitrary numeric identifier ('1113437') with no lexical match or semantic relation to the document about spruce tree needle browning. Model B incorrectly granted partial relevance (score 1) instead of recognizing that the document is completely irrelevant to the query.
183378,327909,183378,"Interspersed within the exons are introns, regions of non-coding DNA. Introns must be removed from the initial transcript of mRNA before the final mature transcript is sent to the ribosome for translation into protein. This removal is done in a coimplex protein structure called the spliceosome.The spliceosome splices out the non-coding introns from the primary mRNA transcript, and stiches the exons back together into the mature mRNA transcript.he spliceosome is a complex of small nuclear RNA (snRNA) and small nuclear protein (snRNP) molecules, snRNAs and snRNPs.",2,2,1,"**Evaluating the Exon Question**

Okay, let's see. The user's question is ""How do exons contribute to mature mRNA structure?"" Can I address this effectively with the given information? Alright, it mentions exons, and that introns are interspersed. Good. Then, the context explicitly states that ""The spliceosome splices out the non-coding introns from the primary mRNA transcript, and stiches the exons back together into the mature mRNA transcript."" Bingo! The exons are, in essence, the building blocks. They're *stitched together* to form the final, mature mRNA. The introns are removed in the process.

Given this context, the answer is direct, accurate, and completely addresses the question of how exons contribute. I'd say this is a solid response. The relationship is absolutely clear. This clearly lays out that Exons are the pieces and introns are removed.

Therefore, grading this should be straightforward. I'd give it a perfect score; the answer is highly relevant, complete, and accurate. Grade: 5.


","**Exon Contribution to Mature mRNA: A Direct Answer**

Okay, the question is straightforward: how do exons contribute to the structure of mature mRNA? Seems pretty basic. The key lies in the context provided. The text clearly states that the spliceosome removes introns, those non-coding regions, from the primary mRNA transcript. And, critically, it ""stitches the exons back together into the mature mRNA transcript."" Bingo! The exons *are* what form the mature mRNA. They *make it up*. The splicing process essentially joins the coding regions, the exons, together.

Therefore, the answer is directly provided by the context. It's a fundamental concept: exons are the building blocks that, when joined, create the mature mRNA molecule. This warrants a Grade 5. The information is clear, concise, and completely answers the question. No need for further elaboration here.


",Score-Reasoning Inconsistency,"Both models concluded that the document directly and completely answered the query, assigning it a 'Grade 5' in their reasoning. However, while Model A correctly mapped this top evaluation to the maximum relevance score of 2, Model B inexplicably output a regressed score of 1, contradicting its own positive reasoning."
87181,1689438,87181,"Quick Answer. Possible causes of an enlarged heart include conditions that cause the heart to pump harder than normal, such as disease of the heart valve or muscle, and high blood pressure, according to Mayo Clinic. In some cases, the cause of an enlarged heart is unknown. Continue Reading.",0,0,1,N/A,N/A,Hallucinated Relevance,The query '87181' is an ambiguous numeric string (likely a ZIP code) that bears absolutely no connection to medical information regarding an enlarged heart. Model B erroneously assigned marginal relevance instead of completely rejecting the document as irrelevant.
19335,2725017,19335,"Abiotic factors are all of the non-living things in an environment. All biotic factors in an environment are dependent upon the abiotic factors in an environment. Some examples of biotic factors in the tropical rainforest are toucans, frogs, snakes, and lizards.Abiotic factors in the tropical rainforest include humidity, soil composition, temperature, and sunlight.very environment contains what are called 'biotic' and 'abiotic' factors. In this lesson you will learn the definition and importance of abiotic factors. You will also view some examples of abiotic factors that are present in the tropical rainforest.",0,0,1,N/A,N/A,Hallucinated Relevance,"The query consists solely of an unrelated numeric string ('19335') with no topical or keyword match to the document about abiotic and biotic ecological factors. Model A correctly assigned a score of 0, while Model B incorrectly gave a non-zero score due to over-lenient evaluation or hallucinating topical relevance."
915593,6462880,915593,Smoked Pork Chops (Extra Thick). Brine Time: 5-9 hours | Prep Time: 15 minutes | Cook Time: 2 hours | Smoker Temp: 220 F | Meat Finish Temp: 150 F | Recommended Wood: Apple or Cherry.,0,0,1,"Here's my assessment of the situation:

**Analysis of Question Relevance and Contextual Limitations**

Okay, so the user's asking if the provided text can shed any light on differentiating sous vide approaches for fibrous versus starchy vegetables. My initial thought is to assess the provided context, which happens to be about ""Smoked Pork Chops (Extra Thick)"". Hmm, no dice. I'm not seeing any mention of vegetables whatsoever, let alone the specific types they're interested in – fibrous or starchy. The crucial elements – *sous vide*, *fibrous vegetables*, *starchy vegetables* – are entirely absent from this context. Given this complete lack of relevant information, I'm forced to conclude that the question is unanswerable based on this particular data. Therefore, the relevance score, in this case, would have to be a zero. There's just nothing here to work with.


","**Analysis of the Query Regarding Smoked Pork Chops**

Okay, so I've been given a query that seems to be related to ""Smoked Pork Chops."" My initial assessment is that there's simply *no* information about any specific techniques like sous vide, nor even vegetables, included in the text provided. This means I'm operating with a severe lack of context. My expertise is irrelevant in answering the core of this question, which is not answered by the supplied text. I will provide a grade of 0 to show my reasoning.


",Score-Reasoning Inconsistency,"Model B correctly determined in its reasoning that the document was not relevant and explicitly stated it would provide a grade of 0, but contradicted itself by outputting a final score of 1."
1133167,3767108,1133167,"Texas weather varies across the state but you can expect it to be hot around Columbus during the summer months, with an average temperature of 93 to 96 degrees and humid. Spring is a good time to visit Columbus with your RV, when the weather is warm and sunny and the average temperature is between 60 and 68 degrees.",0,0,1,N/A,N/A,Hallucinated Relevance,The query is an arbitrary number ('1133167') with no mention or semantic connection to the document about Texas weather. Model B failed to recognize the complete absence of relevance and assigned a non-zero score.
1124210,2089544,1124210,Tracheids and vessel members are referred to as tracheary elements. Phloem vascular tissue contains parenchyma and has two types of cells that assist in the transport of food: sieve-tube members and sieve cells. Sieve-tube members are more specialized and are present in advanced flowering seed plants. Learn more about Human Anatomy,1,1,0,"**Analyzing the Query: ""Which Primary Vascular Tissue?""**

Okay, here's how I'm breaking this down. The core of the issue is whether we can definitively answer the question ""Which primary vascular tissue type contains these cells?"" based on the provided text. The critical piece is the ambiguity of ""these cells"".

First, I need to pinpoint what ""these cells"" is likely referring to. Given the structure of the prompt, it seems it could refer to tracheids and vessel members (tracheary elements) OR sieve-tube members and sieve cells.

If ""these cells"" is **tracheids/vessel members**, the context doesn't explicitly state what primary vascular tissue type they belong to, simply labeling them as ""tracheary elements"". So, that answer is unclear based on the given text.

If ""these cells"" is **sieve-tube members and sieve cells**, the text is explicit: ""Phloem vascular tissue contains...sieve-tube members and sieve cells."" Bingo! We have an answer for that specific interpretation of ""these cells"". The answer is Phloem.

The problem, as I see it, stems from the ambiguity inherent in the phrase ""these cells"" and a potential lack of context from a previous question. Without knowing the original question, it's hard to be completely certain. While the text offers a clear answer for sieve-tube members/sieve cells (Phloem), it remains vague for tracheids and vessel members.

Thus, based on the current context, the question's answer is *incomplete* in general. It *can* be answered if ""these cells"" refers to sieve-tube members and sieve cells, and the answer is **Phloem**. But, if we're asking about tracheids/vessel members, the context doesn't offer a direct answer.


","**Evaluating the Question's Answerability**

Okay, so I'm presented with a question: ""Which primary vascular tissue type contains these cells?"" and a bit of text to work with. My first thought is, can I definitively answer this based on the provided information? The term ""these cells"" is throwing me off – it's vague. I need to figure out what ""these cells"" is referring to within the given context.

The context mentions ""Tracheids and vessel members,"" which are referred to as ""tracheary elements."" Implicitly, that points to xylem, but the text doesn't explicitly name xylem. Then, we have phloem, directly named as the tissue containing ""sieve-tube members and sieve cells"". The question itself is ambiguous, since it contains ""these cells.""

Is ""these cells"" in reference to the provided text? Does the context *answer* the question? If ""these cells"" refers to sieve-tube members and sieve cells, then the answer is definitely phloem. The text *explicitly* states that. But if ""these cells"" refers to tracheids and vessel members, the text *doesn't* explicitly name xylem as the tissue, so the context doesn't wholly provide a good answer.

Ah, but the question is *if* it can be answered, not if it can be perfectly answered. I need to make some assumptions to render an assessment. Since ""these cells"" is anaphoric and lacks a specific antecedent *in the question* - the context provides the answer. Phloem is named for the cells in the text. I think if I make the assumption that ""these cells"" refers to the context's cells, I can get at least part of the answer, so... I'd say the answerability is somewhere around 3 or 4 out of 5 based on that assumption.


",Score/Reasoning Mismatch,"Model B's internal reasoning concluded that the question was largely answerable (rating it '3 or 4 out of 5'), but it inexplicably output a final score of 0, directly contradicting its own assessment."
1124210,2806535,1124210,Xylem. Xylem vessels xylem vessel: Vein-like tissue which transports water and minerals up a plant are involved in the movement of water through a plant from its roots to its leaves. Water: 1  Is absorbed from the soil through root hair cells. 2  Is transported through the xylem vessels up the stem to the leaves.ylem. Xylem vessels xylem vessel: Vein-like tissue which transports water and minerals up a plant are involved in the movement of water through a plant from its roots to its leaves. Water: 1  Is absorbed from the soil through root hair cells. 2  Is transported through the xylem vessels up the stem to the leaves.,0,0,1,N/A,N/A,Hallucinated Relevance,Model B assigned positive relevance to a document about plant biology for an unrelated numerical query ('1124210') with which it shares zero semantic or topical connection.
915593,8304084,915593,"5. Cooking the eggs too long. Overcooked poached eggs have rubbery whites and firm yolks, and just don't taste good. An ideal poached egg has a firm white and a gooey-but-still-runny yolk. Achieving perfectly poached eggs requires good timing — a minute or even 30 seconds of too much cook time can overdo it.",0,0,1,N/A,N/A,Hallucinated Relevance,The query is an arbitrary numeric code with no connection to the document's content on cooking poached eggs. Model B failed to recognize the complete lack of relevance and incorrectly assigned a positive score.
915593,7327683,915593,"1 If you like your eggs medium-boiled, remove them from the water in 5-7 minutes. The yolks should be semi-soft in the very center and the whites should be very firm.  If you like your eggs hard-boiled, leave the eggs in the hot water for up to 10-15 minutes.",0,0,1,N/A,N/A,Spurious Relevance Attribution,The query consists entirely of an unrelated numeric string ('915593') with no semantic connection to the document about boiling eggs. Model B failed to recognize the complete absence of topical relevance and awarded an unwarranted non-zero score.
130510,7386954,130510,"A plaintiff may have a cause of action even though he be entitled to no relief at all, as, for example, when a plaintiff sues for declaratory or injunctive relief although his case does not fulfill the “preconditions” for such equitable remedies.",0,0,1,N/A,N/A,Hallucinated Relevance,"The query consists solely of an arbitrary number ('130510') that has no apparent connection or match to the legal text provided. While Model A correctly identified that the document is completely irrelevant (score 0), Model B assigned a score of 1, likely due to an overly permissive baseline threshold or assuming tangential relevance where none exists."
146187,8792967,146187,"History Of The Cheeseburger. There are at least 5 different theories to the origin of the modern day cheeseburger, all of which involve a cook and a 1930′s diner in America. But before we even start talking about cheese we must trace the history of the plain old Hamburger.",0,0,1,"**Analyzing the Context for Cheese Slice Specificity**

Okay, so the user is asking a straightforward question: ""Does the provided text specify the number of cheese slices per item?"" My initial assessment is that the context provided – a brief history of the cheeseburger – likely doesn't delve into the specifics of cheese slice quantities. It seems focused on the general origins of the cheeseburger itself, not the exact construction details of each individual burger.

The context provides information about the general history, but I can't find anything about specific details such as the number of cheese slices.

Now, let me make sure I understand the grading criteria. The prompt says, ""Can the question be answered based on the available context? choose one: ... 0: The answer is not relevant or complete at all."" Hmmm...if the context *doesn't* provide an answer, then the answer is essentially non-existent or irrelevant. So, is that a zero?

Yes. If the question cannot be answered from the provided text, the answer is ""not relevant or complete at all"". That means a score of 0 is appropriate.

Okay, I'm confident. The answer is zero.


","**Analyzing the Cheeseburger Question**

Okay, so I'm presented with a question about a text on the history of the cheeseburger and whether it *specifies* the number of cheese slices. I need to figure out if the answer is contained within the context of the provided text. Let me re-examine the prompt, and the question is: ""Does it specify the number of cheese slices per item?"".

The text itself doesn't offer a specific number of cheese slices; it's concerned with the cheeseburger's origin story, not its ingredient breakdown. Therefore, the direct answer to ""Does it specify...?"" is a definitive ""No"".

Now, the nuances of QA datasets come into play. Just because the text *doesn't* contain the information, does that automatically mean we can't answer the question? No. The question is phrased in a way that allows a ""Yes"" or ""No"" answer based on *whether* the information is present. Since I can read the text and see that it *doesn't* specify the slice count, I can answer the question based on the absence of information. The answer is based on the context, and it's the answer ""No, it does not specify"". Considering the answer to the question can be found, I should give it a 5.


",Conflating Absence of Information with Relevance,"Model B engaged in flawed meta-reasoning by arguing that because the document lacks the target information, one can answer the question with 'No', and thus treated the absence of evidence as a relevant basis to answer rather than recognizing the document as completely irrelevant."
527433,2281137,527433,"Weakness may affect a few or many muscles and develop suddenly or gradually. Other symptoms may be present depending on the cause. Weakness of specific muscle groups can cause disorders of eye movement, dysarthria, dysphagia, or respiratory weakness.",0,0,1,N/A,N/A,Hallucinated Relevance,"The query consists solely of an arbitrary numeric string ('527433') with no textual, contextual, or semantic connection to the medical passage about muscle weakness. Model B failed to identify the total lack of relevance and erroneously assigned a positive score."
1133167,8403740,1133167,"a storm with wind speeds of at least 74 miles per hour (mph)—with an eye visible on satellite images. Sandy made landfall on Jamaica on October 24 as a Category 1 hurricane then intensified to a Category 3 hurricane before hitting Cuba on October 25, according to the National Hurricane Center. While the storm moved across the Bahamas, it",0,0,1,"Here's my thought process, summarized:

**Grading the Question Regarding Active Severe Weather Advisories**

Okay, the task is to determine if the question ""Are any active severe weather advisories issued?"" can be answered based on the given context. This seems straightforward, which is good. Let's see... the context describes Hurricane Sandy. It mentions its landfall, its intensification, and its movement across various locations, but all of this happened in *the past* – October 2012, to be precise. The critical part is that there's absolutely nothing about *current* conditions or *active* advisories. This is key. The question is specifically about *active* advisories, and the context doesn't offer any information that would allow me to determine if any are currently in effect. Therefore, based purely on relevance and completeness of information, the question cannot be answered. My initial assessment is that the context is insufficient.

To confirm, I'll quickly check the instructions. Ah, yes. If the context fails to provide an answer, then the rating is a 0. I need to make sure I format the result as JSON. Got it. This is a clear case of insufficient context, and the rating should definitely be a 0.


","Okay, here's my assessment of the situation:

**Analysis of Severe Weather Advisory Request**

The request is for information on *current* severe weather advisories. The provided text, however, is a snippet about Hurricane Sandy, a historical event from October. This creates a fundamental disconnect. The information is, by its very nature, *retrospective*. It describes a past event, and therefore doesn't offer any insights into present-day weather conditions or active advisories.

Given that the request demands present-day real-time data, and all the available data are about a specific historical event that does not relate to the present at all, I'm going to have to grade this as essentially irrelevant. A ""0"" is appropriate; the provided text provides absolutely no relevant answer to the question.


",Score-Reasoning Inconsistency,"Model B correctly deduced that the document was completely irrelevant and explicitly stated in its reasoning that a score of 0 was appropriate, but contradicted itself by outputting a score of 1."
168216,2036277,168216,"What are the symptoms of Legionnaires' disease? The incubation period of Legionnaires' disease is from two to ten days; this is the time it takes before symptoms of the illness appear after being exposed to the bacteria. For several days, the patient may feel tired and weak.",0,0,1,N/A,N/A,Hallucinated Relevance,"Model B assigned a positive relevance score despite there being zero lexical, semantic, or topical relationship between the numeric query '168216' and the medical text about Legionnaires' disease, failing to recognize complete irrelevance."
1113437,7890531,1113437,An example of needle rust is beginning to show up on spruce trees near water. Spruce needle rust overwinters on Labrador tea and leather leaf and spores from these alternate hosts have moved to the spruce trees via wind and rain events and are now infecting spruce trees.,1,1,0,N/A,N/A,Strict Lexical Matching,"Model B likely penalized the document due to the complete lack of lexical or semantic overlap with the numeric identifier query '1113437', failing to recognize it as a dataset/passage identifier or relevant ground-truth reference that Model A preserved."
1124210,2163625,1124210,"Best Answer: Vascular tissue is a complex tissue found in vascular plants, meaning that it is composed of more than one cell type. The primary components of vascular tissue are the xylem and phloem. These two tissues transport fluid and nutrients internally.he cells in differentiated vascular tissue are typically long and slender. Since the xylem and phloem function in the conduction of water, minerals, and nutrients throughout the plant, it is not surprising that their form should be similar to pipes.",0,0,1,N/A,N/A,Hallucinated Relevance,"The query consists solely of an uncontextualized number ('1124210') with no semantic connection to the document about plant vascular tissue. Model A correctly recognized total irrelevance (0), while Model B improperly assigned positive relevance (1), likely hallucinating a connection or failing to default to zero for completely mismatched, uninformative queries."
1133167,3944240,1133167,"During the cool, dry season, which lasts from November to February, temperatures average about 70-80° Fahrenheit (21-27° Celsius). The hottest and driest months are March and April, when humidity is high and temperatures may exceed 110°F (43° C). Myanmar's climate also varies with altitude. Highland areas experience cooler temperatures - the northern mountain peaks even see snow between November and January.",0,0,1,N/A,N/A,False Positive on Non-Semantic Query,"The query consists solely of an ungrounded numeric ID ('1133167') with no topical connection to the document about Myanmar's climate. Model A correctly identified that there is zero relevance, whereas Model B exhibited over-permissiveness and erroneously assigned a positive relevance score."
156493,1861645,156493,"Single-tailed goldfish: (like shubunkins) 20 gallons for the first fish, 10 gal for each additional fish. Fancy goldfish: (like fantail) 15 gal for the first fish and 10 gal for each additional fish. If you’re in doubt, remember that it’s impossible to understock a tank.",0,0,1,N/A,N/A,Hallucinated Relevance,"The query consists solely of an arbitrary numeric string ('156493') that has no semantic or contextual connection to aquarium stocking guidelines for goldfish. Model A correctly recognized complete irrelevance, whereas Model B hallucinated a connection or defaulted to a positive relevance score despite zero topical overlap."
1114646,2190338,1114646,acyclovir is used to treat infections caused by certain types of viruses it treats cold sores around the mouth caused by herpes simplex shingles caused by herpes zoster and chickenpox this medication is also used to treat outbreaks of genital herpes,0,0,1,N/A,N/A,Hallucinated Relevance,"The query consists solely of an arbitrary numeric string ('1114646') with no textual, semantic, or identifiable connection to the document about acyclovir. Model B erroneously assigned relevance to a completely irrelevant text pair, whereas Model A correctly recognized the total lack of topical alignment and assigned a score of 0."
146187,5206421,146187,"With this new high, home prices in Reno and Sparks, Nevada are now off only 12.5 percent from the housing bubble high of $365,000 set in February 2006. March’s median sold price per square foot (ppsf) jumped to $178.11/sq.ft. — a 2.4 percent increase over February’s $174.01/sq.ft.",0,0,1,"**Analyzing the Question's Relevance**

Okay, so the user's question is ""Does it specify the number of cheese slices per item?"". My immediate thought? This has absolutely nothing to do with home prices in Reno and Sparks, Nevada. The context, as presented, is entirely focused on real estate, location, and presumably, market trends related to that specific geographical area. There's no mention of food, ingredients, or anything even remotely related to cheese slices.

Therefore, the only honest assessment here is that the question is completely irrelevant and unanswerable based on the provided context. I'm assigning a grade of 0. It's a clear mismatch. Let me double-check: yep, a ""0"" means the answer isn't relevant or complete, which perfectly describes the situation.

Ultimately, my JSON output will be straightforward:
```json
{ ""grade"": 0 }
```


","Here's my assessment of the situation:

**Analysis of Irrelevant Data**

The prompt is explicitly asking for information about ""cheese slices per item,"" a seemingly straightforward quantitative query. However, the accompanying context is entirely about home prices in Reno and Sparks, Nevada. There's absolutely no connection between the requested data (cheese slices) and the provided data (real estate). My expert understanding tells me that attempting to extract any meaningful answer from this discrepancy is futile. The context is fundamentally irrelevant. Therefore, I must conclude that the question, as presented and given the available information, cannot be answered. My assessment will reflect this complete lack of relation.


",Reasoning-Output Disconnect,"Model B's reasoning correctly concluded that the text was completely irrelevant and unanswerable based on the context, but it failed during the final scoring step by assigning a score of 1 instead of 0, directly contradicting its own analysis."
833860,61680,833860,"Food and wine. The Greek cuisine is famous for its good quality products and the amazing taste of its food and wines. Some dishes are the same everywhere in Greece, whereas some others are local culinary specialties. The same dishes can be cooked differently or with different ingredients depending on the region.",0,0,1,N/A,N/A,Hallucinated Relevance,"The query consists solely of an arbitrary number ('833860') with no lexical or semantic connection to Greek cuisine. Model B erroneously assigned a non-zero relevance score to completely irrelevant text, whereas Model A correctly identified that there is zero relevance."
156493,2225587,156493,"Making the world better, one answer at a time. Small types are one inch long; but some large species of sea horse grow to be a foot long (twelve inches). Most types of seahorse grow to about an inch long. The largest species can be up to a foot long (30 cm). See the Related Link.",0,0,1,N/A,N/A,Failure to Identify Complete Irrelevance,"The query is an arbitrary numeric string ('156493') with zero topical or contextual connection to the seahorse facts in the document. Model A correctly assigned a score of 0, whereas Model B gave a non-zero relevance score (1), likely defaulting to a weak baseline score instead of properly recognizing the document as completely irrelevant."
264014,6791755,264014,"Egg output peaks after three to nine days. After a blood meal, the female flea lays an average of 20 to 30 eggs per day. In just 30 days, ten female fleas under ideal conditions can multiply to more than a quarter of a million new fleas in different life stages..",1,1,0,N/A,N/A,Failed Numerical Association,"The query '264014' refers to a well-known trivia figure stating that ten female fleas can reproduce into 264,014 fleas in 30 days. Model B failed to connect the exact number to the passage's paraphrase ('more than a quarter of a million new fleas') due to strict lexical mismatch."
130510,4022909,130510,"However, even if you can sue, the government may also be immune from types of remedies, such as punitive damages. There are many situations where suing the government is appropriate: 1  The immunity only applies to lawsuits that try to force the government to act or that demand money damages.2  You may sue the government for a declaratory judgment, to protest a wrongful injunction, and for equitable relief.here are many situations where suing the government is appropriate: 1  The immunity only applies to lawsuits that try to force the government to act or that demand money damages. 2  You may sue the government for a declaratory judgment, to protest a wrongful injunction, and for equitable relief.",0,0,1,N/A,N/A,Hallucinated Relevance,The query is an arbitrary numeric identifier ('130510') that has no textual or topical connection to the document regarding suing the government. Model B incorrectly assigned relevance despite the complete absence of shared meaning or overlap.
168216,2210776,168216,"The main symptoms are fever, chills, headache, malaise and muscle pain (myalgia). No deaths are associated with this type of infection. Legionnaires’ disease has an incubation period of 2 to 10 days (but up to 16 days has been recorded in some recent well-documented outbreaks).Initially, symptoms are fever, loss of appetite, headache, malaise and lethargy.Some patients may also have muscle pain, diarrhoea and confusion.egionnaires’ disease has an incubation period of 2 to 10 days (but up to 16 days has been recorded in some recent well-documented outbreaks). Initially, symptoms are fever, loss of appetite, headache, malaise and lethargy. Some patients may also have muscle pain, diarrhoea and confusion.",0,0,1,N/A,N/A,Spurious Numeric Matching,"The query is an opaque numeric identifier ('168216') with no meaningful or semantic relationship to the text about Legionnaires' disease. Model B likely made a spurious match to the numbers embedded within the text (such as '16' days and '2' days) or hallucinated relevance, whereas Model A correctly recognized the complete lack of relevance."
1133167,1212849,1133167,"San Juan weather essentials. As with almost all tropical destinations, any time of year is the best time of year to visit San Juan. There are no actual seasons, in that weather is warm and humid year round, and temperatures can be expected to reach the high 70s and low 80s (Fahrenheit) even in what is technically winter. The only thing travelers really need to take into consideration when planning a trip to San Juan is hurricane season. In Puerto Rico, hurricane season starts in June and ends in November. It isn’t necessary to avoid visiting during these months - just make sure to remain updated on hurricane warnings and weather reports during the days before your plane departs.",0,0,1,"**Evaluating the Context's Relevancy**

Okay, so I need to figure out if this text snippet lets me answer the question: ""Are any active severe weather advisories issued?"". Let's break it down: The text gives me a general weather overview for San Juan, and mentions hurricane season. It emphasizes the need to stay informed about hurricane warnings. But, crucially, it *never* actually tells me about any currently active severe weather advisories. It is a general overview, so it does not contain the specific information.

Given that I'm supposed to grade this based on whether I *can* answer the question using the text, and I *can't*, the answer is a clear negative. Now, let's look at the scoring guide. It says a '0' means ""The answer is not relevant or complete at all"" or that ""the question cannot be answered"". Exactly. The question is unanswerable based solely on the provided context. Therefore, I'm assigning this a score of 0. That feels right.


","**Analyzing the Severe Weather Advisory Question**

Okay, so the question is straightforward: are there any active severe weather advisories right now? The context gives me some background on San Juan's climate – temperature ranges, hurricane season, and a general suggestion to check warnings. But, and this is the critical point, *nowhere* does it actually tell me if any specific advisories are currently in effect.

Wait a second, let me check the instructions... the instructions say: ""Can the question be answered based on the available context? choose one:"". So, if the context doesn't have the answer, it's a 0 or 1. If the information isn't there, then I am not supposed to assume, so it is a 0.

Therefore, since the provided context doesn't contain the data required to answer the question, the response to ""Can the question be answered based on the available context?"" is definitely a 0. I cannot, with any degree of certainty, determine the existence of current advisories based solely on this information. It's a clear case of insufficient data.


",Score-Reasoning Contradiction,"Model B's internal chain of thought correctly deduced that the text could not answer the question and explicitly concluded the score should be 0, but it erroneously output a final score of 1, contradicting its own reasoning."
156493,2373354,156493,"And when I grow up, when I grow up. (When I grow up). I will be brave enough to fight the creatures. that you have to fight beneath the bed. each night to be a grown-up! And when I grow up. (When I grow up). I will have treats every day.",0,0,1,"**Evaluating the Context's Ability to Address a Quantitative Question**

Alright, let's break this down. My task is to determine if the provided lyrics from ""When I Grow Up"" from *Matilda the Musical* provide enough information to answer the question: ""Does it quantify age-dependent growth rate changes?""

Honestly, the context is immediately unpromising. It's a song, a narrative piece about the *idea* of growing up, not a scientific analysis. I'm not seeing any data, equations, charts, or any kind of quantitative information whatsoever.

Therefore, this context is entirely unsuitable for answering a question that demands numerical data or a measurable change over time. It's like asking for a physics proof from a poem.

Checking the rubric, a score of 0, ""The answer is not relevant or complete at all,"" seems spot-on. The lyrics simply *cannot* answer this question. The task wasn't to *find* the answer, but to determine if the answer exists *within the context*. And it doesn't. So, zero it is.


","**Evaluating the Context for Relevance**

Okay, so the task at hand is to determine if I can use the provided context to answer the question: ""Does it quantify age-dependent growth rate changes?"" I'm looking at the lyrics from ""When I Grow Up"" from *Matilda the Musical*. Right off the bat, I can tell you that this is a song about aspirations and childhood dreams. There's absolutely nothing within those lyrics that would offer any sort of quantification of growth rates as related to age. It's simply not present.

The question explicitly asks if I can answer based *on* the context. Since the context fails to provide any relevant information, the answer is a resounding no. This isn't just a matter of the information being incomplete; it's entirely irrelevant. Therefore, considering the evaluation score options, and specifically: ""0: The answer is not relevant or complete at all,"" I have to assign a grade of 0. The context doesn't even come close.


",Score-Reasoning Inconsistency,"Model B's internal chain of thought correctly deduced that the context was completely irrelevant and explicitly concluded that a score of 0 should be assigned, but it failed in the final execution step by outputting a score of 1 instead."
1133167,8037316,1133167,"Typical Weather Conditions: Padre Island has long, hot summers and short, mild winters. Most rain falls near the beginning and end of hurricane and tropical storm season, which lasts from June to October. 1  Spring –Daytime temperatures average in the 70s-80's Fahrenheit, with lows in the 50s-60's. 2  Summer – Daytime temperatures are usually in the mid-90's Fahrenheit, with very humid conditions.",0,0,1,N/A,N/A,Hallucinated Relevance,"The query consists solely of an unexplained numeric string ('1133167') with no apparent connection to Padre Island weather conditions. Model A correctly recognized the complete lack of relevance and assigned a score of 0, whereas Model B hallucinated relevance or defaulted to a positive score despite the document having no relation to the query."
131843,1160501,131843,"Then, determine the elements of your weather forecast production to get an idea of the graphics and information elements you will need for your production. Here is a list of typical elements of a typical weather forecast: - 1 Student Meteorologist (who will deliver the weather forecast) - 5 Day Weather forecast.",0,0,1,N/A,N/A,Hallucinated Relevance,"The query consists solely of an arbitrary numerical ID ('131843') with zero lexical, contextual, or semantic connection to the weather forecasting document. Model B failed to recognize the complete lack of relevance and incorrectly assigned a positive score, likely due to an overly permissive relevance threshold or spurious correlation."
915593,2025485,915593,Ground Beef Prime Rib Ribeye Steak Sirloin Steak Skirt Steak Strip Steak T-bone Steak Tenderloin Roast Tenderloin Steak Top Round Roast,0,0,1,"Here's my assessment of the situation:

**Evaluation of Question Relevance Based on Provided Context**

Okay, so I'm being asked to determine if a specific question can be answered, given a limited context. The question is whether the context differentiates *sous vide* approaches for fibrous versus starchy vegetables. Immediately, I see the provided context: it's a list of beef cuts – prime rib, ribeye, steak, and so on.

My initial thought is, ""This is a non-starter."" This context is entirely about beef; there's absolutely *nothing* about vegetables – fibrous or starchy – or the nuances of *sous vide* cooking them. The question is explicitly about differentiating *sous vide* methods for different vegetable types, and the provided text is about beef. It's a clear mismatch.

Therefore, the context is irrelevant to the question. I will assign a grade of 0. It's a straightforward determination; the context completely fails to provide any information that would allow an answer to be constructed. The question cannot be answered in any meaningful way based on this context. I will format the result as JSON as requested.


","**Assessing the Incongruity**

Okay, here's the situation: the user's question explicitly deals with ""sous vide approaches"" – a cooking technique – specifically for contrasting vegetable types (fibrous versus starchy). That's the core focus. However, the provided context, which is supposed to help answer the question, is a simple list of beef cuts: Ground Beef, Prime Rib, Ribeye Steak, and so on. No mention of vegetables, no cooking methods, nothing related to the core query. Absolutely nothing. It's like asking about apples and being given a list of oranges.

Given the complete lack of relevant information in the context, there's no way to provide a meaningful answer. I can't derive anything useful from this. Therefore, a score of zero is the only logical conclusion. It’s a context mismatch.


",Score-Reasoning Contradiction,"Model B correctly deduced that the context was completely irrelevant and explicitly concluded that 'a score of zero is the only logical conclusion', but contradicted its own reasoning by ultimately outputting a score of 1."
156493,5202973,156493,"Shubunkin and other fancy carp are very comfortable in a goldfish pond with comets. The lionhead and other very special goldfish varieties are best viewed in a tank, so they are not particularly suited to pond life. Their lack of swimming capability would make them easy targets for predators.",0,0,1,"**Evaluating the Question's Answerability**

Okay, let's break this down. My task is to determine if the given context allows us to answer the question: ""Does it quantify age-dependent growth rate changes?"". As a seasoned professional, I know exactly what kind of information would be relevant here. We're looking for data, observations, or descriptions related to how quickly these fish grow, and whether that growth rate shifts predictably as they get older.

Scanning the provided text, however, I see nothing of the sort. We're talking about the suitability of different goldfish varieties for pond versus tank environments, specifically noting their swimming capabilities and vulnerability to predators. While interesting in its own right, this has absolutely no bearing on growth rates or age-related changes in growth.

Therefore, and I can be quite decisive in these matters, the answer is a resounding ""no."" Based purely on this context, the question cannot be answered. My assessment will be a 0; the context is simply irrelevant. It's a clear miss on the key information needed to even begin an evaluation.


","Okay, here's my interpretation of that thought process, tailored for an expert audience:

**Analysis of the Provided Context Regarding Goldfish/Carp and Growth**

Alright, let's break this down. The core issue here is a question about growth rate changes, and whether the context provided offers any insight. My immediate assessment is that the materials are insufficient. The prompt details the environments of goldfish and carp, specifically differentiating between ponds and tanks. However, and this is crucial, there's absolutely no mention of any variables that would allow me to form a judgment of age dependent growth rate changes. We're looking for information that explicitly links environment (pond vs. tank) with growth curves or how growth changes over time. Absent that, any attempt to connect the dots would be entirely speculative and meaningless. Therefore, based purely on the given information, a definite answer is impossible. I'm assigning this a grade of zero. My decision is entirely due to the absence of relevant data on age-related growth dynamics within the specified environments.


",Score-Reasoning Inconsistency,"Model B's reasoning correctly identified that the context lacked any relevant information and explicitly concluded that it was assigning a grade of zero, but it inexplicably outputted a final score of 1."
87181,7635830,87181,"In some people, an enlarged heart causes no signs or symptoms. An enlarged heart can be caused by conditions that cause your heart to pump harder than usual or that damage your heart muscle. Sometimes the heart enlarges and becomes weak for unknown reasons (idiopathic). Conditions associated with an enlarged heart include: 1. High blood pressure.",0,0,1,N/A,N/A,Hallucinated Relevance,"The query '87181' is an arbitrary number/ZIP code with no semantic overlap or relevance to the document discussing enlarged hearts. Model B failed to recognize the complete lack of relevance and incorrectly assigned a positive score, whereas Model A accurately identified it as completely irrelevant."
1133167,6504576,1133167,Weather Averages and Climate in US Virgin Islands. The US Virgin Islands have a tropical climate. Temperatures throughout the year are between 25 and 30 degrees Celsius (77-86° Fahrenheit). In August and September hurricanes may occur.,0,0,1,"**Analyzing the Information and Assigning a Relevance Score**

Okay, so the task is to determine if I can answer the user's question, ""Are any active severe weather advisories issued?"" given the provided context. Let's see... the context offers some general climate data about the US Virgin Islands: tropical climate, typical temperatures, and the potential for hurricanes in August and September. *That's* the key. There's nothing in there about *current* advisories, severe or otherwise. It's all historical and descriptive.

Therefore, the user's question, as specific as it is, simply *cannot* be answered with the given information. The context is completely silent on the presence or absence of any *active* advisories.

Given the prompt's instructions about scoring, and recognizing the context's complete lack of relevant details, the appropriate score, or rather, the ability of this text to help answer the question, has to be a resounding zero. The information is simply not present. There's no relevant information at all, so that's a ""0"".


","**Analyzing the Context and Question**

Okay, so I'm presented with a question about active severe weather advisories in the US Virgin Islands. I immediately scan the provided context. It's giving me climate averages and general weather information, but no real-time data or specifics on active advisories. That's a key piece missing. Therefore, based purely on what's in front of me, I can't answer the question directly.

Now, I need to figure out how to score this according to the prompt. The prompt asks if the question can be answered based on the context, and it gives a scoring scale. Let me see... 0 means ""not relevant or complete at all / cannot be answered."" Is the information I need here? No, I'm specifically looking for *active* advisories, and the context doesn't have that. It's essentially talking about historical climate averages. Even if there's *some* match (weather related), it does *not* contain the specific information needed to answer the question, so score 0 makes the most sense. It's not a complete answer, and it can't be answered because it's not even relevant.


",Score-Reasoning Discrepancy,"Model B's internal chain-of-thought correctly deduced that the text was irrelevant to active weather advisories and explicitly stated that 'score 0 makes the most sense', but it failed in final score assignment by outputting a score of 1 instead."
19335,5652225,19335,"ecological (comparative more ecological, superlative most ecological) 1  Relating to ecology, the interrelationships of organisms and their environment. 2  Not harmful to the environment.",0,0,1,N/A,N/A,Spurious Relevance,"The query is an arbitrary numeric identifier or zip code, while the document is a dictionary entry for the word 'ecological'. Model B failed to recognize the absolute lack of topical connection and awarded an unmerited relevance score to completely irrelevant text."
87181,47210,87181,"The last common cause of right ventricular hypertrophy is the ventricular septal defect. This is a disease affecting the ventricular septum. The ventricular septum, on the other hand, is the wall that divides the right and left ventricles of the heart. Symptoms of Right Ventricular Hypertrophy",0,0,1,"**Analyzing the Context for Information on Chronic Afterload Elevation**

Okay, so the user wants to know if the text provides details on chronic afterload elevation mechanisms. My initial assessment is that the text is fairly limited in scope. It mentions a ventricular septal defect as a cause for right ventricular hypertrophy and defines the ventricular septum. While right ventricular hypertrophy *could* be associated with chronic afterload, the text doesn't explicitly link the two or provide any mechanism details. From my expert perspective, this is a clear miss. The context focuses on a specific anatomical defect and its downstream consequence, not the broader physiological mechanisms of afterload elevation itself. Given the level of detail, I'd have to grade this as a zero for addressing the user's question.


","**Evaluating the Context for Chronic Afterload Mechanisms**

Okay, so I'm looking at this question: ""Are chronic afterload elevation mechanisms detailed?"" and need to figure out if this provided text has anything to offer. The context talks about right ventricular hypertrophy (RVH), ventricular septal defects (VSDs), and some symptoms. It’s pretty straightforward that the focus is on a specific cause of RVH, not the broader *mechanisms* that lead to chronic afterload elevation.

The text describes VSDs, and then mentions symptoms of RVH, but it doesn't delve into the underlying physiological processes that result in elevated afterload over a prolonged period. So, if I'm being literal and just judging if it says ""Here are the chronic afterload elevation mechanisms,"" then the answer is a resounding ""no."" And it doesn't give any relevant details about the topic.

Therefore, the context simply doesn't contain the necessary information to address the core topic of the question. I would score this as a complete miss.


",Score/Reasoning Mismatch,"Model B's reasoning fully concluded that the text was completely irrelevant and a 'complete miss,' directly aligning with a score of 0, but it contradicted its own evaluation by outputting a score of 1."
146187,3886011,146187,"1 Medium-Well (a smidge of pink in the middle): 9 minutes total. 2  Well Done (no pink): 10 minutes total. 3  To make cheeseburgers: If making cheeseburgers, top the burgers with cheese as soon as you flip them. 4  If the cheese isn't melting fast enough, cover the pan with a lid or other dome to encourage the cheese to melt.",0,0,1,"**Analyzing the Context for Cheese Slice Specificity**

Okay, so the task is to determine if the provided context explicitly states the number of cheese slices per burger. My initial thought is to quickly scan the context for that specific detail. Let's see...

Hmm, I don't see anything explicitly mentioning the number of cheese slices. The context provides cooking times and instructions, but it doesn't give a specific quantity.

The question is a ""Does it specify..."" question, which is binary - a yes or no. However, the grading criteria are phrased as ""Can the question be answered based on the available context?"". My initial instinct is to interpret a lack of information as a ""no answer"" and potentially trigger a lower grade, but that's not necessarily correct.

If the question is ""Does it specify the number of slices"", and the context doesn't specify, then the answer ""No"" is accurate, relevant, and complete. It's perfectly answerable based on what *is* there.

Okay, let's reframe: can we definitively say, *based on the given text*, whether it specifies the cheese slice count? Yes, we can. The answer is a clear ""No"". Therefore, according to the grading criteria, this answer is valid. I'm going to assign a grade of 5. I am confident in my assessment.


","**Evaluating the Relevance of Context**

Okay, so the task is to determine if the given context allows us to answer the question, ""Does it specify the number of cheese slices per item?"". My initial thought is to simply check the context and see if the information is explicitly stated. The context provides instructions for cooking burgers, including how to add cheese (""top the burgers with cheese as soon as you flip them""), and how to melt the cheese (cover with a lid). However, I see no mention of *how many* cheese slices.

The question is a ""yes or no"" question, framed as ""Does it specify...?"" and the answer is clearly ""No, it does not specify."" The context allows me to answer the question directly by simply observing that the information isn't present.

Now, let's make sure I'm not overthinking this. The prompt asks if the question can be *answered* based on context, so the presence or absence of a cheese slice count is sufficient, I think. It doesn't ask me to *use* the context to determine a number, it asks me if the context *specifies* it. It does not.

To give a grade of 5, the answer needs to be highly relevant, complete, and accurate. The context explicitly mentions cheese, but it does NOT provide the number of slices. Therefore, to the question ""Does it specify the number of cheese slices per item?"", the answer ""No"" is complete and accurate based on the context. I'm going with a grade 5.


",Hallucinated Query Intent,"Both models hallucinated an internal evaluation prompt about cheese slices rather than evaluating the actual query ('146187'), but Model B regressed by assigning a non-zero relevance score (1) instead of recognizing the document as completely irrelevant (0)."
19335,5932277,19335,"1 Archaeology Archaeology examines peoples and cultures of the past. 2  Biological Anthropology Biological anthropology specializes in evolution, genetics, and health. 3  Cultural Anthropology Cultural anthropology studies human societies and elements of cultural life.",0,0,1,N/A,N/A,Hallucinated Relevance,"Model B exhibited overly lenient scoring or hallucinated a connection between the purely numeric query ('19335') and the unrelated anthropological content of the document, whereas Model A correctly recognized the complete lack of relevance."
1124210,3147129,1124210,"Phloem Structure Phloem is composed of several cell types including sclerenchyma, parenchyma, sieve elements and companion cells. The sieve element and companion cell are found closely associated with each other in what is referred to as the sieve element/companion cell complex.hloem is the vascular tissue responsible for the transport of sugars from source tissues (ex. photosynthetic leaf cells) to sink tissues (ex. non-photosynthetic root cells or developing flowers).",0,0,1,N/A,N/A,Hallucinated Relevance,"Model B assigned a non-zero relevance score to a biology passage that has absolutely no semantic connection or relevance to the numerical query '1124210', failing to recognize complete topic mismatch."
527433,1317225,527433,"1 Spasticity arises as a result of damage to bundles of neurons in the brain and spinal cord called the corticospinal tracts and corticobulbar tracts. 2  Spasticity is seen in a number of different conditions including cerebral palsy, traumatic brain injury, spinal cord injury, stroke and multiple sclerosis.he muscles of people with spastic cerebral palsy appear stiff and their movements may look stiff... https://www.cerebralpalsy.org.au/what-is-cerebral-palsy/types-of-cerebral-palsy/spastic-cerebral-palsy/.",0,0,1,N/A,N/A,Hallucinated Relevance,"The query consists solely of an arbitrary numeric identifier ('527433') with no semantic relationship to the medical document about spasticity and cerebral palsy. While Model A correctly identified the complete lack of relevance, Model B hallucinated a marginal connection or applied an overly lenient threshold, incorrectly awarding a relevance score of 1."
156493,4527708,156493,"Goldfish bowls are a staple at department stores as well as most pet shops. Ask anyone who had a goldfish as a kid and odds are they kept it in a goldfish bowl. Google for Goldfish bowl photos or Goldfish bowl shopping, and you’ll find thousands of them in a variety of shapes.",0,0,1,"**Evaluating the Applicability of the Question**

Okay, let me break this down. The core question is whether we can quantify age-dependent growth rate changes based on the information given. My initial assessment is that the provided text is about goldfish bowls, their ubiquitous presence in pet stores, and their common association with childhood goldfish ownership. Now, does any of that actually tell me anything about growth rates, let alone how they change with age? Absolutely not. The context is entirely irrelevant. There's nothing here about size measurements, feeding regimens, environmental factors that might influence growth, or anything that could be used to model or quantify changes in growth rates over time. Therefore, given the complete lack of pertinent data, I'm giving this a resounding zero. The question cannot be answered based on this context. It’s a dead end.


","**Analyzing the Relevance of Context to a Research Question**

Okay, so the prompt is asking me to determine if age-dependent growth rate changes are quantified within a given context. The context, as I understand it, is centered around goldfish bowls – a pretty simple setup. Now, does the context directly answer the question? No, it doesn't. But the core of these assessments is whether the context *allows* for an answer, right?

Thinking more deeply, the issue isn't whether the context *has* an answer, but whether it *contains the necessary data* to derive one. And in this case, the goldfish bowl scenario provides absolutely zero data, no parameters, no measurements, nothing related to age-dependent growth.

So, in the absence of any relevant information, the only logically sound response is that the context doesn't provide the means to quantify those growth rate changes. The absence of information is the answer in this scenario. The context is completely uninformative on the topic. The score, reflecting whether the question can be answered from the context, is a resounding zero. It's simply irrelevant.


",Score-Reasoning Inconsistency,"Model B correctly deduced that the text was completely irrelevant and explicitly stated in its reasoning that the score should be a 'resounding zero', but then contradicted its own analysis by assigning a final score of 1."
1113437,742041,1113437,A Colorado blue spruce in an urban setting G. Lumis: Cones of a Colorado blue spruce G. Lumis: Needles of a Colorado blue spruce G. Lumis,0,0,1,"**Analyzing the Relevance of Information**

Okay, so the user's question is: ""Are persistent sterigmata explicitly described on the twigs?"" and I need to determine if I can answer that question based on the provided context. I'm looking at a list of terms related to a Colorado blue spruce: ""Cones,"" ""Needles,"" and the tree itself. Hmm, none of this mentions ""sterigmata"" or ""twigs,"" and it's pretty clear that these are key terms.

The question explicitly asks if the question *can* be answered *based* on the *available* context. Since there's nothing in this context even remotely touching on sterigmata or twigs, the answer is a resounding ""no."" It's like asking about the chemical composition of a molecule when all you have is a picture of the molecule's shape. It's simply not present.

The prompt then tells me to assign a grade. The option that fits best here is ""0: The answer is not relevant or complete at all."" The question can't be answered because there is simply no relevant information to work with. So, a grade of 0 it is.


","**Analyzing the Context's Ability to Address a Specific Question**

Okay, so the question is whether the provided context explicitly describes persistent sterigmata on twigs. The context, as I see it, is a brief description related to a Colorado blue spruce: cones, needles, etc. There's absolutely nothing in this description about twigs or sterigmata. Initially, I thought that I could potentially answer the question using the context.

I then considered whether the question could be *answered* based on the context. While the question *can* be answered with ""No,"" because the context doesn't describe the items, the context does not allow a response if the question had been ""Does the context permit us to determine the answer?"".

Now, the standard RAG evaluation benchmark criteria popped into my head. I'm trying to figure out if it's evaluating the context or the answer. It's asking, ""Can the question be answered based on the available context?"" Since the context says absolutely nothing about sterigmata or twigs, then it can't answer a factual question *about* these items. The question explicitly asks if something is *described*, and the answer is ""No, it's not mentioned in the context.""

My initial thought was that a context lacking the information typically scores a 0 or 1. If it's not described, it doesn't provide enough information to say ""No, they aren't described"". I believe the correct scoring for ""Is it described?"" should be a 0 in this case. In these prompts, if the context doesn't provide the information needed to answer the question, then the score is 0. Since the context lacks details about both sterigmata and twigs, I'm going to give it a 0.


",Reasoning-Output Mismatch,"Model B correctly deduced throughout its reasoning that the context lacked the necessary information and explicitly concluded that the score should be 0, but it suffered from an internal contradiction and erroneously emitted a final score of 1."
527433,5479497,527433,"Spastic Diplegia Cerebral Palsy. Diplegic cerebral palsy, also known as spastic diplegia, is one of nine different types of cerebral palsy. The most common problem with the disorder in muscle stiffness. It manifest during infancy and early childhood, with the average age of diagnosis being three years old.",0,0,1,"**Evaluating the Context's Relevance**

Okay, let me break this down. My task is to determine if I can answer the question: ""Does the information detail specific dysarthria types correlating with spastic, dyskinetic, or ataxic CP subtypes?"" based solely on this provided context about ""Spastic Diplegia Cerebral Palsy."" Right off the bat, I can see the information focuses on spastic diplegia, discussing its muscle stiffness and early diagnosis.

I'm scanning for any mention of ""dysarthria types,"" or any of those specific CP subtypes: ""dyskinetic,"" or ""ataxic."" The text doesn't even brush up against those topics. It's solely focused on the diplegia subtype.

Essentially, the context doesn't provide any information needed to answer the question about dysarthria types within these subtypes of CP. I have to select a grade based on whether the available context answers the question at all. It doesn't. Therefore, the answer is not relevant or complete at all. It's a clear ""0"" for me.


","Here's my assessment of the situation:

**Analysis of the Question and Context**

Okay, so the query is pinpointing the relationship between distinct types of dysarthria and the subtypes of Cerebral Palsy – specifically spastic, dyskinetic, and ataxic. Right off the bat, I recognize this demands a nuanced understanding of neurological presentations. I need information directly linking the dysarthria types to those CP subtypes.

However, the provided context *only* focuses on Spastic Diplegia Cerebral Palsy. It details the characteristic muscle stiffness associated with it, when it manifests, and the typical age of diagnosis. It's a very specific description. The critical piece I'm missing is any discussion of dysarthria, be it associated with spastic diplegia or, crucially, any other CP subtype. It’s a complete absence.

Based on what's available, I can't establish any correlation as the context is irrelevant to the question. It’s a classic case of insufficient information. The query is beyond what's possible to answer here.

Therefore, the only honest conclusion is that the grade has to be a zero.


",Score-Reasoning Mismatch,"Model B's chain of thought correctly identifies that the document contains no relevant information and explicitly concludes that 'the grade has to be a zero', but it mistakenly outputs a final score of 1 instead."
1124210,1280828,1124210,"Mixture of large vessels and tracheids. The vascular cambium is the darker layer of cells indicated by the arrow. This meristematic. layer of cells divides inwardly to form new xylem, and outwardly to produce new phloem.",0,0,1,N/A,N/A,Hallucinated Relevance,Model B assigned a non-zero relevance score to a document about plant anatomy for a numeric query ('1124210') that has no lexical or semantic connection to the text.
182539,3760964,182539,"A function f (x) is concave over a convex set if and only if the function − f (x) is a convex function over the set. A differentiable function f is concave on an interval if its derivative function f ′ is monotonically decreasing on that interval: a concave function has a decreasing slope. Any affine function is both (non-strictly) concave and convex. 2  The sine function is concave on the interval. 3  The function, where is the determinant of a nonnegative-definite matrix B, is concave. 4  Practical example: rays bending in computation of radiowave attenuation in the atmosphere.",0,0,1,N/A,N/A,Hallucinated Relevance,Model B assigned a positive relevance score despite the query being an arbitrary number ('182539') that bears no connection or topical overlap with the document's content on concave functions.
1124210,6232730,1124210,"Sap is a fluid transported in xylem cells (vessel elements) or phloem sieve tube elements of a plant. These xylem cells transport water and nutrients throughout the plant.ylem sap consists primarily of a watery solution of hormones, mineral elements and other nutrients. Transport of sap in xylem is characterized by movement from the roots toward the leaves.",0,0,1,N/A,N/A,Hallucinated Relevance,The query is an arbitrary numeric string with no semantic connection or topical overlap to the text about plant sap. Model B incorrectly assigned a non-zero relevance score to completely irrelevant content instead of recognizing a complete lack of relevance.
1124210,2859499,1124210,"Plants have long pipe-like vessels to transport water and nutrients dissolved in the water. The vessels are made of special cells, forming the vascular tissue.The vascular tissue for the transport of water and nutrients in the plant is called the xylem.Thus, the xylem is found in the root system of the plant.=).4 people found this useful.he vessels are made of special cells, forming the vascular tissue.The vascular tissue for the transport of water and nutrients in the plant is called the xylem. Thus, the xylem is found in the root system of the plant. =). 4 people found this useful.",0,0,1,N/A,N/A,Hallucinated Relevance,"The query consists solely of an arbitrary number ('1124210') with no relation to the document about plant biology. Model B hallucinated a weak connection or failed to reject an entirely irrelevant/nonsensical query match, inappropriately awarding a relevance score of 1."
168216,5024313,168216,"Also called: Legionellosis. Legionnaires' disease is a type of pneumonia caused by bacteria. You usually get it by breathing in mist from water that contains the bacteria. The mist may come from hot tubs, showers, or air-conditioning units for large buildings. The bacteria don't spread from person to person. Symptoms of Legionnaires' disease include high fever, chills, a cough, and sometimes muscle aches and headaches. Other types of pneumonia have similar symptoms. You will probably need a chest x-ray to diagnose the pneumonia.",1,1,2,N/A,N/A,Hallucinated Connection,"The query consists solely of an ambiguous numeric identifier ('168216') that does not appear in the document. Model B likely assumed or hallucinated a latent connection between this ID and the medical passage about Legionnaires' disease, inflating the relevance score."
156493,6465956,156493,"A Koi pond needs to provide clean, well oxygenated water in order to produce a healthy environment for fish to live and grow. The basic requirements are: To be large enough to accommodate the potential size that Koi can grow to (24 inches / 60cm plus).",0,0,1,N/A,N/A,Hallucinated Relevance,"The query consists solely of an arbitrary numeric identifier ('156493') with no semantic meaning or connection to the document about Koi pond requirements. Model A correctly recognized the complete lack of relevance and scored it 0, whereas Model B hallucinated relevance or defaulted to a positive score despite zero topical overlap."
156493,2708307,156493,"1 You need 20 gallons of space per fish. 2  So if you have two goldfish, a 40 gallon breeder tank will be perfect for two fish for their entire lives. 3  If you have more than that, consider getting a 75 gallon tank.4  If your fish has white spots on most of its body this is a parasite called white spot. So if you have two goldfish, a 40 gallon breeder tank will be perfect for two fish for their entire lives. 2  If you have more than that, consider getting a 75 gallon tank. 3  If your fish has white spots on most of its body this is a parasite called white spot.",0,0,1,"**Evaluating the Question's Answerability**

Okay, let's break this down. My initial task is to see if the question ""Does it quantify age-dependent growth rate changes?"" can be answered using the provided text. The context given is about fish tank sizing for goldfish, specifically mentioning needing 20 gallons of space per fish and then briefly touching on identifying white spots on a fish.

Based on the content, there's absolutely nothing in there about age-dependent growth rates or any factors that would cause growth to change as the goldfish ages, which is what the question is asking. It's a completely irrelevant topic for the given context.

Therefore, the only possible answer based on this information is ""No,"" it cannot be answered. Since the question can't be answered at all due to the lack of relevant information in the provided context, the answer is not relevant or complete at all. A 0 score seems appropriate because the context provides no help in answering the question. That seems perfectly reasonable.


","**Analyzing the Query and Context**

Okay, so I'm presented with a question about whether a given context quantifies age-dependent growth rate changes, specifically in the context of goldfish tank sizes and fish diseases. My initial thought is that the context doesn't mention anything remotely related to growth rates, age-dependence, or any sort of quantification of those factors.

But, I need to be precise. The prompt asks if the *question* can be answered based on the *context*. I immediately assess the question itself: ""Does it quantify age-dependent growth rate changes?"" My first instinct says, ""No, it doesn't!"" But the critical thing is that I need to evaluate if the text itself offers any information on the subject.

The way I'm approaching this, in line with what I've seen in standard question answering and retrieval-augmented generation evaluations, is to decide whether the question can be *directly* answered based on the provided context. Is the answer explicitly stated? Or can it be reasonably inferred?

Since the context is focused on tank size and fish disease (white spots/parasite), it is fundamentally irrelevant to the topic of age-dependent growth rates. Therefore, my assessment of the situation tells me that the question is unanswerable.

I start thinking back to evaluation metrics, like RAG evaluation, TruLens, Ragas, and the concepts of Answer Relevance and Context Relevance. If the context is wholly unrelated to the question, my experience with these standards is that this would be graded as a low score. The fact that the context does NOT contain information about age-dependent growth rates. So the answer to the question ""Does it quantify age-dependent growth rate changes?"" can only be ""No, it does not!"" And, the question is not answered by the context, because the context does not supply information or details on the subject. It is totally irrelevant, and hence score 0 is appropriate.


",Reasoning-Output Mismatch,"Model B's chain of thought correctly deduced that the document was completely irrelevant and explicitly concluded that a score of 0 was appropriate, but it mistakenly emitted a final score of 1 instead."
104861,1767229,104861,"Costs. A professional concrete contractor will typically charge $2-$4 per square foot for a simple stain application, including the sealer. A stain application with patterning and sawed lines will typically cost between $4 and $10 per square foot. professional concrete contractor will typically charge $2-$4 per square foot for a simple stain application, including the sealer. A stain application with patterning and sawed lines will typically cost between $4 and $10 per square foot.",0,0,1,N/A,N/A,False positive relevance,The query consists solely of a numeric identifier ('104861') with no lexical or semantic connection to the document regarding concrete contractor costs. Model B failed to recognize the complete lack of relevance and incorrectly assigned a non-zero score.
1133167,8621563,1133167,"Typical Weather in December. December temperatures in the Virgin Islands range from an average low of 74.0 degrees to an average high of 85.0 degrees. On a typical December day, during the early morning hours you will probably find the temperature will be around 77.0 degrees.",0,0,1,"**Evaluating the Question's Answerability**

Okay, let's break this down. The core of the issue is whether the provided context allows me to definitively answer the question: ""Are any active severe weather advisories issued?"" My initial assessment is that the context is limited. It's giving me typical weather data for December in the Virgin Islands – average temperatures, typical early morning readings, that sort of thing. But that's just general climatology, not current, real-time weather alerts. It's essentially a historical dataset.

Therefore, the context simply *does not* provide the information I need to answer the question. There's no mention of specific advisories, warnings, watches, or any indications of severe weather currently impacting or predicted for the region. Any attempt to derive an answer from this would be completely unfounded. I need data about *current* conditions, not an overview of *typical* December weather. Consequently, I must rate the answerability as a zero. It's irrelevant, incomplete, and impossible to answer based on the given material. It's a non-starter. So, the chosen rating will be 0.


","Here's my assessment of the situation:

**Analysis of the December Virgin Islands Weather Inquiry**

Alright, let's break this down. The core of this exercise is determining if we can answer the question based *solely* on the provided context. My understanding of typical December weather in the Virgin Islands is irrelevant here; what matters is what's explicitly *stated* in the text. And, frankly, the text is silent. There's no mention of active severe weather advisories, historical data, or even a hint about potentially dangerous conditions during the specified period. We can't derive *any* answer about severe weather from this context. Therefore, even though I might know something about the area, in the context of this specific problem and the provided information, the answer is a definitive ""no"". The question *cannot* be answered from the information given, and so the rating needs to be a flat 0.


",Reasoning-Score Inconsistency,"Model B correctly deduced in its written reasoning that the document is completely irrelevant and explicitly concluded that 'the rating needs to be a flat 0', but it erroneously output a final score of 1 instead."
855410,5329993,855410,"Patchouli has long been used in skin care for its ability to help alleviate such issues as acne-prone conditions, eczema, inflammation, and cracked, chapped, irritated skin. It is often found in anti-aging skin care for its cell-rejuvenating properties and its ability to lessen the look of scars.",0,0,1,N/A,N/A,Hallucinated Relevance,"The query consists solely of an arbitrary numeric string ('855410') with no connection, mention, or semantic relation to the document about patchouli skin care. Model B regressed by assigning a non-zero relevance score to completely irrelevant content instead of correctly recognizing zero overlap."
1133167,4046860,1133167,"Hurricane Season and the Dominican Republic. The Atlantic Hurricane season begins on June 1st and runs until November 30th. During that time, US weather watchers keep a close eye on what is happening in the Caribbean. The reason is simple: hurricanes from the Atlantic that move into the Caribbean often affect the Eastern United States.",0,0,1,"**Evaluating the Context for Severe Weather Advisories**

Okay, so I'm presented with the question: ""Are any active severe weather advisories issued?"" My task is to determine if I can answer that question based solely on the provided context. Let's see... the context discusses the Atlantic hurricane season and its potential impact on the Dominican Republic and the US. It mentions the time frame of the hurricane season (June 1st to November 30th) and the general monitoring of Caribbean weather by US agencies.

However, after carefully reviewing this information, I can't find anything that explicitly mentions *current* severe weather advisories. There's nothing about specific warnings, watches, or any active bulletins. The context provides background on hurricane season and why it's monitored, but it doesn't provide the real-time weather data the user is looking for. Therefore, I must conclude that I cannot answer the user's question with this particular context. This is a clear case where the data just isn't present, so the grade is a zero.


","**Analyzing the Availability of Severe Weather Advisory Information**

Okay, so the prompt wants to know if there are any active severe weather advisories. The context provided gives some background on the Atlantic Hurricane Season and the Dominican Republic, which is useful, but it doesn't give me the real-time weather information I need.

My initial thought was, ""Well, the text doesn't *mention* any active advisories, so I could say 'no', but is that really answering the question directly?"". Then I realized, the text doesn't even attempt to provide real-time information. It's just a general overview. Wait, can I even answer this? No. The context simply doesn't contain the data required to determine the status of active advisories. It's not a matter of the information being *absent*, the text is clearly not intended to offer weather updates.

So, since the context is completely devoid of specific, actionable information about current severe weather advisories, there's no way to answer the question accurately, or provide any details.

Therefore, this gets a zero. The context is not in a position to answer the question, as it is completely irrelevant.


",Score-Reasoning Inconsistency,"Model B's reasoning correctly deduces that the context is completely irrelevant and explicitly concludes 'Therefore, this gets a zero,' but it suffers from an internal contradiction and outputs a final score of 1 instead."
1124210,6306362,1124210,"Xylem and phloem are the two types of vascular tissues found in plants. Xylem tissues transport water from the roots throughout the plant, while phloem transports food (suga … rs) from photosysnthesis throughout the plant.hloem is also a tubular structure which, on the other hand, is responsible for the transportation of food and other nutrients needed by plant.     Xylem: Hard wall cells transport water and mineral nutrients in a kind of tissue called Xylem.",0,0,1,N/A,N/A,Hallucinated Relevance,"The query is an arbitrary numeric string ('1124210') that has no relation whatsoever to the document about plant vascular tissues (xylem and phloem). Model B improperly assigned relevance where no topical or semantic overlap exists, failing to recognize complete irrelevance."
87181,1950531,87181,"A , Cardiology (Cardiovascular Disease), answered. Heart hypertrophy, also known as cardiac hypertrophy or a thickened heart, means that the muscle of the heart has thickened. One common cause is high blood pressure, which forces the heart to pump harder. This causes the heart muscle to become thicker and stiffer. Dr. Oz explains heart hypertrophy in this video.",0,0,1,N/A,N/A,Hallucinated Relevance,"Model B awarded relevance to a document about cardiac hypertrophy for a completely unrelated numeric query ('87181', likely a ZIP code), failing to identify that the document shares no semantic connection with the query."
359349,457673,359349,"The opposite sides of a trapezoid that are parallel to each other are called bases. The remaining sides of the trapezoid, which intersect at some point if extended, are called the legs of the trapezoid. The top and bottom sides of the trapezoid run parallel to each other, so they are the trapezoid's bases. The other sides of the trapezoid will intersect if extended, so they are the trapezoid's legs. The segment that connects the midpoints of the legs of a trapezoid is called the midsegment.",2,2,1,N/A,N/A,Strict Lexical Matching,"Model B regressed by likely penalizing the passage for a complete lack of lexical overlap with the numeric query identifier ('359349'), failing to recognize or evaluate the intended semantic relevance captured by the ground-truth benchmark."
130510,7479905,130510,"No stay of German infringement proceedings in view of an already pending declaratory judgment action in Italy (“Italian Torpedo”): A general request before an Italian Court that a certain European Patent as well as any future protective rights deriving there from are not infringed, cannot justify a stay of German infringement proceedings in view of ...",0,0,1,N/A,N/A,Hallucinated Relevance,"Model B likely over-interpreted the numeric query (possibly assuming it represented a date, case number, or metadata ID related to the legal case) despite no textual match or evident connection in the document, whereas Model A correctly recognized that the document bears no relevance to the query."
915593,4566819,915593,"Slow and low is the name of the game here. Some times cooking food sous vide means hours, sometimes it means entire days. Food safety is a concern, but doesn't generally an issue as long as you stick to the temperature and cooking time specified for the food you're cooking.imply put, sous vide cooking is the process of vacuum-sealing raw food in plastic pouches and cooking it slowly in a temperature-controlled water bath.",0,0,1,N/A,N/A,Hallucinated Relevance,"The query is an opaque numeric string ('915593') with no semantic connection to the passage about sous vide cooking. Model A correctly recognized the complete lack of relevance and scored it 0, whereas Model B committed a false-positive error by assigning a relevance score of 1."
855410,4299367,855410,"Mineral oil is used in a variety of applications, from industrial lubricants to skin-care products and laxatives. During petroleum processing, mineral oil is formed. Mineral oil is not easily absorbed by skin, so moisture is unable to enter or exit the skin barrier.kin Care Products. Mineral oil is used in many beauty and skin products as a moisturizer. Mineral oil can clog pores and make it difficult for moisture to enter and exit the skin, which can lead to breakouts. As an alternative to mineral-oil-based products, vegetable-oil products may be used.",0,0,1,N/A,N/A,Hallucinated Relevance,The query is an arbitrary numeric code ('855410') with no connection to the passage about mineral oil. Model B likely suffered from a positive bias or hallucinated a tenuous connection to assign a relevance score of 1 instead of recognizing complete irrelevance.
156493,1034435,156493,"All Koi have the same body type, but very greatly in color. They can also grow up to two to three feet in length. Most goldfish are are orange in color, with a few types that also have black, white and calico colors. They come in a wide variety of body shapes, but stay relatively small in size.",1,1,2,"**Analyzing the Context for Age-Dependent Growth Rate Information**

Okay, so the prompt asks if I can determine from the provided text whether it quantifies age-dependent growth rate changes. Let's see... the text describes Koi and goldfish, focusing on their physical characteristics – body type, color, and size. It notes that Koi can reach impressive lengths of two to three feet, while goldfish are relatively small, with a wide range of body shapes and colors. However, nowhere does the text discuss *how* these fish grow over time. There's nothing about growth spurts, asymptotic growth, or any indication of a changing growth rate with age. Therefore, based purely on this provided context, I can definitively say that the question of age-dependent growth rate changes is not addressed, quantified, or even hinted at. My assessment is that the answer is completely absent.


","Okay, here's my take on that question and context.

**Assessing Age-Dependent Growth Rate Changes**

Alright, let's see. The prompt is specifically asking about whether the given context quantifies any *age-dependent* growth rate changes. The context mentions Koi length, specifying a range of two to three feet, and it also mentions goldfish size. However, that's the extent of the information given. There's absolutely nothing in there about how quickly these fish grow at different ages, or any way to tease out age related growth rate changes. Thus, the context is insufficient. It simply doesn't contain the necessary information to provide an answer. So, the assessment is a resounding zero. The context is totally unsupportive.


",Score-Reasoning Inconsistency,"Model B concluded in its reasoning that the context was completely unsupportive and warranted a 'resounding zero', but then contradicted its own analysis by assigning a higher score of 2."
168216,5024314,168216,"Legionnaires' disease can have symptoms similar to pneumonia (lung infection), therefore it can be hard to diagnose at first. Signs of Legionnaires' disease can include cough, shortness of breath, high fever, muscle aches, and headaches. These symptoms usually begin 2 to 10 days after being exposed to the bacteria.",0,0,1,N/A,N/A,Spurious Relevance,"The query is an isolated number with no semantic link to Legionnaires' disease. Model A correctly identified that the document is completely irrelevant (0), whereas Model B was overly permissive or assumed an unfounded connection (such as treating it as an identifier or medical code), incorrectly awarding a relevance score of 1."
168216,2090435,168216,"If the ornamental feature is indoors and the only makeup used is distilled or sterile water, the potential for legionella growth is reduced significantly. If the system used a water. source that may have contained legionella, switching to sterile water will not eradicate. legionella already in the system.",0,0,1,N/A,N/A,Hallucinated Relevance,"The query is an arbitrary number with no semantic or textual connection to the document, which discusses legionella in ornamental water features. Model B erroneously assigned a positive relevance score instead of correctly identifying the document as completely irrelevant."
146187,4570379,146187,"Basically, there are two types of cucumbers: slicing and pickling. The slicing types mature when they reach 6 to 8 inches long. They are ideal for fresh use in salads and vegetable trays. They can also be sliced and preserved as bread and butter pickles but are not a good choice for making whole pickles.",0,0,1,N/A,N/A,Hallucinated Relevance,"The query consists solely of an arbitrary numeric identifier ('146187') with no topical or semantic overlap with the document about cucumber varieties. Model A accurately identified total non-relevance (0), whereas Model B hallucinated a connection or applied an overly permissive baseline score to unrelated content."
183378,3377749,183378,"Yes. A protein produced by multiple genes are cased by fusion genes. Usually a protein is translated from a mRNA which is transcribed from a DNA. After transcription, RNA is … rearranged by so-called RNA splicing in which some of short sequences are selected(Exon) or deleted(Intron).During the splicing two different genes can join together and it is called trans-splicing.sually a protein is translated from a mRNA which is transcribed from a DNA. After transcription, RNA is … rearranged by so-called RNA splicing in which some of short sequences are selected(Exon) or deleted(Intron). During the splicing two different genes can join together and it is called trans-splicing.",1,1,2,N/A,N/A,Over-weighted Topical Overlap,"Model B overestimated the relevance of the document by giving too much weight to general biological keywords like RNA splicing, failing to recognize that the document does not directly mention or specifically identify the entity associated with ID '183378'."
1133167,2134754,1133167,"The weather can be highly variable with temperatures ranging between 75 °F (24 °C) and 40 °F (4 °C). The rainiest time of the year is normally April, which can also be a windy month where daytime temperatures can rise to near 75 °F (24 °C) and evening temperatures fall to around 40 °F (4 °C)",0,0,1,N/A,N/A,Hallucinated Relevance,"The query consists solely of an arbitrary numerical identifier ('1133167') with no presence or relation to the document's weather content. Model B erroneously assigned relevance to an entirely unrelated passage, failing to recognize the complete lack of topical or lexical overlap."
146187,744165,146187,"Review: Triple Cheeseburger from McDonald’s. When it comes to the various sizes of classic McDonald’s cheeseburgers, the prices might have you scratching your head. The price differences between a McDonald’s Cheeseburger, the beefier McDouble and the cheesier Double Cheeseburger now all fall within 50-cents of one another.",1,1,2,N/A,N/A,Hallucinated Relevance,"The query consists solely of an arbitrary numeric string ('146187') with no discernible connection to a McDonald's cheeseburger review. Model A correctly recognized the document as completely irrelevant (score 1), whereas Model B over-generously assigned partial relevance (score 2) despite the total absence of shared context or semantic overlap."
1117099,4774130,1117099,"Converging plate boundaries are of two types: 1  Subduction boundaries occur where oceanic lithosphere is pushed beneath continental or oceanic lithospheres. 2  Where two plates converge at an oceanic trench a subduction boundary is formed as cold oceanic lithospheres are pushed back down into the mantle.arthquakes: tectonic plates. The Earth is formed of four concentric layers that have very different physical and chemical properties: inner core, outer core, mantle and crust. 1  The centre, or inner core, is the hottest part of planet Earth.",0,0,1,N/A,N/A,Hallucinated Relevance,"Model B assigned relevance to a document that has no connection to the query, likely defaulting to partial relevance or assuming an unstated connection for an opaque numeric query rather than recognizing the complete lack of relevance."
527433,2496227,527433,"Motor disability types of CP. Spastic: Spastic cerebral palsy causes movements to be stiff or difficult to execute. In these types of cerebral palsy the muscles may not be able to relax properly. Ataxic: In Ataxic cerebral palsy, balance and coordinated movements are difficult to achieve.",0,0,1,N/A,N/A,Hallucinated Relevance,"The query consists solely of an arbitrary numeric string ('527433') with no semantic or lexical overlap with the document about cerebral palsy. Model B erroneously assigned a relevance score of 1, hallucinating a connection or defaulting to positive relevance despite the document being completely irrelevant."
1114819,1302004,1114819,"diversified medical products, inc. Durable Medical Equipment & Medical Supplies A supplier of medical equipment such as respirators, wheelchairs, home dialysis systems, or monitoring systems, that are prescribed by a physician for a patient?s use in the home and that are usable for an extended period of time.",2,2,1,"**Analyzing the 'Durable' Definition**

Okay, so the user's question, ""How is the 'durable' aspect quantitatively or qualitatively defined?"", is what I need to address. The context provided – the description of ""Durable Medical Equipment & Medical Supplies"" – should hold the key. Let's see...

Right, the definition states DME is ""usable for an extended period of time."" Aha! That's it! It's a *qualitative* definition – ""extended period of time"" is inherently subjective, not a specific quantifiable duration. So, the question *can* be answered based on the given context; the context directly addresses the nature of the ""durable"" aspect.

Now, is the provided answer *complete* and *accurate*? Absolutely. The context explicitly provides the qualitative definition.

Alright, let's assess the ""score"" for this analysis. Considering it's highly relevant, complete, and accurate, I'd have to give this a resounding 5.


","**Analyzing the Definition of ""Durable""**

Okay, so the prompt is essentially asking how ""durable"" is characterized, either with numbers or descriptive terms, within this specific situation. I'm focusing on the context given, which is: ""...usable for an extended period of time."" And bingo! Right there is the answer. It's a qualitative description - ""usable for an extended period of time."" It's not a specific lifespan or a number of cycles, but rather a judgment of extended usability. This provided context directly addresses the core query, and because of this, I'd rate the answer as complete, relevant, and accurate given the parameters of the prompt.


",Score-Reasoning Inconsistency,"Model B concluded in its reasoning that the document directly, completely, and accurately answered the query, yet it contradicted its own positive evaluation by assigning a score of 1 instead of 2."
87181,7419035,87181,hypertrophic cardiomyopathy while usually not fatal in most people is the most common cause of heart related sudden death in people under 30 it s the most common cause of sudden death in athletes hcm often goes undetectedome specific causes of sudden cardiac death in young people include hypertrophic cardiomyopathy hcm this is a disease in which the heart muscle myocardium becomes abnormally thick making it harder for the heart to pump blood,0,0,1,N/A,N/A,Hallucinated Relevance,"Model B found a non-existent connection between the numeric query '87181' (a ZIP code) and unrelated medical information on hypertrophic cardiomyopathy, failing to recognize complete semantic irrelevance."
168216,2160687,168216,"Document and record the maximum hot water system temperatures using a calibrated thermometer in a cup within 6 inches of the fixture outlet at the farthest fixture every 15 seconds until the temperature stabilizes for five consecutive readings.9.. The minimum temperature of hot water to prevent Legionella bacteria growth-The minimum temperature to prevent Legionella Bacteria growth is 122°F. Above 122°F and up to 131°F, Legionella bacteria survives, but will not multiply. At 131°F, it takes about 5 to 6 hours for the bacteria to die.",0,0,1,N/A,N/A,Hallucinated Connection,"The query is an isolated six-digit number with no presence or contextual meaning in the document, which focuses on hot water system temperature regulations for Legionella prevention. Model B incorrectly inferred relevance where none existed, whereas Model A correctly identified the document as completely irrelevant."
359349,4020476,359349,The triangle midsegment theorem looks at the relationship between a midsegment of a triangle and the triangle's third side. Follow along with this tutorial to learn about the triangle midsegment theorem. triangle.,0,0,1,N/A,N/A,Hallucinated Relevance,"Model B assigned a positive relevance score to a completely unrelated document discussing the triangle midsegment theorem for an ungrounded numeric query ('359349'), failing to recognize the total absence of lexical and semantic overlap."
148538,1950979,148538,"For example, a hemodialysis nurse with a BSN degree earns $6,000 more than an RN with a ASN degree who works in the same area. RN and BSN Demands and Salary. With all else equal, RNs with BSN degrees receive higher salaries than those with ASN or ADN degrees.n 2011, ADNs earned about $64,000 on average while BSNs made $76,000. These rates are based on the Indeed website as the BLS does not calculate the pay difference between RNs with ASN and BSN degrees. RN versus BSN Salary Based on Experience. Generally, the salary rates go higher as a nurse gains experience.",0,0,1,N/A,N/A,Hallucinated Relevance,The query consists solely of an arbitrary number ('148538') with no lexical match or topical connection to the nursing salary text. Model B assigned a positive relevance score despite the document being completely irrelevant.
573724,1165128,573724,"The range of personal, social, economic, and environmental factors that influence health status are known as determinants of health. It is the interrelationships among these factors that determine individual and population health.",0,0,1,N/A,N/A,Hallucinated Relevance,"The query consists solely of an arbitrary numeric string ('573724') that has no lexical or semantic connection to the document discussing determinants of health. Model B incorrectly inferred relevance where none existed, while Model A correctly recognized the complete lack of connection and assigned a score of 0."
915593,82105,915593,"Let’s get this out of the way: Cooking sous vide (say “soo-veed”) is not about cooking with plastic. Cooking sous vide is about heating food just enough to make it taste really freaking great. It’s about predictable results, and it’s about achieving success after success, easily and cleanly, with little fuss.",0,0,1,"**Evaluating the Context for Relevance**

Okay, let's break this down. My task is to determine if this context actually *addresses* the question: ""Does it differentiate sous vide approaches for fibrous versus starchy vegetables?"" As a subject matter expert, I need to cut right to the core of the issue.

Looking at the text, all I see is a basic description of sous vide: it's about cooking food in a plastic bag, applying heat, and getting consistent results. That's sous vide 101. But the question is quite specific. It asks for a *differentiation* of techniques. And, more crucially, it mentions *vegetables* in terms of *fibrous* and *starchy* types. The context is completely silent on those points. No mention of vegetables, no distinction between types, and no discussion of any techniques. Therefore, it completely fails to provide any useful information in relation to the query.

Considering the given scale, this response rates a 0. The context isn't just incomplete; it's entirely irrelevant to the core concept of the question. It doesn't even begin to offer an answer. So, the ""answer"" provided by the context gets a flat zero because it's impossible to derive any meaningful response to the question from it.


","**Analyzing the Context and Question**

Okay, so I'm presented with a context and a question. The context defines sous vide cooking generally, focusing on its core principles. The question specifically asks if the provided context differentiates sous vide approaches for fibrous versus starchy vegetables. Immediately, I see a disconnect. The context doesn't mention vegetables, fibrous or starchy, at all.

The initial instinct is to say, ""No, the context doesn't differentiate."" However, I need to be precise. The prompt format itself is crucial here. It's not necessarily about whether the *answer* is ""No, it does not."" It's about whether the *context* can answer the question at all. This is a common pattern in Retrieval-Augmented Generation (RAG) evaluation datasets; the focus is often on context relevance.

So, the question is: ""Does this *context* provide the answer to 'Does it differentiate...?'"" The answer is definitively ""No."" It's not a matter of the question's validity; it's about the context's ability to address the *specific* subject of vegetable differentiation. The context lacks any information about vegetables, which makes any kind of differentiation impossible.

Therefore, the context is irrelevant to the question. It’s like asking a question about a car and the context talking about a boat; the context doesn’t help provide an answer. In RAG terms, the score for answerability should be zero here, or unanswerable.


",Score-Reasoning Contradiction,"Model B's reasoning correctly concluded that the context was completely irrelevant and explicitly stated that the score should be zero, but it inexplicably output a score of 1, resulting in a direct contradiction between its thought process and final judgment."
1129237,8450766,1129237,"When you combine two atoms of hydrogen with one atom of oxygen you get a water molecule H 2O. Like nitrogen, hydrogen can also be condensed to a liquid that freezes at – 259°C (-434°F) and boils at -252°C (-423°F). Hydrogen is one of the most common elements in our universe.",0,0,1,N/A,N/A,Hallucinated Relevance,"The query consists solely of an arbitrary number with no semantic or contextual relationship to the text about hydrogen and water. Model B incorrectly assigned partial relevance instead of recognizing complete irrelevance, likely defaulting to an overly lenient scoring threshold on an ungrounded numeric query."
19335,8478792,19335,Zeolite and Salt. Zeolite is often used in aquariums to remove ammonium/ammonia from solution. When salt is added to the aquarium it prevents the mineral from removing the ammonium/ammonia. Therefore zeolite is only effective in freshwater. Zeolite can be recharged by soaking it in saltwater.,0,0,1,"**Evaluating the Question's Relevance**

Okay, let me think this through. The question is whether the provided text addresses political ecology perspectives. I've got this information about zeolite and salt in aquariums – ammonium removal, salt effects, recharging with saltwater. Hmm, reading through it, I see absolutely no connection to political ecology whatsoever. No mention of power dynamics, environmental justice, resource distribution, or anything along those lines.

So, realistically, I can't answer the question based on *this* context. The information isn’t relevant at all, it's missing the entire concept. The grade would definitely be a zero, right?

Wait a minute, let me re-read the instructions. Okay, the prompt is specifically asking if the question can be *answered* based on the given context. If it can't be answered at all, then zero is the correct choice. Got it.


","Here's my assessment of the situation:

**Analyzing the Political Ecology Angle in Aquarium Chemistry**

Okay, so we're talking about zeolites and salt in aquariums. My task is to figure out if we can apply a political ecology perspective to this. Immediately, my experience tells me this is going to be a stretch. The provided context—zeolites, salt, aquarium management—doesn't offer a single hint of political ecology concepts. We're talking about chemical interactions and maintaining a balanced aquatic environment, not resource distribution, power dynamics, or environmental justice issues directly related to the aquarium setup itself.

The prompt, however, wants me to assess if the question can be answered based on the provided context. Given that the context is purely about aquarium chemistry and maintenance and contains absolutely no information about political ecology, the answer is a resounding *no*. It's a non-starter. Trying to force a political ecology lens onto this information would be...well, intellectually dishonest, or at the very least, a massive leap. Therefore, I'm assigning a score of zero, as the question is completely unanswerable from the given information.


",Score-Reasoning Discrepancy,"Model B's internal chain of thought correctly deduced that the document was completely irrelevant and explicitly concluded that it should assign a score of 0, but it ultimately output a score of 1, resulting in an unfaithful final judgment."
1124210,2433605,1124210,Xylem. Xylem vessels xylem vessel: Vein-like tissue which transports water and minerals up a plant are involved in the movement of water through a plant from its roots to its leaves. Water: 1  Is absorbed from the soil through root hair cells. 2  Is transported through the xylem vessels up the stem to the leaves.,0,0,1,N/A,N/A,Hallucinated Relevance,"Model B awarded a non-zero relevance score despite the query being an arbitrary numerical string ('1124210') that has no semantic or lexical connection to the document about plant xylem, whereas Model A correctly identified total irrelevance."
131843,5268242,131843,"Provides access to Australian weather forecasts, weather observations, flood warnings and high sea forecasts from each state and territory provided by the Bureau of Meteorology Provides access to Australian weather forecasts, weather observations, flood warnings and high sea forecasts from each state and territory provided by the Bureau of Meteorology",0,0,1,N/A,N/A,Hallucinated Relevance,"The query is an arbitrary numeric identifier ('131843') with no presence or semantic overlap in the document describing Australian weather services. While Model A correctly assigned a score of 0 for complete irrelevance, Model B regressed by assigning a score of 1, likely assuming a spurious connection or being overly lenient on completely unrelated content."
19335,772234,19335,"Definition of environment: The sum total of all surroundings of a living organism, including natural forces and other living things, which provide conditions for development and growth as well as of danger and damage. See ...",0,0,1,N/A,N/A,Hallucinated Relevance,"Model B awarded relevance to a completely unrelated definition of 'environment' for an arbitrary numeric query ('19335'), failing to recognize the total absence of lexical or semantic connection."
527433,269428,527433,The types of cerebral palsy are: 1  spastic: the most common type of cerebral palsy; reflexes are exaggerated and muscle movement is stiff. 2  dyskinetic: dyskinetic cerebral palsy is divided into two categories.ther Types of Cerebral Palsy. Symptoms of other types of cerebral palsy may also include floppy muscle tone and lack of muscle coordination. Tremors or an unsteady gait are also common.,0,0,1,"**Analyzing the Context for Relevant Information**

Okay, so the user wants to know if the text I was given provides enough detail to link specific types of dysarthria to spastic, dyskinetic, or ataxic Cerebral Palsy subtypes. Let's break this down systematically. I need to see if the text explicitly mentions dysarthria *and* whether it connects it to the CP subtypes.

I re-read the provided context. It clearly defines the different types of Cerebral Palsy: spastic and dyskinetic are mentioned, with a brief descriptor, and mentions symptoms in general, such as ""floppy muscle tone"" and ""unsteady gait"" for other types. But, hang on... where's dysarthria? It's not there! No mention of it whatsoever.

Therefore, the context simply *cannot* answer the question. It’s a dead end. Since there's nothing about dysarthria, the grade is definitely a 0. I mean, the user's question can't be answered at all based on the given text. It’s pretty straightforward. The answer is not relevant, or complete; it's non-existent!


","**Analyzing the Context and Its Limitations**

Okay, so the question is drilling down into whether the context specifically links certain *types* of dysarthria to the spastic, dyskinetic, or ataxic subtypes of Cerebral Palsy. That's a very specific connection they're looking for. My initial read of the context, however, is that it outlines the CP subtypes – spastic, dyskinetic, the other ones where there's hypotonia, lack of coordination, that sort of thing – but it's completely silent on dysarthria, and even more silent on dysarthria subtypes.

So, the crux of it is, does this context *actually* answer the question? The straightforward answer is no. It doesn't provide any information that would allow me to make the required correlation. I suppose I should be clear about what this exercise is designed to do; Is this about evaluating an answer to a question, or the context itself? Since the prompt is: ""Can the question be answered based on the available context? choose one [0-5 scale]"". And since the context is silent on dysarthria, it's a clear zero. The context is insufficient to answer the question, as far as I can see.


",Score-Reasoning Contradiction,"Model B explicitly concluded in its reasoning that the context warranted a 'clear zero' due to completely lacking relevant information, but it mistakenly emitted a score of 1 instead of matching its own conclusion."
156493,4164310,156493,"Tiger sharks usually grow to a length of 5.5 meters, however, assumably they may sometimes even grow to a size of more than 7 meters. Their maximum age can only be estimated, …but they can definitely reach a minimum age of 12 years.",0,0,1,"**Evaluating the Question's Answerability**

Okay, let's break this down. The core of the issue is whether the provided text allows me to determine if ""age-dependent growth rate changes"" can be quantified. I'm given some basic information about tiger sharks: their typical size (5.5m), a potential maximum size (>7m), and a minimum age (12 years). Nothing in this context explicitly describes, or even implies, any *changes* in growth rate as the shark ages. We're talking about maximums, minimums, and ranges, but not the *rate* at which they reach these parameters.

Therefore, as it stands, I have to conclude that the question cannot be answered. My initial assessment is that the answer is not relevant or complete. However, the instructions want me to choose: ""0: The answer is not relevant or complete at all.""

Let's confirm; Can the question be answered based on the available context? No. So, the score is 0.


","**Analyzing the Context: Tiger Shark Growth**

Okay, so I'm looking at this text about tiger sharks, and it's giving me some details on their size and lifespan – mentioning lengths up to 5.5 to 7 meters and a minimum age of 12 years. The question is whether this text quantifies age-dependent growth rate changes. Initially, I thought that even if the text *didn't* provide that specific information, it could still be possible to answer ""No"". It does not quantify age-dependent growth rate changes.

But I'm starting to think about how these context-question answering scenarios are usually handled. The context *lacks* the data on growth rate changes. It only provides length and lifespan information. I need to make sure I am thinking about how these are scored.

The core question asks if the context *quantifies* age-dependent growth rate changes. The text is very clear on this point: it doesn't. So, my ultimate answer, considering the available context, is definitively ""No, it does not quantify age-dependent growth rate changes."" I think this should be a high score – it's a complete and accurate response to the question, based solely on what's provided.


",Conflating Negative Answer with Relevance,"Model B recognized that the context does not contain the required information, but flawed its judgment by concluding that being able to answer 'No, the text does not contain this information' makes the document relevant and complete, rather than scoring it 0 for lacking relevance."
1124210,6928390,1124210,"Its conducting cells are known as sieve elements, but phloem may also include companion cells, parenchyma cells, fibers, sclereids, rays, and certain other cells. As a vascular tissue, phloem is spatially associated with xylem, and the two together form the vascular system.",0,0,1,N/A,N/A,Hallucinated Relevance,"The query consists solely of an arbitrary numeric identifier that has no semantic connection to the passage about plant vascular biology. Model B hallucinated relevance or adopted an overly lenient threshold, incorrectly assigning a positive relevance score to a completely unrelated document."
855410,2851709,855410,Selan+® Zinc Oxide Barrier Cream is a light but very effective barrier cream for the prevention of moisture-associated skin damage and pressure ulcers.,0,0,1,N/A,N/A,Hallucinated Relevance,Model B likely assumed that the product described in the document corresponds to the numerical identifier '855410' without any textual evidence or mention of the number in the document.
1124210,7403449,1124210,1 Sclerenchyma tissues are thick-walled support cells found throughout the plant as fiber. 2  Xylem is a structurally complex tissue that conducts water and nutrients from the roots to all parts of the plant. 3  The xylem is comprised of a series of long tubes made up of shorter vessel members. Sclerenchyma tissues are thick-walled support cells found throughout the plant as fiber. 2  Xylem is a structurally complex tissue that conducts water and nutrients from the roots to all parts of the plant. 3  The xylem is comprised of a series of long tubes made up of shorter vessel members.,0,0,1,N/A,N/A,Spurious Matching,"Model B likely assigned a positive score by matching isolated digits or numbered list markers in the document to the numeric query '1124210', failing to recognize that the text about plant tissues is completely irrelevant."
1124210,2859500,1124210,Xylem. Xylem vessels xylem vessel: Vein-like tissue which transports water and minerals up a plant are involved in the movement of water through a plant from its roots to its leaves. Water: 1  Is absorbed from the soil through root hair cells. 2  Is transported through the xylem vessels up the stem to the leaves.ylem vessels xylem vessel: Vein-like tissue which transports water and minerals up a plant are involved in the movement of water through a plant from its roots to its leaves. Water:,0,0,1,N/A,N/A,Hallucinated Relevance,"The query '1124210' is an ungrounded numeric string with no semantic or lexical connection to the document discussing plant xylem biology. Model B inappropriately awarded a non-zero relevance score to a completely irrelevant text, whereas Model A correctly identified the total lack of relevance."
146187,2511620,146187,"Six ounces of milk make one ounce of cheese. If one slice is equal to one ounce, then it takes 12 ounces to make 2 slices of cheese.   Check the label to see how many ounce…s are in a slice of cheese. 4 people found this useful.",0,0,1,"**Grading the Answerability of a Question**

Okay, so I need to assess whether the provided context allows us to answer the question, ""Does it specify the number of cheese slices per item?"" My initial reaction is no, the context doesn't explicitly state the number, it just says to ""Check the label."" It's a straightforward ""does it/doesn't it"" question, and the context clearly points to a lack of specification.

But wait, the prompt asks for a score from 0 to 5. Am I to assess the *usefulness* of the context, or just the direct answerability of the question? Typically, with prompts like this, I'd grade based on whether the information is available or not and since it's a yes/no question, a 5 seems appropriate because the context lets me answer ""No"" definitively.

I’m now considering whether this is similar to datasets like Q2 or SQuAD, where absence of information might be graded lower. However, in this case, the question *is* about whether the number is specified. Since I can answer ""No, it is not specified"" with confidence, the context *is* sufficient for a complete, accurate, and relevant answer. I'm going with a 5 because I can answer the question with what's provided, despite the context directing me to an external source to determine the cheese slice quantity. So, the question is *about* the context itself.

Yes, the answer to the question ""Does it specify the number of cheese slices per item?"" is ""No"". Therefore, the grade should be 5.


","**Analyzing the Cheese Slice Question**

Okay, so I'm presented with a little puzzle involving cheese and milk. The core of it seems to be calculating how many ounces of milk are needed to make a certain number of cheese slices. I'm given the ratio: six ounces of milk yields one ounce of cheese, and one ounce of cheese equals one slice. That sets up the conversion factor.

The critical question here is whether the text explicitly states the number of cheese slices *per item*. It's a binary question, essentially a yes/no. Initially, the text mentions ""Check the label..."", which is not a direct specification. It's an instruction to *find* the information, not a direct statement. I'm being nudged toward investigating the label of the product, as opposed to receiving a clear statement.

So, I think about it this way: the context provides information to *find* the answer, but doesn't actually *give* the answer for a generic cheese item. The question asks if the context *specifies* the number of slices, and the answer is ""no, it does not specify; it directs you to investigate the label."" The text is a guide to find the information, not an information source.

The question itself is a straight yes/no, and the text offers an answer. ""Does it specify?"" - ""No, check the label."" Therefore, I can say with confidence that the provided context does allow for an accurate response. It doesn't give me the specific slices per item, but it guides me to where that information is located. That's a solid Grade 5 level analysis.


",Awarded Partial Credit for Indirect Information,"Model B regressed by assigning a score of 1 instead of 0, overvaluing the document for providing indirect guidance ('check the label') rather than recognizing that it contains zero relevant information for the query."
1113437,5546285,1113437,"There are basic differences that exist between pine and fir trees. Some of these differences are botanical name, native ranges and cone shape. They also have different foliage characteristics. You can tell the difference between the two by focusing on needle clusters and length. Pine trees and fir trees are both conifers that bear cones. These two trees are also members of the same plant family.",0,0,1,"**Evaluating the Context for Relevance**

Okay, so I'm presented with the question, ""Are persistent sterigmata explicitly described on the twigs?"" My task is to determine if the provided context allows me to answer this. Let's see... the text discusses pine and fir trees, highlighting differences in botanical names, ranges, cone shape, and foliage. It mentions needle clusters and lengths. Okay, that's all pretty basic stuff in the realm of conifer differentiation, things most people in my field know. But, a quick scan... nope. I see absolutely no mention of ""persistent sterigmata"" or ""twigs"" anywhere within the text. Not even a passing reference.

Therefore, given the complete lack of information directly related to the question's core components, I can confidently conclude that the context *cannot* be used to provide an answer. It's irrelevant, missing crucial details, and essentially, silent on the matter. So, as a result, a grade of 0 is appropriate. The context is simply insufficient.


","**My Assessment: Insufficient Information**

Okay, so I've been given some text that's supposed to help differentiate between pine and fir trees. I immediately start mentally cataloging what's *actually* provided: botanical names, where they're typically found, the shape of their cones, and details about their leaves (specifically, needle clusters). I'm looking for the key features that can clearly distinguish them.

However, the question I'm supposed to be answering – whatever it is – hinges on criteria that *aren't even present in this text.* It’s clear to me that I can’t tell, based on this provided information, whether the question is valid. ""Persistent sterigmata"" and ""twigs"" aren't mentioned at all. It's like being asked to identify a specific breed of dog without any description of its fur, size, or temperament. The text gives me the foundation, but not the critical details needed for any kind of conclusive analysis. Therefore, I must give this a big fat zero.


",Reasoning-Output Discrepancy,"Model B's internal reasoning correctly determined that the document completely lacked the required information and explicitly concluded it deserved 'a big fat zero', but it mistakenly output a final score of 1 instead of 0."
183378,8177162,183378,"The enzyme that uses one strand of DNA as a template to assemble nucleotides into a strand of RNA is called... Polymerase. 703570414. After introns have been cut out of RNA molecules, the remaining pieces called __________ are spliced together.",0,0,1,N/A,N/A,Hallucinated Relevance,"The query is an arbitrary numeric sequence ('183378') with no semantic connection to the biology quiz content in the document. Model B hallucinated relevance, likely misinterpreting the numbers or falsely associating them with the unrelated number sequence present in the text ('703570414')."
131843,683465,131843,"This technical note is a compilation of. various techniques in forecasting. - Surface Weather Elements, - Flight Weather Elements, and. - Convective Weather. This technical note is a compilation of. various techniques in forecasting.",0,0,1,N/A,N/A,Hallucinated Relevance,"The query is an obscure numeric code ('131843') that does not appear anywhere in the document, which is about weather forecasting techniques. Model B likely adopted an overly lenient threshold or hallucinated a connection, failing to recognize that the document has zero relevance to the query."
182539,1307232,182539,"5 Responses to 'Things SQL needs: sargability of monotonic functions'. 1  First, this was an excellent article. Second, I’ll be reviewing what parts of your suggestions I can easily introduce into the Drizzle optimizer. @ 2 Jay: with a function monotonic over all its domain, it’s easy to rewrite the condition.",0,0,1,N/A,N/A,Hallucinated Relevance,"The query is an arbitrary numeric identifier ('182539') with zero semantic or textual connection to the document discussing SQL optimization. Model B incorrectly assigned marginal relevance to completely unrelated content, failing to identify that the document is entirely irrelevant."
1129237,5212767,1129237,"Liquefied natural gas, or LNG, is natural gas in its liquid form. When natural gas is cooled to minus 259 degrees Fahrenheit (-161 degrees Celsius), it becomes a clear, colorless, odorless liquid.LNG is neither corrosive nor toxic.iquefied natural gas, or LNG, is natural gas in its liquid form. When natural gas is cooled to minus 259 degrees Fahrenheit (-161 degrees Celsius), it becomes a clear, colorless, odorless liquid. LNG is neither corrosive nor toxic.",0,0,1,N/A,N/A,Hallucinated Relevance,"The query consists entirely of an arbitrary numeric identifier ('1129237') that bears no semantic or lexical connection to the document discussing liquefied natural gas. Model A correctly identified complete irrelevance (0), whereas Model B incorrectly assigned marginal relevance (1), likely due to an overly lenient scoring baseline or hallucinating an association."
146187,6658185,146187,"The reason that healthy is in quotes is that fast food restaurants' salads are often even worse for you than their burgers. The Wendy's Mandarin Chicken Salad, for example, beats the quarter pound Wendy's Double Stack cheeseburger in fat, sugar, carbs and total calories. Not as healthy as a Wendy's cheeseburger.",0,0,1,N/A,N/A,Hallucinated Relevance,"The query is an arbitrary number with no semantic meaning or match within the document. While Model A correctly recognized the complete lack of relevance and scored it 0, Model B generated a false positive by assigning a non-zero relevance score to an entirely unrelated text."
19335,3683653,19335,"The branches of Earth Science are: 1  Geology - the study of the earth. The study of how rocks, minerals or landforms are formed. Geologists also assess natural resources such as various mineral deposits, petroleum, and coal. 2  Oceanography - The study of the worlds oceans and processes. Climatology/Meteorology - The study of the earth's climates, and associated processes. Includes the study of weather and the prediction of weather. Paleontology - A branch of geology, paleontologists identify and study ancient life forms. Environmental Science - the study of the anthropological effects on the environment and ways to mitigate those effects.",0,0,1,"**Analyzing the Context for Political Ecology Perspectives**

Okay, so the user's question is straightforward: does the provided context – which outlines various branches of Earth Science – allow for a ""yes"" or ""no"" answer regarding the inclusion of political ecology perspectives? Let's break this down. We have a list: Geology, Oceanography, Climatology/Meteorology, Paleontology, and Environmental Science. Scanning each of these, none of the descriptions explicitly mention political ecology. While Environmental Science does touch on ""anthropological effects,"" that's not the same thing. It is, perhaps, *suggestive*, but it's not a direct confirmation. Therefore, based purely on the given information, there's absolutely no evidence to suggest that the context answers the question. We don't have enough data to determine if Earth Science *or* any of its listed branches actively incorporates political ecology perspectives, or to what extent. The answer is absent. A score of zero is the only logical conclusion here.


","**Analyzing the Context and the Question**

Okay, so I'm presented with a list of Earth Science branches – Geology, Oceanography, Climatology/Meteorology, Paleontology, and Environmental Science. The question then asks if this implicitly or explicitly incorporates political ecology perspectives. Initially, I note that the text itself *never* mentions political ecology. That's the obvious starting point.

The core of the matter is whether the question *can* be answered based *solely* on this context. Typically, in my evaluations, I'd assess if the available information is sufficient to formulate an answer. Here, even though political ecology isn't directly addressed, the question is definitely answerable. Environmental Science is defined as the study of human effects on the environment and how to lessen those effects.

From this definition of Environmental Science, and the list as a whole, it doesn't mention anything like the political ecology field.

So, the answer would be a definitive ""No"". The context simply doesn't incorporate or mention political ecology perspectives. The context is perfectly sufficient to arrive at this answer, and it's a *complete* answer derived directly from the presented text. The question is answerable. 5, then, is a good rating because the ""No"" is a *complete* and accurate answer.


",Conflating Absence of Information with Relevance,"Model B incorrectly reasoned that because the passage allows for a definitive negative answer ('No, political ecology is not mentioned'), the document is sufficient to answer the prompt and thus relevant, failing to realize that absence of the topic means the document is irrelevant (score 0)."
527433,2931559,527433,"Adult speech impairments include any symptoms that cause an adult to have difficulty with vocal communication. Examples include slurred, slowed, hoarse, stuttered, or rapid speech. Depending on the underlying cause of your speech impairment, you may also experience other symptoms, such as: drooling.",0,0,1,N/A,N/A,Over-generous Relevance Assessment,"The query '527433' has no semantic or topical connection to the document regarding adult speech impairments. Model B erroneously assigned a non-zero relevance score, likely due to an overly lenient threshold or defaulting to a baseline score of 1 instead of correctly recognizing complete irrelevance."
130510,978180,130510,"Tentative Recommendation • April 2005 – 17 – 1 (4) Enforcement of an order under the Family Code. 2 (5) Declaratory relief, except as authorized by Section 86. 3 Comment. Section 580 is amended to enable a court to grant several types of equitable relief 4 previously precluded in a limited civil case. See Sections 86(b)(1) (title to real property), 86(a)(7) 5 (declaratory relief). 6 The changes to subdivision (a) are technical. 7 Code Civ. Proc. § 871.3 (amended).",0,0,1,N/A,N/A,Hallucinated Relevance,"Model B assigned a non-zero relevance score to a document that has zero lexical, semantic, or topical overlap with the numeric query '130510'."
156493,4527709,156493,"A LOT of people still believe that a goldfish can live in a bowl, you might be one of them. This is simply because of advertisements like this…. And pet stores like this….. The most common goldfish the “comet” is the type of goldfish most people envision in a bowl.",0,0,1,"**Evaluating the Context's Relevance**

Okay, let's break this down. My objective is clear: determine if this provided context has the information necessary to address the question, ""Does it quantify age-dependent growth rate changes?"" I'm looking for specifics, something that delves into how a goldfish's growth rate changes with age.

Scanning the context – which describes the common misconception about goldfish bowls – it's immediately apparent that it focuses on *where* goldfish are kept, and the factors that contribute to this misconception. I see no mention whatsoever of growth rates, age-related changes in those rates, or anything that would allow for a quantitative analysis of that kind. It's all about habitat and public perception.

Given this, the answer is unequivocally ""no."" The context is simply irrelevant to the question at hand. There's nothing here to even begin a discussion about growth rate quantification. Therefore, a score of 0 is appropriate.


","**Analyzing the Context's Inability to Address the Question**

Alright, let's break this down. The provided text is talking about goldfish in bowls and pet stores – a very specific, limited scope. My expertise tells me we're looking at a discussion of their environment, perhaps their care, but certainly not their *age-dependent growth rates*. The concept isn't even remotely touched upon. So, based on this information alone, there's absolutely nothing in this text that relates to the original question. It's a clean, flat zero in terms of relevance. The context offers no supporting information. The match is non-existent.


",Score-Reasoning Inconsistency,"Model B's reasoning explicitly determined that the document had completely zero relevance ('a clean, flat zero in terms of relevance'), but it mistakenly assigned a final score of 1, contradicting its own conclusion."
168216,4245222,168216,"Transmission of Legionnaires' disease from Person to Person. Legionnaires' disease is considered infectious but is not transmitted from person to person. Generally, a disease like this is caused by an infectious agent and not spread between people. Legionnaires' disease, although infectious, is not a genetic disease.",0,0,1,N/A,N/A,Hallucinated Relevance,"The query consists solely of an unexplained numeric string ('168216') that has no semantic meaning or match to the text. Model B hallucinated topical relevance or defaulted to a positive score for an uninterpretable query, whereas Model A correctly recognized the total absence of relevance and scored it 0."
131843,58233,131843,Weather. Today's Forecast; Hourly Forecast; 10 Day Forecast; Monthly Forecast; National Forecast; Get Notifications; Maps. Weather in Motion® Radar Maps; Classic Weather Maps; Regional Satellite; Driving Difficulty Map; Traffic and Radar NEW! Severe. Severe Alerts; Hurricane Central; Tornado Central; Local Severe Storm Risk; Winter Storm Central; Safety and Preparedness,0,0,1,N/A,N/A,Hallucinated Relevance,"Model B likely assumed the numeric query '131843' was a postal or location code and over-generously credited a generic weather navigation menu as marginally relevant, whereas Model A correctly recognized that the document provides no relevant information or results for the query."
156493,3985474,156493,goldfish with white like coating on them. My goldfish in my outdoor pond (4900 litres) have started to get a white film on their bodies and the smallers ones are on top of pond not doing well at all. i have tested water and it's PH is high. I have a large filter system and the water is very clear. There is a mixture of koi and goldfish in the pond.,0,0,1,"**Analyzing the Query: Age-Dependent Growth Rate**

Okay, so the user's question is: ""Does it quantify age-dependent growth rate changes?"" I need to determine if I can answer that question based on this context. The context describes goldfish with a white coating living in an outdoor pond with high pH water. Hmmm, there's absolutely nothing in that description about how these goldfish grow, let alone how their growth rate might change *with age*.

The core issue is a complete lack of relevant data. There's no information on size, time elapsed, growth patterns, comparisons across different age groups, or anything else that would even hint at quantifying growth rate changes related to age. Therefore, based purely on this limited information, I can't even begin to address the question.

Let's check the rating scale: ""Can the question be answered based on the available context?"" That's a resounding *no* in this instance. Given the provided options, a score of 0 seems the only logical choice: ""The answer is not relevant or complete at all."" The context is simply irrelevant for addressing age-dependent growth rate changes. Thus, the context cannot give an answer to the question.


","Okay, here's my take on that question, thinking it through from a technical perspective.

**Assessing the Applicability of the Question**

Alright, let's break this down. The question, ""Does it quantify age-dependent growth rate changes?"" is being posed in the context of a forum post about sick goldfish in an outdoor pond. My initial impression is that the question is completely out of alignment with the context. The user is asking about age-dependent growth rate changes, which implies a discussion on the *normal* physiological development of goldfish. However, the forum post is centered on *sick* fish, which will have experienced an interruption in their normal developmental progression. The key issue here is that the original post doesn't even mention, much less quantify, changes in growth rate related to the fish's age. It's a fundamental mismatch.

Therefore, objectively speaking, there is no basis within the provided text to answer the question, as it does not address the premise it sets. A grade of zero is the only justifiable outcome. The question is simply not applicable to the source material.


",Score-Reasoning Contradiction,"Model B's internal reasoning correctly identified that the document does not answer the question and explicitly concluded that 'A grade of zero is the only justifiable outcome,' but it experienced an execution failure and outputted a score of 1 instead of 0."
87181,7112968,87181,"Potential causes of elevated brain natriuretic peptide levels Cardiac. Heart failure. Diastolic dysfunction. Acute coronary syndromes. Hypertension with left ventricular hypertrophy. Valvular heart disease (aortic stenosis, mitral valve regurgitation). Atrial fibrillation.",1,1,2,N/A,N/A,Hallucinated Relevance,"Model B likely hallucinated a connection between the numeric query '87181' (a CPT code for antibiotic susceptibility testing or a zip code) and the medical document discussing causes of elevated brain natriuretic peptide, inappropriately inflating the relevance score."
130510,1494931,130510,"“Case or Controversy” and Jurisdictional Requirements. A party seeking declaratory relief under the statute must present an “actual controversy” in order to satisfy the “case or controversy” requirement of Article III. The Declaratory Judgment Act was not intended as a device for rendering mere advisory opinions. The case must involve a controversy that is substantial and concrete, must touch the legal relations of parties with adverse interests, and must be subject to specific relief through a decree of conclusive character.",1,1,2,N/A,N/A,Spurious Relevance Attribution,"Model B overestimated relevance by assigning a higher score to a legal text discussing Article III jurisdictional requirements, despite the query being a vague numeric string ('130510') with no clear semantic link to the document content."
573724,3365597,573724,"Optimal nutrition is not just beneficial to physical health, but is also important for good social and emotional health . The eating patterns of individuals and families are constantly being shaped and changed by wider social, cultural, geographical and economic factors .",0,0,1,N/A,N/A,Hallucinated Relevance,The query is an arbitrary number with no semantic or lexical overlap with the document about nutrition and health. Model B failed to identify the complete lack of relevance and incorrectly assigned a positive score where Model A correctly assigned 0.
19335,161603,19335,"The Role of Ecology in Our Lives. The many specialties within ecology, such as marine, vegetation, and statistical ecology, provide us with information to better understand the world around us. This information also can help us improve our environment, manage our natural resources, and protect human health.",0,0,1,"**Evaluating the Context's Relevance to Political Ecology**

Okay, so the task is to determine if this context allows me to answer the question: ""Does it incorporate political ecology perspectives?"" My initial thought is a straightforward ""no."" The context focuses on general ecology, listing specializations like marine, vegetation, and statistical ecology. None of those directly scream ""political ecology.""

However, I need to be precise. The prompt asks if the *question* can be answered based on the context. If the question is about incorporation and the context is silent on the matter, can I *say* it doesn't? Technically, yes, based on this limited information. The context doesn't mention political ecology, therefore the text does not incorporate it! 

Ah, the nuance of the wording. If I were scoring this, the standard approach would likely be to assign a ""0"". The context simply doesn't address the topic of political ecology, so the question is essentially unanswerable from this information alone. It's not a matter of a partial answer; the context provides no grounding to form any conclusion. So, a ""0"" is the most accurate assessment of the situation.


","**Analyzing the Context's Scope**

Okay, so I'm presented with a context that outlines different ecological specialties – marine, vegetation, statistical – and their applications. My task is to determine if this context allows me to answer a question about ""political ecology perspectives.""

Initially, I'm thinking, based on what's presented, the answer is a straightforward ""No,"" because there's no mention of political ecology. The context only presents the sub-fields of ecology that it does. I then paused, considering the nuances. Does the *absence* of information equate to a definitive ""no,"" or does it imply the question can't be *fully* answered based on the available information?

The prompt's wording, ""Can the question be answered based on the available context?"" became the key. I realized I needed to assess the context's ability to address the question directly. The context doesn't explicitly discuss whether or not political ecology is *incorporated*; it simply lists other areas. Therefore, while I can deduce an answer (""No, it doesn't mention it""), the context itself doesn't offer a direct discussion of political ecology.

I came back to the core point: The context *lacks* information on political ecology. If the context is missing key concepts, the context coverage is minimal, and a grade of 0 feels appropriate. The ""answer is not relevant or complete at all"" description for a 0 is a standard grade in these types of evaluations. The context is insufficient to answer the question posed.


",Score-Reasoning Contradiction,"Model B explicitly reasoned that the context completely lacked relevant information and concluded that 'a grade of 0 feels appropriate', but contradicted its own reasoning by outputting a score of 1."
146187,1944092,146187,You can buy Pickling Lime in many grocery stores just for pickles. I only do sweet pickles ...sliced. The slices are soaked in the pickling lime with 2 gallons water and two cups pickling lime for 24 hours. Then I rinse well.... and let them set for 3 hours to drain.,0,0,1,"**Grading the Cheese Question**

Okay, so I need to evaluate this question, ""Does it specify the number of cheese slices per item?"" given this provided text about pickling lime and sweet pickles. Hmm, let me see... ""You can buy Pickling Lime... sliced... soaked in pickling lime..."" Nope, doesn't mention cheese anywhere. The context is entirely focused on the process of making sweet pickles with pickling lime. 

Alright, so the task is ""Can the question be answered based on the available context? choose one: 0 to 5"". It’s a straightforward grading of answer availability. Since the context doesn’t have *anything* to do with cheese slices, there's no way to derive any information. Consequently, the answer's relevance is completely absent, effectively making the question unanswerable. Thus, a score of **0** is the only logical choice here. The question's grade is 0. Done.


","**Evaluating Context Relevance**

Okay, so the prompt is asking me if this context answers the question: ""Does it specify the number of cheese slices per item?"". First thought: does this pickle-related context even *have* anything to do with cheese? It's about pickling lime, right? Nope, this is totally irrelevant. Therefore, the answer is a resounding ""no."" 

Now I'm pausing to make sure I'm thinking this through correctly. The prompt wants a binary answer: can the question be answered *based* on this context? Since we're dealing with a QA evaluation, I need to frame this in terms of RAG scoring. Okay, the correct answer here is ""No,"" because the context doesn't even MENTION cheese. 

Now, how would I score this for relevance? Zero, right? If the context has *zero* information related to the query, the relevance score, in this case, would be 0. It's not just incomplete; it's completely orthogonal. No cheese, no cheese slices, no... anything.


",Reasoning-Output Inconsistency,"Model B's internal chain-of-thought correctly concluded that the text was completely irrelevant and explicitly determined that the score should be 0, but it failed in the final execution step by outputting a score of 1 instead."
87181,4632252,87181,"As enlargement progresses, though, the heart's pumping ability declines. Dilated cardiomyopathy is the main type of cardiomegaly. In dilated cardiomyopathy, the walls of both the left and right side of the heart (ventricles) become thin and stretched. The result is an enlarged heart.In the other types of enlarged heart, the heart's muscular left ventricle becomes abnormally thick.. An enlarged heart (cardiomegaly) may have various causes. But it's usually the result of high blood pressure (hypertension) or coronary artery disease. An enlarged heart may not pump blood effectively, resulting in congestive heart failure.",0,0,1,N/A,N/A,Hallucinated Relevance,"The query consists entirely of the five-digit number '87181' (typically a ZIP code), which has no relation to the document about cardiomegaly and heart disease. Model B likely assumed an unsubstantiated connection (such as mistaking the number for a relevant medical code) and awarded an unmerited relevance score."
915593,7837086,915593,"With the Anova, sous vide cooking is simple. All you need to get started is a pot or large container to hold water, heavy duty bags, a few clips, and your Anova Precision Cooker, of course! One of the best parts of sous vide cooking is that you don’t need to do much to your food before cooking.",0,0,1,N/A,N/A,Hallucinated Relevance,"The query consists entirely of an arbitrary numeric identifier ('915593') with zero presence or context in the document about sous vide cooking. Model A correctly recognized that there is no semantic or lexical overlap, while Model B generated a false positive by assigning relevance to an entirely unrelated passage."
855410,1481865,855410,"USES: Simvastatin is used for reducing total cholesterol, LDL cholesterol, and triglycerides, and for increasing HDL cholesterol.",0,0,1,"**Evaluating the Question's Relevance**

Okay, so I'm presented with the question: ""What specific age-related skin concerns does its core system target?"" and I need to assess whether the provided context allows for an answer. Right off the bat, I see the context is about Simvastatin, a statin used for lipid management – cholesterol, triglycerides, and HDL levels. My immediate thought is, ""This has absolutely nothing to do with dermatology or age-related skin issues."" The context focuses on cardiovascular health, not integumentary concerns. There's no mention of skin, age-related changes, or any ""core system"" even remotely related to dermatological applications. Therefore, as an expert, I'm going to have to grade this with a 0. The context doesn't even come close to addressing the question. It's simply irrelevant.


","Here's my assessment of the situation:

**Analyzing the Query and Context**

Okay, so I've been presented with a question that's seemingly about the effects of Simvastatin, a cholesterol medication, on some aspect of physiology. However, after careful review, the provided context *explicitly* states that it doesn't touch on age-related skin concerns or any core systemic function. There's simply nothing in the information given that could be relevant to the question posed. My expert understanding of pharmacology and physiology tells me that without any relevant data, any attempt to provide an answer would be purely speculative or based on information outside the scope of the provided material. The answer is therefore a definitive zero: the context cannot offer any information to answer this question.


",Score-Reasoning Inconsistency,"Model B correctly deduced in its reasoning that the context was completely irrelevant and explicitly stated that the answer should be 'a definitive zero', but it contradicted its own reasoning by assigning a final score of 1."
130510,7136329,130510,"A judgment is the definitive act in a lawsuit that puts an end to the litigation by specifically granting or denying the relief requested by the parties. Once a judgment granting relief has been entered, the plaintiff may legally collect the damages awarded by the court.",0,0,1,N/A,N/A,Hallucinated Relevance,"The query '130510' bears no semantic or lexical connection to the document defining legal judgments. Model B erroneously assigned a positive relevance score where no match exists, likely due to a tendency toward false-positive retrieval or unjustified leniency."
527433,547444,527433,"Although LSVT LOUD was designed for patients with Parkinson’s disease this highly effective therapy program has been successfully applied to individuals with multiple sclerosis, stroke, ataxic dysarthria, aging voice, vocal fold paralysis and children with cerebral palsy and Down Syndrome.",0,0,1,"**My Assessment of the Context**

Okay, so the core question is whether this text explicitly links specific types of dysarthria to the spastic, dyskinetic, or ataxic subtypes of Cerebral Palsy. My initial read flagged the mention of ataxic dysarthria and children with cerebral palsy, which initially raised a question in my mind, but on closer inspection, it's clear this is where the text falters. It lists CP as a population, but doesn't elaborate or specify the connections I'm looking for between the dysarthria types and those subtypes. The context includes: ""...individuals with multiple sclerosis, stroke, ataxic dysarthria, aging voice, vocal fold paralysis and children with cerebral palsy and Down Syndrome."" but that's just a grouping of population, with no cross-referencing between the conditions, so it's a negative result. There's simply no relevant information present to answer the question as framed.

Therefore, given that it's a direct ""yes or no"" type evaluation, this context does not provide an answer. The prompt asks me to grade on a scale of 0-5. Since the context does not address the question at all, it's a 0. It is a very basic ""the information is missing"" type of negative evaluation, not a complex or nuanced scenario at all.


","**Analyzing the Query Regarding Dysarthria and CP Subtypes**

Okay, so the question is pretty straightforward: does the provided information specifically link dysarthria types to spastic, dyskinetic, or ataxic Cerebral Palsy subtypes? My initial assessment is, ""No,"" but I need to make sure I'm interpreting the prompt correctly, especially given my expertise. The text mentions both children with cerebral palsy and Down Syndrome, and it explicitly brings up ""ataxic dysarthria,"" but it doesn't *correlate* specific dysarthria types with those specific CP subtypes.

The prompt phrasing ""Does the information detail..."" has me second-guessing myself for a moment. Does answering ""No"" mean the context *lacks* the detailed information requested? Yes, it clearly does. I'm focusing on ""Does it detail?"" and since it doesn't, the answer is definitively ""No.""

Now, considering how these prompts usually work, it is evaluating the *completeness* of the context with respect to answering the question. The information needed for a definitive correlation isn't there. So, even though I know the broader clinical picture, the context itself fails to provide the detailed answer to the posed question. Therefore, if I'm assessing the context's *ability* to provide the answer, that score would be a zero. The context mentions CP and ataxic dysarthria separately, but it doesn't give me the specific correlations I need. I'm going with a zero.


",Score-Reasoning Contradiction,"Model B correctly deduced that the context does not contain the required information and explicitly concluded in its reasoning, 'I'm going with a zero.' However, it regressed by outputting a final score of 1, directly contradicting its own thought process."
87181,6129695,87181,"What is Hypertrophic Cardiomyopathy (HCM)? Hypertrophic cardiomyopathy is a thickening (hypertrophy) of the muscles of the wall of the left ventricle of the heart causing the heart to be less able to relax between contractions. In some cases, this can lead to an increase in pressure in the left atrium which then enlarges.",0,0,1,"**Analyzing the Context for Information on Chronic Afterload Elevation**

Okay, so the query asks about whether the context addresses ""chronic afterload elevation mechanisms."" My initial assessment immediately tells me this requires a close look at the provided text.

The definition of Hypertrophic Cardiomyopathy (HCM) is given, describing ventricular muscle thickening, impaired relaxation, and potential left atrial pressure increases. However, after carefully considering this, I can confidently state that it does not *explicitly* detail any mechanisms associated with **chronic afterload elevation**. It hints at increased pressure, but doesn't elaborate on the *mechanisms* or their chronic nature.

Therefore, given the specificity of the original question, I must conclude that the context doesn't provide the answer. The context is insufficient and I would grade this as a 0 - the relevant information is simply not present here.


","**My Assessment of the Text and the Question**

Okay, so the prompt is asking me if the provided text details ""chronic afterload elevation mechanisms."" My initial read tells me it's discussing Hypertrophic Cardiomyopathy (HCM), which is all about the left ventricle thickening and its impact on relaxation and left atrial pressure. Right off the bat, I know that HCM itself isn't a mechanism of *chronic* afterload elevation; it's an intrinsic muscle issue, unlike something like aortic stenosis or systemic hypertension. Those would *cause* afterload issues.

The question is, can I definitively say ""yes"" or ""no"" based on this text? Well, it's pretty clear the text *doesn't* detail afterload mechanisms. It's focused on the pathophysiology of HCM. So, I can say ""No, it doesn't.""

But then I had to step back and think about the evaluation criteria. The real question is, does the *context* allow me to answer the question? And here's where it gets a little tricky. I can definitely say ""No,"" because it doesn't mention the mechanisms. I *can* answer the question, but I have to do it by noting an absence of information. The context doesn't explicitly discuss afterload at all, let alone chronic elevation mechanisms.

I'm leaning towards scoring this as a 0, given the evaluation guidelines. While I can answer the question based on the context's omission, the context doesn't provide any direct information on afterload itself. My answer is based on what's *not* there, not what *is*. So, it's a weak answer.


",Conflating Absence of Information with Relevance,Model B overthought the evaluation criteria by arguing that the context technically enables answering the query negatively (by confirming that the mechanism is absent). This flawed logic led it to award a relevance score of 1 despite its own reasoning leaning toward a score of 0.
527433,4903731,527433,"Spastic cerebral palsy is the most common type of cerebral palsy. The muscles of people with spastic cerebral palsy appear stiff and their movements may look stiff and jerky. Spasticity is a form of hypertonia, or increased muscle tone.When people without cerebral palsy perform a movement, some groups of muscles turn on and some groups of muscles turn off.In people with spastic cerebral palsy, both groups of muscles may become turned on at the same time.pastic Cerebral Palsy Spastic cerebral palsy is the most common type of cerebral palsy. The muscles of people with spastic cerebral palsy appear stiff and their movements may look stiff... https://www.cerebralpalsy.org.au/what-is-cerebral-palsy/types-of-cerebral-palsy/spastic-cerebral-palsy/.",0,0,1,"**My Assessment of the Context**

Okay, here's what I've got to work with. The user is asking a very specific question, one that delves into the nuanced relationship between dysarthria types and the subtypes of cerebral palsy: spastic, dyskinetic, and ataxic. My goal is to determine if the given information addresses this correlation.

Looking at the context, it's immediately clear that it's a bit of a dead end. The entire description focuses solely on spastic cerebral palsy, highlighting the characteristic stiffness, hypertonia, and simultaneous muscle activation. There's absolutely nothing about dysarthria mentioned. Even more frustrating, there's no discussion of dyskinetic or ataxic CP subtypes in the context of dysarthria. It's a significant omission.

Given this complete lack of relevant detail, the question posed by the user remains entirely unanswered. The information provided is simply not applicable to what's being asked. My grading here has to be a firm zero; the context is not just incomplete, it's wholly irrelevant to the core inquiry.


","Here's my assessment of the question and the provided context:

**Analysis of Context and Question Concerning CP Subtypes and Dysarthria**

Okay, so the query is specifically targeting whether the given context sheds any light on specific types of dysarthria that might correlate with the spastic, dyskinetic, or ataxic subtypes of Cerebral Palsy. That's a reasonable question; often, different CP subtypes manifest with characteristically different speech impairments.

My initial scan of the provided text reveals a focus, and a rather narrow one at that. The text *only* touches on spastic cerebral palsy. It dives into the particulars of muscle stiffness and hypertonia— hallmarks of that particular subtype. However, critically, there's absolutely no mention of dysarthria in any form. Furthermore, it doesn't even allude to the dyskinetic or ataxic CP subtypes, or any distinct classifications within the category of dysarthria.

Given the complete absence of relevant information regarding the scope of the question, I have to conclude that the context is insufficient to provide an answer. Therefore, a grade of 0 is appropriate. It's a non-starter.


",Score-reasoning inconsistency,"Model B correctly deduced in its reasoning that the document contained no relevant information and explicitly concluded that 'a grade of 0 is appropriate', but contradicted its own logic by outputting a final score of 1."
156493,6139380,156493,"Comet Goldfish. The comet goldfish is the only breed of goldfish that was developed in America. First bred and introduced into the commercial aquarium market in the late 1800s, the comet gets its name due to its long, flowing tail fins that give it the appearance of a comet burning a trail through the sky.",0,0,1,"**Evaluating the Context for Age-Dependent Growth Rate Information**

Okay, let's break this down. My objective is to determine if the given context allows for answering the question: ""Does it quantify age-dependent growth rate changes?"" I'm looking at this text about Comet Goldfish: ""Comet Goldfish. The comet goldfish is the only breed of goldfish that was developed in America. First bred and introduced into the commercial aquarium market in the late 1800s, the comet gets its name due to its long, flowing tail fins that give it the appearance of a comet burning a trail through the sky.""

After careful consideration, it's clear this provides absolutely *nothing* relating to growth rates, let alone age-dependent changes in those rates. There's no mention of size, growth curves, life stages, or any data remotely related to quantifying how a Comet Goldfish's growth might change as it ages. Therefore, with my expertise in interpreting biological data, I must conclude this context is completely inadequate for answering the question. It's simply irrelevant. The grade is a firm zero; the answer is not present, nor can it be derived from the information provided.


","**Analyzing the Text: A Quick Evaluation**

Alright, let's break this down. The prompt is asking if the provided text quantifies age-dependent growth rate changes in Comet Goldfish. My initial assessment is a resounding no. The context provided, focusing on the history and appearance of the Comet Goldfish, completely sidesteps the topic of growth rates, let alone how they might change with age. I see no quantitative data, no models, no mention of any parameters related to growth over time. Therefore, based purely on the given information, the query is unanswerable, and I'd have to grade this as a zero. It’s a straightforward analysis – the necessary data simply isn't present.


",Score-Reasoning Inconsistency,"Model B's internal reasoning correctly determined that the text was completely irrelevant and explicitly concluded that it should be graded as zero, but it produced a contradictory final score of 1."
146187,1841195,146187,There are 290 calories in a 1 burger serving of McDonald's Bacon McDouble (No Bun). Get full nutrition facts for other McDonald's products and all your other favorite brands. Register | Sign In,0,0,1,"**Evaluating the Question's Answerability**

Okay, here's the deal. I need to figure out if the context provided allows me to answer the question: ""Does it specify the number of cheese slices per item?"" My initial reaction is that the answer is ""No,"" because the context – the nutrition information for a McDonald's Bacon McDouble (No Bun) – doesn't mention cheese slices at all. But I need to be precise.

I'm getting caught up in the nuances of how these evaluations work. Am I grading whether the context *provides enough information* to address the *topic*, or if the *question itself* can be directly answered based on the context? Usually, a lack of information would mean a low grade, but this question is a yes/no question in itself.

The question explicitly asks ""Does it specify…?"" If the answer is ""No,"" then, by definition, the question *can* be answered. The context allows me to definitively say ""No, it does not specify."" So, in that sense, the question is definitely answerable.

But, I'm thinking about typical QA evaluations, where a lack of information gets a low score. Here, however, the question is specifically about *specification*. So, answering ""No"" means I've answered it. It seems counter-intuitive to penalize something for *not* providing information when the question is about whether information is *specified*.

I'm going to lean towards the interpretation that, since the question can be completely and accurately answered as ""No,"" I can assign a higher score, like a 5. The question is ""Does it specify...?"". I can confidently say ""No.""


","**Analyzing the Query: Cheese Slice Specificity**

Okay, so the prompt is asking me if the provided context specifies the number of cheese slices in a McDonald's Bacon McDouble (No Bun). The context is nutritional information, specifically the calorie count. I need to figure out if that particular text contains the answer.

My first thought: Does the nutrition information explicitly *state* the number of cheese slices? No, it doesn't. But is that enough? Typically in these evaluations, even if the answer is ""no,"" if the context allows me to definitively determine the answer (which it does), then it's a ""yes"" for sufficiency.

The actual question is, ""Does it specify..."" and my answer based on that context would be ""No, it does not specify."" The context *enables* me to answer the question, even if the answer is negative. Therefore, I can confidently rate this as a 5. The context allows me to answer the question, even if the information provided is negative.


",Hallucinated Context,"Both models suffered from context hallucination by inventing a query about cheese slices instead of evaluating the actual numeric query '146187'. However, Model B regressed by awarding a non-zero relevance score (1 instead of 0), falsely assigning partial relevance to a completely irrelevant document."
168216,4493877,168216,"The first symptoms of Legionnaires' disease are usually headache, muscle pains, fever, and chills. The symptoms worsen after one to two days and then may include. cough and shortness of breath (worsens as the pneumonia progresses); gastrointestinal symptoms (nausea, vomiting, and diarrhea); confusion; chest pain; and.",0,0,1,N/A,N/A,Hallucinated Relevance,The query consists solely of an uninformative numeric string ('168216') that has no connection or semantic overlap with the document about Legionnaires' disease symptoms. Model B erroneously inferred a weak relevance score instead of recognizing the complete lack of topical match.
183378,3719076,183378,Narrowed it down to these two: D) All genes are transcribed into mRNAs that are translated into proteins E) The exons in an mRNA ar ecomplementary in sequence to the template strand of the gene. Follow. 1 answer 1.,1,1,0,"**Evaluating the Relevance of the Context**

Okay, here's my thought process on this. The task is to determine if the given context allows me to answer the question: ""How do exons contribute to mature mRNA structure?"". My initial assessment is that the context is *extremely* limited. We're given two statements: ""D) All genes are transcribed into mRNAs that are translated into proteins E) The exons in an mRNA are complementary in sequence to the template strand of the gene.""

Now, as an expert, I know the nuances here. While statement E mentions ""exons,"" it doesn't even begin to address how they contribute to the *structure* of the mature mRNA. We're missing critical information about splicing, coding regions, the role of exons in defining the final mRNA sequence, and the overall structural organization. It's a fundamental deficit.

The context provides a minimal, almost irrelevant, piece of information. The complementarity to the template strand is a basic concept, but it doesn't give me any insight into the structural contribution of exons. In standard evaluation terms, this falls flat. The question of ""How do exons contribute to mature mRNA structure?"" *cannot* be answered with this limited context. It doesn't even scratch the surface.

Therefore, I'm leaning toward a very low score. I'm torn between a ""minimally relevant"" (1) and ""not relevant at all"" (0). Considering the lack of any real answer, I'm going with a 0. The context is insufficient and offers no direct or even indirect help in answering the question. The context provided is not relevant or complete at all.


","**Analyzing the Relevance of Context to Exon's Role in mRNA Structure**

Okay, so the question is about how exons contribute to the structure of mature mRNA. The provided context, however, is pretty thin. It gives me a snippet from a multiple-choice question: ""The exons in an mRNA are complementary in sequence to the template strand of the gene."" That's not much to go on, is it?

Based solely on this, I'm finding it difficult to give a comprehensive answer. The context *mentions* exons, and a very basic relationship to the template strand, but it doesn't describe the key processes like coding regions, splicing, or the removal of introns. Considering this limited info, I'd say the information provided is not enough to give a full answer. It's minimally relevant, if even that.

So, I'm forced to evaluate whether the question can be answered based on what's given. In this case, the provided context provides almost no real information regarding mature mRNA structure. It just tells me one very simple fact about the relationship of exons to the template strand of the gene. So, I'd have to grade that as a ""1"" at best, or maybe even a ""0"" since it's not really answering the question. The information is not relevant or complete. In this case, I'll go with a 0 or 1 because I am forced to assign a value.


",Overly Strict Relevance Threshold,"Both models recognized that the context offered minimal topical overlap regarding exons and mRNA without providing a complete answer. While Model A appropriately assigned a score of 1 to reflect this minimal relevance, Model B set an overly strict completeness threshold, penalizing the snippet's lack of comprehensive detail and downgrading it to 0."
1117099,2068354,1117099,"In a subduction zone, plate subduction forms a trench and uplift area parallel to the trench and causes igneous activity and earthquakes. Such uplift area is called a volcanic island arc or island arc because it is a curved chain of islands and volcanoes. Volcanic arcs formed on the edge of continent without marginal seas are continental margin arcs.",0,0,1,N/A,N/A,Assumed Relevance for Unmatched Query,"The query is an arbitrary numeric identifier ('1117099') with no semantic connection to the geological content of the document. Model A correctly assigned a score of 0 due to zero relevance, while Model B gave an unmerited score of 1, likely assuming weak relevance or failing to strictly penalize completely unrelated queries."
146187,8544933,146187,"How many pieces are there in a domino set? Use the formula (n+1)(n+2)/2, where n is the number on the highest double in the set. For a double 12 set: 13 x 14 / 2 = 91.",0,0,1,"**Evaluating Relevance**

Okay, so I'm looking at this question: ""Does it specify the number of cheese slices per item?"" My initial reaction is, based on the question itself, this is a pretty straightforward evaluation of relevance. The context provided is a calculation about the number of pieces in a domino set – using that formula, (n+1)(n+2)/2. I'm taking the pieces of the problem and comparing them directly. The question's about cheese slices, and the context is all about dominoes and a formula for counting dominoes. It's blatantly unrelated. There's absolutely nothing in this domino discussion that would even *remotely* allow me to determine anything about cheese slices. Therefore, my assessment is that the answer is completely irrelevant and utterly incomplete. Based on this, I'm assigning it a grade of 0. There's no connection whatsoever.


","Okay, here's my interpretation of that thought process, tailored for an expert audience:

**Analyzing Contextual Irrelevance**

Alright, so the prompt is explicitly asking for a relationship between ""cheese slices"" and an ""item,"" and the supposed ""item"" is revealed to be a domino set. Immediately, a red flag goes up. The provided context offers absolutely no data, implicit clues, or inferential possibilities regarding cheese slices. I'm seeing a complete disconnect between the query's core components and the provided information. This isn't a case of subtle ambiguity, or a question requiring some lateral thinking; it's a fundamental lack of relevant data. The scoring reflects this appropriately: a solid zero. It's a textbook example of a question that simply can't be answered based on the input. I need more information; this question is a dud.


",Score-Reasoning Inconsistency,"Model B's reasoning explicitly determined that the document was completely irrelevant and concluded with 'a solid zero', but it erroneously emitted a final score of 1 instead of matching its stated conclusion."
1129237,4141012,1129237,"Hydrogen is certainly not a colorful chemical element. But it has one surpassing feature. The hydrogen atom happens to be the smallest and lightest of all atomic elements. At temperatures above minus 423 degrees Fahrenheit, it boils and becomes the lightest of the gases.ydrogen is certainly not a colorful chemical element. But it has one surpassing feature. The hydrogen atom happens to be the smallest and lightest of all atomic elements. At temperatures above minus 423 degrees Fahrenheit, it boils and becomes the lightest of the gases.",0,0,1,N/A,N/A,Spurious Relevance Assignment,"The query consists solely of an arbitrary numeric identifier ('1129237') with no lexical or semantic connection to the passage about hydrogen. Model B erroneously awarded partial relevance (score 1) despite a complete lack of relevance, whereas Model A correctly recognized that there is no relationship."
1113437,5188746,1113437,"The blue spruce, green spruce, white spruce, Colorado spruce or Colorado blue spruce, with the scientific name Picea pungens, is a species of spruce tree.It is native to the Rocky Mountains of the United States.Redirected from Picea pungens). The blue spruce, green spruce, white spruce, Colorado spruce or Colorado blue spruce, with the scientific name Picea pungens, is a species of spruce tree. It is native to the Rocky Mountains of the United States.",0,0,1,"**Analyzing the Information for Relevance**

Okay, so the user's question is pretty specific: ""Are persistent sterigmata explicitly described on the twigs?"" My job is to figure out if the provided context actually answers that. I take a quick look and, well, it's pretty clear this is a no-go. This description of *Picea pungens*—blue spruce, green spruce, all that—is broad. It focuses on the species' general characteristics and geographical origin. I'm not seeing any mention of ""sterigmata,"" which I know relates to the modified leaf bases on conifer twigs, or the word ""twigs"" themselves.

Since the context is completely devoid of those key terms, it's not even remotely useful in answering the question. This calls for a rating of zero. The information is irrelevant and completely incomplete to the prompt.


","Here's my thought process, as if I were analyzing this:

**Initial Assessment: Contextual Analysis**

Okay, so I'm presented with information on *Picea pungens*, the blue spruce. The core question is: does the provided context *explicitly* describe persistent sterigmata on its twigs? My immediate reaction is to go back and scan the material.

Hmm, I'm not seeing any mention of ""twigs"" or ""persistent sterigmata"" in the context, not even a roundabout description that could be interpreted that way. The query is quite specific - are they *explicitly* described? The answer, based on this limited information, is a clear negative.

Then I paused – this seems like a standard information retrieval prompt. I need to be sure. The underlying objective is not necessarily to *know* the answer, but to evaluate whether the answer is present within the given context. The task, as I understand it, involves determining if the information is explicitly *available* within the provided text. If the context fails to provide that information, the evaluation system, I assume, should mark that as a negative result (and I suspect a zero score).


",Score-Reasoning Inconsistency,"Model B correctly deduced that the text completely lacked the required information and even noted in its reasoning that it should likely receive a score of zero, but it inexplicably output a score of 1, contradicting its own analysis."
146187,5590506,146187,"McDonald’s Southwest Crispy Chicken Salad: 480 Calories, with 24 grams of fat. McDonald’s Bacon McDouble Cheeseburger: 440 Calories, with 22 grams of fat. The reason that the salads are so unhealthy is due to the fact that they come with a lot of high calorie foods. First off, the salad comes with a very high fat dressing.",0,0,1,"**Analyzing the Context for Cheese Slice Information**

Okay, so the prompt wants me to figure out if this given text snippet tells me how many cheese slices are in each menu item. Let me see, the context is talking about the calorie and fat content of a McDonald’s Southwest Crispy Chicken Salad and a Bacon McDouble Cheeseburger, and then it goes on about why the salad is ""unhealthy"" because of its high-calorie dressing. Hmm, nothing about the number of cheese slices there.

My assessment is that the context is *not* providing the answer. The question specifically asks about a number, and that number isn't present in this information at all. Therefore, since I can't derive the number of cheese slices, the question cannot be answered based on the provided text.

Now, let's look at the possible answer choices. ""0: The answer is not relevant or complete at all"" sounds like the most accurate choice here. Since the context doesn't have the data, the appropriate score would be a zero.


","**Analyzing the Context for Cheese Slice Specificity**

Okay, so the prompt wants to know if the provided context specifies the number of cheese slices per item. Let's see... the context mentions ""McDonald’s Southwest Crispy Chicken Salad..."" and ""McDonald’s Bacon McDouble Cheeseburger..."" Hmm, nope, nothing about cheese slices in either of those.

Now, let me think. The usual evaluation criteria for these things is about how well the question can be answered *given* the context. The important thing is whether the question *can* be answered. Can I answer the question ""Does it specify the number of cheese slices per item?"" based on this context? No, because it doesn't give *any* information about cheese slices.

Okay, so based on that, the context score should be zero – or maybe one, depending on the system. It can't be answered. I have to read the question again: ""Does it specify the number of cheese slices per item?"" The answer is unequivocally ""No."" However, it's not a question of an *incorrect* answer but rather whether the information is present.

If the system follows standard practices, the context score of zero means the context is entirely irrelevant to the question. It doesn't contain the answer, and that's the whole point.


",Score Inconsistency / Scale Confusion,"Model B correctly recognized that the document contained no information to answer the query, but wavered on the scoring criteria ('zero – or maybe one') and ultimately output a score of 1, contradicting its own conclusion that the context is completely irrelevant."
359349,8167111,359349,Play with a trapezoid: The parallel sides are the bases The other two sides are the legs The distance (at right angles) from one base to the other is called the altitude Area of a Trapezoid,1,1,2,N/A,N/A,Hallucinated Relevance,"The query '359349' is a non-semantic number with no connection to the document discussing trapezoid geometry. Model B over-evaluated the match and assigned a partially relevant score (2) to completely unrelated content, whereas Model A correctly recognized the total lack of relevance and scored it 1."
168216,1766533,168216,"Pneumonia is an inflammation of the lung that is most often caused by infection with bacteria, viruses, or other organisms. Occasionally, inhaled chemicals that irritate the lungs can cause pneumonia. Healthy people can usually fight off pneumonia infections. Streptococcus pneumoniae is the most common cause of pneumonia and, in fact, all bacterial upper respiratory infections. 2  It can produce severe pneumonia, with mortality rates of 10%. 3  Nevertheless, pneumococcal pneumonia responds very well to many antibiotics.",0,0,1,"**Assessing the Question's Answerability**

Okay, so I've got this question: ""What specific virulence factors of *L. pneumophila* are implicated in pneumonia pathogenesis?"" Right away, I'm thinking, ""Can this be answered from what I've got?"" And I scan the context provided. It's a general discussion about pneumonia, covering bacterial and viral causes, and mentions *Streptococcus pneumoniae*. But, *L. pneumophila*? Nope. Not a peep about Legionella, its lifecycle, or any of its virulence factors, like the Dot/Icm secretion system or any of its effector proteins. So, the answer's a definitive no. Given that complete lack of relevant information, I have to give this a resounding 0. The context is completely silent on the topic, making any kind of reasoned response impossible based solely on what's available.


","Here's my assessment of the situation:

**Analysis of Question Relevance and Contextual Limitations**

Okay, so I'm being asked if the information at hand allows for a response to the question: ""What specific virulence factors of *L. pneumophila* are implicated in pneumonia pathogenesis?"" Let's break this down. My immediate thought is, does the provided context even contain anything remotely relevant to *Legionella pneumophila* or its virulence factors?

I scan the text – pneumonia, *Streptococcus pneumoniae*, antibiotics... the usual suspects when discussing pneumonia in a general sense. But, and this is crucial, there's absolutely *nothing* mentioned about *L. pneumophila*, much less any of its specific virulence factors like the Dot/Icm secretion system, effector proteins, or macrophage infectivity potentiator (Mip) protein. In my estimation, the provided text doesn't even begin to touch on the specific pathogens.

Therefore, the inevitable conclusion, given my expertise and understanding of this field, is that this question is completely unanswerable based on the information provided. There is simply not the required context to begin to even approach answering the user's question, and that's the only honest answer I can give. I'd give it a solid zero.


",Score-Reasoning Inconsistency,"Model B's textual reasoning correctly deduced that the document completely lacked relevant information and explicitly concluded with 'I'd give it a solid zero', but it erroneously assigned a final score of 1 instead of 0."
87181,5861170,87181,"High Blood Pressure Causes. In 90% of people with hypertension, the cause of high blood pressure is not known and is referred to as primary or essential hypertension. While the specific cause is unknown, there are risk factors that can contribute to developing high blood pressure.",0,0,1,"**Evaluating the Question's Answerability**

Okay, let's break this down. My task is to determine if I can answer the question ""Are chronic afterload elevation mechanisms detailed?"" using the provided context. I immediately see the context is about high blood pressure and mentions essential hypertension, which means the cause is unknown in a majority of cases. It also points out risk factors.

However, the key terms are conspicuously absent. There's zero mention of ""afterload elevation mechanisms"" anywhere in the text. Absolutely nothing. It's like looking for a specific enzyme pathway in a textbook chapter about general cellular structure – completely unrelated.

Therefore, considering the content available, the question cannot be answered. The provided information is completely irrelevant to the question's focus. The context does not address the question at all. A grade of 0 seems accurate. There is no information that can be considered.


","Here's my thought process, distilled:

**Analyzing the Question and Context**

Okay, the prompt wants to know if the text details ""chronic afterload elevation mechanisms."" My initial read indicates that the provided context deals with ""High Blood Pressure Causes,"" mentioning essential hypertension as being idiopathic in most cases. It lists risk factors, but I'm not seeing any explicit discussion of the mechanisms related to chronic afterload elevation. This seems straightforward - the text just doesn't go there.

My first impression is that the answer is *no*. However, I need to be precise. The prompt also notes that the evaluation is based on whether the question can be answered from the provided text. So, the lack of detail on the specific mechanism is significant, even though I, as an expert, might know the mechanism.

Therefore, since the context doesn't offer the information needed, and I need to strictly address whether the question is answerable *from this limited context*, the appropriate score is 0. The context does not provide sufficient detail to answer the question.


",Score-Reasoning Inconsistency,"Model B correctly deduced in its chain of thought that the text does not contain the required information and explicitly concluded that 'the appropriate score is 0', yet failed to align its final output score with its reasoning, assigning a 1 instead."
1133167,434126,1133167,"The Weather in Jamaica is probably warm and cozy because the Bahamas is close to Jamaica so can can infer that is probably war in cozy in Jamaica Like it is in the Bahamas... From, Peace Pat.",1,1,0,"Here's my thought process on grading this question:

**Assessing Answerability: Severe Weather Advisories**

Okay, so I'm being asked to determine if the provided context allows me to answer the question: ""Are any active severe weather advisories issued?"" My initial assessment is clear: the context, which describes the weather in Jamaica and the Bahamas as ""warm and cozy,"" has absolutely nothing to do with severe weather advisories. The user's input focuses on general temperature and comfort, which is irrelevant to the question.

Therefore, since I cannot ascertain an answer with the provided text, I need to choose the appropriate grade from the options. The key here is to determine whether the question can be answered at all, regardless of whether the provided response is correct.

I see that a score of 0 signifies that the answer is ""not relevant or complete at all."" Given the context is completely unrelated, I think ""0"" is perfect here. It's a binary issue: can the question be answered or not? In this case, definitely not.


","**Analyzing the Query and Context**

Okay, so I'm presented with a scenario about Jamaican weather, supposedly ""warm and cozy"" due to its vicinity to the Bahamas. Interesting, but it's pure speculation; no real data here. The question is straightforward: ""Are any active severe weather advisories issued?""

Hmm, can I actually answer that *based on the given context*? Not in any meaningful way. The context is completely silent on the topic of severe weather advisories. It would be disingenuous to say ""Yes"" – because there's absolutely nothing to support that claim. Equally, I can't definitively say ""No,"" because the lack of information doesn't *prove* the absence of advisories. It’s a data vacuum!

So, the issue is about *relevance* and *completeness*. The context is fundamentally incomplete. Technically, the best response would be something like, ""No information available."" But that is the same as saying it's not answerable. Therefore, a score of zero or one is appropriate; since no relevant information is available, a score of zero is the best call. I must assess the context's *ability* to provide the answer and, in this case, it is simply incapable.


",Over-penalization of incomplete context,"While both models evaluated the document against severe weather advisories, Model B explicitly considered giving a score of 1 but strictly over-penalized the lack of direct information, concluding that a complete absence of relevant advisories warranted a score of 0 instead of 1."
131843,7410359,131843,"© The Weather Company, LLC Monitor severe weather conditions and forecasts for TPC at Summerlin using the new Tornado Central storm tracker map, and get tornado and severe thunderstorm safety and preparedness tips from weather.com and The Weather Channel.",0,0,1,"**Analyzing the Context for Specificity**

Okay, let's break this down. My objective here is to determine if the given context answers the question: ""Does it specify the issuing authority and geographical scope?"" I need to quickly and accurately assess the provided text: ""© The Weather Company, LLC Monitor severe weather conditions and forecasts for TPC at Summerlin using the new Tornado Central storm tracker map, and get tornado and severe thunderstorm safety and preparedness tips from weather.com and The Weather Channel.""

First, issuing authority. The text explicitly names ""The Weather Company, LLC,"" ""weather.com,"" and ""The Weather Channel."" These are the sources. That seems clear-cut.

Now, for geographical scope. The text mentions ""TPC at Summerlin,"" a well-known golf course in Las Vegas, Nevada. This gives me the geographical area of focus.

The question asks if it *specifies* these elements, not just mentions them. And it definitely *specifies* them. The context *does* provide this information directly. So, I can definitively state that the issuing authority and geographical scope *are* specified within this context. Therefore, my assessment is a grade of 5; the question can be fully and accurately answered based on the provided context.


","**Analyzing the Copyright Notice**

Okay, so I'm looking at this copyright notice and this question about issuing authority and geographical scope. It seems straightforward, but let's break it down. The context mentions ""The Weather Company, LLC,"" which is clearly the issuing authority – they're the ones behind ""TPC at Summerlin"" and weather.com, and by extension The Weather Channel. So that answers part of the question.

Then, there's ""TPC at Summerlin"". That *is* the geographical scope, at least in the context provided. It's the specific location of the monitoring tool. The question is whether it's *explicitly* specified; well, yes, it's right there. We have the provider and the location in the text itself.

So, can the question be answered *based* on this context? Absolutely. The answer is directly provided. It's not implicit; it's right there in black and white. Now, the key is to determine how well the text answers it; but for this exercise, yes is the obvious answer. So, the question is, is this a 4 or a 5? I think the answer is clear, so it's a 5.


",Hallucinated Query,"Both models hallucinated an entirely unrelated evaluation task regarding an 'issuing authority and geographical scope' instead of evaluating the actual numeric query '131843'. However, Model B regressed by allowing this hallucinated reasoning to result in a positive relevance score of 1 for a completely irrelevant document, whereas Model A correctly produced a final score of 0."
131843,2084706,131843,"What to do in event of tornado watch, warning. Editor's note: The following is advice from CNN Meteorologist Sean Morris on steps you can take when a tornado watch or a tornado warning is issued in your area. A tornado watch means that tornadoes, high winds, and hail are possible in the watch area. When a watch is issued in your area, keep abreast of the latest information by monitoring television, radio, and NOAA weather radio.",0,0,1,N/A,N/A,Spurious Relevance Attribution,"The query consists solely of an arbitrary numeric string ('131843') that has no connection to tornado safety advice. Model B incorrectly assigned a non-zero relevance score to completely irrelevant content, likely due to an overly lenient scoring threshold or misinterpreting unrelated text as partially relevant."
264014,5635516,264014,"Fleas reproduce much like butterflies do. Females lay eggs, which hatch into worm-like larvae. The larvae spin cocoons and become pupae. An adult flea emerges from the cocoon. In a population of fleas, about half are eggs, and about five percent are adults.Female fleas can lay eggs only if they've had a meal.emales lay eggs, which hatch into worm-like larvae. The larvae spin cocoons and become pupae. An adult flea emerges from the cocoon. In a population of fleas, about half are eggs, and about five percent are adults. Female fleas can lay eggs only if they've had a meal.",1,1,0,"**Analyzing the Context for Relevant Information**

Alright, let's break this down. The user has posed a perfectly valid question: ""How do ambient temperatures modify egg-to-adult development time?"" My task is to assess if the provided text offers any insight into this. I need to be objective, and only make judgements based on the text.

I scan the text, looking for keywords or concepts related to the question. I see descriptions of the flea life cycle – eggs, larvae, pupae, adults, and the critical need for a blood meal for egg production. However, there is no discussion of temperature, ambient or otherwise, nor is there any mention of how long any of these stages takes or what affects them. The text is specifically about the basic stages of flea development, and does mention the need of a blood meal for laying.

Therefore, as it stands, I'm forced to conclude that the information in this text is completely irrelevant to answering the user's question. Based on the provided content, there's absolutely no basis for determining how temperature impacts flea development time, or any part of that cycle. A 0 score is appropriate here.


","**Assessing the Applicability of the Context**

Okay, so I'm looking at this question: ""How do ambient temperatures modify egg-to-adult development time?"" My task is to figure out if the provided text can even begin to address this. I'm expecting to see something, *anything*, about temperature's impact on the lifecycle.

I'm quickly scanning the context. I see flea reproduction described – stages from eggs to adults, the larval phase, pupae, cocoons, and the importance of a blood meal for egg-laying. It seems to detail the *process* of reproduction.

But, I am drawing a blank. There's absolutely nothing in here about ambient temperature, let alone how temperature affects development *time*. The text is all about the life cycle stages, not the environmental factors influencing them.

Therefore, this context is useless for this specific question. It’s like trying to bake a cake with a screwdriver. Zero relevance. The answer simply *cannot* be found here. My score, for this exercise, will be a big fat zero. The answer is completely unhelpful, based on the material I have.


",Ignored partial relevance,"Model B used an overly strict, all-or-nothing evaluation standard, completely dismissing the document because it lacked information on ambient temperature, whereas the document provides partially relevant topical context about the egg-to-adult life cycle stages."
148538,2455776,148538,"BSN programs typically last 3-4 years. With a BSN you can work in private medical and surgical hospital, a physician's office, public medical and surgical hospitals, home health care services, and nursing facilities. Having a BSN can result in more opportunities and better salary than just an associate degree. The bachelor's degree prepares nurses for a wide variety of professional roles and graduate study. Course work includes nursing science, research, leadership, and",1,1,2,N/A,N/A,Hallucinated Relevance,"The query consists entirely of an opaque numerical identifier ('148538') with no clear connection to nursing or BSN programs. Model B over-estimated relevance and assigned an inflated score of 2, whereas Model A appropriately aligned with human judgment by keeping the score at 1."
87181,5197130,87181,"Right ventricular hypertrophy. Description, Causes and Risk Factors: Abbreviation: RVH. Right ventricular hypertrophy is the increase or the enlargement in the size of the right ventricle of the heart. The right ventricle is responsible for pumping blood towards the lungs. In the lungs, blood is mixed with oxygen and then pumped back to the left ventricle to be eventually distributed to the brain and to other parts of the body. There are several possible causes of right ventricular hypertrophy.",0,0,1,N/A,N/A,Hallucinated Relevance,"Model B assigned relevance to a document about right ventricular hypertrophy for the numeric query '87181' (likely a zip code or unrelated CPT code), incorrectly assuming an ungrounded topical or medical connection where none exists."
182539,7371255,182539,"Figure 1. A monotonically increasing function (it is strictly increasing on the left and right while just non-decreasing in the middle.). Figure 2. A monotonically decreasing function. In calculus, a function f defined on a subset of the real numbers with real values is called monotonic (also monotonically increasing, increasing or non-decreasing), if for all x and y such that x ≤ y one has f (x) ≤ f (y), so f preserves the order (see Figure 1).",2,2,1,N/A,N/A,Over-weighted Lexical Mismatch,"Model B likely downgraded the document due to the absence of the exact numerical query ('182539') in the text, failing to preserve the ground-truth relevance when facing an opaque or ID-based query."
915593,5866302,915593,"1 When cooking ribs in the oven, place ribs on rack of a broiler pan. 2  Brush with KRAFT or BULL’S-EYE Barbecue Sauce, then bake at 350°F for 1 hour 15 min. or until ribs are done, turning and brushing occasionally with additional barbecue sauce. 3  Ribs are not just for grilling. When grilling ribs, plan on a cooking time of 1 hour to 1 hour 30 min., depending on the size and type of ribs used. 2  To speed up the cooking time when grilling ribs, simmer the ribs in boiling water for 20 min. 3  before adding them to the grill.",0,0,1,"**Assessing the Applicability of the Provided Text**

Okay, let's break this down. My immediate task is to determine if the given text can definitively address the query: ""Does it differentiate sous vide approaches for fibrous versus starchy vegetables?"" Given my expertise, I'm already anticipating nuanced distinctions and specialized techniques.

My initial assessment reveals a critical disconnect. The provided text is centered around the topic of cooking ribs, specifically methods such as oven and grill, which are traditional approaches. No mention of sous vide technology surfaces. Further compounding the issue, there is absolutely no discussion of vegetables of any kind, whether they are fibrous or starchy.

Consequently, it's immediately evident that the provided context offers *zero* useful information pertaining to the original question. It's completely orthogonal to the specific subject matter being investigated. I am unable to glean any relevant or useful answer to the question from the given text.

Therefore, considering the lack of relevance and complete absence of the required information, the appropriate evaluation is a grade of 0. The context does not allow me to provide any meaningful answer to the specific query regarding sous vide and vegetable differentiation.


","Okay, let me break this down.

**Analyzing the Question and Context: A Clear Mismatch**

Right, so the question dives into *sous vide* cooking techniques specifically for fibrous versus starchy vegetables. However, all the information provided is entirely about ribs – oven-baked or grilled, no mention of water baths or vegetables. It's a classic case of apples and oranges. My immediate thought is, ""This is a dead end."" There's absolutely nothing in this rib-centric context that even remotely touches on the *sous vide* preparation of vegetables. It’s like searching for a software solution in a hardware manual. I can't derive any useful information to address the posed query. But hold on, the prompt is very specific: ""Can the question be answered based on the available context?"" My answer is a resounding ""no."" There's no possible way to answer the question about *sous vide* vegetable preparation using this particular information. A solid grade 0 is the only applicable response here.


",Score-Reasoning Inconsistency,"Model B's reasoning correctly identified that the context was completely irrelevant and explicitly concluded that 'A solid grade 0 is the only applicable response here', but it erroneously emitted a final score of 1 instead of matching its own conclusion."
146187,1230566,146187,"There are 280 calories in a 1 burger serving of McDonald's Double Cheeseburger (No Bun). Calorie breakdown: 67% fat, 4% carbs, 28% protein.",1,1,2,N/A,N/A,Hallucinated Connection,"The query '146187' appears to be an arbitrary numerical ID or code with no discernible topical relation or textual overlap with nutritional information for a McDonald's cheeseburger. Model B inappropriately assigned partial relevance, likely hallucinating a connection or defaulting to an overly lenient score for ambiguous/unclear queries, whereas Model A correctly rated it as irrelevant (score 1)."
1133167,4265711,1133167,"The climate is temperate marine and generally mild year-round. Daytime temperatures range from 40 degrees in the winter to 75 degrees in the summer. Morning and evening fog rolls in during the summer and winter months, and can burn off by midday. The best months to visit can often be May/June and September/October.",0,0,1,"**Analyzing the Context for Severe Weather Information**

Okay, so the user's question is straightforward: can I determine if there are any active severe weather advisories based on this text? Let's break it down. The text describes the climate of a place as temperate marine, with mild temperatures throughout the year, ranging from 40 to 75 degrees. That’s helpful background information, but... *this* isn't the kind of data that would let me make a determination about current advisories. I’m looking for something specific about storm systems, warnings, or even just mentions of recent weather events, but there’s absolutely nothing here that would relate. Given the complete lack of relevant data, I'm forced to conclude that this question simply can't be answered using this specific context. The information isn't present, and therefore, the answer isn't relevant or complete. A zero is appropriate here.


","**Evaluating the Context's Relevance**

Okay, I need to figure out if I can actually answer the question, ""Are any active severe weather advisories issued?"" based on this information. I'm looking at the provided context: climate, temperatures, fog, and the best months to visit...right. Hmmm, none of this material *directly* addresses the existence of severe weather advisories. It's all about general weather patterns and seasonal considerations. There's absolutely nothing here about current warnings, watches, or advisories for severe weather events like tornadoes, hurricanes, or anything else that would trigger an alert.

So, realistically, I can't determine the answer one way or the other from what's given. It's a non-starter. The information required for that assessment simply *isn't present*. The question is completely unanswered and the context is irrelevant. Let's give this a 0. No dice.


",Score-Reasoning Inconsistency,"Model B correctly determined in its reasoning that the context was completely irrelevant and explicitly concluded with 'Let's give this a 0', but contradicted its own internal logic by outputting a score of 1."
527433,3835734,527433,"Neurological injury due to damage in the central or peripheral nervous system may result in weakness, paralysis, or a lack of coordination of the motor-speech system, producing dysarthria.ysarthria may affect a single system; however, it is more commonly reflected in multiple motor-speech systems. The etiology, degree of neuropathy, existence of co-morbidities, and the individual's response all play a role in the effect the disorder has on the individual's quality of life.",0,0,1,N/A,N/A,Hallucinated Relevance,"The query consists solely of an arbitrary numeric ID ('527433') with no semantic relationship or keyword match to the medical text on dysarthria. Model A correctly identified the complete lack of relevance (score 0), whereas Model B was overly permissive and assigned relevance where none exists."
19335,3637071,19335,"1 Anthropological Theory: explain criminal behavior derived from more atavistic reasoning (e.g. physical appearance – physiological differences based on the Italian School of Criminology and criminologists like Cesare Lombroso, Enrico Ferri, and Ralfaele Garofalo).",0,0,1,N/A,N/A,Spurious Relevance,The query is an arbitrary numeric code (likely a ZIP code or ID) with zero semantic overlap with the document about anthropological theories of crime. Model B exhibited over-permissive scoring and hallucinated marginal relevance where none exists.
130510,1804608,130510,"Judgments. A judgment is a written statement of the reasons for a court’s decision. A typical judgment contains the following elements: 1  A statement of the facts of the case, and lower court rulings. 2  Identification of the legal issues involved in the case.",0,0,1,"**Analyzing the Context to Answer the Question**

Okay, here's the deal. I'm looking at this question: ""Does the definition clarify how it *preemptively resolves legal uncertainty* rather than just identifying existing rights?"" The prompt wants me to figure out if I can answer that question based on the provided text, which describes what a judgment is and its typical elements.

Right off the bat, I see a disconnect. The context defines ""judgment"" and lists its components – facts, lower court rulings, and legal issues. It's a standard definition. The question, however, is drilling down into whether something *preemptively resolves legal uncertainty*. This is a nuanced distinction, and the text I'm given doesn't even come close to addressing that concept. It doesn't mention declaratory judgments, or any mechanism that *preempts* legal issues, and I am fairly certain that this is an expected definition, given my experience. It just lays out the basic structure of a judgment.

So, can I answer the question? Absolutely not. The context is completely silent on this. The elements it lists are about *identifying* issues, not *preventing* them. The language required to answer the question is not present.

The prompt wants me to assign a grade. The scale indicates ""0: The answer is not relevant or complete at all (or the question cannot be answered)."" Considering the information available in the document, it's a clear-cut case of the question being unanswerable based on this text. I'll need to output a 0.


","**Evaluating the Context and the Question**

Okay, let's break this down. The core of this is about whether we can answer a specific question using a provided definition, right? The question is ""Does the definition clarify how it *preemptively resolves legal uncertainty* rather than just identifying existing rights?"" The key here is whether the definition *explicitly* addresses preemptive resolution.

I'm given the context: ""Judgments. A judgment is a written statement of the reasons for a court’s decision. A typical judgment contains the following elements: 1 A statement of the facts of the case, and lower court rulings. 2 Identification of the legal issues involved in the case."" Right, so it's a judgment definition. Does this definition say anything *at all* about preempting legal uncertainty? No. It's a description of what a judgment *is* and what it *contains*, not how it proactively addresses future ambiguity.

So, can I answer the question based on this context? Absolutely. The context *is* the definition, so I can directly assess whether it satisfies the query, and the answer is a definitive ""No."" The question asks a *yes/no* question, and the provided context enables a direct ""No"" answer.

Ah, I see a potential complication: am I evaluating an *answer* to the question based on the context, or am I assessing if the *question* can be answered? It's the latter. The question is ""Can *the question* be answered based on the available context?"" Since the definition is provided, and I can compare the definition to the question, then the question can be answered. I can answer the question! The answer is ""Yes,"" the question can be answered, because I can look at the definition and determine that it is *not* a clarifying definition. It provides enough information to answer the question, because the definition is present. I can inspect the definition and answer the question. I would rate my confidence in this evaluation as a solid 5.


",Flawed Meta-Reasoning,"Model B fell into a meta-reasoning trap by arguing that because the document lacks information on preemptively resolving uncertainty, it allows for a definitive 'No' answer to the evaluated question, erroneously concluding that the document is therefore sufficient to answer it."
168216,1090095,168216,Legionnaire disease can cause a massive pneumonia associated with collapse of the respiratory function. It can be an overwhelming and sometimes fatal illness. The disease was first identified as a sequel of the 1976 convention of the American Legion in some of the Legionnaires who had attended the convention.,0,0,1,N/A,N/A,Hallucinated Relevance,"Model B assigned relevance to an opaque numeric query ('168216') that shares zero semantic or lexical connection with the passage about Legionnaires' disease, failing to reject a completely non-matching document."
1124210,2433608,1124210,Xylem vessels xylem vessel: Vein-like tissue which transports water and minerals up a plant are involved in the movement of water through a plant from its roots to its leaves. Water: 1  Is absorbed from the soil through root hair cells.,0,0,1,N/A,N/A,Hallucinated Relevance,"The query consists solely of an arbitrary numeric identifier ('1124210') with no semantic connection to the biology text about plant xylem vessels. While Model A correctly identified that the document has zero relevance, Model B assigned a positive relevance score despite the complete absence of topical overlap."
1129237,618981,1129237,"For example water is a liquid for 100 degrees (Celsius). For most temperatures it is either a solid or a gas. At low pressures, the range of temperature for a liquid to exist is smaller. That is why water boils at less than 100OC at high altitudes.",0,0,1,N/A,N/A,Hallucinated Relevance,"The query consists solely of an arbitrary numeric identifier ('1129237') with no topical or semantic overlap with the document about water temperatures and boiling points. Model A correctly assigned a score of 0 for complete irrelevance, whereas Model B incorrectly awarded relevance despite the absence of any connection."
156493,4623707,156493,"Feeding goldfish in the aquarium, you can feed them once everyday. Goldfish need exercise and in aquariums they really don’t have the luxury of say the space they would have in a pond. Goldfish can develop a fatty liver which can cause health problems with goldfish pretty much the same as humans.",0,0,1,"**Evaluating the Question's Applicability**

Okay, let's break this down. My primary task is to determine if the provided context actually answers the question: ""Does it quantify age-dependent growth rate changes?"" I'm looking for any mention of growth rates that change over time, specifically related to age, within the context.

Scanning the text, I see discussions about goldfish feeding, exercise (or lack thereof), aquarium limitations, and the possibility of fatty liver. Hmm, not a single one of those points relates to changes in growth rate influenced by age. It's completely absent. Therefore, it's clear the context doesn't offer any information, or data points, relevant to answering that question.

Given this lack of connection, I'm leaning towards assigning a ""0."" It's either because the context is *not* relevant or complete. Since the question can't be answered by the text, my assessment should reflect that.

I'll quickly double-check the grading options, just to be sure. ""0: The answer is not relevant or complete at all."" Yes, that perfectly describes the situation. The context is insufficient to make a relevant determination or answer the question. It’s a 0.


","**Analyzing the Context and Question**

Okay, so the prompt is asking me if age-dependent growth rate changes are quantified, and I have to determine if the given context allows me to answer it. Let's see... the context mentions goldfish, feeding, exercise, tank size, and fatty liver disease. Hmm, none of that directly addresses, or even hints at, how growth rates change over time. There's nothing here about measuring or quantifying any age-related growth trends. The information provided is completely irrelevant to the question.

Wait a second, the prompt provides an instruction with a limited set of options and I have to select one. Ah, got it. The task isn't to *answer* the question directly, but to assess the context's ability to provide an answer. So, the question is: ""Can the question be answered based on the available context? choose one: ... 0: The answer is not relevant or complete at all."" The answer is clear: the information is neither relevant nor complete. Therefore, the grade I should choose is 0.


",Score-Reasoning Inconsistency,"Model B's reasoning accurately recognized that the context was completely irrelevant and explicitly concluded that a score of 0 should be assigned, but it ultimately emitted a final score of 1, resulting in a disconnect between its internal logic and the output score."
156493,4264246,156493,"Myth: Goldfish have a three second memory. In fact, goldfish actually have very good memories for fish. They can be trained to respond various ways to certain colors of light; different kinds of music; and other sensory cues.",0,0,1,"Here's my assessment of the situation:

**Evaluation of Question Relevancy**

Okay, let's break this down. The question posed – ""Does it quantify age-dependent growth rate changes?"" – is what I need to address. Now, I have been given the context, ""Myth: Goldfish have a three-second memory..."" I'm immediately noticing a significant disconnect. This whole goldfish memory myth has *nothing* to do with age-dependent growth rates. Absolutely no connection. It's like asking about the acceleration of a rocket and being given information on the migratory patterns of butterflies. It's completely irrelevant. Therefore, based on this, the answer is not at all relevant to the question, and certainly not complete. I have to assign a grade of 0.


","Here's my thought process, summarized as you requested:

**Assessing the Question's Answerability**

Okay, so the prompt wants to know if the question ""Does it quantify age-dependent growth rate changes?"" can be answered based on what's provided. The context focuses on goldfish memory, specifically some study or information related to it. My immediate thought is, ""No way."" There's absolutely nothing in this description about goldfish growth rates, let alone how those rates might change with age. It's a memory thing, not a growth thing. It seems like the obvious answer is ""zero.""

Wait, hold on a second. Am I assessing the validity of an *answer* itself, or am I determining if *the question* is answerable *based solely on the context*? The prompt specifically asks about answering *based on context*. Ah, I see. Since the context is silent on age-dependent growth, the question *cannot* be answered using only what's given. Therefore, the choice here is clear: 0. The context doesn't support an answer to the posed question.


",Reasoning-Output Contradiction,"Model B correctly deduced that the text was completely irrelevant and explicitly concluded that the score should be 0 in its reasoning, but suffered an alignment failure and mistakenly emitted a final score of 1."
87181,1740462,87181,Facet Hypertrophy: Definition. Facet Hypertrophy is an enlargement of the facet joint. It can increase to the point where. nerves in the spine come under pressure and can cause lateral recess stenosis with subsequent radiculopathy. The hypertrophic degenerated joint is also a pain generator of its own.,0,0,1,"**Analyzing the Relevance of the Provided Context**

Okay, here's the deal. I was asked if this text provides information on ""chronic afterload elevation mechanisms."" My initial thought is, based on the provided text about Facet Hypertrophy, this is a definite *no*. The text describes an enlargement of the facet joint, detailing its potential to cause nerve compression and subsequent radiculopathy. It talks about the joint itself being a pain generator. I see absolutely no connection whatsoever to ""chronic afterload elevation mechanisms."" This is a completely different pathophysiological realm. So, based on the context given, the question cannot be answered. My assessment: the relevance is zero. The context is not just incomplete, it's irrelevant.


","**My Assessment of the Query**

Okay, so I'm presented with a question: ""Are chronic afterload elevation mechanisms detailed?"" and the context I have to work with is about ""Facet Hypertrophy."" My initial thought is that this feels like a mismatch. I need to determine if there's *any* connection between these concepts. ""Chronic afterload elevation mechanisms"" is firmly in the realm of cardiovascular physiology, something I'm very familiar with. But ""Facet Hypertrophy"" sounds like something related to the spine or joints. I've scanned the information available to me. Based on my existing knowledge, there's absolutely no overlap or direct relevance here. The context provided doesn't even touch on anything remotely related to the cardiovascular system, afterload, or any of the mechanisms that might contribute to its elevation. Therefore, my assessment is a clear zero. I'm confident in saying the context does *not* answer the question.


",Score-Reasoning Inconsistency,"Model B's reasoning correctly identified that the context had zero relevance to the topic, explicitly concluding that its 'assessment is a clear zero,' but it contradicted its own reasoning by outputting a final score of 1."
1133167,3598492,1133167,"The Caribbean in January offers ideal weather for a winter beach vacation. You can expect warm and dry weather throughout the islands. January is the coolest month of the year for most of the Caribbean. That's not saying much, because temperatures there vary so little from season to season.",1,1,0,"**Grading the Context's Answer**

Okay, so I'm being asked to evaluate whether this context provides an answer to the question: ""Are any active severe weather advisories issued?"" Let's break this down. The context focuses on Caribbean weather in January, highlighting its generally ideal conditions: warm, dry, and the coolest month. My expertise allows me to recognize that this description is a very high-level overview of typical January weather.

Critically, there's *no* mention of severe weather advisories. No discussion of hurricanes, thunderstorms, heavy rainfall, or any weather systems that might trigger such advisories. Given that the context is silent on this crucial point, I have to conclude that the question, ""Are any active severe weather advisories issued?"" cannot be answered based on the provided information.

Therefore, according to the grading rubric, a score of 0 is the correct choice here. The answer is completely unhelpful and doesn't provide any relevant information to determine if any such advisories exist.


","**Analyzing the Information and the Task**

Okay, so I'm presented with a January Caribbean weather scenario – warm, dry, the coolest month. The core of the issue is whether there are any *active* severe weather advisories. Immediately, I check the context, and it's clear: there's *nothing* about advisories in the text provided. The focus is simply on the typical January weather pattern.

Now, I need to remember the evaluation criteria. It's not just about *answering* the question directly. It’s also about judging whether the question is even *answerable* given the available information. In this case, I'm only given a context and a question. Since the context doesn't mention any advisories at all, it's impossible to answer the question about *active* severe weather advisories.

Given the task and the lack of relevant information in the provided context, I need to assign a score. Based on my understanding of this kind of evaluation, a score of zero, indicating that the question cannot be answered from the provided context, is appropriate here.


",Hallucinated Query,"Instead of evaluating relevance against the actual query represented by the ID, Model B evaluated the document against a completely hallucinated question ('Are any active severe weather advisories issued?'), leading it to incorrectly conclude the context was irrelevant and assign a score of 0."
915593,2210592,915593,"Sous-vide is a method of cooking food sealed in airtight plastic bags in a water bath for longer than normal cooking times—72 hours in some cases—at an accurately regulated temperature much lower than normally used for cooking, typically around 55 °C to 60 °C for meats and higher for vegetables.",0,0,1,N/A,N/A,Hallucinated Relevance,"The query is an opaque numeric string ('915593') with zero topical connection to the document defining sous-vide cooking. Model A correctly identified the complete lack of relevance, whereas Model B hallucinated a connection or defaulted to a non-zero score for an entirely irrelevant match."
146187,3207058,146187,"Where does the capacity for debt end.”. The ratio of debt to income in Canada hit 164.6.4%, Statistics Canada said in December, up from 161.7% at the end of last year. That is just a bit less than the 170% household debt to income hit by Americans at the peak of the their housing bubble in 2007.",0,0,1,N/A,N/A,Hallucinated Relevance,"The query consists solely of an arbitrary number ('146187') with no presence or relation to the document discussing Canadian debt ratios. Model B exhibited an overly lenient threshold or hallucinated a connection, failing to recognize that the document is completely irrelevant (score 0)."
915593,3523599,915593,"Actually vacuum is a mis-represented concept in sous vide. Fact is, you don't need vacuum sealing entirely for sous vide cooking. If you can truly control the temperature of the water bath then all you need is to provide the food you are cooking a barrier from the water bath.",0,0,1,"**Assessing the Applicability of the Context**

Alright, let's break this down. The user's question, ""Does it differentiate sous vide approaches for fibrous versus starchy vegetables?"" requires a nuanced answer, specifically looking for differentiation in techniques based on vegetable type. My immediate thought is to check if the provided context actually touches upon this differentiation. Does it even *mention* vegetables, fibrous or starchy? Nope. The context is entirely focused on the vacuum sealing aspect of sous vide, or rather, the *lack* thereof, and how temperature control serves as an alternative. So, based purely on this provided information, there's absolutely no basis for answering the question regarding fibrous versus starchy vegetable sous vide techniques. Zero. The grade reflects the absence of relevant information.


","Okay, here's my interpretation of that thought process, tailored for an expert audience:

**Analysis of Textual Relevance for Vacuum Sealing Sous Vide**

Alright, I've got to be honest, this one's a bit of a non-starter. The prompt asked about vacuum sealing in the context of sous vide cooking, specifically with respect to fibrous or starchy vegetables. However, the provided text completely sidesteps that specific domain. There's simply no mention, hint, or even tangential reference to those vegetable types within the given context. It's a classic case of insufficient information. Based solely on this limited material, I'm forced to conclude that any answer relating to the original question would be pure speculation. The text, in short, offers nothing of substance for this particular query. Therefore, a grade of zero is assigned for relevance. This requires a different dataset or query for adequate assessment.


",Score-Reasoning Inconsistency,"Model B correctly deduced in its reasoning that the document is completely irrelevant and explicitly concluded that 'a grade of zero is assigned for relevance', but suffered an execution error by assigning an output score of 1 instead of 0."
130510,8287352,130510,DEFINITION of 'Adjudication'. A legal ruling or judgment. Adjudication can also refer to the legal process of hearing and settling a case. It usually refers to the final judgment or pronouncement in a case that will determine the course of action taken in reference to the issue presented.Next Up. legal ruling or judgment. Adjudication can also refer to the legal process of hearing and settling a case.,0,0,1,N/A,N/A,Hallucinated Connection,"The query consists solely of an arbitrary numeric string ('130510') that has no lexical or semantic connection to the legal definition of 'Adjudication'. Model B incorrectly assigned a non-zero relevance score, likely hallucinating an ungrounded connection or being overly lenient with uninterpretable queries, whereas Model A correctly identified complete irrelevance."
168216,2199602,168216,"Hot and cold water systems. There are various systems available to supply hot and cold water services that range in size, scale and complexity. All can present foreseeable risk of exposure to legionella.Temperature control is the traditional strategy for reducing the risk of legionella in hot and cold water systems.ot and cold water systems. There are various systems available to supply hot and cold water services that range in size, scale and complexity. All can present foreseeable risk of exposure to legionella.",0,0,1,N/A,N/A,Hallucinated Relevance,"The query is an arbitrary numeric string ('168216') with no connection or match to the document discussing legionella in hot and cold water systems. Model B incorrectly assigned relevance to a completely unrelated document, whereas Model A correctly scored it as 0."
87181,2497493,87181,An elevated pressure difference between the aortic pressure and the left ventricular pressure may be indicative of Aortic stenosis. Right ventricular pressure demonstrates a different pressure-volume loop than left ventricular pressure.,0,0,1,N/A,N/A,Hallucinated Relevance,The query '87181' is an arbitrary number (likely a ZIP code) with absolutely no connection to the medical passage discussing aortic and ventricular pressure. Model B erroneously assigned relevance to a completely unrelated document.
146187,32195,146187,"How to Cook a Cheeseburger. Community Q&A. Cheeseburger is a traditional, American favorite. It can be grilled, fried, or oven baked, and purchased at almost any corner or fast-food restaurant. For a tasty treat, try a homemade cheeseburger.",0,0,1,"**Evaluating the Question's Answerability**

Okay, let's break this down. The core of the issue is whether the provided text, which describes cheeseburgers in a general sense, answers the question: ""Does it specify the number of cheese slices per item?"" My initial instinct, based on a quick scan, is no. The context talks about cooking methods and availability, but not specific ingredients quantities.

This is a yes/no question, so if the answer is definitively ""no,"" that should be a complete answer based on the information given. I have confidently reached this conclusion through simple inspection. It's safe to say the context doesn't specify the cheese slice count. Should this warrant a grade of 5?

Hmm, let me think more critically. Am I interpreting the question correctly? Usually, when a question is asking ""Does it specify X?"", and the answer is ""No,"" based on a close reading of the text, that's a perfectly valid and accurate response. The absence of information *is* information in this case.

What if ""Can the question be answered"" implies we need to *find* the number, not just state that it's present? If so, the answer is 0. But the question is quite literal: ""Does it specify?"" It's not a request to *derive* the number from the text. This is important to distinguish.

Back to the primary question ""Does it specify...?"" I can answer this question precisely: ""No, it does not."" It's a clear ""no."" Looking at this from the perspective of prior knowledge, these types of yes/no questions, when answering what is (or is not) present in a text, typically warrant a '5' when the answer is complete and accurate.

Considering all this, a 5 seems appropriate. ""Does it specify..."" and the answer is a clear ""no"" -- this is highly relevant, and complete and accurate. I'm going to assign a 5.


","**My Assessment of the ""Cheese Slice Specification"" Question**

Okay, the prompt is asking if the text specifies the number of cheese slices per item. My initial instinct is ""No,"" because the context doesn't detail any steps related to cheese slices in a cheeseburger preparation. However, these prompts often test whether the answer is explicitly stated *or* can be definitively derived.

I need to make sure I’m interpreting the grading criteria correctly. The prompt asks, ""Can the question be answered based on the available context?"" My answer is ""No, it does not."" I have to ensure this is what is expected, so re-reading the prompt, which is about whether the text *contains* the answer.

Let me clarify my thinking: The context is brief and doesn't mention cheese slices at all, therefore, ""Does it specify...?"" The answer is No.

Now, am I overthinking this? Is a ""No"" answer, derived from the absence of information, a complete and accurate response in this context? Let's check:
- Question: ""Does it specify the number of cheese slices per item?""
- Context: No mention of cheese slices.

Okay, so I can definitively answer ""No, it does not specify."" The context allows me to completely and accurately answer the question. This is a solid ""5"" because it is a binary question (does or does not) and the text allows a definitive ""No"" answer.


",Scoring Calibration Error,"While both models suffered from prompt confusion/hallucination regarding a phantom question, Model B failed to assign the minimum relevance score of 0 for completely irrelevant text (query '146187' vs. cheeseburger document), resulting in a score regression to 1."
1133167,402083,1133167,St. Lucia weather in September and October is the worst part of the annual hurricane season. The number of rain days each month varies as well from a low of 12 in April to a high of at least 20 days from July through November.he average low temperatures hover around the mid-70s. But it's the rainfall that determines the popularity of each month with visitors. St. Lucia weather in February through May is part of a regular dry season.,0,0,1,"**Grading the Answerability of a Weather Advisory Question**

Okay, the user wants me to assess whether the provided context allows answering the question ""Are any active severe weather advisories issued?"" My initial thought is: No way. The context is all about the general weather patterns of St. Lucia, specifically focusing on its hurricane season and rainfall trends. It's giving me average temperatures, rain days, and dry season periods, essentially historical and climatological data. None of this touches on *current* active severe weather advisories.

Therefore, the only reasonable grade here is a zero. The question is entirely unanswerable based on this provided information. It's not just incomplete; it's completely irrelevant. The context gives me no tools to deduce anything about real-time warnings. It's like asking about the population of Rome based on a map of Europe. I’m going to double check the grading definition, just to be sure... yep, the answer is ""not relevant or complete at all,"" meaning no answer is possible. A resounding zero is the only logical conclusion.


","Here's my assessment of the situation:

**Analysis of the Severe Weather Inquiry**

Okay, so the query is specifically about *active* severe weather advisories. My provided context, however, is a broad overview of St. Lucia's climate and general weather patterns across various months. I see recurring months mentioned (September, October, April, July-November, February-May), but it's all historical, seasonal data. It's essentially a climatology report, not a real-time feed of current advisories. There's absolutely nothing in this data to indicate if any severe weather warnings are *currently* in effect, right now. Therefore, I'm forced to conclude the context is completely inadequate for answering the question. The information simply doesn't exist within the scope of this provided material. My answerability rating has to be a zero.


",Score-Reasoning Discrepancy,"Model B's reasoning was completely sound and concluded that the score should be 0 ('My answerability rating has to be a zero'), but it inexplicably assigned a final score of 1, resulting in an internal inconsistency between its chain of thought and final output."
47923,473809,47923,"Answers.com® is making the world better one answer at a time. At the distal end, and axon usually has a terminal arborization(Telodendria)- and extensive complex of fine branches. Each branch ends in a synaptic knob(Terminal button), a little swelling that forms a junction (synapse) with the next cell. It contains synaptic vesicles full of neurotransmitters.",1,1,0,N/A,N/A,Over-reliance on lexical match,"The query '47923' appears to be a benchmark query ID (e.g., from MS MARCO) rather than a natural language question. Model B strictly evaluated semantic and lexical overlap between the number and the biology text, resulting in a score of 0, whereas Model A preserved the ground-truth benchmark mapping."
168216,3540200,168216,"For the treatment of atypical pneumonias, macrolides are likely to be equivalent to fluoroquinolones and are currently more cost-effective. Quinolones provide exceptional coverage against atypical pathogens when infection with these organisms is suspected in patients with community-acquired pneumonia.",0,0,1,"**Assessing the Relevance of the Information**

Okay, so I've got this question: ""What specific virulence factors of *L. pneumophila* are implicated in pneumonia pathogenesis?"" and I need to figure out if the provided context actually helps me answer it. Let's see...

Right off the bat, I see the context focuses on treatment strategies for atypical pneumonias, specifically discussing the efficacy and cost-effectiveness of macrolides and fluoroquinolones. It even mentions ""atypical pathogens"" in a general sense. But, and this is the crucial part, *L. pneumophila* itself isn't mentioned, and neither are any of its specific virulence factors.

Therefore, since the context completely omits any direct or indirect reference to the bacteria in question or its specific mechanisms, the answer is a resounding ""no."" I can't derive *anything* related to the initial query from this information. This is a clear case of the context being entirely irrelevant. A grade of zero is absolutely justified here.


","Here's my assessment of the situation:

**Evaluation of Virulence Factor Inquiry**

Okay, so I need to figure out if this text snippet actually addresses the question of *Legionella pneumophila* virulence factors in the context of pneumonia. My initial read-through immediately flags a potential issue: the text is discussing macrolides and fluoroquinolones, which are treatments for atypical pneumonias, and mentions Legionella alongside other atypical pathogens. However, the connection is tenuous at best. I'm seeing antibiotic classifications and pathogen groupings, but *nothing* that dives into the specifics of *L. pneumophila*'s virulence factors. Not even a passing mention. This is a complete mismatch with the question at hand. Based on the provided content, there's absolutely no basis for answering the question about specific virulence factors. Therefore, I must give this a resounding zero.


",Score-Reasoning Inconsistency,"Model B's reasoning accurately concludes that the document is completely irrelevant and explicitly states it should receive a 'resounding zero', but the model failed to align its final numerical rating with its conclusion and outputted a score of 1 instead."
1133167,454662,1133167,"General Weather. Hawaii's dry season runs from April to October, so you should stay dry in September, but this depends a bit on which island you visit. Kauai always sees some showers in September, but the rain mainly occurs in the north and in the mountains, and showers are brief. September can be one of the hottest months in Hawaii, with hurricane weather systems causing humidity in the region.",0,0,1,N/A,N/A,Hallucinated Relevance,"The query is an uninterpretable numeric string ('1133167') with no discernible connection to Hawaii's weather. Model B was overly lenient and assigned a relevance score of 1, failing to recognize that the document is completely irrelevant to the query."
1133167,3225169,1133167,Atlantis Weather: 1  The climate in the Bahamas is sub-tropical. 2  In the islands there are basically two seasons: Wet and Dry. 3  Average temperatures range between 70 to 90 degrees Fahrenheit. 4  The Wet Season is from June through November which is also the hurricane season.,0,0,1,"**Evaluating the Context's Sufficiency**

Okay, let's break this down. The core of the issue is whether the provided text allows me to definitively answer the question: ""Are any active severe weather advisories issued?"" My initial assessment is that the context is insufficient. I'm given information about the Bahamas' climate, specifically that it's sub-tropical and has wet and dry seasons, with the wet season also being hurricane season (June through November). However, nowhere in this text is there *current* information – no mention of present advisories, watches, warnings, or any real-time conditions. Therefore, I can confidently conclude that, based *solely* on this provided context, the question *cannot* be answered. Thus, the assessment should be a score of 0, as the answer is entirely unanswerable.


","Okay, here's my assessment of this situation:

**Assessing Contextual Relevance**

Alright, I'm given some text about the climate and typical weather patterns of Atlantis/the Bahamas. It's background information, nothing specific about *current* severe weather. My task is to judge how well this text answers the question ""Are any active severe weather advisories issued?""

Hmm, based on this information alone, can I say with any certainty whether or not there are active advisories? Absolutely not. The context gives general climate data, not real-time alerts. That's a key point.

Now, the instructions are about *contextual sufficiency*, so it seems straightforward. If the information isn't present, the score has to be low. The question explicitly asks about *active* advisories, a time-sensitive piece of information. The context is completely silent on this point.

Therefore, the context is insufficient. The answer is completely irrelevant, making it a definitive score of 0. My response will be: ""The answer is not relevant or complete at all"" -> 0.


",Score-Reasoning Inconsistency,"Model B correctly deduced throughout its reasoning that the context was completely insufficient and explicitly concluded the score should be 0, but contradicted itself by outputting a final score of 1."
1117099,1488608,1117099,"In a subduction zone, the subducting plate, which is normally a plate with oceanic crust, moves beneath the other plate, which can be made of either oceanic or continental crust. During collisions between two continental plates, large mountain ranges, such as the Himalayas are formed.Oceanic-continental.s a result of pressure, friction, and plate material melting in the mantle, earthquakes and volcanoes are common near convergent boundaries. When two plates move towards one another, they form either a subduction zone or a continental collision.",0,0,1,N/A,N/A,Hallucinated Relevance,"The query consists solely of an arbitrary numerical ID ('1117099') with no semantic connection to the geological text. Model B erroneously assigned a non-zero relevance score to completely unrelated content, whereas Model A correctly recognized the absence of any match."
19335,2304004,19335,"Definition of environment for Students. 1  1 : a person's physical surroundings He lives in a comfortable rural environment. 2  2 : the surrounding conditions or forces (as soil, climate, and living things) that influence a plant's or animal's characteristics and ability to survive.",0,0,1,N/A,N/A,Hallucinated Relevance,The query '19335' (likely a zip code or numeric identifier) bears zero relationship to the definition of 'environment'. Model B exhibited excessive leniency or hallucinated a tenuous connection by scoring it a 1 instead of correctly recognizing total irrelevance (0) as Model A did.
130510,8029019,130510,"Execution of judgment - The process of putting into effect the judgment of the court in civil cases; usually by garnishment or levy, through post-trial, statutory enforcement procedures requiring the forcible removal and disposal of the property of the losing party.",0,0,1,"Here's my assessment of the situation:

**Analysis of Relevance to Preemptive Legal Uncertainty Resolution**

Okay, so the user wants to know if this definition clarifies how something *preemptively* resolves legal uncertainty. Let's see... the context provided defines ""Execution of judgment."" It describes the process of enforcing a court's decision *after* a judgment has already been made – think garnishment, levy, and forcibly removing property. My gut reaction? This doesn't seem to address the concept of *preemptively* resolving uncertainty at all. That would lean more toward declaratory judgments, right?

So, I'm thinking the context is really about enforcement of *existing* rights, not about proactively avoiding disputes or clarifying ambiguous legal positions. It's about what happens *after* the legal uncertainty has already been resolved by a court decision. The question's focus is on something before a judgment. I'd have to say this context is completely irrelevant to that particular nuance.

Therefore, the context doesn't answer the question in any way. The appropriate grade would have to be 0. It is a simple mismatch. The context isn't even touching on the correct concepts. Even with the prompt's focus on whether the question can be answered, the answer is still no.


","**Analyzing the Question's Clarity within the Provided Context**

Okay, so the prompt is digging into whether the definition we're given clarifies how something *preemptively* resolves legal uncertainty. And we're working with the context of ""Execution of judgment,"" which is described as the process of enforcing a court's decision in civil cases, typically involving things like garnishment or seizing assets.

My immediate thought is, can we actually answer the question *directly* from this provided definition? The question specifically wants to know about *preemptive* resolution. Now, let me read the definition again... Nope. It's all about post-trial enforcement. There's nothing in there about preventing uncertainty *before* a judgment is reached. It deals with what happens *after* the legal uncertainty has already been resolved by the court. So, the definition absolutely does not touch upon that aspect, which means it doesn't clarify it at all.

Wait, am I understanding this correctly? This task is probably asking if the context we're given allows us to answer the question, as in, can we respond based on the context? Yes, we can say ""No, the definition doesn't clarify this."" This is a straightforward, direct answer derived from the context. So, based on my understanding of similar tasks like RAG, faithfulness, or question answering, this context provides enough information to definitively answer the question. I would evaluate this as a 5.


",Flawed Meta-Reasoning,"Model B correctly recognized that the text does not address the query topic, but committed a meta-reasoning error by concluding that being able to answer 'No, the definition does not clarify this' counts as successfully answering the question, leading it to award relevance."
962179,2274381,962179,"WHAT IS I’LL FIGHT DAY? I’ll Fight Day is a servant evangelism day for youth of The Salvation Army that will take place all across the world on Saturday, December 2nd, 2017. It is inspired by the love of Christ and William Booth’s famous “I’ll Fight” message. WHAT IS SERVANT EVANGELISM?",0,0,1,N/A,N/A,Hallucinated Relevance,"The query consists solely of an arbitrary numeric identifier ('962179') that has no presence or contextual connection to the document about The Salvation Army's 'I'll Fight Day'. Model B inappropriately assigned a non-zero relevance score, likely due to an overly lenient threshold for ambiguous queries, failing to recognize that the document is completely irrelevant."
1115776,4314172,1115776,"Credit/kyc Analyst. 1  Managed the business group's Know Your Client process (KYC) and Anti-Money Laundering process (AML) in strict compliance with the US PATRIOT Act of 2001 Section 326 CIP. 2  Developed and implemented a streamlined process of KYC and AML data collection, reporting and tracking for the Chicago unit.",1,1,0,N/A,N/A,Strict Lexical Matching,"The query consists solely of an identifier ('1115776'). Model B likely rejected the document because there was no surface lexical overlap in the text snippet, failing to recognize that numeric queries often represent document or entity IDs linked to the record."
146187,7061638,146187,"American vs Swiss cheese. Cheese comes in many varieties, including different flavors and colors. The American and Swiss cheese are two different cheeses that are widely preferred. Though they might have certain similarities, both the American cheese and Swiss cheese are different.",0,0,1,"**Evaluating the Context's Informativeness**

Okay, let's break this down. My goal here is to determine if the given context allows me to definitively answer the question: ""Does it specify the number of cheese slices per item?"" Based on the provided text, which discusses different types of cheese in general terms, the answer is a resounding *no*. The context doesn't mention anything about the quantity of cheese slices in a package, let alone specify a particular number.

Initially, I considered whether the question itself was the issue – perhaps it was unanswerable in principle. But rephrasing it as ""Can the question be answered based on the provided context?"" clarifies the objective. The context's lack of information is what matters, and the answer is still ""no, it does not.""

Thinking about how these evaluations are typically scored, a ""no"" answer, when the context is completely silent on the topic, usually corresponds to a low score, either a 0 or a 1, because the text does not contain the information required to answer the question. It's essentially a meta-evaluation of whether the context supports answering a *domain* question. So, since the context offers absolutely nothing about the number of slices, the proper grade to assign is a 0. I will assign 0.


","**Analyzing the Context and Question**

Okay, so the core question is whether the provided context tells us the number of cheese slices per item. Immediately, my initial assessment is that the context, which mentions American vs. Swiss cheese generally, completely fails to specify that number. But, wait, is the question phrasing intentionally tricky? Am I being asked if the context *contains* the answer, or if I can derive the answer ""No, it doesn't specify""?

The prompt is: ""Can the question be answered based on the available context?"" That's the key. The question is: ""Does it specify the number of cheese slices per item?"" And yes, I *can* answer that question based on the provided text. The answer, directly derived from the context's omission, is ""No, it does not specify.""

Alright, let's step back and consider if this is a classic Retrieval Augmented Generation (RAG) evaluation. In a RAG scenario, failing to find the information *in* the context is also an answer. The context says, ""American vs Swiss cheese..."" and leaves out any talk of slice quantities. The question asks about *specification* of quantity. The context doesn't *specify*, so the answer is ""No, it does not.""

So, even if this is a RAG evaluation, where we might evaluate the *failure* to retrieve, the context is sufficient to give a direct, definitive answer to the meta-question ""Does the context specify...?"" It gives us a very solid ""No"".

Re-reading the prompt, it’s clear: ""Can the question be answered based on the available context?"" The answer is unequivocally ""Yes"", because the context clearly lacks the information, and from that lack, we can conclude ""No, it does not specify."" Therefore, the grade should be a 5.


",Flawed Meta-Reasoning,"Model B fell into a philosophical meta-logic trap, arguing that because the document clearly lacks the requested information, one can definitively answer 'No', which it incorrectly treated as successfully answering the question from the context."
183378,3093220,183378,"Before the RNA leaves the nucleus, the introns are removed and the exons are joined together, producing an mRNA molecule with a continuous coding sequence. This process is cal … led RNA splicing.efore the RNA leaves the nucleus, the introns are removed and the exons are joined together, producing an mRNA molecule with a continuous coding sequence. This process is cal … led RNA splicing.",1,1,2,N/A,N/A,Hallucinated Connection,"The query consists solely of a numerical identifier ('183378') that does not appear in the text. Model B likely hallucinated or assumed a connection between this ID and the RNA splicing passage, overestimating its relevance compared to the ground truth."
168216,27418,168216,"For water heaters servicing a single housing unit: Electric water heaters should be set at 60°C to limit the risk of Legionella contamination, and equipped with antiscald devices to deliver water at 49°C to the entire household.or water heaters servicing a single housing unit: Electric water heaters should be set at 60°C to limit the risk of Legionella contamination, and equipped with antiscald devices to deliver water at 49°C to the entire household.",0,0,1,N/A,N/A,Hallucinated Relevance,The query is an obscure numeric identifier ('168216') with no connection to water heater temperature guidelines. Model B incorrectly inferred or hallucinated relevance instead of recognizing the complete lack of topical overlap.
146187,32188,146187,"How to Cook a Cheeseburger. Cheeseburger is a traditional, American favorite. It can be grilled, fried, or oven baked, and purchased at almost any corner or fast-food restaurant. For a tasty treat, try a homemade cheeseburger. 1 lb. (453g) 85% lean ground beef/chuck.",0,0,1,"**Evaluating the Question's Answerability**

Okay, here's the deal. I need to figure out if the provided text gives us enough information to answer the question: ""Does it specify the number of cheese slices per item?"". My first thought is a quick ""no."" The context talks about cheeseburgers in general, mentions ground beef, but there's absolutely no mention of cheese slices, quantity, or even cheese itself.

But let's be precise. The question isn't ""How many cheese slices are there?"", but rather ""Does it *specify*?"" So, can we definitively answer the question based *solely* on the text? Yes! We can unequivocally say, ""No, it does not specify."" It's a binary yes/no question, and the answer is a clear ""no.""

Now, I'm used to RAG evaluations where a context lacking relevant information for the *core* question often gets a low score. The usual thought process: the text doesn't explicitly state the number of cheese slices, so it's a ""fail"" or a ""1"" on some grading scales.

However, the question itself is key! ""Does it specify...?"" It's a direct inquiry about the presence of specific information. The context doesn't contain that information, thus, we can say ""No"", which is accurate and complete based on the text. I'm operating under the assumption that the prompt's intent is a standard RAG evaluation, and in this context, the question is answered with ""No"".


","**Analyzing the Information Retrieval Question**

Okay, so the prompt is asking me if a question about cheese slice specification can be answered based on the given context. My initial thought is to quickly scan the context for any mention of cheese slices. I see the context mentions ground beef, but no cheese slices are mentioned. My first instinct, given the question ""Does it specify the number of cheese slices per item?"", is that the answer is ""No"".

Now, I'm second-guessing myself. Am I evaluating the context's ability to provide an answer, or am I evaluating the quality of a potential *response* based on the context? The prompt does say, ""Can the question be answered based on the available context? choose one:"". This means I need to assess if the question can be answered *using the context*.

If the context doesn't mention cheese slices at all, then can I answer the question ""Does it specify the number of cheese slices per item?"". Yes, absolutely! The answer is a definitive ""No, it does not specify."" The question is answerable.

But, I'm still questioning the evaluation criteria. Is this a nuanced scale? I need to think about what the numbers mean on the scale. Is a ""5"" highly relevant, complete, and accurate? In the context of ""Does it specify..."", the context *doesn't* specify, and I can say ""No"", which is accurate and complete based on the context.

I need to re-read the specific question. It asks if it *specifies*. The context does *not* specify the number of cheese slices. So, the direct answer to the question ""Does it specify..."" is ""No."" So, I can *fully* answer the question based on the context.

Let's make sure, am I misinterpreting the phrasing? Does the question implicitly demand the number of cheese slices from the context? Nope. It's a binary yes/no question - ""Does it specify?"". The context allows me to answer, ""No, it doesn't specify.""

Finally, I'm thinking about typical RAG (Retrieval-Augmented Generation) evaluations. In benchmark datasets, like RAGAS, a context that lacks specific information but is being assessed for answering questions, like this, where the question is about ""specification"", I can say with confidence that ""No, it doesn't specify"" is both correct and complete. A ""5"" would be appropriate here.


",Confusing Irrelevance with Answerability,"Model B fell into a pedantic loop, arguing that an uninformative document still 'answers' a meta-question ('Does it specify...?') with a definitive 'No'. Consequently, it treated the complete absence of relevant information as a positive retrieval signal, whereas Model A recognized that a lack of topical information warrants a score of 0."
915593,7742098,915593,"Vacuum packaging also allows for a special cooking method, sous-vide. Sous-vide, French for under vacuum, involves poaching food that is vacuum sealed in a plastic bag.",0,0,1,N/A,N/A,Hallucinated Relevance,The query consists solely of an arbitrary numerical ID ('915593') with zero semantic or lexical connection to the document discussing sous-vide cooking. Model B improperly assigned positive relevance to a completely unrelated document.
146187,6309578,146187,"The median price per square foot of homes sold in St Louis County have increased 3.5% over the past 10 years, from $116 per foot in 2007 to $120 per foot currently. As the chart below illustrates, home prices dipped to a low of $90 per foot in 2011, a result of the housing bubble burst in 2008.",0,0,1,"**Evaluating Irrelevance**

Okay, here's the deal. I'm looking at this question: ""Does it specify the number of cheese slices per item?"" My internal process immediately flags the context as being about St. Louis County home prices. Now, I have to determine if this question can be answered by the text. And honestly? It's a complete non-sequitur. The two topics are unrelated. There's no possible way the information about cheese slices – or indeed, cheese at all – is relevant to a discussion about real estate values. Therefore, the question is utterly unanswerable based on the context provided. So, my evaluation leans towards the lowest possible grade: the answer is totally irrelevant, not present, and cannot be found within the given text. It is a resounding zero.


","Okay, here's my assessment of that prompt, rendered as though I'm analyzing it:

**Irrelevant Context and a Misguided Question**

Alright, let's break this down. The core question is clearly asking about ""cheese slices per item."" Seems straightforward enough, dealing with a very specific, granular unit of measurement. But then, the accompanying ""context"" throws me a curveball, referencing ""median price per square foot of homes sold in St Louis County."" Honestly, as an expert in my field, I can immediately see the fundamental disconnect here. This housing data is completely and utterly irrelevant to determining the number of cheese slices related to some unspecified items. There's no possible logical connection. The prompt creator seems to be completely misinterpreting the problem or trying to introduce a distracting element. The relationship between cheese slices and the housing market is essentially zero. It’s like asking how many oranges fit in a car and providing data on global grain futures. This entire setup warrants a score of zero, a complete irrelevance.


",Score-Reasoning Discrepancy,"Model B's textual reasoning correctly deduced that the content was completely irrelevant and explicitly concluded that it warranted a score of zero, but it contradicted its own reasoning by assigning a final score of 1."
915593,1453630,915593,"3. Once all the eggs are in the pot, bring the water back up to a medium boil and boil your eggs for 8-12 minutes depending on the size of the eggs and how you like your yolk. For my bantam eggs I usually cook for 8 minutes. 4. When the eggs have finished cooking, remove them from the heat and drain out the water.",0,0,1,N/A,N/A,Hallucinated Relevance,"Model B assigned partial relevance to a document about boiling eggs for a purely numerical query ('915593') with zero topical, semantic, or keyword connection, failing to recognize total irrelevance."
146187,6573190,146187,"How many calories are in a cheeseburger? There are 343 calories in a cheeseburger that contains a single meat patty with condiments. This cheeseburger, which is a serving size of 127 grams, has 16.38 grams of fat, 32.3 grams of carbohydrates and 17.1 grams of protein.",0,0,1,N/A,N/A,Hallucinated Connection,"Model B assigned a non-zero relevance score to a document describing cheeseburger calories despite the query being a completely unrelated numerical string ('146187'), failing to identify total irrelevance as Model A did."
156493,6456917,156493,Answer by Mileykinz99. Confidence votes 10. If you want your goldfish tolive then you should move it into a tank of at least 10 gallons. Goldfish are extremely messy so depending on the size of the bowl and the size of the goldfish you may have to clean it as often as everyday!,0,0,1,"**Evaluating the Relevance of the Response**

Okay, let's break this down. My task is to assess whether the context provided by ""Answer by Mileykinz99..."" actually addresses the question: ""Does it quantify age-dependent growth rate changes?"" I'm looking for a clear connection, a demonstration of quantifying how the growth rate changes over time, specifically related to age.

The context is about goldfish tank sizes and cleaning. Fish tanks and cleaning are important to fish health, but absolutely, positively nothing in this brief snippet even hints at quantifying anything, let alone age-dependent growth rates. There's no mention of measuring growth, tracking it over different ages, or using any sort of formula or methodology to analyze changes. It’s completely off-topic.

Therefore, the answer is irrelevant, incomplete, and doesn’t even attempt to address the core issue. I'm giving it a resounding zero. It simply doesn't meet the criteria of the question in any way.


","Okay, here's my assessment of the text, delivered as a first-person summary, keeping in mind my expertise:

**My Interpretation of the Provided Text Regarding Goldfish Tanks**

Alright, I've got the context here. It's about goldfish tank size and how often one needs to clean it. Honestly, it's pretty rudimentary. I'm not seeing any discussion about age-dependent growth rates for the goldfish. This is an immediate red flag. My understanding of aquarium science is that growth rate is a *critical* factor when calculating tank needs and the frequency of water changes, impacting water quality in turn. It dictates the carrying capacity, after all.

The text *completely* misses the mark on this. There's simply not enough information to address a question that even *touches* on goldfish size, and given my level of understanding, without that crucial information, any answer would be conjecture at best and outright dangerous at worst. I have to assess this as a zero. It's fundamentally incomplete for any meaningful analysis. It's like trying to build a bridge with only a few planks. It's not just incomplete; it's practically useless, lacking the necessary detail to be considered relevant.


",Score-Reasoning Contradiction,"Model B correctly reasoned that the document completely missed the mark and explicitly stated 'I have to assess this as a zero,' but contradicted its own evaluation by outputting a score of 1."
962179,1006865,962179,"Salvation Army Soldiers. The soldiers of The Salvation Army (wearing blue epaulets), the committed laity, are local citizens in communities throughout the U.S. who give allegiance to the doctrines and disciplines of the Army. There are approximately 450,000 soldiers in the United States.",0,0,1,"**Analyzing the Context: A No-Go for the Salvation Army's Name Change**

Alright, let's break this down. The core question is whether we can pinpoint the official adoption date of the name ""The Salvation Army"" from the given text. My initial impression, after a quick read, is a firm ""no."" The text focuses on Salvation Army Soldiers – their definition, their numbers in the US – but it doesn't mention the historical shift from ""The Christian Mission"" to ""The Salvation Army"". Therefore, as it stands, that specific date isn't mentioned anywhere within the provided text.

Now, the prompt dictates I provide a grade from 0-5. It seems pretty clear here: the text is completely silent on this particular detail. So, the question isn't remotely addressed. Thus, I'll go with a resounding grade of **0** in this instance. The context simply doesn't contain the necessary information.


","**Evaluating the Question's Answerability**

Okay, let's break this down. My initial instinct is to assess whether the context provides the answer to ""when did The Christian Mission become The Salvation Army?"" The provided text clearly doesn't offer that information. But, hold on... the prompt is asking if the *question itself* can be answered based on the context, right? It's not necessarily asking if the underlying question (when did it happen?) can be answered, but rather if the context *specifies* an answer to that underlying query.

My experience with RAG evaluations tells me this is key. Usually, we're judging how well an *answer* aligns with the question, *or* if the context *supports* answering the question. The prompt's wording (""Can the question be answered based on the available context?"") is deliberately ambiguous. But in this case, the more crucial question is whether *that* question can be answered from the *given* information.

Let me rephrase: ""Does the context *say* when The Christian Mission adopted the name?"" No, it doesn't. So, while I can't determine the *actual* date, I can definitively say that the context does *not* specify it. In this RAG setup, is the question answered in the context? No, it isn't.

Typically, when the context is completely lacking the information needed to answer the *underlying* question, we assign a low score, maybe a 0 or 1, because the context does *not* offer the information needed to solve the issue. So, if the question is ""Does the context specify when..."", then the answer is ""No, the context does not specify when.""

My final assessment is that, since the required date is not present, the context doesn't offer any information about the *date*. So, I will probably give a low grade, 0 or 1.


",Miscalibrated Rating Scale,"Model B correctly deduced that the context contained none of the required information, but overcomplicated the evaluation framework and incorrectly treated completely irrelevant context as qualifying for a score of 1 rather than a definitive 0."
130510,3390323,130510,The last segment of a majority or plurality opinion sets forth the judgment of the court. The judgment is the official decision of the court on the rights and claims of the parties and resolves the controversy between them.,0,0,1,N/A,N/A,Hallucinated Relevance,"The query '130510' is an opaque numeric string with no textual, semantic, or topical overlap with the legal definition provided in the document. Model B erroneously inferred a weak or spurious connection to assign a score of 1, whereas Model A correctly recognized the complete absence of relevance."
1117099,7595826,1117099,"In the case of a convergent boundary between two oceanic plates, one is usually subducted under the other, and in the process a trench is formed.The Marianas Trench (paralleling the Mariana Islands), for example, marks where the fast-moving Pacific Plate converges against the slower moving Philippine Plate.onvergent Boundaries between Tectonic Plates. Convergent boundaries where tectonic plates move toward each other generally result in the subduction of one plate into the mantle, consuming part of the lithosphere.",0,0,1,N/A,N/A,Hallucinated Relevance,"The query consists solely of an arbitrary number ('1117099') with zero semantic connection or relevance to the document discussing plate tectonics. Model B mistakenly assigned relevance to an entirely unrelated passage, whereas Model A correctly recognized the complete lack of topical overlap."
19335,1958100,19335,Home Culture Culture in Anthropological Perspective. According to the definition given by E.B Taylor culture has been portrayed as a social heritage as the gift of society to an individual. Malinowski pointed out that the social heritage has both material and non-material aspects to it. Marett defines culture as communicable intelligence.,0,0,1,"**Analyzing the Applicability of the Context**

Okay, here's the situation: the user is asking whether this text addresses political ecology perspectives. The provided context, however, is solely definitions of culture from Taylor, Malinowski, and Marett. Immediately, I recognize a complete disconnect. There's absolutely nothing in this text that touches on political ecology. My expertise tells me that this is a straightforward ""no.""

I need to decide on a score, and the prompt specifies a 0-5 scale based on whether the question *can* be answered. Since the answer is simply not present in this context, the lowest possible score, a ""0,"" is the correct response. It is not relevant, complete, or even remotely applicable to the presented question. The context fails to provide any necessary information.


","**Analyzing the Prompt: A Deduction**

Okay, so the question is whether the provided context incorporates political ecology perspectives, given the definitions of culture from Tylor, Malinowski, and Marett, as they relate to anthropology. The context, however, is all about definitions of culture; there's nothing here about political ecology. So, my initial thought is, can this question *even* be answered based on the information provided?

The context certainly *doesn't* explicitly mention political ecology. It's a straight ""no"" based on the text alone, or, more precisely, there isn't anything *in the text* that speaks to it. I'm used to these RAG evaluation datasets—this is familiar territory, like TrueLens or RAGAS prompts.

Considering the specific prompt design, it looks like they are asking me whether the context *has* information about political ecology to support an answer. Since it doesn’t, I need to evaluate this carefully. If the context *lacks* the necessary information, which it clearly does, that results in a low grade.

Let me apply the proper grading: 0 means the answer is completely irrelevant or the context is unable to answer the question, which is the same as the context not having any relevant information. That's my evaluation: the context cannot answer the question, therefore it gets a 0 or maybe a 1, because the answer is effectively ""No"".


",Misconstruing Negative Relevance as Partial Credit,"Both models correctly identified that the context contained no relevant information, but Model B incorrectly rationalized awarding a score of 1 on the basis that answering 'no' still counts as an answer, rather than assigning a 0 for complete irrelevance."
19335,7007720,19335,"This article is about the biophysical environment. For other uses, see Environment. The biophysical environment is the biotic and abiotic surrounding of an organism or population, and consequently includes the factors that have an influence in their survival, development and evolution. The biophysical environment can vary in scale from microscopic to global in extent.",0,0,1,N/A,N/A,Hallucinated Relevance,"Model B awarded a non-zero relevance score to a document that bears absolutely no semantic, topical, or lexical relationship to the numeric query '19335', failing to recognize total irrelevance."
156493,1341656,156493,"Goldfish prices vary wildly. But, let’s explore. the cost to keep a goldfish and then examine how that relates to the purchase price of the fish. itself. We can do a rudimentary economic analysis of a home aquarium and then repeat the. exercise for a small pond. Note that this is not a how-to-keep-a-goldfish article. The costs,",0,0,1,"**Analyzing the Context for Age-Dependent Growth Rate Data**

Okay, so the user wants to know if the text answers the question ""Does it quantify age-dependent growth rate changes?"" Let's break this down. My initial assessment is that the text is focused on the economics of goldfish ownership. It specifically mentions price variations, costs associated with keeping goldfish (which I'm assuming are operational costs, not biological parameters), home aquariums, and small ponds. It's an economic analysis, essentially.

Now, the crucial part: does any of this touch on *age-dependent growth rate changes*? I see absolutely nothing in the provided context that would give me any information whatsoever on that topic. We're talking about purchase price and upkeep, not biological metrics or developmental changes in the fish. Given the complete absence of relevant information, I'm confident in saying that we cannot answer the original question based solely on the provided context. I have to give it a zero. The provided text is wholly insufficient.


","Okay, here's my assessment of that prompt, speaking as an expert:

**Irrelevance Detected: A Quick Dismissal**

The question posed is specifically about quantifying age-dependent growth rate changes. My initial scan of the provided context – goldfish pricing, the costs associated with their upkeep, and the economic considerations of aquariums and ponds – screams ""completely unrelated"". There's simply no data or discussion of growth rates, let alone age-dependent variations in growth. This is a classic case of misdirection. Consequently, a proper analysis, is impossible, hence a zero score. The context, as presented, offers zero utility in answering the core question. It's a non-starter.


",Score-Reasoning Mismatch,"Model B correctly identified that the document was completely irrelevant and even explicitly stated in its reasoning that it deserved a 'zero score', but it contradicted its own evaluation by outputting a score of 1."
87181,6679355,87181,"The heart's pumping action moves oxygen-rich blood as it travels from the lungs to the left atrium, then on to the left ventricle, which pumps it to the rest of the body. The left ventricle supplies most of the heart's pumping power, so it's larger than the other chambers and essential for normal function. In left-sided or left ventricular (LV) heart failure, the left side of the heart must work harder to pump the same amount of blood. There are two types of left-sided heart failure.",0,0,1,"**Evaluating the Question's Answerability**

Okay, let's break this down. The question is ""Are chronic afterload elevation mechanisms detailed?"" and I need to determine if the provided context answers it. I'm looking at the text provided, which seems to describe heart failure and left ventricular function. However, the text only mentions that the heart has to ""work harder"" without any mention of specific mechanisms. Hmm, this context *doesn't* actually go into chronic afterload elevation mechanisms.

Therefore, my initial assessment is that the question *cannot* be answered with the current context. The information isn't present, so the answer is irrelevant. I would have graded this as a 0, as in completely unanswerable.

But, hold on... the instructions specifically ask whether it's answerable based on context and to select one... so, since there's no mention of those mechanisms, it's a resounding *no* with a score of 0. That's a definite lack of information!


","Here's my assessment of the question, as I see it:

**Analysis of Contextual Relevance**

Okay, so the question is probing whether the provided text details ""chronic afterload elevation mechanisms."" My immediate thought is to dissect the context. The description clearly revolves around cardiac function, specifically the left ventricle and left-sided heart failure. My concern is that there's no elaboration on those mechanisms, or indeed any indication that chronic afterload elevation is the topic, or described in any way. There's discussion of pumping action and failure, but no specifics about the underlying mechanisms of elevated afterload, whether chronic or otherwise. Therefore, based on the provided text, I'd have to conclude that the information isn't present. My rating would be a big fat zero, as it's just not relevant.


",Score-Reasoning Inconsistency,"Model B's reasoning correctly identified that the text completely lacked the relevant information and explicitly concluded that the rating should be a 'big fat zero,' yet it erroneously output a score of 1."
1121402,2825141,1121402,"• Plants in wetlands and on the banks of rivers are important as they slow down the flow of the water and their roots bind the soil, preventing erosion. Land use. Grass is the best natural soil protector against soil erosion because of its relatively dense cover. Small grains, such as wheat, offer considerable obstruction to surface wash.",0,0,1,N/A,N/A,Hallucinated Relevance,"Model B assigned partial relevance to an arbitrary numeric query ('1121402') that bears no semantic, textual, or contextual relationship to the document about soil erosion and vegetation."
1133167,3993166,1133167,weather by month. Cyprus Weather in November. November is the month when the weather in Cyprus breaks from warm autumn towards colder winter. Around the middle of November temperatures begin to drop noticeably and the rainy season starts. During this month it can rain from three to six days. November is the third rainiest month after December and January.,0,0,1,"**Evaluating the Context's Relevancy**

Okay, so I'm looking at this question: ""Are any active severe weather advisories issued?"" My job is to see if I can answer that question based solely on the given context. Let's see... the provided text is about the weather in Cyprus during November. It gives me typical temperatures, talks about the rainy season kicking off, and that kind of thing. Useful background, but... hmm...

Crucially, nowhere in this description do I see *any* mention of severe weather advisories. Not a peep. No warnings, watches, statements, nothing. Considering my deep understanding of meteorological data sources, I need specific information to address this. Knowing the general weather patterns in a region during a specific month doesn't cut it. To know if there are severe weather advisories, I need that specific information. Since it's absent, I'm left with nothing.

Therefore, given the scope of my expertise, I'm forced to conclude that this question *cannot* be answered using this context. It's simply not relevant. I would have to give it a score of 0.


","Okay, here's my assessment of the situation, given my expertise in weather information retrieval:

**Analysis of Query Relevance and Information Sufficiency**

Right, so the user's question, ""Are any active severe weather advisories issued?"" is what I need to address. I've been given some context labeled ""weather by month"" for Cyprus in November. My immediate impression is that this is *static* climate information. It’s the kind of generalized data you'd find in a typical weather almanac. It won't provide me with real-time alerts or warnings. Therefore, I can confidently conclude that the provided context is completely insufficient for answering the question about *active* severe weather advisories. It's a fundamental lack of relevance. This would score a zero, as it simply does not contain the necessary data to proceed.


",Score-Reasoning Inconsistency,"Model B correctly deduced that the context was completely irrelevant and explicitly stated in its text that it 'would score a zero', but contradicted its own reasoning by assigning a final score of 1."
1124210,6306365,1124210,"Basically, xylem tranports water and phloem transports organic substances. Xylem is a tissue found in vascular plants that transorts water and dissolved mineral nutrients. It consists of hollow vessels that are formed from cells joined end to end in flowering plants.hloem is also a tubular structure which, on the other hand, is responsible for the transportation of food and other nutrients needed by plant.     Xylem: Hard wall cells transport water and mineral nutrients in a kind of tissue called Xylem.",0,0,1,N/A,N/A,False Positive on Irrelevant Query,"The query is an arbitrary numeric string ('1124210') with no relation to plant vascular tissue. Model B assigned a score of 1 despite the total lack of topical overlap or relevance, failing to recognize complete irrelevance as Model A correctly did."
1063750,8123913,1063750,"Part of the answer lies with the sinking of the Lusitania. According to international law at the time, passenger ships were supposed to be allowed to sail unimpeded by war vessels. Germany's sinking of the Lusitania violated this right, and so the President felt it necessary to intervene in the war. On top of that, the United States intercepted a secret message from Germany to Mexico two years after the sinking of the Lusitania.",0,0,1,N/A,N/A,Hallucinated Relevance,"Model B awarded a non-zero relevance score to a document about WWI history despite the query being an arbitrary numeric identifier ('1063750') with zero lexical or semantic connection to the passage, failing to recognize complete irrelevance as Model A did."
146187,315525,146187,Mcdonald's - Mcdouble (Cheeseburger) *Percent Daily Values are based on a 2000 calorie diet. Your daily values may be higher or lower depending on your calorie needs.,0,0,1,"**Analyzing the Question Regarding Cheese Slice Specificity**

Okay, so the user's asking if the context gives us the number of cheese slices in a McDonald's McDouble. My initial thought? No, it doesn't. The provided text is just nutritional information based on a 2000-calorie diet. It's missing that crucial detail about the cheese.

Let's double-check the grading criteria. The question is ""Can the question be answered based on the available context?"" If the context *doesn't* provide the answer, then, it's a zero.  And, yeah, looking at it, the answer is irrelevant or incomplete, there's no info about cheese slices. So, if the text does not contain the answer, that means the grade should be 0.
And it looks like the prompt is simply asking if the question can be answered from the provided context, which it can't, so the answer is zero.


","**Analyzing the Query Regarding Cheese Slices**

Okay, so the question is, ""Does it specify the number of cheese slices per item?"" The context is a McDonald's McDouble nutrition blurb, and it *doesn't* mention the number of cheese slices. My initial thought is, ""No, it doesn't specify."" Which seems straightforward enough.

Now, I'm thinking about how these tasks are usually graded. Is it about whether the context *contains* the answer directly, or if it provides *enough information* to answer the question, even with a ""No""? In this case, the context *definitely* allows me to say ""No, it doesn't specify."" The question is answerable, in that, it can be answered that it *doesn't* specify.

The prompt wants me to evaluate, ""Can the question be answered based on the available context?"" I'm interpreting that as, can I answer the question ""Does it specify..."" based on what's given? And the answer is a clear ""No."" The context is sufficient to give that answer.

I'm starting to overthink this... is it a trick? I need to remind myself that, generally in these setups, if the context doesn't contain the requested detail, the correct response is often ""No,"" or, the context is sufficient to answer with ""No"".

Let's stick with that. The question, ""Does it specify the number of cheese slices?"" The context says nothing about cheese slices. Therefore, the answer is ""No, it doesn't."" The context allows me to answer, therefore, I should be able to answer.


",Flawed Task Interpretation,"Model B overthought the evaluation criteria by fallaciously reasoning that because the document lacks information about cheese slices, it enables a valid 'No' answer to the question 'Does it specify...', rather than recognizing that the text simply fails to provide the requested information."
1124210,1649195,1124210,Xylem. Xylem vessels xylem vessel: Vein-like tissue which transports water and minerals up a plant are involved in the movement of water through a plant from its roots to its leaves. Water: 1  Is absorbed from the soil through root hair cells. 2  Is transported through the xylem vessels up the stem to the leaves.ylem vessels xylem vessel: Vein-like tissue which transports water and minerals up a plant are involved in the movement of water through a plant from its roots to its leaves. Water: 1  Is absorbed from the soil through root hair cells.,0,0,1,N/A,N/A,False Positive on Irrelevant Content,"The query consists solely of an arbitrary numeric string with no connection to plant biology, yet Model B failed to recognize complete irrelevance and assigned a non-zero score instead of 0."
1133167,6364211,1133167,"There are two seasons that characterize the climate of the island, the humid and hot rainy season between June and December and the dry season between January and May. The average annual rainfall varies between 1,500-2,000 mm along the coasts and 3,800-5,000 mm in the mountainous interior areas.The months between June and November are also hurricane season. The island of Grenada, however, is at the southern end of the hurricane belt that is rarely hit by a hurricane.here are two seasons that characterize the climate of the island, the humid and hot rainy season between June and December and the dry season between January and May. The average annual rainfall varies between 1,500-2,000 mm along the coasts and 3,800-5,000 mm in the mountainous interior areas.",0,0,1,N/A,N/A,Hallucinated Relevance,"The query consists solely of an arbitrary numeric string ('1133167') with no semantic connection to the passage about Grenada's climate. Model A correctly identified the complete lack of relevance (score 0), while Model B exhibited a false-positive bias by assigning partial relevance to an entirely unrelated, noisy query."
87181,2556153,87181,"While ventricular hypertrophy occurs naturally as a reaction to aerobic exercise and strength training, it is most frequently referred to as a pathological reaction to cardiovascular disease, or high blood pressure. It is one aspect of ventricular remodeling. While LVH itself is not a disease, it is usually a marker for disease involving the heart.",0,0,1,N/A,N/A,Hallucinated Relevance,"The query consists solely of an arbitrary number ('87181'), which bears no textual or topical relation to the medical text regarding ventricular hypertrophy. Model B likely assumed an ungrounded connection (such as misinterpreting the number as a related medical code) or was overly permissive with an ambiguous numeric query, whereas Model A correctly recognized the complete lack of relevance."
527433,1379236,527433,"Because it involves problems with the transfer of information from the nervous system to the muscles, dysarthria is classified as a neuromotor disorder. Central Nervous System Lesions Damage to the pyramidal tract causes spastic dysarthria.",0,0,1,N/A,N/A,Hallucinated Relevance,The query consists solely of an arbitrary numeric identifier ('527433') with no semantic connection or match to the medical text regarding dysarthria. Model B improperly assigned a positive relevance score instead of recognizing the complete lack of topical overlap.
1037798,2104865,1037798,"They landed at the mouth of the Columbia River, Astoria, Oregon on November 5 1805. Lewis and Clark, sadly, did not actually see the Pacific Ocean. They landed at the mouth of the Columbia River, Astoria, Oregon on November 7 1805. Lewis and Clark, sadly, never did see the Pacific Ocean. The day was rainy and foggy, and the Columbia River estuary was four or five miles wide and they could not see the Oregon side of the river or Point Adams at the mouth of the river in the distance.",0,0,1,N/A,N/A,Hallucinated Relevance,"The query consists solely of an arbitrary numeric identifier ('1037798') with no semantic connection or textual match to the document regarding Lewis and Clark. Model A correctly recognized that there is zero relevance, whereas Model B hallucinated a degree of relevance or applied an overly lenient scoring threshold to completely unrelated content."
1124210,7695218,1124210,"Parenchyma, collenchyma, and sclerenchyma cells are common in the ground tissue. Vascular tissue transports food, water, hormones and minerals within the plant. Vascular tissue includes xylem, phloem, parenchyma, and cambium cells. Two views of the structure of the root and root meristem.",0,0,1,N/A,N/A,Hallucinated Relevance,The query consists solely of an arbitrary numerical identifier ('1124210') that has zero topical or semantic relation to the document about plant tissue biology. Model B failed to recognize the complete absence of relevance and generated a false positive score.
359349,8547674,359349,"In mathematics, and more specifically in numerical analysis, the trapezoidal rule (also known as the trapezoid rule or trapezium rule) is a technique for approximating the definite integral. The trapezoidal rule works by approximating the region under the graph of the function f ( x ) {\displaystyle f(x)} as a trapezoid and calculating its area.",0,0,1,N/A,N/A,Hallucinated Relevance,"Model B gave a non-zero relevance score to a document about the trapezoidal rule for an unrelated numeric query ('359349'), improperly assuming topical relevance where no connection exists."
87181,5103080,87181,"hypertrophy. increase in volume of a tissue or organ produced entirely by enlargement of existing cells. See also hyperplasia and proliferation. adj., adj hypertro´phic. asymmetrical septal hypertrophy. 1. hypertrophic cardiomyopathy.2. the term is sometimes limited to cases of hypertrophic cardiomyopathy in which the hypertrophy is localized to the interventricular septum. See also hypertrophic obstructive cardiomyopathy. a hypertrophy denotes an increase in the size or number of constituent fibers of a muscle. Any other condition such as inflammation, tumor, and fatty infiltration that increases the size of a muscle is called. pseudohypertrophy. True or physiologic hypertrophy results from excessive activity of muscle.",0,0,1,N/A,N/A,Hallucinated Relevance,"The query consists solely of a five-digit number ('87181') which has no lexical overlap, context, or meaningful connection to the medical definition of hypertrophy. Model A correctly identified that the document is completely irrelevant (score 0), whereas Model B likely hallucinated a tenuous connection or was overly permissive with an ambiguous numeric query."
264014,3666584,264014,"Flea Life Cycle. My Page on Fleas on cats has a more complete article on the life cycle of fleas and photos of fleas, and larvae. The short version of the flea life cycle is this: A flea has a blood meal and lays eggs on the cat. The eggs dry and fall off the cat onto spots where the cat hangs out.",1,1,0,"**Assessing the Applicability of the Flea Life Cycle Context**

Okay, so I'm presented with a question: how does ambient temperature affect the time it takes for a flea to develop from egg to adult? My task is to determine if the provided ""Flea Life Cycle"" context actually gives me that answer. I quickly scan the text. It describes the general flea life cycle: blood meal, egg-laying, eggs falling off the host. However, I don't see anything explicitly addressing ""ambient temperatures"" or their influence on the ""egg-to-adult development time."" My expert understanding tells me these are crucial variables in biological processes. Therefore, I can confidently conclude that the context provided is completely insufficient to answer the question. The information is simply not present. Consequently, I must assign it a grade of zero; it's not relevant in the slightest. The context is only a basic overview, and it doesn't give me the detail I need.


","**My Assessment of the Provided Information**

Alright, let's break this down. The text gave a very basic overview of the flea life cycle, focusing only on the ""short version"": blood meal, egg laying, eggs dropping. However, and this is crucial, it *completely* ignores environmental factors. Specifically, there's no mention whatsoever of ambient temperatures or how those temperatures impact the speed at which eggs hatch and develop into adults.

Therefore, because the relevant information regarding temperature's impact on development time is missing, I have to conclude that the original question *cannot* be answered using just this provided text. It's a fundamental omission. I'm assigning this a solid zero. It's incomplete and insufficient for a proper analysis of development time.


",Overly Strict Rejection of Incomplete Information,"Model B applied an all-or-nothing standard, assigning a score of 0 because the passage lacked specific environmental details (temperature impact), failing to recognize the partial relevance of the general flea life cycle description which warranted a score of 1."
489204,7113084,489204,"As the tissue grows, it causes pain which may be restricted to the right side of the body. Ectopic pregnancy-occurs when the fertilized egg fails to move and implant into the uterus. It can get stuck in the fallopian tubes, which can result in severe right side pain. Medical attention is required to safely remove the embryo.",0,0,1,N/A,N/A,Hallucinated Relevance,"The query is an arbitrary numeric string with no semantic connection or context related to the medical document. Model B erroneously assigned a non-zero relevance score, likely hallucinating a connection or failing to recognize complete topical irrelevance, whereas Model A accurately scored it as 0."
168216,1974320,168216,"A water temperature of 120°F does not kill the Legionella bacteria; a minimum temperature of 140°F is required at which Legionellae dies in 32 minutes. Hence it is recommended that the water heater be set at a temperature of 140°F.The Legionella disinfection range is 158 – 176 °F.calding Facts & Prevention. Keeping water in hot water storage tanks at a temperature that is considered sanitary requires raising the temperature of water to at least 140°F (60°C). But, at 140°F (60°C), water can cause third-degree burns in children in one second and in adults in five seconds.",0,0,1,N/A,N/A,Hallucinated Relevance,Model B assigned relevance to a document about water heater temperatures and Legionella bacteria for a completely opaque numeric query ('168216') that shares zero semantic or lexical connection with the content.
527433,1212787,527433,"The list below shows some of the causes of Dysarthria mentioned in various sources: 1  Aceruloplasminemia - dysarthria. 2  Acquired brain injury. 3  Alcoholic cerebellar degeneration. 4  Alopecia -- hypogonadism -- extrapyramidal disorder - dysarthria. 5  Amyloidosis, oculoleptomeningeal - dysarthria. 6  Amyotrophic lateral sclerosis.",0,0,1,"**Evaluating the Context's Relevance**

Okay, I need to determine if this context, a list of dysarthria causes, actually provides information to answer the question: ""Does this detail specific dysarthria types that are correlated with spastic, dyskinetic, or ataxic CP subtypes?"". My initial read makes it clear that the answer is no. This list focuses on etiology, mentioning various neurological conditions and disorders that *cause* dysarthria, but makes no mention of Cerebral Palsy subtypes or specific classifications of dysarthria linked to them.

Therefore, since the context doesn't even touch on those critical aspects, this material is completely irrelevant to the question's core. I'll assign a grade of 0; the question is simply unanswerable based on this provided information. It's a clear case of incomplete data for the query.


","Okay, here's my assessment of the situation:

**Analysis of Dysarthria and Cerebral Palsy Correlations**

Right, so I've been given a list of conditions that can cause dysarthria – Aceruloplasminemia, acquired brain injury, alcoholic cerebellar degeneration, and the like. My initial thought is, this is a useful list to have, but it's not going to get me anywhere with the specific question I'm trying to answer. The text just describes causes of dysarthria in general. Crucially, it doesn’t break down these causes into how they specifically relate to the *subtypes* of cerebral palsy we're interested in – the spastic, dyskinetic, and ataxic variations.

Essentially, there's no correlation provided between the dysarthria causes listed and the CP subtypes. I see absolutely no information here to assist me with that specific clinical distinction. I can't derive the information I need from this text. Therefore, I have to give it a score of zero.


",Score-Reasoning Inconsistency,"Model B's reasoning correctly identified that the document contained no relevant information and explicitly concluded with 'Therefore, I have to give it a score of zero', but inexplicably outputted a final score of 1."
915593,98515,915593,"This recipe is for 3 lbs. of pork loin ribs–adjust the cooking time a little more or less depending on how much ribs your;re cooking; for 2lbs of ribs, I usually cut the cooking time to 2 hours at. 250 degrees F, plus another 30 minutes at 350 degrees as I apply the BBQ sauce.",0,0,1,"**Evaluating the Applicability of the Context**

Okay, let's break this down. The core of the issue is this: can I use the provided text to determine if it differentiates sous vide approaches for fibrous versus starchy vegetables? My initial read is that it's highly unlikely. The given context is a recipe—and it's explicitly for pork loin ribs. I see oven temperatures in Fahrenheit (250 and 350 degrees). There's no mention of sous vide at all, much less a discussion on vegetables, and *certainly* not a differentiation between fibrous and starchy varieties.

Given that complete disconnect, the question is unanswerable with this information. The context is totally irrelevant to the question's focus on sous vide cooking and vegetable preparation. I'm going to have to rate this as a zero. It's a clear case of ""not relevant or complete at all"" based on my understanding of this kind of evaluation and the prompt guidelines. The instructions reinforce that a lack of relevant information merits a zero.


","Here's my assessment of the situation:

**Zeroing in on Irrelevance**

Okay, so the query explicitly focuses on ""sous vide approaches"" – that's the core. It further specifies a comparison: ""fibrous versus starchy vegetables."" A good, specific question, very workable. However, the data presented is a pork loin ribs recipe. No vegetables, no sous vide, nothing!

Therefore, I'm assigning this a solid ""0"". The information provided is completely off-target. It's not just incomplete; it's irrelevant to the prompt. I need information, a recipe, or any sort of context for vegetables and sous vide cooking if this is ever to get a proper score.


",Score-Reasoning Contradiction,"Model B correctly deduced that the document was completely irrelevant and explicitly stated in its text that it was assigning a score of '0', but contradicted its own reasoning by ultimately outputting a score of 1."
183378,3854211,183378,"In humans, the gene CYP19, located on chromosome 15q21.1, encodes the aromatase enzyme. The gene has nine coding exons and a number of alternative non-coding first exons that regulate tissue specific expression.",1,1,0,N/A,N/A,Failure to Resolve Domain-Specific Identifier,"The query consists solely of an accession/database identifier (e.g., an OMIM or biomedical ID corresponding to the CYP19/aromatase gene). Model B failed to link this numerical identifier to the relevant biological entity described in the document, wrongly treating the query as unrelated numbers, whereas Model A correctly recognized the association."
1114646,4957140,1114646,"Valtrex (valacyclovir) is an antiviral drug. It slows the growth and spread of the herpes virus to help the body fight the infection. Valtrex is used to treat infections caused by herpes viruses, including genital herpes, cold sores, and shingles (herpes zoster) in adults. Valtrex is used to treat cold sores in children who are at least 12 years old, or chickenpox in children who are at least 2 years old. Valtrex will not cure herpes and will not prevent you from spreading the virus to other people. However, this medicine can lessen the symptoms of an infection.",0,0,1,N/A,N/A,Hallucinated Relevance,"The query consists solely of an opaque numeric string ('1114646') with no lexical overlap or contextual connection to the Valtrex document. Model B erroneously assumed an ungrounded or implicit link (such as an external drug/concept identifier), whereas Model A correctly recognized that the document provides no relevant information for the query."
359349,4020471,359349,"In geometry, there is an important theorem - triangle mid segment theorem. Midsegment theorem tells us about the relation between the midsegments and the sides of the triangle. Midsegment of a triangle is the line segment that joins the midpoints of any two sides. A triangle can have three midsegments at the most.",0,0,1,"**Evaluating the Context for Relevance**

Okay, here's what I'm thinking. The core of this is about whether we can figure out if we *know* the lengths of parallel bases, either directly or indirectly. The question seems to be hinting at a trapezoid situation, or something related to parallel lines in a geometric figure. My immediate thought is, can I answer the question based on what's given?

Let's see… The context is talking about the triangle midsegment theorem. It defines a midsegment, mentions its relationship to triangle sides, and says there can be three in a triangle. Hmm. That's all about triangles and their internal line segments. It doesn't discuss trapezoids, parallel bases, or any lengths at all, for that matter.

So, *can* I determine the lengths of any parallel bases from this information? Absolutely not. There's zero relevance here. It's a completely unrelated concept. The context doesn't touch on anything required to answer the main question.

Therefore, the only honest answer is zero. The information provided is completely useless for assessing parallel bases lengths.


","Here's my assessment of the situation:

**Analysis of the Query and Context**

Okay, so the query is explicitly asking about ""lengths of both parallel bases."" My immediate assumption, given the wording, is that we're dealing with a trapezoid or a related geometric problem. However, the provided context *only* brings up the ""triangle midsegment theorem."" That's a red flag. The context, as it stands, provides absolutely nothing that helps me determine those base lengths. It's a classic case of mismatch – the query demands specific information that's simply not present in the provided material. The context offers no values, no equations, no diagrams, nothing relevant to a trapezoid's bases, and only introduces an irrelevant theorem for solving an unrelated geometric problem.

Therefore, from a purely informational standpoint, and given my expertise, I have to assign this a 0. The context is completely inadequate for the task at hand. There is no information that can be used to solve this problem.


",Score-Reasoning Inconsistency,"Model B explicitly concluded in its reasoning that the context deserved a score of 0 due to complete irrelevance, but erroneously assigned a final score of 1, resulting in a direct contradiction between its evaluation and the output score."
156493,5877552,156493,"I wouldn't do it, because they are use to the large body of water. The sudden change may depress the goldfish, which will result in a less colorful fish. Unless your moving him into a 50 gallon or bigger tank, he might be okay with that but not like a 20 gallon.sker's rating. Report Abuse. Well a small tank, 10-20 gallons, is probably only a good size for 1 goldfish and moving a goldfish from a pond to a small tank is probably not a good idea. I would just go and get a good quality oranda or fantail goldfish cuz they are only like a dollar. hope this helps ^_^.",0,0,1,N/A,N/A,Hallucinated Relevance,The query consists solely of an arbitrary number ('156493') with no lexical or semantic connection to goldfish care. Model B produced a false positive by assigning relevance to a completely unrelated document.
1124210,3289570,1124210,"Phloem is the second type of vascular tissue; it transports sugars, proteins, and other solutes throughout the plant. Phloem cells are divided into sieve elements (conducting cells) and cells that support the sieve elements. Together, xylem and phloem tissues form the vascular system of plants.",0,0,1,N/A,N/A,Hallucinated Relevance,"Model B assigned relevance to a passage about plant biology for an arbitrary numeric query that shares no topical, semantic, or lexical overlap with the text, failing to recognize that the document is completely irrelevant."
1124210,6181089,1124210,Xylem vessels xylem vessel: Vein-like tissue which transports water and minerals up a plant are involved in the movement of water through a plant from its roots to its leaves.Water: 1  Is absorbed from the soil through root hair cells.ylem vessels xylem vessel: Vein-like tissue which transports water and minerals up a plant are involved in the movement of water through a plant from its roots to its leaves. Water:,0,0,1,N/A,N/A,Hallucinated Relevance,The query is a purely numeric identifier with zero lexical or topical overlap with the document about plant xylem vessels. Model B inappropriately assigned a non-zero relevance score instead of recognizing the complete lack of relevance.
156493,5530080,156493,"There are many kinds of goldfish. The most common kind is golden-colored, but goldfish come in many different shapes and sizes. Many gold fish have fancy tails. Another common kind is called a black moor, which is black colored. Wild goldfish are called prussian carp and are silver-green in colour.",0,0,1,"**Grading the Question: A Quick Assessment**

Alright, let's break this down. The user's essentially asking me to evaluate if a specific question – ""Does it quantify age-dependent growth rate changes?"" – can be answered using the provided context. I see the context describes a variety of goldfish: golden ones, black moors, and wild prussian carp. It touches on colors, shapes, and sizes, even the concept of ""fancy tails,"" but absolutely *nothing* about growth rates or how those rates might change as the fish age.

My assessment is straightforward: based solely on what's given, the question is unanswerable. There's simply no relevant information present. Therefore, I'm assigning a grade of 0. The context is completely irrelevant to the question.


","**Evaluating the Context and its Relation to the Question**

Okay, so I'm presented with a question: ""Does it quantify age-dependent growth rate changes?"" and a context that's all about goldfish – their types, colors, and shapes. My initial thought is, ""This context is completely off-base."" There's absolutely nothing here about growth rates, let alone age-dependent changes in those rates.

Wait a second. The question isn't asking *what* the growth rate is; it's asking if the context *quantifies* it. Hmm. Based on what's available, I could technically answer ""No, the context does not."" But, how is this type of question being graded? Does a negative answer equate to a zero score?

Usually, when I'm assessing these sorts of things, if the context simply doesn't contain the information needed to answer a fact-based question, or if the question is asking if a specific item is mentioned and it is not, it gets a zero. So, given that the context lacks *any* mention of growth rate or age, I'm going to have to grade this as a zero. It's a simple case of ""the context doesn't provide what the question is looking for."" Done.


",Score-Reasoning Contradiction,"Model B explicitly reasoned that the context completely lacked relevant information and concluded that it deserved a grade of 0, but inexplicably output a final score of 1, contradicting its own internal assessment."
183378,2533259,183378,"Intron-RNA sequences between exons that are removed by splicing. Introns have been found in eukaryotic mRNA, tRNA and rRNA, as well as chloroplast, mitochondrial and a phage of E. coli. Eubacteria are the only species in which introns have not been found.",0,0,1,N/A,N/A,Hallucinated Relevance,"The query consists solely of an arbitrary numerical ID ('183378') that shares no lexical or semantic relationship with the biological passage about introns. Model A correctly identified the complete lack of relevance, whereas Model B exhibited over-permissive scoring on an unrelated query."
168216,5336830,168216,"Mycoplasma pneumoniae (M. pneumoniae) is an atypical bacterium (the singular form of bacteria) that causes lung infection. It is a common cause of community-acquired pneumonia (lung infections developed outside of a hospital).M. pneumoniae infections are sometimes referred to as walking pneumonia..his illness is often seen with other upper respiratory tract symptoms, like a sore throat. Sometimes M. pneumoniae infection can cause pneumonia, a more serious infection of the lungs, which may require treatment or care in a hospital.",0,0,1,"**Grading the Question's Answerability**

Okay, so I'm being asked to assess if a question is answerable given a specific context. The question is about *Legionella pneumophila* virulence factors in pneumonia, but the provided context is all about *Mycoplasma pneumoniae*… not even close. My immediate instinct is a big fat zero. The context is completely irrelevant to the question.

Let's make sure I'm following the instructions and grading scheme. Yep, the options confirm my initial assessment: ""0: The answer is not relevant or complete at all."" Basically, the context doesn't contain the information needed to answer, so a zero is the correct choice. Simple enough.


","Here's my assessment of the situation:

**Analysis of the Question and Context**

Okay, the question is clearly zeroing in on *L. pneumophila*'s virulence factors. I'm expecting to delve into specifics like the Dot/Icm type IV secretion system, effector proteins, the Legionella pneumophila macrophage infectivity potentiator (Mip), and perhaps even the role of flagellin. However, the provided context immediately throws up a red flag. It's all about *Mycoplasma pneumoniae* – completely irrelevant! There's absolutely nothing here that touches on *Legionella* at all. I can't even begin to speculate or extrapolate; it's a completely disjointed comparison. Therefore, I have to conclude that, based on this provided information, there is simply no way to answer the question about *L. pneumophila* and the question, as far as I'm concerned, is unanswerable with this context. It's a straight zero.


",Reasoning-Verdict Inconsistency,"Model B's internal reasoning correctly deduced that the text was completely irrelevant and explicitly stated it deserved 'a straight zero', but it failed in the final execution step by erroneously outputting a score of 1 instead of 0."
1133167,4572057,1133167,"Hurricane season begins on June 1 and ends on Nov. 30 for Florida and the rest of the Atlantic coast. Hurricanes can form in May and into December, but most tropical activity occurs during the established season.",0,0,1,"**Grading the Answer: ""Are any active severe weather advisories issued?""**

Okay, let's break this down. The task is to evaluate how well that question can be answered, given the provided context. The context talks about the dates of the Atlantic hurricane season: June 1st to November 30th, with possible activity in May and December. Hmm, so it's setting the scene for when hurricanes occur, but does it actually say anything about current advisories? No, I don't see anything. There's zero information within this text that directly addresses whether any severe weather advisories are *currently* active. The context establishes the *possibility* of hurricanes, and their seasonality, but doesn't mention *specific* advisories. Therefore, I have to conclude that the question is completely unanswerable based on this particular context. It's irrelevant. The grade, then, has to be a resounding zero. The answer provided, if one were even attempted, would be entirely unsupported by the given information.


","**Evaluating the Context for Severe Weather Advisory Information**

Okay, I'm assessing this context to see if it can answer the question ""Are any active severe weather advisories issued?"". Right off the bat, I see the text is about hurricane season – specifically, the timeframe and geographic location. That gives me a clue about the *potential* for severe weather, but doesn't actually tell me if any advisories are *currently* in effect. I need real-time data for that.

The passage goes on to detail the start and end of hurricane season, mentions the possibility of tropical activity outside that window, but it doesn't offer *any* concrete information about *existing* advisories. There's no mention of alerts, warnings, watches, or any mechanism to determine current severe weather conditions. My conclusion is clear: this context is insufficient to provide an answer. Therefore, a grade of 0 is appropriate. It just doesn't contain the data I need.


",Score-Reasoning Mismatch,"Model B correctly deduced in its reasoning that the context is insufficient and explicitly concluded that 'a grade of 0 is appropriate', but erroneously outputted a final score of 1."
156493,1788797,156493,"I'm 14, and i was wondering when i will stop growing.",0,0,1,"**Evaluating the Question's Answerability**

Okay, let's break this down. The core of the issue is whether the question, ""Does it quantify age-dependent growth rate changes?"" can be answered based solely on the provided context. I'm seeing a very minimal context here: ""I'm 14, and i was wondering when i will stop growing."" That's it. My initial assessment is, absolutely not. The context offers no data, no analysis, no quantification – it's just a simple query from a fourteen-year-old.

The question explicitly demands the presence of quantified age-dependent growth rate changes. The available text contains no such information. Therefore, a definitive ""no"" is the only logical conclusion. Since there is absolutely nothing in the context that helps address the question, the appropriate grade is 0. Thinking about it a little longer, the key thing I need to confirm is: ""Can this question be answered based on what's available here?"" and in this case, the answer is a clear negative.


","**Analyzing the Context for Age-Dependent Growth Rate Quantification**

Okay, so the prompt is straightforward: does the provided context actually *quantify* changes in growth rate that are dependent on age? The context is a simple query: a 14-year-old wondering when they'll cease growing. My immediate assessment is that no, it doesn't. This isn't about some sophisticated analysis; it's a basic statement of inquiry. The context isn't providing data, formulas, or any kind of quantitative information related to age and growth rate. It’s simply a question.

Now, I need to recalibrate. The prompt really wants to know if the question posed can be answered *based* on the context, not if the context itself is the answer. That's even more direct. The context doesn't offer any answer, or even any relevant data, to the question about growth rate changes. Therefore, my evaluation here is a clear zero. The context is insufficient for any type of meaningful response.


",Score-Reasoning Contradiction,"Model B correctly deduced throughout its reasoning that the document contained no relevant data and explicitly concluded that 'my evaluation here is a clear zero', but erroneously output a final score of 1."
156493,6343401,156493,"It is a tetra 3 gallon tank with bubbles and a filter. I have 2 goldfish. Thanks! that's a very small tank for goldfish you should get a hundred gallon aquarium for 2, you can go to a hardware store and get a 50 gallon container for cheap and get 2 of them one for each goldfish.",0,0,1,N/A,N/A,Hallucinated Relevance,The query is an arbitrary numeric string ('156493') with zero topical or keyword overlap with the document about goldfish tank sizes. Model B improperly assigned positive relevance to a completely unrelated document where Model A correctly identified no connection.
130510,1963510,130510,"Adarand, in addition to its general prayer for such other and further relief as to the Court seems just and equitable, specifically seeks declaratory and injunctive relief against any future use of subcontractor compensation clauses. App. 22-23 (complaint).",0,0,1,N/A,N/A,Hallucinated Relevance,"The query consists solely of an arbitrary numeric identifier ('130510') that has no lexical or semantic connection to the legal document. Model B incorrectly inferred relevance where none exists, whereas Model A correctly recognized the document as completely irrelevant."
168216,4741407,168216,"Once inside a hot water heater, however, Legionella bacteria multiplies and is conveyed through the household plumbing, where it may be inhaled in the aerosol mist that accompanies showering, bathing or even washing dishes in a sink.",0,0,1,N/A,N/A,Hallucinated Relevance,"The query is an arbitrary numeric string with no connection to the document discussing Legionella bacteria. While Model A correctly deemed the document entirely irrelevant (score 0), Model B assigned a score of 1, likely hallucinating a weak topical match or improperly defaulting to non-zero relevance for ambiguous, non-semantic queries."
1037798,8760868,1037798,"Mississippi Truck Driver Who Didn’t Vote Because He Was Out Of Town Wins Democratic Primary. Robert Gray told Mississippi Public Broadcasting that he didn’t campaign much, and he didn’t report spending any money on his campaign.",0,0,1,N/A,N/A,Hallucinated Relevance,"The query consists entirely of an arbitrary numeric identifier ('1037798') that does not appear in or relate to the document. Model B failed to recognize the complete absence of any lexical or semantic connection, incorrectly assigning non-zero relevance."
168216,5880512,168216,"Legionella Risk Assessments, Water System Disinfection, Legionella Control Services. H2O Legionella Control Services from Glasgow in Scotland provides professional, comprehensive legionella control services to clients around the UK.",0,0,1,N/A,N/A,Hallucinated Relevance,"The query consists solely of an arbitrary numeric string ('168216') that does not appear in or relate to the document about UK legionella control services. Model B hallucinated relevance or adopted an overly permissive scoring threshold, awarding a point to a completely unrelated document."
1114646,5153519,1114646,"COMMON BRAND NAME(S): Zovirax. USES: Acyclovir is used to treat infections caused by certain types of viruses. It treats cold sores around the mouth (caused by herpes simplex), shingles (caused by herpes zoster), and chickenpox. This medication is also used to treat outbreaks of genital herpes.",0,0,1,N/A,N/A,Hallucinated Relevance,"Model B incorrectly assigned relevance to an opaque numeric query with no contextual or semantic connection to the drug information document, likely assuming or hallucinating that the number was an associated product identifier."
527433,452708,527433,"London Neurosciences Centre, Charing Cross Hospital and Imperial College School of Medicine, London, UK. Abstract. Dysarthria is a motor disorder of speech characterized by abnormalities of the articulation and intelligibility of speech. Phonation and the rate of facial movements may also be affected. Understanding the nature and course of dysarthria in. amyotrophic lateral sclerosis (ALS) is important because loss of communication prevents patients from participating in. many activities, may lead to social isolation, and reduces the quality of life. The goal of management of dysarthria in ALS. patients is to optimize communication effectiveness for as long as possible.",0,0,1,N/A,N/A,Hallucinated Relevance,"The query is an isolated numeric identifier ('527433') that does not appear anywhere in the document text. Model B likely assumed an external metadata link (such as a PMID) or produced an ungrounded false positive, whereas Model A correctly judged the document as completely irrelevant based on the provided text."
1133167,949411,1133167,"The average high temperature reaches 90 degrees Fahrenheit or higher from April through September, according to historical data from the World Weather Organization. It is one of the few destinations in the Caribbean where high temperatures exceed 90 degrees during the summer.ainfall is especially heavy in the fall months, peaking at an average of nearly 10 inches in September and October during the annual Caribbean hurricane season. But Mexico's largest island also has a dry season, especially in March and April when the average rainfall declines to less than two inches.",0,0,1,"**Grading the Question's Answerability**

Okay, so I'm being asked to assess if the question ""Are any active severe weather advisories issued?"" can be answered using this given context. Let me see... the context is all historical climate data for a Caribbean location, Cozumel, if I'm reading this correctly. Interesting data, but... nope, no mention of any current advisories.

So, the question *can't* be answered based on this information. It's a straight zero. The context is completely irrelevant to the question of whether there are any *current* advisories. This isn't even a matter of incomplete information; the necessary data just isn't there at all.

Wait, let me make sure I am answering what the prompt asks: ""Can the question be answered based on the available context?"" That's the key. Since the answer isn't present, the ""answerability"" is zero. Got it. Zero it is.


","**Evaluating the Question's Answerability**

Okay, so I've got this question: ""Are any active severe weather advisories issued?"" My task is to figure out if I can answer that question, given the context I've been provided. It looks like the context is historical weather data for a Caribbean island – things like high temperatures, average rainfall, and maybe details about the dry season.

Right off the bat, I can see the problem. None of that data tells me *anything* about current or active severe weather advisories. It's all historical. It might give me some idea of potential weather risks, based on patterns, but not the current advisory status.

So, realistically, based *solely* on this context, I can't give a useful answer. It's a complete mismatch. My evaluation? Zero. The context just isn’t relevant or complete enough to address the question at all. There is no possibility to answer the question with the available information.


",Score-Reasoning Discrepancy,"Model B's internal reasoning correctly determined that the text was completely irrelevant and explicitly concluded the score should be 'Zero', but it failed in the final step by outputting a score of 1 instead."
1113437,351824,1113437,"Needles: Occur in bundles of 5; 2-4 long; white lines on 2 sides of each 3-sided needle. Fruit: Woody cones, 5-12 long (smaller than sugar pine cones); slender and curved. Cone scales are thin and often curve up on the end. Bark: Dark; broken into small squares or rectangles on older trees (smooth on young trees). Bark often ringed where a whorl of branches once grew.",2,2,1,N/A,N/A,Failed Identifier Resolution,"Model B likely failed to recognize the numeric query as a specific database or specimen identifier corresponding to the botanical description, penalizing the document due to the complete lack of lexical overlap."
915593,2872589,915593,"Cubes. 1 inch. Tender. 45 minutes to 1 hour. The internal temperature when cooking pork chops, roasts and tenderloins should be 160°F (71°C), which leaves the center pink and juicy.* Less tender cuts, like pork shoulder (butt) and ribs can be cooked long and slow, to make them tender.ubes. 1 inch. Tender. 45 minutes to 1 hour. The internal temperature when cooking pork chops, roasts and tenderloins should be 160°F (71°C), which leaves the center pink and juicy.* Less tender cuts, like pork shoulder (butt) and ribs can be cooked long and slow, to make them tender.",0,0,1,N/A,N/A,Hallucinated Relevance,The query is an arbitrary numeric identifier ('915593') with zero topical or semantic overlap with the provided cooking instructions. Model B regressed by being overly lenient and assigning positive relevance to a completely unrelated document.
131843,3801087,131843,"According to my sources in the area, Ringgold, GA was hit by a Tornado at approximately 8PM EST April the 27th 2011. The Tornado was an F3 and did damage to several area restaurants and businesses.",0,0,1,N/A,N/A,Hallucinated Relevance,"Model B assigned relevance to a document that contains no mention of or apparent connection to the numeric query '131843', likely fabricating a spurious association or failing to recognize that the text is entirely unrelated."
156493,4396055,156493,"Goldfish are exothermic, like all fish. Their body temperature is determined by the temperature of the water. This means that goldfish are at the mercy of the water temperature to regulate critical body functions. Simple functions such as locomotion are affected by water temperature. Goldfish in cool ponds move more slowly than goldfish in very warm ponds.",0,0,1,N/A,N/A,Hallucinated Relevance,"The query is an arbitrary numeric identifier ('156493') with no semantic or lexical overlap with the document discussing goldfish biology. Model B likely defaulted to an overly permissive relevance threshold or hallucinated a connection, while Model A correctly recognized that the document has zero relevance to the query."
1117099,7235168,1117099,Convergent boundaries are the place where two tectonic plates converge (i.e. two plates move toward each other). These zones tend to be where compressional stresses are active and this results in thrust or reverse faults being common. Converging plate boundaries are of two types:,0,0,1,N/A,N/A,Hallucinated Relevance,"The query '1117099' is an ungrounded numeric string with no semantic relation to the document on tectonic convergent boundaries. Model B erroneously assigned relevance to an entirely unrelated document, whereas Model A correctly recognized the total lack of connection and scored it 0."
1133167,2189883,1133167,The weather on Catalina Island is described as a mild subtropical climate with warm year-round temperatures. The average high temperature during winter months is 63 and the average low temperature is 50 degrees Fahrenheit.,0,0,1,"**Analyzing the Context for Severe Weather Information**

Okay, so the user's question is straightforward: can we determine if there are any active severe weather advisories based on this provided information? My initial instinct is to assess if the context even touches on severe weather.

I'm looking closely at the description of Catalina Island's weather: a mild subtropical climate, warm temperatures year-round. Average highs and lows are given for winter. Right away, I'm thinking, is there anything in here that *suggests* severe weather? No. There's nothing about wind speeds, precipitation intensity, potential for thunderstorms, or anything else indicative of active warnings.

Therefore, since the context completely fails to address severe weather advisories, I can't derive an answer from it. This means the response is irrelevant, it doesn't even allow for an attempt at answering. The grading scale confirms this—a 0. The lack of relevant information essentially renders the question unanswerable within this particular context. It's a clear-cut case of the context not supporting an answer. I'm confident in assigning a score of 0.


","**Analyzing the Weather Advisory Question**

Okay, so the prompt is asking about active severe weather advisories, right? And the context I've been given is just general climate information about Catalina Island. That's a pretty clear disconnect. The context *doesn't* offer any specific information on current advisories. Therefore, I can't answer the question directly based on what's available.

But wait a minute, I need to remember the evaluation criteria. It's not about providing an *actual* answer, it's about whether or not the *context* can answer the question. Since the context only contains general weather and climate info, and explicitly *lacks* any mention of active advisories, then the context fails to provide an answer.

Let's look at the grading. Grade 0 is ""Not relevant or complete at all"" -- the information needed is completely missing. Yep, that fits perfectly. It's a clear case of insufficient information. So, I'll go with a Grade 0. The context doesn't remotely address the question of current advisories.


",Score-Reasoning Inconsistency,"Model B's internal chain of thought correctly deduced that the context was completely irrelevant and explicitly concluded with assigning a grade of 0, but ultimately outputted a score of 1, resulting in a direct contradiction between its reasoning and final score."
156493,4571844,156493,"This depends upon your preferences and your plans. Smaller trout cost less, but take longer to reach large size. Under optimal conditions, a rainbow trout can grow as much as one inch per month, but usually much less than that. If your trout grow a total of six inches per year, they are growing very well.",0,0,1,N/A,N/A,Hallucinated Relevance,"The query consists solely of an arbitrary numeric identifier ('156493') with zero topical or lexical relation to the document about trout growth. Model A correctly identified the complete lack of relevance (0), while Model B exhibited a false-positive bias by assigning partial relevance (1) to an unrelated document."
962179,3304256,962179,"Oxford United Methodist Church. The History of Oxford United Methodist Church Historical records disclose that the first church in Oxford was the Oxford Methodist Episcopal, as it was then called. The church was organized in 1834, when residents began meeting in homes, and then in a school. The first chu...",0,0,1,"**Grading the Answerability of a Question**

Okay, so I need to assess whether a question is answerable given a specific context. The question is: ""Does the information specify when The Christian Mission officially adopted the name 'The Salvation Army'?"" and the context is about Oxford United Methodist Church. My initial thought is that the context is completely unrelated, it doesn't mention either ""The Christian Mission"" or ""The Salvation Army"". Therefore, at first glance, the question is unanswerable based on this provided information.

I'm double-checking the instructions. The prompt focuses on grading an ""answer,"" but there isn't actually an answer provided, just a question and some context. It asks specifically, ""Can the question be answered based on the available context?"". It's all about how well the context allows us to get a response.

I'm noticing the provided scale. There's a scale that ranges from highly relevant and accurate to not relevant at all (which I'm interpreting as unanswerable). Given that the context offers no relevant information, the question *cannot* be answered based on the available text.

Alright, if it can't be answered at all, a score of zero is warranted. The context is completely unhelpful, so I'll output 0.


","Okay, here's my understanding, tailored for an expert audience:

**Analyzing the Contextual Constraints**

Alright, I've got this question regarding ""The Christian Mission"" or ""The Salvation Army"" in relation to Oxford United Methodist Church. My initial assessment is a firm negative, and the reasoning is quite straightforward. The provided context *explicitly* focuses solely on Oxford United Methodist Church. There's no mention of either ""The Christian Mission"" or ""The Salvation Army"". Therefore, any attempt to relate them, infer connections, or speculate about interactions is entirely unfounded within the confines of this data. A deduction of 0 is appropriate given the absence of any relevant information to establish a relationship.


",Score-Reasoning Inconsistency,"Model B correctly identified that the document contained no relevant information and concluded that the context was completely unhelpful, but contradicted its own reasoning by assigning a score of 1 instead of 0."
146187,1138801,146187,"There are 1160 calories in a 1 burger serving of Sonic SuperSONIC Double Cheeseburger. Calorie breakdown: 63% fat, 15% carbs, 22% protein.",0,0,1,"**Grading the Answerability of a Question**

Okay, so I need to assess whether the provided context allows us to answer the question, ""Does it specify the number of cheese slices per item?"" My initial thought is to just look at the context, see if cheese slices are mentioned, and be done with it. Nope, there's nothing about cheese slices. But, wait, this isn't about answering *how many* cheese slices, it's about whether the *context* specifies the *number* of cheese slices. I need to keep that distinction clear in my head.

So, can I answer the question ""Does it specify...?"" Based on the provided calorie breakdown of a burger? Yes, I can answer it definitively with a ""No."" This feels like a binary choice.

Now, my mind shifts to how these types of prompts are typically graded. A '5' usually implies the answer is completely and accurately derived from the context. In this case, saying ""No, it doesn't specify"" is a perfect, accurate response based on the context. If I reframe the question as ""Does it specify..."", the answer ""No"" is accurate, so that should be a '5'.

But, this also brings up the issue of what the question *really* is. Is the intent, even if the question isn't perfectly phrased, to determine how much information the context *contains* about cheese slices? If that's the angle, then the context contains *zero* information about cheese slices and it is a 0 or 1.

Ultimately, based on the phrasing of the question itself, I *can* answer the question accurately: ""No, the context does not specify the number of cheese slices per item."" So, I'm going with a perfect grade. Yes, I can answer the question!


","**Evaluating the Context and Question**

Okay, so I'm presented with a context and a question. The question is: ""Does it specify the number of cheese slices per item?"" My initial thought is to quickly scan the context: ""There are 1160 calories in a 1 burger serving of Sonic SuperSONIC Double Cheeseburger. Calorie breakdown: 63% fat, 15% carbs, 22% protein."" Hmm, no mention of cheese slices.

The prompt, as I recall, seems to be about evaluating if the provided context allows answering the given question, so it's a ""can this be answered with this?"" assessment. In this case, I'm thinking, if the question asks ""Does it specify..."", the answer is a straightforward ""No"" since cheese slices aren't even mentioned in the text. I need to make sure I am answering *that* question, not inferring an answer based on what *could* be derived. Is the answer readily found in the context?

The prompt seems to be testing whether the information is available, and, given it's a yes/no question asking about the existence of information, I should be focused on how well the context allows me to answer, not how well the context assists answering a question based on other information. The question is explicitly about the context, and the context clearly states it does *not* specify the number of cheese slices. That makes the answer ""No"" directly answerable.

Thinking about the rubric, the prompt asks: ""Can the question be answered based on the available context?"". My answer, “No, the context does not specify the number of cheese slices” is fully justified by the context. It's accurate, relevant, complete, and derived 100% from the text, which means it definitely merits a 5. It *directly* addresses the query about the content of the text itself.


",Conflating Absence of Information with Relevance,"Model B fell into a meta-reasoning fallacy: it concluded that because the document definitively proves the requested information is absent (answering 'no'), the context was sufficient and therefore relevant. In contrast, Model A correctly noted that the context contains zero information on the topic, properly leading to a relevance score of 0."
19335,2594897,19335,"Environmental science definition, the branch of science concerned with the physical, chemical, and biological conditions of the environment and their effect on organisms. See more. Dictionary.com",0,0,1,N/A,N/A,Hallucinated Relevance,"Model B awarded a positive relevance score to a document defining environmental science, despite it having zero semantic, topical, or keyword connection to the numeric query '19335'."
1113437,2001934,1113437,"Full Definition of SPRUCE. 1. a: any of a genus (Picea) of evergreen trees of the pine family with a conical head of dense foliage, flat or 4-sided needles, pendulous cones, and soft light wood b: any of several coniferous trees (as Douglas fir) of similar habit. 2. : the wood of a spruce.",2,2,1,N/A,N/A,Failure to Recognize Identifier Query,"Model B likely penalized the document for having zero surface lexical overlap with the purely numeric query ('1113437'), failing to identify that the query represents a specific entity or dictionary entry identifier corresponding directly to the document."
87181,8032048,87181,A narrow pulse pressure is also caused by aortic valve stenosis and cardiac tamponade. A pulse pressure is considered abnormally low if it is less than 25% of the systolic value.The most common cause of a low (narrow) pulse pressure is a drop in left ventricular stroke volume.In trauma a low or narrow pulse pressure suggests significant blood loss (insufficient preload leading to reduced cardiac output). narrow pulse pressure is also caused by aortic valve stenosis and cardiac tamponade. A pulse pressure is considered abnormally low if it is less than 25% of the systolic value.,0,0,1,"**Evaluating the Context for Chronic Afterload Elevation Mechanisms**

Okay, let's break this down. My task is to determine if the given text provides an answer, even a partial one, to the question: ""Are chronic afterload elevation mechanisms detailed?"" I need to dissect this ""context"" piece and see what it actually *does* discuss.

Right off the bat, I see the text is focused on pulse pressure – specifically, *narrow* pulse pressure. We've got aortic valve stenosis, cardiac tamponade, and low left ventricular stroke volume being mentioned as contributing factors. The text also touches on trauma and the impact of insufficient preload due to blood loss. Preload, stroke volume, these are important. But, I'm not seeing anything that directly relates to or even hints at ""chronic afterload elevation mechanisms."" The mechanisms the text does talk about have to do with the *cause* of a narrow pulse pressure.

Given my understanding, and based on what I see here, the answer is a resounding *no*. The context doesn't even brush the surface of the question. Therefore, the rating I would give this is a zero. The context is entirely irrelevant to the core question.


","**Evaluating the Context for Chronic Afterload Elevation Mechanisms**

Okay, let's see. My objective here is to determine whether this context provides the details necessary to answer the question: ""Are chronic afterload elevation mechanisms detailed?"". I'm going to quickly scan for relevance. Alright, pulse pressure, aortic valve stenosis, cardiac tamponade, low pulse pressure, stroke volume, trauma, preload, cardiac output… Hmm, on initial assessment, I'm not seeing any explicit discussions or breakdowns of the *mechanisms* of chronic afterload elevation. While these concepts are related to cardiovascular physiology, and some, like aortic valve stenosis, *cause* afterload issues, the context doesn't dive into the *mechanistic* details of sustained, long-term afterload elevation itself. Therefore, it's a clear ""no."" The context simply doesn't address the core of the question, so the answer is zero.


",Score-Reasoning Contradiction,"Model B correctly deduced in its written reasoning that the document is completely irrelevant and explicitly concluded that 'the answer is zero', but it erroneously output a final score of 1 instead of 0."
1124210,6221372,1124210,1 Sclerenchyma tissues are thick-walled support cells found throughout the plant as fiber. 2  Xylem is a structurally complex tissue that conducts water and nutrients from the roots to all parts of the plant. 3  The xylem is comprised of a series of long tubes made up of shorter vessel members.,0,0,1,N/A,N/A,Spurious Pattern Matching,"Model B likely matched the arbitrary numeric query '1124210' to the sentence numbering (1, 2, 3) in the text or hallucinated relevance on an opaque numerical query, whereas Model A correctly recognized that the biological content has zero semantic relevance to the query."
1133167,2114201,1133167,"Now it's October and it's been one of the busiest seasons on record, with 19 named storms so far this year, 10 of which became hurricanes, including Hurricane Sandy, which has the potential to strike the East Coast.",0,0,1,N/A,N/A,Hallucinated Relevance,"The query consists solely of an opaque number with no semantic or contextual connection to the hurricane season document. Model A correctly recognized this complete lack of relevance and assigned a score of 0, whereas Model B exhibited over-lenience and hallucinated marginal relevance."
915593,3545107,915593,"3. Once all the eggs are in the pot, bring the water back up to a medium boil and boil your eggs for 8-12 minutes depending on the size of the eggs and how you like your yolk. For my bantam eggs I usually cook for 8 minutes. 4.",0,0,1,N/A,N/A,Hallucinated Relevance,"The query '915593' is a numeric string with zero connection to the document about boiling eggs. Model A correctly assigned a score of 0, while Model B incorrectly gave a non-zero score, likely exhibiting an overly lenient baseline or hallucinating relevance for an opaque query."
19335,1825416,19335,"Biological or physical anthropology is entrusted with the study of the diverse archeological discoveries leading to the explanation of the historical development of the human species from its first appearances as caveman, until its latter psychobiological development that caused it to be called Homo Sapiens Sapiens.",0,0,1,N/A,N/A,Hallucinated Relevance,"The query consists solely of an arbitrary number ('19335') with no semantic connection or topical overlap to the text about physical anthropology. Model A correctly scored it as completely irrelevant (0), whereas Model B awarded an unmerited score of 1, failing to recognize the total absence of relevance."
359349,5773714,359349,"How to Calculate the Area of a Trapezoid. A trapezoid is a quadrilateral with two parallel sides of different lengths. This means that both of these sides can be called a base, and that the trapezoid is unique in having two bases. If want to know how to calculate the area of a trapezoid, just follow these steps.Ad.ivide 147 cm 2 by 2 to get the final answer. 147 cm 2 /2 = 73.5 cm 2. The area of the trapezoid is 73.5. You have just followed the formula for finding the area of a trapezoid, which is [(b1 + b2) x h]/2.",1,1,2,N/A,N/A,Hallucinated Relevance,The query is an arbitrary numeric identifier ('359349') with zero semantic connection to calculating the area of a trapezoid. Model B erroneously assigned a partially relevant score (2) rather than recognizing complete irrelevance (1).
156493,2154543,156493,"Availability. The Ryukin Goldfish are readily available in fish stores and on-line, but cost more than other fancy goldfish. They come in red, red and white, calico, tri-color, white, and chocolate, with the red and white variety being the least expensive. The long-tail varieties are more rare..",0,0,1,"**Analyzing the Relevance of the Question**

Okay, so the user's question is ""Does it quantify age-dependent growth rate changes?"" I've been given some context: details on Ryukin Goldfish availability, cost, and color variations. Right off the bat, I can tell this doesn't look promising. My goal here is to determine whether the provided information answers the question, and I'm looking for a solid connection, a direct link between the two. The text describes things like ""readily available,"" ""cost more,"" and various color patterns. Those details, on their own, don't say anything about how these fish grow over time, which is what the user is asking about. I'm seeing no mention of growth rates or how they might change as the fish get older. So, based on this extremely limited data, the answer is a resounding zero. It's completely irrelevant to the question at hand.


","**Evaluating the Question's Answerability**

Okay, let's break this down. The core of the issue is whether the provided context allows us to determine an answer to the question ""Does it quantify age-dependent growth rate changes?"" I'm looking at the context, which is all about Ryukin Goldfish – their availability, cost, and colors. Now, does this information tell us anything about their growth rates, let alone age-dependent changes in those rates? Absolutely not. It’s entirely unrelated.

Therefore, and I need to be precise here given this is a RAG context, this can't be answered at all. The context doesn't even hint at growth or age. Re-reading the prompt, specifically the key question ""Can the question be answered based on the available context?"" it's a resounding *no*. Using the standard evaluation scale, this fits a solid ""0"": The answer is not relevant or complete at all. It's essentially unanswerable from the given information.


",Score-Reasoning Inconsistency,"Model B's internal reasoning correctly determined that the document was completely irrelevant and explicitly stated that the rating should be a 'solid 0', but it erroneously outputted a final score of 1 instead."
130510,5791395,130510,"In fact, a quiet title action seeks to determine who owns what in a piece of property i.e. to resolve adverse interests in the disputed real property. On the other hand, a cloud of title action seeks to cancel an instrument dangerous to the interests of plaintiff in the real property.",0,0,1,N/A,N/A,Hallucinated Connection,"The query '130510' is an ambiguous numeric string with no apparent connection to the legal passage about property titles. Model B likely hallucinated a spurious association (e.g., assuming it referred to a legal case or statute), while Model A correctly recognized the complete lack of relevance."
1133167,7949845,1133167,"Bermuda Weather in August. 1  August is usually the hottest month in Bermuda when the temperature varies between an average high of 86 degree Fahrenheit to a low of 78 degree. 2  However, the humidity also rises and can be well over 85% on certain days. 3  August falls in hurricane season of Bermuda. But don't worry. Bermuda is generally well prepared to handle hurricanes compared to many of the Caribbean islands. To know when and how hurricane strikes Bermuda and its impacts, check Bermuda Hurricane. Here is a picture of how a typical day in August looks in Bermuda.",0,0,1,N/A,N/A,False Positive Matching,"Model B assigned partial relevance to a document that has no semantic or factual connection to the purely numerical query '1133167', failing to identify it as completely irrelevant."
156493,1861641,156493,"Shubunkin Goldfish get very large, so a 50 gallon (189.3 L) tank is the smallest tank you can keep one in. Keep the live plants to a minimum; Shubunkins will uproot them.",0,0,1,N/A,N/A,Hallucinated Relevance,"Model B assigned relevance to an entirely unrelated document about Shubunkin Goldfish for an arbitrary numeric query ('156493') that shares no semantic or lexical overlap, failing to recognize the complete lack of relevance."
168216,4191393,168216,"1 The illness takes two distinct forms: Legionnaires' disease and Pontiac fever. 2  Legionnaires' disease is the more severe form and can be fatal. 3  Pontiac fever is the far milder form of the illness. 4  Symptoms of Legionnaires' disease include fever, chills, and a cough.he disease has two distinct forms: 1  Legionnaires' disease is the more severe form of the infection, which may involve pneumonia. 2  Pontiac fever is a milder illness that develops from hours to two days after initial infection and resolves spontaneously.",0,0,1,N/A,N/A,Hallucinated Relevance,The query consists solely of an ungrounded numerical ID ('168216') with zero topical connection to the document about Legionnaires' disease. Model B incorrectly inferred or hallucinated relevance rather than assigning a non-relevant score of 0.
156493,6456910,156493,"You will want to make sure you clean and change the goldfish bowl. Cold-water fish such as goldfish are way more sensitive than you may imagine. Moving them into water that’s a different temperature, or that’s come straight from the tap and so has a high chlorine content, can make them die of shock.",0,0,1,"**Evaluating the Question's Relevance**

Okay, let's break this down. The core question is whether the provided context allows us to quantify age-dependent growth rate changes. My initial thought is that this is a straightforward evaluation. The context given – a reminder about goldfish bowl maintenance – has absolutely no bearing on age-dependent growth rates. It discusses water temperature, chlorine, and the sensitivity of goldfish, but not in any way that would allow for quantitative analysis of growth over time, or any aspect of age-dependent growth. It's irrelevant. Therefore, answering this question with the current context is impossible, and would be a complete waste of time. The grade should be a firm zero.


","**Analyzing the Relevance of Context**

Okay, so I'm presented with a question about age-dependent growth rate changes, specifically within the context of goldfish bowl cleaning and water temperature/chlorine considerations. My initial thought? This context, as described, doesn't even touch on growth rates, let alone how they might change with age. It's all about environmental conditions, not biological processes.

Therefore, and this is crucial, the provided text completely lacks the necessary information to address the question. There's just no connection. I need to figure out what the evaluation criteria are. Is this scoring the RAG answer or its relevance? Given the question ""Can the question be answered based on the available context?"" it is assessing the RAG, not the actual answer. I am going to assign this a 0 because the context does not contain the answer, and in fact, is not relevant at all. This is a clear case of zero relevance, and therefore, an immediate ""no answer possible"" scenario.


",Score-Reasoning Discrepancy,"Model B's chain of thought correctly deduced that the document had zero relevance to the query and explicitly stated it would assign a score of 0, but it failed in final execution by outputting a score of 1 instead."
183378,2499861,183378,"3 - tRNA has amino acids covalently attached for production of protein 4 - rRNA is a component of ribosomes (rRNA = ribosomal RNA) 5 - mRNA determines the amino acid sequence for a protein-I take it that's what this means. 6 - rRNA is the most abundant form of RNA (Though the least studied I believe).RNA carries an anticodon that base pairs with mRNA codon (one of the three base pairs is a wobble base pair. pre mRNA is exon spliced, polyadenylated, and capped to synthesize a mature mRNA that will exit the nucleus. Therefore, you mature mRNA will be purely exons. All introns are removed.",1,1,2,N/A,N/A,Hallucinated Relevance,The query '183378' appears to be an ungrounded numeric ID or code with no apparent semantic connection to the biology text about RNA and protein synthesis. Model B regressed by over-estimating the relevance of an entirely mismatched document rather than assigning the minimal relevance score like Model A.
1124210,4508443,1124210,"Sap is a fluid transported in xylem cells (vessel elements) or phloem sieve tube elements of a plant.These xylem cells transport water and nutrients throughout the plant.Sap is not to be confused with latex, resin or cell sap; it is a separate substance, separately produced, and with different components and functions.ylem sap consists primarily of a watery solution of hormones, mineral elements and other nutrients. Transport of sap in xylem is characterized by movement from the roots toward the leaves.",0,0,1,N/A,N/A,Hallucinated Relevance,"The query is an opaque numeric string with no apparent connection or topical overlap to the text about plant sap. Model B failed to recognize the complete absence of relevance and improperly awarded a positive score, whereas Model A correctly identified it as entirely irrelevant."
359349,1830512,359349,Median: The median of a trapezoid is a line joining the midpoints of the two legs. See Trapezoid median: Area: The usual way to calculate the area is the average base length times altitude. See Area of a Trapezoid: Perimeter: The distance a round the trapezoid. The sum of its side lengths. See Perimeter of a Trapezoid,2,2,1,N/A,N/A,Over-penalized Lexical Mismatch,"The query consists solely of an ID number ('359349') representing the query rather than the natural language text ('median of a trapezoid'). Model B regressed by strictly penalizing the complete absence of literal lexical overlap between the numeric query and the document, whereas Model A correctly preserved the benchmark's labeled relevance."
104861,6924183,104861,Cost ranges from $3.00 to $5.00 per square foot for a 4” standard concrete drive in a 4000 psi exterior concrete mix to $7.00 up to $20.00 per square foot and beyond for specialty color and texture processes.,0,0,1,N/A,N/A,Hallucinated Relevance,The query '104861' is an arbitrary numeric code with zero connection to the document regarding concrete driveway costs. Model B regressed by being overly lenient and assigning relevance where none exists.
183378,327917,183378,"Most splicing occurs between exons on a single RNA transcript, but occasionally trans-splicing occurs, in which exons on different pre-mRNAs are ligated together. The splicing process occurs in cellular machines called spliceosomes, in which the snRNPs are found along with additional proteins.igure 1: Pre-mRNA splicing. Splicing of a pre-mRNA molecule occurs in several steps that are catalyzed by small nuclear ribonucleoproteins (snRNPs). After the U1 snRNP binds to the 5′ splice site, the 5′ end of the intron base pairs with the downstream branch sequence, forming a lariat.",0,0,1,N/A,N/A,Hallucinated Relevance,"Model B gave a positive relevance score despite the document having no textual match or evident topical connection to the numerical query '183378', improperly assuming an ungrounded association where Model A correctly scored it as completely irrelevant."
87181,7697583,87181,"There are many types of cardiomyopathy, with different causes. Dilated cardiomyopathy is a condition in which the heart becomes weak and the chambers get large. As a result, the heart cannot pump enough blood out to the body. It can be caused by many medical problems. Hypertrophic cardiomyopathy (HCM) is a condition in which the heart muscle becomes thick.",0,0,1,N/A,N/A,Hallucinated Relevance,The query is an arbitrary five-digit number ('87181') with zero topical overlap with the medical passage about cardiomyopathy. Model B failed to recognize the complete irrelevance of the input and erroneously assigned a positive relevance score.
962179,3173625,962179,"The Salvation Army, an international movement, is an evangelical part of the universal Christian church. Its message is based on the Bible. Its ministry is motivated by the love of God. Its mission is to preach the Gospel of Jesus Christ and to meet human needs in His name without discrimination.",0,0,1,"**Analyzing the Context for a Specific Fact**

Okay, so the user's question is pretty straightforward: does this provided text tell us *when* The Christian Mission became The Salvation Army? Let's see... I need to scour the context. ""The Salvation Army, an international movement..."" Right, right, it *describes* the Salvation Army, its mission, and its core beliefs. But... where's the historical timeline? The text doesn't mention the name change at all, let alone the date.

So, the answer is a resounding ""no."" I can't determine the adoption date from this. Now, let me see... how does the rating work? Is it about whether the context *contains* the answer or *how well* the context answers? I think it is the former; it is asking if I can answer the question based on what's here. Since I can't answer the question at all based on what's here, a 0 seems appropriate. The context is completely unhelpful regarding the date of name adoption.


","**Analyzing the Context and the Question**

Okay, so the question is directly asking if the provided information specifies the date when ""The Christian Mission"" officially became ""The Salvation Army."" My initial reaction is that the context describes the Salvation Army's nature, mission, and message, but doesn't actually pinpoint that specific historical moment. I need to be precise here; the question isn't whether the *answer* is ""no,"" but rather, *does the context contain the information* necessary to answer it?

The prompt is a classic RAG (Retrieval-Augmented Generation) evaluation setup. It's not about evaluating the truth of an answer, but about the context's ability to provide one. The question is explicitly formatted as a *specification* query: does the information *specify when*? My experience with these types of evaluations is relevant here.

The context doesn't include the key fact: the date of the name change, or even a mention of the original name of ""The Christian Mission"". Therefore, the relevance of the context to answer the question is zero. The context is completely silent on the information requested.

So, rereading the prompt, the key phrase is ""Can the question be answered *based on the available context*?"" The answer is a resounding ""No."" The information required to answer the question, the *specific date* or even mention of ""The Christian Mission,"" is simply absent. It doesn't matter what the ""right"" answer might be in the real world; the evaluation is of the context's completeness. Therefore, the context scores a 0.


",Score-Reasoning Mismatch,"Model B's reasoning correctly concluded that the context was completely irrelevant and explicitly stated that 'the context scores a 0', yet it failed to align its final output with its rationale and mistakenly assigned a score of 1."
168216,5216034,168216,Many people set the temperature of their hot water cylinder too high. The ideal setting is 60°C. It is important that the water in the cylinder is this hot to kill bacteria such as legionella but higher temperature settings only increase your power bill and can scald you (it only takes one second at 70°C).any people set the temperature of their hot water cylinder too high. The ideal setting is 60°C. It is important that the water in the cylinder is this hot to kill bacteria such as legionella but higher temperature settings only increase your power bill and can scald you (it only takes one second at 70°C).,0,0,1,N/A,N/A,Hallucinated Relevance,"Model B assigned a relevant score to a completely unrelated document regarding hot water cylinder temperatures for an arbitrary numerical query ('168216'), failing to recognize the total lack of topical connection."
915593,8178998,915593,"Sous-vide cooking involves cooking food in sealed plastic bags immersed in hot water for long periods of time. Depending on the cut, type, and thickness of the meat or the type of food in question, cooking sous-vide for several hours is not out of the ordinary. The key is managing the temperature of the water so it stays hot enough to cook the food thoroughly and evenly, and long enough to kill any food-borne pathogens that may be in the bag along with the food.",0,0,1,N/A,N/A,Hallucinated Relevance,"The query is an arbitrary numeric string ('915593') with zero topical connection to sous-vide cooking. Model A correctly identified complete irrelevance, whereas Model B exhibited leniency or hallucinated relevance by assigning a score of 1 to a completely unrelated document."
183378,3624848,183378,"Mature mRNA serves as a sequence of codons from which a polypeptide is translated (the polypeptide sequence is destined to be, or to be part of, a protein). mRNA is assembled in the nucleus. It uses the DNA as a template and transcibes the gene sequence. Once it it processed (meaning the non-coding introns are spliced out, and it is given a head and tail as identification), it exits into the cytoplasm where it is translated (it is used as a template for ribsomes, which assemble proteins).",0,0,1,N/A,N/A,Hallucinated Connection,"The query is an isolated number ('183378') that does not appear in the text and has no established connection to the mRNA biology passage. Model B improperly assigned positive relevance, likely assuming or hallucinating an implicit association (such as an unverified gene or accession ID) rather than recognizing the document as completely irrelevant."
833860,4190986,833860,"Another common breakfast is breakfast cereals like corn flakes eaten with milk, kulturmelk or yogurt. Whole-grain porridges with regular milk or butter are popular. More ample breakfasts may include fish, cheese, eggs, bacon, breads, and hot and cold cereals eaten in various combinations.he traditional Polish breakfast is a large spread with a variety of sides eaten with bread or toast. Sides include various cold cuts, meat spreads, the Polish sausage kielbasa, tomatoes, Swiss cheese, and sliced pickles.",0,0,1,N/A,N/A,Hallucinated relevance,"The query consists solely of an arbitrary number ('833860') that bears no topical or semantic relation to the document about breakfast foods. While Model A correctly identified complete irrelevance with a score of 0, Model B assigned a score of 1, failing to recognize the total absence of connection."
1114819,8024890,1114819,"brotherston homecare, inc. Durable Medical Equipment & Medical Supplies A supplier of medical equipment such as respirators, wheelchairs, home dialysis systems, or monitoring systems, that are prescribed by a physician for a patient?s use in the home and that are usable for an extended period of time.",2,2,1,"**Analyzing the Durability Definition**

Okay, so the user's question is straightforward: Can we figure out if ""durable"" is defined quantitatively or qualitatively based on the provided text? The context is the definition of Durable Medical Equipment from ""brotherston homecare, inc."" and it's describing the equipment they supply. The definition states the equipment must be ""usable for an extended period of time."" Hmm, ""usable for an extended period of time""... that's pretty clearly qualitative, isn't it? It doesn't give us any specific numbers or thresholds, just a descriptive phrase.

So, does the context actually *answer* the question ""How is 'durable' defined?"" Yes, it absolutely does! It explicitly defines it as ""usable for an extended period of time,"" which is a qualitative definition. The answer is completely relevant to the context, accurate, and provides a full response based on the text. Therefore, I'd say it's a solid 5 in terms of grading – it delivers exactly what we need, given the limited information. But, I am going to double-check that ""usable for an extended period of time"" is the correct and complete answer. Yes, that is exactly how it is described in the text. I think it is safe to assign a grade of 5!


","**Evaluating the Durability Definition**

Okay, so the task is to see if I can define ""durable"" based on the provided text. The question is, essentially, can the context define the 'durable' aspect quantitatively or qualitatively? Let's see... the text describes durable medical equipment as stuff like respirators, wheelchairs, and such, prescribed by a doctor for home use. Crucially, it defines ""durable"" as ""usable for an extended period of time.""

Alright, that's pretty clear. Does that count as answering the question? Yes! ""Usable for an extended period of time"" *is* a qualitative definition. It doesn't give me specific numbers or criteria, but it does define the term in terms of its characteristics.

Now, to rate completeness and relevance. The context *does* explicitly answer the question, although it only provides a qualitative definition. It's a bit broad, lacking in quantitative specifics, but it *does* provide a direct answer based on the available text.

The definition is ""usable for an extended period of time"". That qualifies. So, I would give this a solid 5 (or perhaps a 4/5, because quantitative details are missing, but that's not the aim of the question). The context answers the question directly; it just does so qualitatively. The question can be answered. Therefore, a 5 it is!


",Over-weighted specific aspect,"Model B unnecessarily penalized the text for lacking quantitative specifics, introducing hesitation ('perhaps a 4/5, because quantitative details are missing') that led it to downgrade the final score from 2 to 1, whereas Model A recognized the qualitative definition was fully sufficient."
19335,3212083,19335,"Weather, seen from an anthropological perspective, is something all humans in the world constantly experience through their senses, at least while being outside. There are socially and scientifically constructed understandings of what weather is, what makes it change, the effect it has on humans in different situations, etc. Therefore, weather is something people often communicate about.",0,0,1,N/A,N/A,Hallucinated Relevance,The query '19335' (likely a postal ZIP code or numeric identifier) has no relation to the document discussing weather from an anthropological perspective. Model B was overly permissive and assigned relevance where none exists.
19335,1720388,19335,"Learner's definition of ENVIRONMENT. 1. : the conditions that surround someone or something : the conditions and influences that affect the growth, health, progress, etc., of someone or something. [count] He grew up in a loving environment. an informal office environment. We're trying to create a better business/learning environment.",0,0,1,N/A,N/A,Hallucinated Relevance,"Model B assigned a non-zero relevance score to a document defining 'environment' despite the query being a purely numeric string ('19335') with no thematic, lexical, or contextual connection to the text."
131843,5366085,131843,SEVERE THUNDERSTORM WATCH - issued by the Storm Prediction Center when severe thunderstorms are possible in and near the watch area (box). The watch is issued for a large area and is usually in effect for several hours.,1,1,2,"**Analyzing the Context for Question Resolution**

Okay, so the user wants to know if the context I've been given addresses the question: ""Does it specify the issuing authority and geographical scope?"" Let's break this down. First, I need to evaluate if the text, ""SEVERE THUNDERSTORM WATCH - issued by the Storm Prediction Center when severe thunderstorms are possible in and near the watch area (box). The watch is issued for a large area and is usually in effect for several hours,"" actually provides the necessary information.

Looking at the first part of the question: ""issuing authority."" The text explicitly states, ""issued by the Storm Prediction Center."" Bingo! That's a direct answer. Check.

Next, ""geographical scope."" The text uses phrases like ""in and near the watch area (box)"" and ""issued for a large area."" That clearly defines the geographical extent. Double-check. Yep, that also answers the question.

Therefore, considering both those points, I can confidently conclude that the context *does* fully and accurately answer the user's question. This is a clear-cut case. I'd give this a solid 5.


","**Answering the Question about Issuing Authority and Geographical Scope**

Okay, so the question is straightforward: does the provided information specify the issuing authority and geographical scope? Let's break this down. The core of my analysis is to extract the relevant context and compare it to what the question asks. The context *explicitly* states the issuing authority as the ""Storm Prediction Center,"" and it also details the geographical scope as being ""issued for a large area... in and near the watch area (box)."" Since both are directly addressed within the provided text, the answer is demonstrably yes. Therefore, with this clear context to support my conclusion, I can confidently assign this analysis a grade of 5, as the answer is directly and fully derived from the available information.


",Score Inconsistency,"Both models suffered from severe prompt confusion or hallucination, evaluating an unrelated question about issuing authority and geographical scope instead of query '131843'. However, Model B regressed further by assigning an inflated score of 2 to an irrelevant document, whereas Model A still output the minimum/correct score of 1."
156493,5640843,156493,"Gastroenteritis is the most common cause of abdominal pain in children. 4 Viruses such as rotavirus, Norwalk virus, adenovirus, and enterovirus are the most frequent causes. 4, 5 The most common bacterial agents include Escherichia coli, Yersinia, Campylobacter, Salmonella, and Shigella.",0,0,1,"**Analyzing the Relevance of Information**

Okay, so the user's question is: ""Does it quantify age-dependent growth rate changes?"" Let's see... the provided context describes the causes of gastroenteritis in children – mentioning viruses like rotavirus and bacteria like E. coli. Honestly, as an expert, I can immediately see the disconnect. The context is purely about the etiology of a common childhood illness. It doesn't discuss growth rates, age-related changes in any biological process, or anything remotely related to the core of their question. Therefore, the answer is unequivocally ""0."" The information is completely irrelevant. It's not just incomplete; it doesn't even touch the subject. We simply can't answer the question based on this text.


","**Analyzing the Irrelevance**

Okay, so the prompt is asking if the provided context quantifies age-dependent growth rate changes. My initial thought is: *Are they serious?* The context is talking about gastroenteritis in children, listing viral and bacterial causes! It's completely orthogonal to the concept of age-dependent growth rates. There's zero overlap.

So, the question is, *Can I answer the question from the provided context?* The answer, quite frankly, is a resounding *no*. The context doesn't even touch on growth rates, let alone quantify any age-dependent changes. This isn't just a matter of the context being incomplete; it's irrelevant. Giving a positive answer would require me to fabricate some connection that simply isn't there. Therefore, I'm assigning a score of 0 because the context is entirely disconnected from the question's core concept.


",Score-Reasoning Discrepancy,"Model B's internal chain-of-thought correctly concluded that the text was completely irrelevant and explicitly stated it was assigning a score of 0, but it erroneously output a final score of 1 due to an output formatting or label mismatch."
1133167,1014506,1133167,"What's the best time to go to Manila in Philippines? Here are some annual weather facts we collected from our historical climate data: During the months January and December you will experience pleasant weather with a nice average temperature. On average, the temperatures are always high. A lot of rain (rainy season) falls in the months: May, June, July, August, September, October and November. Manila has dry periods in January, February, March and April.",0,0,1,"**Evaluating the Question's Answerability**

Okay, so I've got this question: ""Are any active severe weather advisories issued?"" My task is to figure out if the provided context actually answers it. Let me see... the context gives me historical climate data for Manila – best times to visit, average temps, rainy season, dry periods. Hmm, interesting, but this is all about *past* weather patterns and *long-term* averages.

The question, however, is asking for *right now* information - active severe weather advisories. That's a real-time, current weather situation. It's like comparing a weather forecast from decades ago with what's happening this afternoon. Completely different. Historical data simply doesn’t cut it. There's no way to extrapolate from past climate to current warnings. Therefore, the answer is a resounding *no*. The context is completely irrelevant to answering the question. The score is a solid 0.


","**Evaluating the Question's Answerability**

Okay, so I've got this question: ""Are any active severe weather advisories issued?"" And my task is to determine if I can answer it using the information I have. Let's break this down. The key phrase is ""active severe weather advisories."" I need to see if the provided context about Manila's climate history sheds any light on *that*.

I'm looking over the context – temperatures, the rainy season, dry periods... basic climate stuff. Nothing here about real-time alerts or advisories for severe weather events. My expertise in this area allows me to quickly ascertain that general climate data doesn't equal real-time weather warnings. We're talking about historical trends versus immediate, potentially life-threatening conditions.

Therefore, given the presented context, I cannot answer the question. The information simply isn't there. I'm assigning this a grade of 0.


",Score-Reasoning Mismatch,"Model B's internal reasoning correctly concluded that the context failed to answer the question and explicitly stated 'I'm assigning this a grade of 0', but it erroneously emitted a final score of 1, contradicting its own evaluation."
1124210,2753149,1124210,noun. Xylem vessels in a leaf skeleton. Xylem vessels in a leaf skeleton. Xylem is a type of tissue in plants that carries water. An example of xylem is what moves water and some nutrients through a plant.,0,0,1,N/A,N/A,Hallucinated Relevance,The query consists solely of an arbitrary numeric string ('1124210') with no connection to the document's content regarding plant biology (xylem). Model B exhibited an over-permissive scoring behavior by assigning partial relevance to a completely unrelated document.
104861,4580053,104861,"Cost of a Complete Pole Barn/Building with a Concrete Floor. The cost of a complete pole barn with a concrete floor, roll up door, access door and a few windows should run around $10 to $16 dollars per square foot provided there isn’t a lot of site work to be done.",0,0,1,N/A,N/A,Hallucinated Relevance,"Model B assigned relevance to a document about pole barn construction costs for a query consisting solely of the number '104861', finding a connection where none exists, whereas Model A correctly recognized the document as completely irrelevant."
19335,1720387,19335,"Definition: Environment literally means surrounding and everything that affect an organism. during its lifetime is collectively known as its environment. In another words “Environment is sum total of water, air and land interrelationships. among themselves and also with the human being, other living organisms and property”. It includes all the physical and biological surrounding and their interactions.",0,0,1,N/A,N/A,Spurious Relevance Attribution,"The query consists solely of an arbitrary number ('19335', likely a zip code), which has zero connection to the document defining 'Environment'. Model B demonstrated over-leniency or defaulted to a non-zero relevance score despite the complete absence of topical overlap."
146187,4214925,146187,"Meatier and cheesier. Double Cheeseburger. Two 100% pure beef patties with absolutely no fillers, additives or preservatives, seasoned with a pinch of salt and pepper, and topped with tangy pickles, chopped onions, ketchup, mustard and two slices of melty American cheese. *Available at participating restaurants.",1,1,2,"**Analyzing the Question and Context**

Okay, so the user wants to know if I can nail down the number of cheese slices per item based on the information I've got. Let's see... the question is explicitly asking about *specifying* the number of cheese slices. I need to figure out if the text provides a definitive answer to ""how many cheese slices?""

Alright, here's what the context says: ""...and topped with tangy pickles, chopped onions, ketchup, mustard and two slices of melty American cheese."" Bingo! It *explicitly* states ""two slices of... cheese."" That's the key. The context is very clear on this point.

Therefore, the answer is a resounding yes. The context *does* specify the number of cheese slices per item. The question is ""Does it specify the number of cheese slices per item?"". The answer is yes, it's 2. It’s a complete and accurate answer, based solely on the provided context. Given the clarity and precision, I'd say this warrants a solid grade of 5.


","**Answering the Cheese Slice Question**

Okay, so the question is whether the provided context specifies the number of cheese slices per item. Let's see... the context mentions the item is ""topped with... two slices of melty American cheese."" Bingo! It explicitly states ""two slices.""

Now, the prompt wants a 0-5 scale evaluation: ""Can the question be answered based on the available context?"" A ""5"" means the context provides a complete and accurate answer. And that's exactly what we have here. The context gives us the number of cheese slices, so the question is definitively answerable. A ""5"" it is.


",Overestimating Relevance,"Both models hallucinated/reconstructed an unstated question about cheese slices and reasoned that the context fully answered it. However, Model B translated this into a higher relevance score of 2, whereas Model A's output aligned with the ground truth human relevance score of 1."
915593,4393631,915593,"Let’s talk chops for a minute. I like to use an inch thick slice of pork loin as my “pork chop”. Buy a whole or part of a loin and cut 1 to 1 1/2 inch slices. You can use them for pork chops, for shredded Mexican or they freeze great. This method would be fine for the more traditional bone-in chop, but it is the thickness that matters.",0,0,1,"**Analyzing the Text's Relevance**

Okay, so the user's question is pretty specific: Does this text differentiate sous vide approaches for fibrous versus starchy vegetables? Right, I need to figure out if the text actually addresses that. Let's see... looking through, I'm not seeing *anything* that even comes close. It mentions pork loin, pork chops, and focuses on meat thickness. No sous vide methods, no vegetables, no mention of fibrous or starchy textures. Nope, not even a hint. So, based on this text, there's no way to answer that question. It's completely irrelevant. Therefore, the grade has to be a resounding 0. The context doesn't provide any usable information. The question is unanswerable with this source.


","**Analysis of the Pork Chop Question**

Okay, let's break this down. The question at hand is clearly about the process of cutting pork loin into chops. However, the provided text doesn't offer any information beyond that. It doesn't mention anything related to sous vide cooking, and more importantly, it makes no reference to fibrous or starchy vegetables. Considering this lack of relevant information, I'm forced to conclude that a meaningful answer to the prompt can't be derived from the available context. It's a clear case of insufficient data. Therefore, based on the information provided, the assessment is a grade of zero. I need more information.


",Score-Reasoning Inconsistency,"Model B correctly deduced in its reasoning that the document lacked any relevant information and explicitly concluded that the grade should be zero, but it contradicted itself by assigning a final score of 1."
264014,6105567,264014,"Fleas are holometabolous insects, going through the four lifecycle stages of egg, larva, pupa, and imago (adult). Adult fleas must feed on blood before they can become capable of reproduction. Flea populations are distributed with about 50% eggs, 35% larvae, 10% pupae, and 5% adults.",1,1,0,"**Evaluating the Context for Relevance**

Okay, let's see. My task is to determine if this context helps answer the question: ""How do ambient temperatures modify egg-to-adult development time?"" I need to dissect the provided information and quickly assess if it touches upon temperature's impact on flea development.

Hmm, this passage describes the flea's life cycle stages: egg, larva, pupa, and imago (adult). It mentions that adult fleas require a blood meal for reproduction, and provides a rough distribution of these stages in a population. But, where does it talk about *temperature*? Where are the thermal gradients? Where are the specific impacts described? Nowhere! I don't see any mention of ambient temperatures, thermal ranges, or how temperature influences the *rate* of development, or any development processes.

Therefore, the provided context is completely irrelevant to the question. It doesn't even begin to address the core issue. I'm confident in assigning a grade of 0. The context is simply insufficient for answering the question posed.


","**Evaluating the Context: Egg-to-Adult Development Time & Ambient Temperature**

Alright, let's break this down. My task is to assess if this given context offers any insight into how ambient temperatures influence the development time of fleas from egg to adult. I need to see if the information provided directly addresses that relationship.

Looking at the text, I see a description of the flea lifecycle – egg, larva, pupa, imago (adult) – and the proportions of each stage in a typical population. It mentions that adults need blood to reproduce. However, and this is key, **nowhere** does it touch on ambient temperatures or development time. There's nothing here about how heat or cold might speed up, slow down, or otherwise affect the duration of any of these stages.

Therefore, as an expert, I conclude the context is entirely inadequate to answer the question posed. It's a complete mismatch. The grade is a definitive zero.


",Ignored Partial Relevance,"Model B applied an overly strict standard requiring direct information on ambient temperature, failing to credit the document's partial relevance for describing the specific egg-to-adult lifecycle stages mentioned in the query."
168216,4073425,168216,"Significantly, research has shown that Legionella can grow in water with a temperature between 68 and122. Therefore, you've probably realized that there is a narrow temperature range - about 125 degrees - that is cool enough to avoid scalding and hot enough to discourage Legionella bacteria.",0,0,1,N/A,N/A,Spurious Numerical Overlap,"The query is an arbitrary numeric string with no semantic relation to the document discussing Legionella water temperatures. Model B likely hallucinated marginal relevance based on incidental or partial digit overlaps (such as the numbers '68' and '122'), whereas Model A correctly recognized complete irrelevance."
146187,76348,146187,"Review: McDonald's - Daily Double. 1  McDonald's Daily Double is a new Extra Value Menu item and McDouble variant featuring two beef patties, a slice of American cheese, slivered onions, a thick slice of tomato, shredded lettuce, and mayo on a plain toasted hamburger bun. It's not nearly a value as the McDouble as it carries a price tag of $1.99.",1,1,2,"**Analyzing the Cheese Slice Specification**

Okay, so the user's question is pretty straightforward: does the context explicitly state how many cheese slices are included? Let me quickly scan the provided information. ""Featuring two beef patties, a slice of American cheese, slivered onions..."" Bingo! The context uses the phrase ""a slice of American cheese."" Clearly, ""a"" directly implies one slice. Therefore, the answer to ""Does it specify the number of cheese slices per item?"" is a definitive ""Yes."" It specifically details that there is *one* slice of American cheese. Given the clarity and accuracy, a grade of 5 is entirely warranted here. The specification is unambiguous.


","Okay, here's my take on that prompt:

**Analyzing the Cheese Slice Specification**

Right, so the question is whether the text explicitly states the *quantity* of cheese slices per item. Let's see... the context provided mentions a product, and describes it as ""...featuring two beef patties, a slice of American cheese..."". Hmm, ""a slice"" – that's quite explicit, isn't it? It directly, and unambiguously, states *one* slice. There's no room for interpretation here. The context perfectly and comprehensively answers the posed question. Therefore, based solely on the context, I can give this a solid 5. It's a clear and direct answer.


",Score Inconsistency,"Both models completely hallucinated an evaluation task regarding cheese slices and internally argued for a score of 5. However, Model B regressed by outputting an arbitrary score of 2 instead of the baseline/minimum score of 1, showing worse score calibration and divergence from the ground truth."
146187,8434620,146187,"So whenever the McDouble hit the Dollar Menu and the Double Cheeseburger was thrown into the “Burgers” section at $1.19 or even higher ($1.29 in most places now), the average consumer scratched their head, winced their eyes, and fell over in a wrath of confusion and bewilderment.",1,1,2,"**Analyzing the Context for Information Specificity**

Okay, so the question is whether the context tells us the number of cheese slices per item. Let's break this down. The text talks about the McDouble and the Double Cheeseburger, and their pricing, which is interesting in its own right – it's all about consumer confusion over fast food pricing! But does it actually *specify* the number of cheese slices? Nope. It's totally silent on that point.

Given that the question is a direct ""Does it specify..."" question, the most straightforward answer is ""No, it doesn't."" But, as an expert in these types of assessments, I know we need to consider the nuances. Often, we are tasked with determining whether the *context* can *answer* the question. Even though the question is phrased as a check for specificity, the underlying implication is ""Can the context provide the answer?""

Thinking through this, if the question was phrased more directly as ""How many cheese slices are in each item?"" then the context is still insufficient, right? It just doesn't contain that information. Therefore, because the context fails to provide an answer to a question like ""how many cheese slices?"" - even though the question's format is a meta-question - it should be graded as a 0. The context is irrelevant in answering the question about cheese slices, therefore the context doesn't have an answer.


","**Analyzing the Context and Question**

Okay, so I'm looking at this text, which mentions a McDouble and a Double Cheeseburger and their prices. The immediate task is to determine whether the context explicitly states the *number* of cheese slices in each item. The question is a straightforward one: ""Does it specify the number of cheese slices per item?""

My first instinct is, and the context *does not* provide that information. It only discusses the items' names and pricing, so the immediate, and correct, response to ""Does it specify..."" is a simple ""No"".

However, I'm used to assessing RAG (Retrieval-Augmented Generation) contexts, and there's a specific pattern to consider. Usually, a low score (0 or 1) is assigned if the context *doesn't* contain the information needed to answer a question that's implied. But here, the question is *meta*: it's asking if the text itself *specifies* the cheese slice count. So, the question is not about ""What is the number of cheese slices?"", but rather about ""Does this context contain that specific piece of information?"".

Alright, I re-read the context, specifically looking for any mention of cheese slices. ""McDouble hit the Dollar Menu and the Double Cheeseburger was thrown into..."" Nope, nothing there. So, the question's answer is definitively ""No."" This response is accurate and complete based solely on the provided text.

Now, I'm mentally parsing if this is structured as a RAG context faithfulness dataset like RAGAS or TruLens, where a question like ""How many cheese slices..."" was altered to ""Does it specify..."". But, the core question is clear: ""Does it specify the number of cheese slices per item?"" The context unequivocally answers ""No.""

Given the question's phrasing, the context definitively allows me to provide an accurate answer (""No, it does not specify.""), so the rating would be a solid ""5"".


",Overthinking Meta-Question,"Model B overanalyzed the task by treating the implied prompt as a literal meta-question ('Does it specify...?') and concluded that because the passage lacks the information, it successfully answers the question with 'No.' In contrast, Model A correctly recognized that the document simply fails to provide the relevant underlying information, appropriately keeping the relevance score low."
359349,3900185,359349,"In the trapezoid below, the midpoints of the non-parallel sides are points S and V. The midsegment is the red line segment from S to V. The midsegment below can be found by. calculating the lengths of the bases 35-16 = 9 (length of upper base) 45-0 =45 (length of lower base) calculating the sum of the bases 9+45 = 54.",2,2,3,"**Grading the Question About Parallel Bases**

Okay, so I'm being asked to assess if I can determine whether the lengths of both parallel bases are given, either directly or indirectly, from the context provided. Let me break this down. The core question is: are those base lengths accessible from the provided information?

The context gives me a calculation. It explicitly states the process: ""35-16 = 9 (length of upper base)"" and ""45-0 = 45 (length of lower base).""  It literally *shows* how these values are derived.  Therefore, I have all the data I require to answer the question. I am provided with the values themselves.

The answer is a definitive ""Yes."" The lengths of both bases are not only derivable, but they are *calculated* within the text.  The upper base length is 9, and the lower base length is 45. The provided context supports a complete and accurate response to the posed question.  Given the clarity and completeness of the provided information, I'd give this a solid 5.


","**Analyzing the Base Length Availability**

Okay, so the prompt is essentially asking if I have the information needed to determine the lengths of the parallel bases, right? Let me see. The context explicitly mentions that the lengths are *calculated*, right? ""calculating the lengths of the bases 35-16 = 9 (length of upper base) 45-0 =45 (length of lower base)"" Yep, there it is! The problem gives me the information I need to *calculate* them: the upper base is 9, and the lower base is 45. Straightforward, really. I was able to derive those base lengths from the provided numbers, and given that I have both, the question is definitely answerable. No ambiguity there. Looks like a solid grade 5.


",Score Inconsistency,"Both models suffered from prompt confusion, hallucinating an evaluation about trapezoid base lengths rather than evaluating the query '359349' against the document. However, Model B exhibited worse calibration/drift in its final score (giving a 3 instead of 2), further deviating from the human ground truth despite following an almost identical hallucinated reasoning path."
182539,6957819,182539,"Longest Increasing Subsequence. I have provided detailed explanation of an O(N log N) approach in the following links, Longest Monotonically Increasing Subsequence Size (N log N) - GeeksforGeeks. Construction of Longest Monotonically Increasing Subsequence (N log N) - GeeksforGeeks.",1,1,0,"**Assessing the Question's Answerability**

Okay, so I'm being asked to determine if the given question – ""Does the function exhibit a consistent sign for its first derivative across its domain?"" – can be answered based on the provided context. The context is all about the ""Longest Increasing Subsequence"" problem and its efficient O(N log N) solution, detailed in those GeeksforGeeks links.

Immediately, I see a disconnect. The context delves into computer science algorithms, focusing on finding the longest monotonically increasing subsequence within a sequence. It discusses things like the algorithm's time complexity and construction. Crucially, there's absolutely no mention of any *function*, its *derivatives*, or calculus concepts whatsoever. We are dealing with discrete sequences, not continuous functions.

Therefore, the question about the sign of the first derivative is completely irrelevant to this context. The information provided doesn't even remotely touch upon that domain. It's like asking about the boiling point of water while discussing the intricacies of binary search. Thus, I must assign a grade of 0. The question is unanswerable from the given information.


","**Evaluating the Derivative Sign Question**

Okay, so I'm looking at this question: ""Does the function exhibit a consistent sign for its first derivative across its domain?"" and immediately trying to see if I can even begin to answer it based on the given context. It's about the Longest Increasing Subsequence, specifically an $O(N \log N)$ algorithm, as discussed on GeeksforGeeks.

Right away, I realize this is a non-starter. The context doesn't *define* a function, let alone provide any information about its first derivative. We're talking about a sequence algorithm. There's no mathematical function here, no equations, no graphs, nothing that relates to the behavior of a function's derivative.

Therefore, judging from the provided information alone, I can't determine the answer to the posed question. No analysis is possible, and the response would have to be a flat zero. There's simply nothing to work with.


",Hallucinated Query,"Model B completely hallucinated an unrelated query regarding calculus and derivatives ('Does the function exhibit a consistent sign for its first derivative across its domain?') instead of evaluating the actual input query ('182539'), leading it to reject the document and incorrectly assign a score of 0."
131843,2141062,131843,"A tornado warning means that a tornado has been spotted, or that Doppler radar shows a thunderstorm circulation which can spawn a tornado. When a tornado warning is issued for your area, seek safe shelter immediately. The Storm Prediction Center issues tornado and severe thunderstorm watches.",0,0,1,"**Analyzing the Context for Specificity**

Okay, so the question is whether the context provides enough information to answer a question about specificity regarding the issuing authority and geographical scope. My initial thought is to break down the provided text and see if it directly addresses these two points.

First, the issuing authority: ""The Storm Prediction Center issues tornado and severe thunderstorm watches."" That's pretty clear; it *does* specify the issuing authority for the watches. But what about the *warnings*? The text doesn't explicitly state the issuing authority for the *warnings*. The NWS, but that isn't included in the text.

Second, the geographical scope: The text says, ""When a tornado warning is issued for your area..."" ""Your area"" is vague, of course. Does it *specify* the geographical scope in a concrete, detailed manner? No, not explicitly, but it does define the scope as ""your area"". The question, however, is ""Does it specify...?"" and the answer is not a simple yes/no.

So, I can answer the question ""Does it specify...?"" by saying, ""Yes, it partially specifies; it names the Storm Prediction Center for watches and uses 'your area' for warnings, although it doesn't give a specific region for the warnings.""

I'm realizing I can answer the *meta* question: ""Can the question be answered?"" The answer is definitely ""Yes"". It allows me to make an answer. I'm satisfied that a reasonably complete answer can be formulated.

Let's think, can I answer the question ""Does it specify..."" with a definitive ""Yes"" or ""No""? I suppose I could answer yes; ""Yes, it *partially* specifies."" Specifically, The context *does* specify the issuing authority for watches: ""The Storm Prediction Center."" The context *does* mention ""your area"" for geographical scope for warnings. Given those conclusions, I will give the answer to the meta question a high score. It is a 5: ""Yes"".


","**Analyzing the Prompt: Issuing Authority and Geographical Scope**

Okay, here's how I'm breaking this down. The core question is about whether the provided text specifies the issuing authority and geographical scope of a tornado-related advisory. The text gives a definition of a tornado warning, and that seems to be the focus here.

First, I need to isolate the relevant information. The text mentions ""The Storm Prediction Center issues tornado and severe thunderstorm watches."" That's a direct reference to an issuing authority, specifically for *watches*, not warnings directly, which is important. For *warnings* the context does not specify the issuing authority. So, yes, it does specify an issuing authority, but only for watches.

Next, the text says to seek shelter in ""your area."" This is vague. It *implies* a geographical scope (a local one), but it's not specific. So, while it's present, it lacks detail.

The prompt is a yes/no question: ""Does it specify...?"" I can answer this based on the provided text. For issuing authority for watches, the answer is yes (Storm Prediction Center). For warnings, no authority is specified. Regarding geographical scope: yes, but with a vague description.

Now, let's address the core: I need to evaluate *how well* the context answers the question. The question can be answered, but with some qualifications, particularly regarding warnings and geographical scope. It provides enough for watches, though it's less helpful for warnings. Because I can accurately identify the issuing authority for *watches* and, to a limited extent, address the geographical scope (""your area""), I can definitively answer the question. It's a solid answer, so I'm leaning toward a rating of 5.


",Hallucinated Task,"Both models completely hallucinated an evaluation task regarding 'issuing authority and geographical scope' instead of evaluating the actual query ('131843') against the document. However, Model B regressed by assigning a positive relevance score (1) to a completely irrelevant document (ground truth 0), falsely crediting relevance based on its hallucinated criteria."
182539,57449,182539,The textbook says it's a way of transforming a set of numbers into another set that preserves the order. But I don't understand what that means. Here are a few examples. The question was: do these functions represent a monotonic transformation. u = 2v - 13 (yes) u = -1/v2 (no) u = ln(v) (yes) u = v2 (no),2,2,1,"**Grading the Question's Answerability**

Okay, so I need to assess whether the provided context allows for an answer to the question: ""Does the function exhibit a consistent sign for its first derivative across its domain?"" The user hasn't specified *which* function, which is the immediate sticking point. The provided context describes monotonic transformations in terms of preserving order. My mind immediately links this to the concept of a consistent sign in the first derivative for differentiable functions. In my field, that's almost axiomatic.

However, does the context *explicitly* establish that relationship? No, it doesn't. It just presents examples: `u = 2v - 13 (yes) u = -1/v2 (no) u = ln(v) (yes) u = v2 (no)`. The textbook definition of monotonic transformations preserving order and then examples do not explicitly detail the connection to the sign of the first derivative.

The vagueness of ""the function"" is the primary issue. If the question implicitly asks about *monotonic* functions, the answer would, yes, exhibit that consistent sign. But this connection requires inferring an unstated link. And if the user has a specific function in mind, the question is unanswerable.

Therefore, since the context doesn't define a specific function, nor does it explicitly state the link between monotonic transformations and derivative signs, the answer to ""Does the function exhibit a consistent sign for its first derivative across its domain?"" is not directly derivable from the given text. It is not relevant or complete at all. I will score it a zero.


","**My Assessment of the Question and Context**

Okay, so the question is straightforward: Does ""the function"" have a consistently signed first derivative across its entire domain? That's what we're being asked to ascertain. However, I need to be careful here, because the context immediately flags that ""the function"" could mean *any* function.

The provided context gets into monotonic transformations, and, sure, those are intimately related to the sign of the first derivative. We're given a few examples: some transformations *do* result in functions with consistently signed first derivatives, and some *don't*. That's helpful, it sets the stage. Specifically, if a transformation is monotonic, the derived function exhibits a consistent first derivative.

The immediate problem is this: the context *doesn't* explicitly state the connection to the first derivative, other than implicitly through the examples. Also, it *doesn't* tell us *which* function we're supposed to be evaluating. This makes the question difficult to answer, because we're being asked about *a* function, but we don't have a specific *function* defined. Without that, there's no way to know whether the first derivative is consistently signed.

Therefore, the context is inadequate. I can't derive a direct answer to the question using the information provided. The information is incomplete and not useful in the present state. My relevance/completeness rating? A resounding 0. It's missing key definitions and a specific function to analyze.


",Hallucinated Requirement,"Model B penalized the document by demanding an explicit, specific function to evaluate, failing to recognize that the query is a general conceptual question about the properties of monotonic functions. This hallucinated requirement led it to downgrade the relevance score to 1."
