query_id,corpus_id,query_text,document_text,human_score,score_model_a,score_model_b,thought_model_a,thought_model_b,error_category,explanation
207786,4599409,how are some sharks warm blooded,"Some sharks can live in fresh water for a limited amount of time. Sharks have been known to swim up rivers such as the Mississippi, but only certain species of sharks have the ability. Bull sharks have been known to swim up rivers. They have a higher tolerance for fresh water than most other sharks.",0,0,1,"**My Initial Assessment of the Query**

Okay, so the user's question concerns regional endothermy (or thermoregulation) in sharks – a fascinating area. My immediate mental checklist is running through all the relevant species, the mechanisms involved (specifically, the rete mirabile), and the implications for their physiology and ecology. I'm already anticipating discussions about activity levels, habitat selection, and perhaps even migration patterns.

However, the passage itself is a complete non-sequitur. It's talking about bull sharks and their freshwater tolerance, which, while interesting from an osmotic perspective, is entirely unrelated to the core concept of *warm-bloodedness* or temperature regulation. There's no connection whatsoever. It's a classic example of misdirection or simply an irrelevant tangent. Thus, the score is a definitive zero. Time to clarify the question or request a different source!


",,Superficial Topical Matching,"Model B regressed by awarding a point of relevance based merely on keyword/topic overlap ('sharks') despite the document completely lacking any information about warm-bloodedness or thermoregulation, unlike Model A which properly recognized the passage as a non-sequitur."
1114819,5636640,what is durable medical equipment consist of,"Durable merchandise is also called consumer durables or durable goods. durable goods Goods, such as appliances and automobiles, that have a useful life over a number of periods. Firms that produce durable goods are often subject to wide fluctuations in sales and profits. Also called consumer durables.",0,0,1,"**My Assessment of the Provided Text**

Okay, so the user's question is explicitly about ""durable medical equipment,"" and it looks like this text completely sidesteps that specific context. Instead, it's talking about ""durable merchandise"" or ""durable goods"" in a generic economic sense – things like appliances and automobiles. While the term ""durable"" is common to both, the passage utterly misses the medical equipment angle.

Honestly, it's pretty far off the mark. It's only *vaguely* related through that one shared word. Therefore, I'd have to score this as a 0, maybe a 1 at best. Categorizing this is straightforward: either ""the passage seems related but does not answer it"" (that would be the 1), or ""the passage has nothing to do with the query"" (which, given the crucial medical context missing, is the more accurate 0). The core of the issue is that it completely ignores the defining characteristic of *medical* equipment versus general consumer durables. It misses the target entirely, and thus, I must score it a zero.


",,Over-weighted Lexical Overlap,"Model B awarded a marginal relevance score of 1 based solely on superficial keyword overlap ('durable'), failing to recognize that the text defines general economic goods (appliances/automobiles) and completely lacks the essential medical context required to be relevant."
1112341,6947370,what is the daily life of thai people,Learn Thai with our Free Thai Phrasebook. 1  History of the Thai language. 2  Regional variation in spoken Thai. 3  The Thai alphabet and Thai tones.  Written Thai: Joined Up 1  Thinking. General Thai phrases useful for a holiday in Thailand.,1,1,0,"**My Assessment of the Query's Relevance**

Okay, so the user is asking about the ""daily life of Thai people."" When I look at this text, I see it's an advertisement or a table of contents for a Thai language learning resource, specifically geared towards holidaymakers. It definitely mentions Thailand and the Thai language, so there's a tangential connection – the *subject matter* is Thai-related. However, it's not actually *about* the daily lives of Thai people. This resource focuses on learning phrases for tourists, not insights into their routines, traditions, or societal structures. Therefore, while it touches on the *topic* of Thailand, it completely misses the mark in answering the actual question about daily life. The score I’d give it is a 1: related in topic, but does not provide an answer.


",,Overly Strict Relevance Criteria,"Model A correctly identified that the document shares a tangential topic (Thailand/Thai language) with the query, warranting a marginal relevance score of 1 under standard guidelines. In contrast, Model B regressed to a score of 0 (and failed to provide reasoning), overly penalizing the lack of a direct answer by treating topical overlap as completely irrelevant."
207786,1884813,how are some sharks warm blooded,"1/6. In Gansbaai, the largest white shark ever caught was at Danger Point and measured up to 5.9m. The exact world record white shark is a contested issue, but chances are it is between 6-7m. If you see a white shark in the water don’t panic.",0,0,1,"**My Assessment of Passage Relevance**

Okay, let's break this down. The query is ""how are some sharks warm-blooded,"" and I need to assign a relevance score from 0 to 3. This passage discusses shark size, record catches, and staying calm around sharks – all in Gansbaai, South Africa. It's about sharks, no doubt, but the key phrase, ""warm-bloodedness"" or any mention of thermoregulation is completely absent.

Now, where do I land on the scoring? Per the instructions: 0 is nothing to do with it; 1 is related but doesn't answer it. The instructions are very explicit, and since the mechanism of warm-bloodedness is not touched upon whatsoever, zero seems to be the most appropriate choice.

However, the passage *does* discuss white sharks, and, while not explicitly stated, white sharks are indeed one of the warm-blooded species. So, there's a tenuous link there. It's about the general topic of sharks, but the specific question is entirely unaddressed. Does that give it a ""1""? I think it's pushing it. The safe bet is a 0. It is completely off-topic from the biological mechanism. 0 is the safer bet here, it lacks any mention of the subject matter.


",,Over-weighted broad topical overlap,"Model B gave a score of 1 based on superficial topic matching (the passage discusses sharks/white sharks), failing to recognize that the text provides no information relevant to the biological mechanism of warm-bloodedness asked in the query, making it completely irrelevant (score 0)."
1133167,6252360,how is the weather in jamaica,"The coolest weather is in the north, the Bahamas, while the hottest days are on the southernmost island of Trinidad. Ocean temperatures in January range on average from 77 degrees Fahrenheit around the Bahamas and Puerto Rico to 79 °F around islands farther south.The Caribbean's dry season begins in January. This normally is the driest month of the year for Kingston, Jamaica and Nassau, Bahamas.he monthly averages are based on historical weather records. These temperatures are in degrees Fahrenheit. You can also view the temperatures in degrees Celsius. The Caribbean in January offers ideal weather for a winter beach vacation. You can expect warm and dry weather throughout the islands.",2,2,1,"**Analyzing the Weather Query**

Okay, so the user wants to know about the weather in Jamaica. The passage gives me *some* information, but it's not a direct, comprehensive answer. It's more of a starting point. It's useful to note the query, but then delve into the response.

It tells me that January is the beginning of the dry season in the Caribbean. Importantly, it mentions Kingston, Jamaica, and that January is the driest month there. That's *something* specific. However, it also veers into general Caribbean weather patterns during January – warm and dry conditions are noted for the Caribbean islands in general during this month. So, it's a bit mixed.

Given that it provides *some* answer, albeit a bit indirect and intertwined with extraneous information, I'd say this is a Category 2 response. The specific ""driest month"" mention is relevant, but it's buried in the broader Caribbean context. Therefore, there is limited and not direct information, but is a small answer nonetheless.


",,Missing Reasoning,"Model B failed to generate any reasoning trajectory to justify its score, leading to an under-scoring of the document (score 1 instead of 2) by failing to identify and weigh the partial relevance provided by the specific mention of Kingston, Jamaica."
183378,3389580,exons definition biology,"Description: In most eukaryotic genes, coding regions (exons) are interrupted by noncoding regions (introns). During transcription, the entire gene is copied into a pre-mRNA, which includes exons and introns. During the process of RNA splicing, introns are removed and exons joined to form a contiguous coding sequence.",3,3,2,"Here's my take on the query, focusing on the biology of ""exons"":

**Exon Definition and Context**

Okay, so the user's looking for the biology of ""exons."" From what I see here, it's pretty straightforward. The passage nails the definition: exons are simply ""coding regions."" That's the core. Then, it dives into the essential context, which is key. It's putting exons in their place during transcription and splicing, highlighting their relationship to introns. Honestly, it's a tight, focused answer. Perfectly relevant, clear, and on point. Exactly what you'd expect to see. This directly addresses the biological definition and its process.


",,Missing Reasoning / Unjustified Score Reduction,"Model B downgraded a perfectly relevant document from a 3 to a 2 without providing any reasoning or justification, failing to recognize that the text directly and accurately defines exons as coding regions within biological transcription and splicing processes."
19335,1837110,anthropological definition of environment,“There are many career and educational options for anthropology majors. Further anthropological study leads to both traditional anthropological careers of teaching and research as well as in applied anthropology. Applying anthropology offers many opportunities to use anthropological perspectives and skills.,0,0,1,,,Over-weighted broad topic match,"Model B regressed by rewarding superficial keyword overlap related to 'anthropology' and career paths, failing to notice that the document completely lacks any mention or definition of 'environment'."
1113437,6688846,what is physical description of spruce,"The leaves of conifers are of course their needles. On true pine trees, the needles are arranged and attached to the branches in clusters of two (red pine group), three (yellow pine group), or five (white pine group) needles per cluster. Spruce and fir trees have their needles attached individually to the branches.",2,2,1,"**My Assessment of the Spruce Description**

Okay, so the user wants a physical description of a spruce, and this passage... well, it *partially* delivers. It definitely hits on a key physical characteristic: the needle-like leaves are attached individually to the branches. That's a point of distinction, certainly. It's not a *complete* physical description, obviously; it doesn't touch on things like the bark, the shape of the tree, or cone characteristics. But it *does* provide relevant physical detail. I'd give it a solid 2, maybe even a 1 depending on how nitpicky I'm feeling about completeness. We know something definitive about the needle arrangement now, which is helpful.


",,Overly Strict Completeness Standard,"Model B regressed to a score of 1 by likely penalizing the passage for not being an exhaustive physical description, whereas Model A correctly recognized that providing a definitive physical characteristic (individual needle attachment) warrants a solid relevance score of 2. Furthermore, Model B failed to provide any reasoning to justify its stricter evaluation."
47923,4652795,axon terminals or synaptic knob definition,The portion of the neuron that sends signals. Axons are long tail-like extensions protruding from the cell body. The axon terminal is the knob-like structure at the far end of the axon.,2,2,3,"**My Assessment of Relevance**

Okay, so I'm presented with a query: ""axon terminals or synaptic knob definition,"" and a passage describing a neuron's axon and its terminal. My task is to determine a relevance score, 0 to 3, based on how well the passage answers the query.

My immediate intent is clear: to find a definition for axon terminals and, by extension, synaptic knobs (since they're often used interchangeably). I read the passage, and it *does* directly define the axon terminal as ""the knob-like structure at the far end of the axon."" That's good; it's right on point.

However, the passage also includes some introductory sentences about the axon itself. It mentions that it's the part of the neuron that sends signals and describes it as a ""long tail-like extension."" This is slightly extraneous information – while related to the context of axon terminals, it's not the *definition* of the terminal itself.

Now, considering the scoring rubric, I have to make a decision. A score of ""3"" is reserved for passages that ""only and entirely"" address the topic. A score of ""2"" is assigned when the passage presents something ""very important related to the entire topic"" but also contains some extra information. Given the inclusion of those extra sentences about the axon, I think a score of ""2"" is the safer, more accurate choice. While the definition is clearly stated, the added details push it away from being *entirely* dedicated to the definition. The definition is there, but some extra info muddies the water.


",,Ignored Rubric Constraint,"Model B awarded a top score of 3, failing to apply the rubric constraint that a perfect score is reserved for passages focused solely and entirely on the target entity. It overlooked the extraneous context describing the axon itself, which Model A properly identified as warranting a score of 2."
1121709,4639609,what are the three percenters?,History >> American Revolution. The Revolutionary War split the people of the American colonies into two groups: the loyalists and the patriots. What was a patriot? Patriots were people who wanted the American colonies to gain their independence from Britain.,0,0,1,"**My Assessment of the Query**

Okay, so the user's asking about the ""Three Percenters."" Intriguing. Based on my understanding of similar inquiries, they're likely interested in the modern group, or perhaps the historical connection, if any, to the American Revolution.

The text I've been given, however, seems to have completely missed the mark. It's discussing the American Revolution, specifically the division between Loyalists and Patriots, and defining what constituted a Patriot. That's relevant in a broad historical sense, as the ""Three Percenters"" name often references a claim about the percentage of colonists who actively fought in the Revolution. But the text doesn't *mention* the ""Three Percenters"" themselves, which is the core of the user's question.

Therefore, from a direct intent match perspective, it's a complete failure. It provides background, maybe, but not the actual answer. While the subject *area* is related (American Revolution), there's no actual content related to what the user wants to know. I'd give it a 0. It's tangentially adjacent, but fundamentally irrelevant to the specific query.


",,Over-crediting tangential relevance,Model B regressed by awarding a point of relevance to a document that merely shares broad historical background (the American Revolution) without mentioning or answering the core entity in the query ('Three Percenters'). Model A correctly identified that topical adjacency without direct information on the subject constitutes complete irrelevance (0).
1037798,3167284,who is robert gray,"112 Garibaldi Ave, Garibaldi, Oregon 97118, phone: (503) 322-8411. The Garibaldi Museum is chartered to enhance the maritime heritage of the Pacific Northwest by collecting information concerning Captain Robert Gray and Captain Robert Gray's historical vessels, the Lady Washington and the Columbia Redivivia.aribaldi Charters. 7th & Hwy.101, Garibaldi, Oregon 97118, phone: (503) 322-0007, toll free: 800-900-HOOK (4665), email: fishon@garibaldicharters.com. Garibaldi Marina and Guides. 302 Mooring Basin Road, Garibaldi, phone: 800-383-3828, email: jeff@garibaldimarina.com.",1,1,2,,,Over-weighted peripheral mention,"Model B overestimated the relevance of the document by treating brief, tangential mentions of Captain Robert Gray and his historical vessels within a museum directory listing as a substantive answer to the query 'who is robert gray'."
168216,5336830,does legionella pneumophila cause pneumonia,"Mycoplasma pneumoniae (M. pneumoniae) is an atypical bacterium (the singular form of bacteria) that causes lung infection. It is a common cause of community-acquired pneumonia (lung infections developed outside of a hospital).M. pneumoniae infections are sometimes referred to as walking pneumonia..his illness is often seen with other upper respiratory tract symptoms, like a sore throat. Sometimes M. pneumoniae infection can cause pneumonia, a more serious infection of the lungs, which may require treatment or care in a hospital.",0,0,1,,,Over-weighted Topical Overlap,"Model B likely awarded a relevance point due to the superficial topic match with 'pneumonia', failing to recognize that the document is entirely about a different pathogen (Mycoplasma pneumoniae) and provides no information regarding the specific target entity (Legionella pneumophila)."
1117099,4573811,what is a active margin,"1 An oceanic trench forms offshore, and a chain of volcanic mountains forms just inland of the coast. 2  This type of boundary between oceanic crust and continental crust is called an active continental margin since it is a plate boundary. 3  At other convergent boundaries, oceanic plate meets other oceanic plate.",3,3,2,"**Scoring the Passage**

Okay, I need to evaluate this passage in relation to the query ""what is an active margin."" Let's see... the text states, ""This type of boundary between oceanic crust and continental crust is called an active continental margin since it is a plate boundary."" Ah, there it is – a direct definition, albeit a concise one, along with some context regarding its formation, mentioning trenches and volcanic mountains.

Now, considering the scoring criteria, this seems like a pretty good match. It clearly defines the term, so I'm leaning towards either a 3 or a 2. Let's refer back to the category definitions. Hmm, ""category 3 if the passage only and entirely refers to the topic."" Well, the passage *does* primarily focus on this boundary and what makes it ""active."" Yes, it's mostly about the active margin itself. Therefore, given the focus and directness of the definition, I'm going to confidently assign it a score of 3.


",,Failure to recognize direct answer,"Model A correctly identified that the passage directly defines an active continental margin and provides key characteristics, making it fully relevant (score 3). Model B regressed to a score of 2, failing to recognize that the passage directly and sufficiently answers the definitional query, while also failing to provide any reasoning."
573724,7233865,what are the social determinants of health,"Top 5 Countries with the Most Employment in Health and Social Services. Feb 12, 2018",0,0,1,"**My Initial Assessment of the Inquiry**

Okay, so someone's asking about ""social determinants of health."" That's a core concept, and I need to provide a useful response. Hmm, this snippet I'm given is just a title: ""Top 5 Countries with the Most Employment in Health and Social Services. Feb 12, 2018."" Now, I see the keywords ""health and social services,"" which is a surface-level connection. It's *related* in that it's talking about aspects of health and social well-being, but it’s completely missing the mark on *social determinants* – the underlying factors like socioeconomic status, education, access to care, and the environment that *influence* health outcomes. It's about employment numbers, nothing more.

While the phrase ""health and social services"" is present, the context is employment, not the root causes and circumstances which affect health (the ""social determinants""). Therefore, it doesn't give *any* real information about the inquiry. I'm leaning towards a score of 0, because it’s fundamentally irrelevant to the concept itself. The instructions mention a score of 1 ""if the passage is somewhat related to the topic but not completely,"" but given the complete disconnect with the *concept* of SDOH, I'm sticking with a 0. It shares a few words, but no substance. It misses the mark entirely.


",,Superficial Keyword Matching,Model B regressed by relying on superficial keyword overlap ('health' and 'social') rather than evaluating semantic relevance. Model A correctly recognized that an article about employment statistics in health and social services does not address the actual concept of the social determinants of health.
1133167,6911927,how is the weather in jamaica,"Last Updated: January 12, 2017. Of the 15 Sandals resorts in the Caribbean, 7 of them are in Jamaica. In our rankings of the best sandals resort overall, three of the top 4 are in Jamaica, but the bottom 3 are also in Jamaica.",0,0,1,"**My Initial Assessment of the Inquiry**

Okay, the user wants information regarding the weather in Jamaica. That's straightforward enough. Now, let's see what the provided text says. The prompt mentions Sandals resorts in Jamaica. Hmm, a common association, but not inherently weather-related. Right off the bat, I recognize that the passage focuses on the *location* of these resorts, not the meteorological conditions of the island. It doesn't contain any data, forecasts, or even general descriptions of Jamaica's climate. Seems like the text is entirely off-topic as far as this query goes. I'll need to indicate that the information is missing.


",,Over-weighted keyword overlap,"Model B likely awarded relevance simply because the document shares the keyword 'Jamaica' with the query, failing to recognize that the content is completely devoid of meteorological or weather-related information as correctly identified by Model A."
833860,2206198,what is the most popular food in switzerland,"Alps-. Swiss Alps, also known as Central Alps, is the region of Alpine mountain ranges that lie in Switzerland. Around 65% of Switzerland is covered by Alps, one of the most beautiful mountain ranges. No doubt, Switzerland is the place where one can find the highest peaks and glaciers.Skiing and hiking are way of Swiss life.. Swiss Chocolate-. If you tell me you don’t like Swiss chocolate, I would seriously believe you haven’t tasted it yet. Switzerland is famous for the art of chocolate making. They have world’s best milk chocolate made of finest milk and cream.",2,2,1,"**Analyzing the Query and the Passage**

Okay, so the user wants to know about the most popular food in Switzerland. The passage is a bit scattered, though. It throws in mentions of the Swiss Alps, skiing, and hiking. While these are *related* to Switzerland, they're not food. Then, finally, it brings up Swiss chocolate, and acknowledges Switzerland's fame for chocolate making.

So, I have to give it a low score. The passage *does* hint at a famous food – chocolate – and even states that Switzerland is famous for it, but it's buried amongst a lot of irrelevant information about the Alps, skiing, etc. It feels like an answer is trying to emerge, but it’s swamped. I'm leaning toward a score of 2, because it *does* offer a piece of the puzzle, but also because, as a subject matter expert, I know that Switzerland being famous for chocolate satisfies the query in part. Alternatively, it is related.


",,Under-weighted partial relevance,"Model B regressed by assigning a lower score (1 instead of 2) and failing to articulate reasoning, inappropriately penalizing the document for extraneous content about the Swiss Alps rather than crediting the partial answer identifying chocolate as a famously popular Swiss food."
146187,8434623,difference between a mcdouble and a double cheeseburger,"There is a discernible difference between the two burgers, especially in the meat quality. The McDouble contains gristle and carry's a different flavor than the Double Cheeseburger. The double cheeseburger tastes more like beef. The McDouble tastes of whatever meat filler they use to fill the gap.",2,2,1,"**Analyzing the McDouble vs. Double Cheeseburger Distinction**

Okay, so the user wants to know the *actual* difference between a McDouble and a Double Cheeseburger. My initial read of the provided text is that it misses the mark. It mentions subjective differences, potentially meat quality or filler perceptions, but skirts around the fundamental, objectively verifiable distinction: the cheese! We're talking one slice versus two.

The text *does* directly address the comparison requested in the query, so that's a point in its favor for relevance. However, the subjective commentary is where the confusion is. It's giving an answer, and directly comparing the two items, but it's factually misleading or just plain opinion. So, based on the evaluation criteria, I'm leaning towards a relevance score of 2 or maybe a 1, because it *attempts* to address the query's core, even if the approach is flawed. The subjective angle throws a wrench into a definitive assessment. It needs a closer review to pin down the exact relevance score.


",,Missing Reasoning,"Model B provided no reasoning to justify its lower score of 1. Consequently, it failed to deliberate on topical relevance versus factual accuracy, overlooking that the text directly addresses the requested comparison—a nuance recognized by Model A and the human evaluator that warrants a relevance score of 2."
168216,1301468,does legionella pneumophila cause pneumonia,"Causes. The bacterium Legionella pneumophila is responsible for most cases of Legionnaires' disease. Outdoors, legionella bacteria survive in soil and water, but rarely cause infections.",2,2,1,"**Analyzing the Query about *Legionella pneumophila* and Pneumonia**

Okay, so the user wants to know if *Legionella pneumophila* *causes* pneumonia. Straightforward enough, but let's see how the passage handles it. The passage directly states that *Legionella pneumophila* is the culprit behind most cases of Legionnaires' disease. Now, here's where we get nuanced. The text doesn't *explicitly* equate Legionnaires' disease with pneumonia, or only offers a partial answer, though we, as experts, understand that Legionnaires' is a severe form of pneumonia. It requires that implied knowledge. Given the rubric's guidelines, this falls into the category of ""somewhat related"" or ""partially answers."" I'm leaning toward a score of 2 here – it directly links the bacterium to Legionnaires' disease, which is clinically very relevant.


",,Overly Strict Lexical Matching,"Model B regressed by likely requiring an exact lexical mention of 'pneumonia' rather than recognizing that Legionnaires' disease is intrinsically linked to pneumonia, thus undervaluing a passage that directly addresses the causative agent of the disease."
1117099,8208315,what is a active margin,"is an actual plate boundary, where oceanic crust and continental crust crash into each other. Active plate margins are often the site of earthquakes and volcanoes. Oceanic crust created by seafloor spreading in the East Pacific Rise, for instance, may become part of the Ring of Fire, the horseshoe-shaped pattern of volcanoes and earthquake",3,3,2,"**My Assessment of the Response**

Okay, here's how I see this. The user asked ""what is an active margin,"" and this passage delivers. It gets right to the point: an active margin *is* an actual plate boundary where oceanic and continental crust collide. That's a solid, concise definition, which is exactly what the user likely wanted. The fact that it mentions earthquakes and volcanoes further emphasizes the key characteristics of such a margin.

The only slight caveat is the apparent truncation at the beginning and end. That's a minor imperfection, but it doesn't detract from the core definition provided. I'd lean towards giving it a score of 3 because it’s entirely dedicated to answering the question and gives a clear definition. However, I can see the argument for a 2, given the incompleteness, depending on the grading scheme. Ultimately, it’s a good, focused answer, and the truncation is only a technicality.


",,Missing Reasoning,"Model B failed to provide any justification or chain of thought for its evaluation, resulting in an unjustified score reduction to 2 on a passage that directly and clearly defines the target concept."
168216,25528,does legionella pneumophila cause pneumonia,"Psittacosis is an infectious disease caused by Chlamydia psittaci, a type of bacteria that most often infects birds. Psittacosis causes a wide range of symptoms in people, including fever, headache, and a dry cough. This illness can also cause pneumonia (a lung infection) that may require treatment or care in a hospital. Rarely, psittacosis can be deadly.",0,0,1,"**My Assessment of the Text's Relevance**

Okay, so the user wants to know about *Legionella pneumophila* and pneumonia. The text I've been given dives into *Psittacosis*, caused by *Chlamydia psittaci*, and it *does* mention pneumonia, but that's where the connection ends. It doesn't even whisper a word about *Legionella pneumophila*.

Initially, I was thinking this was a textbook case for a ""1,"" you know, ""loosely related via the concept of pneumonia"" score because both are bacterial causes. However, the instructions say that ""0 = represent that the passage has nothing to do with the query."" Since *Legionella pneumophila* is completely absent from the passage, and the key entity in the question is *Legionella pneumophila*, it's almost as if it doesn't exist, I have to go with a ""0."" It's not answering the question about *Legionella pneumophila* at all.


",,Superficial Topical Overlap,"Model B awarded a score of 1 by over-weighting the peripheral mention of 'pneumonia', failing to recognize that the passage is entirely irrelevant because the primary entity of the query, 'Legionella pneumophila', is completely absent."
1106007,7042681,define visceral?,Definition of instinct for Students. 1 : an act or course of action in response to a stimulus that is automatic rather than learned It's a cat's instinct to hunt. 2 : a way of knowing something without learning or thinking about it Her instincts told her to wait.,0,0,1,"**My Assessment of the Query's Relevance**

Okay, so the user wants a definition of ""visceral."" The passage, however, goes off on the tangent of defining ""instinct."" While I can see a conceptual link – that gut feelings or instincts *can* sometimes be described as visceral – the passage completely misses the mark. It doesn't even *mention* the word ""visceral."" 

Therefore, based on my understanding, this is a clear miss. Defining a related term doesn't cut it when the requested term is completely ignored. I'd give it a score of zero. No information regarding the query, though a tangential relation can be inferred.


",,Over-weighted tangential relevance,"Model B awarded partial relevance (score 1) to a document defining an entirely different word ('instinct') likely because of loose semantic overlap with 'visceral', whereas Model A correctly recognized that defining a different, tangential term fails to answer a specific definition query."
168216,3198680,does legionella pneumophila cause pneumonia,"Causes. The bacterium Legionella pneumophila is responsible for most cases of Legionnaires' disease. Outdoors, legionella bacteria survive in soil and water, but rarely cause infections.auses. The bacterium Legionella pneumophila is responsible for most cases of Legionnaires' disease. Outdoors, legionella bacteria survive in soil and water, but rarely cause infections.",2,2,1,"**Analyzing the Query about *Legionella pneumophila* and Pneumonia**

Okay, so the question is whether *Legionella pneumophila* causes pneumonia. The provided text dances around the answer, which is typical. It directly links *Legionella pneumophila* to Legionnaires' disease. Now, anyone in my field knows that Legionnaires' disease *is* a form of pneumonia, but the passage doesn't explicitly connect the dots. It leaves the inferential leap to the reader.

Therefore, although the text doesn't *explicitly* state that *Legionella pneumophila* causes pneumonia, it strongly implies it by associating it with a specific form of pneumonia. It's a related answer, at least partially. I would score it as 2, given the standard definitions. The text does directly address the disease it causes, even if it uses a slightly indirect route.


",,Strict Keyword Matching,"Model B failed to apply domain knowledge connecting Legionnaires' disease to pneumonia, likely penalizing the passage for not explicitly mentioning the word 'pneumonia' despite the document directly answering the query via clinical synonymy."
168216,3399713,does legionella pneumophila cause pneumonia,"About the Disease. Legionnaires' disease is a severe, often lethal, form of pneumonia. It's caused by the bacterium Legionella pneumophila found in both potable and nonpotable water systems.Each year, an estimated 10,000 to 18,000 people are infected with the Legionella bacteria in the United States.It is not uncommon for patients with Legionnaires' disease to be admitted to the intensive care unit.t's caused by the bacterium Legionella pneumophila found in both potable and nonpotable water systems. Each year, an estimated 10,000 to 18,000 people are infected with the Legionella bacteria in the United States. It is not uncommon for patients with Legionnaires' disease to be admitted to the intensive care unit.",3,3,2,"**Analyzing the User's Query and the Provided Text**

Okay, here's how I'm processing this. The user's query is straightforward: does *Legionella pneumophila* cause pneumonia? The text answers this directly and concisely: ""Legionnaires' disease is a severe, often lethal, form of pneumonia. It's caused by the bacterium *Legionella pneumophila*..."" Bingo. The answer is right there at the beginning, crystal clear.

Now, the categorization. The instructions specify Category 3 if the passage *only* addresses the query and delivers the exact answer. That seems like a perfect fit, or maybe a 2 because of some extra info. The definition says: ""category 3 if the passage is dedicated to the query and contains the exact answer"" / ""category 2 if passage presents something very important related to the entire topic but also has some extra information"". The presence of duplicated sentences and extra statistics does make me pause, perhaps hinting at Category 2 territory, but the *entire* focus of the text is the connection between *Legionella pneumophila* and Legionnaires' disease, which *is* pneumonia. So, while it's close, the core is still the bacteria and the resulting pneumonia, thus making Category 3 most appropriate. I think the redundancy doesn't detract from the fact that it is a dedicated answer to the query.
Let's go with Category 3.


",,Missing Reasoning / Over-penalizing Extra Information,"Model B failed to articulate its reasoning and downgraded the relevance score from 3 to 2, likely over-penalizing duplicated sentences and supplementary statistics despite the passage providing a direct, dedicated answer to the query."
451602,7784294,medicare's definition of mechanical ventilation,"Spontaneous ventilation: 1.5 - 2 times the patient's minute ventilation. Pattern of ventilation during spontaneous ventilation can not be controlled by the anesthesiologist. Spontaneous respiration: The breathing system should be filled with FG before connecting to the patient. When the patient takes an inspiration, the FG from the machine, the reservoir bag and the corrugated tube flow to the patient. During expiration, there is a continuous FGF into the system at the patient end. The expired gas gets continuously mixed with the FG as it flows back into the corrugated tube and the reservoir bag.",0,0,1,"**Analyzing the User's Query and the Available Information**

Okay, here's what's running through my head as I process this. The user specifically wants Medicare's definition of mechanical ventilation. The information I have at my disposal, however, seems completely off-target. I'm seeing details about spontaneous ventilation, breathing systems, fresh gas flow, and anesthesiology circuit components. While these topics are tangentially related to respiration and ventilation in a medical context, they have absolutely nothing to do with how Medicare defines mechanical ventilation for reimbursement or coverage purposes.

So, the intent matching is practically zero. It's a weak connection at best, mentioning ""ventilation,"" but that's like saying a car shares a connection with an airplane because they both use engines. One might be tempted to give it a score of 1 because of the medical context, but it doesn't address the core question. I think a score of 0 is the most accurate reflection of its irrelevance because of the difference between ""spontaneous ventilation"" and ""mechanical ventilation"" and its failure to touch on Medicare.


",,Over-weighted topical overlap,"Model B awarded a point likely due to superficial keyword and domain overlap (medical context and 'ventilation'), failing to recognize that spontaneous ventilation is fundamentally distinct from mechanical ventilation and completely omits Medicare's definition."
131843,7487352,definition of a sigmet,A Severe Thunderstorm WATCH is issued by the NOAA Storm Prediction Center meteorologists who are watching the weather 24/7 across the entire U.S. for weather conditions that are favorable for severe thunderstorms.,1,1,0,"**My Assessment of Relevance**

Okay, here's how I see this: the query is ""definition of a sigmet."" I need to give this passage a relevance score from 0 to 3. The passage defines and explains a ""Severe Thunderstorm WATCH"" and also mentions NOAA SPC, but it *doesn't* define or mention a SIGMET.

On the surface, it's about weather alerts and warnings in general, so it's tangentially related. A SIGMET *is* a type of weather advisory. So, it's not a complete miss. I could give it a 0, but it does touch on the broader domain of meteorological alerts, which is relevant to my understanding of the query, but doesn't specifically answer it.

My first impression is to go with a 1. I'm choosing a score of 1 because it seems related to the query but doesn't actually answer it.


",,Ignored Tangential Relevance,"Model A recognized that a SIGMET is a type of weather advisory and credited the document with marginal relevance (score 1) because it discusses meteorological alerts/watches. In contrast, Model B applied an overly strict threshold, assigning a score of 0 simply because the passage does not mention or define a SIGMET directly."
1114646,2296797,what is famvir prescribed for,Best Answer: A cold sore is a version of the herpes virus. It is different from the genital herpes virus but can be transmitted to the genitals if the virus from the facial herpes comes in contact with the genitals. It is important to be careful during a cold sore outbreak.,0,0,1,"**Evaluating Passage Relevance**

Okay, so I'm looking at this passage and the query ""what is famvir prescribed for."" Immediately, I'm assessing relevance. The passage discusses cold sores and the transmission of the herpes virus. That's a key contextual connection, because I know Famvir is used to treat those conditions. However, here's the critical point: the passage doesn't *actually* mention Famvir at all. It provides background, but not *the* answer.

While the topic area *is* related, given that Famvir is a treatment for herpes and cold sores, without any direct mention of Famvir or its prescribed uses, the connection is tenuous at best. It's essentially a red herring in terms of answering the question. Sure, it provides some relevant *context*, but that's not the same thing. Therefore, based purely on answering the query, this rates a zero. There is no actionable answer here, so this would not be useful to the user.


",,Over-weighted topical overlap,"Model B awarded a point likely due to the background topical connection between herpes/cold sores and Famvir, failing to recognize that the document completely omits the target entity (Famvir) and provides no answer to what it is prescribed for."
1124210,7203360,tracheids are part of _____.,"Xylem definition, a compound tissue in vascular plants that helps provide support and that conducts water and nutrients upward from the roots, consisting of tracheids, vessels, parenchyma cells, and woody fibers. See more.",2,2,3,"**My Evaluation of the Passage**

Okay, so I'm evaluating how well this passage answers the query ""tracheids are part of _____."" I need to give it a score from 0 to 3. The passage is: ""Xylem definition, a compound tissue in vascular plants that helps provide support and that conducts water and nutrients upward from the roots, consisting of tracheids, vessels, parenchyma cells, and woody fibers. See more.""

Right away, it's clear the passage directly addresses the question. It explicitly states that xylem consists *of* tracheids, therefore answering the question. The answer ""xylem"" is right there, though the passage expands upon it with a definition.

Now, let's categorize this. I have two options: category 2, which is for something important to the topic but with extra info, or category 3, which is dedicated to the query with the exact answer. Since the passage defines xylem, and then mentions that tracheids are part of it, with additional information about what xylem does, and what it is made up of; I'm going with category 2. It's not *solely* about tracheids, it's about xylem, but provides a crucial link between them. The question is answered in the context of broader information about xylem. Therefore, the passage *presents something very important related to the entire topic but also has some extra information.* Therefore, the passage fits nicely into category 2.


",,Ignored Nuance,"Model B regressed by awarding a perfect score (3) simply because the exact answer ('xylem') was present, failing to recognize the nuance that the passage is a broader definition containing extra contextual information, which correctly warrants a score of 2."
168216,2210774,does legionella pneumophila cause pneumonia,"Legionnaires disease, also called legionellosis, is caused by the bacteria Legionella pneumophila and related species. These organisms have been found in water delivery systems. The infection can be caught by inhaling mists from water contaminated with the germs.Outbreaks have been traced to contaminated whirlpool spas, humidifiers, and air conditioning cooling towers and have occurred in hospitals, hotels, and cruise ships. The incubation period for legionnaires disease is 2 to 10 days.The disease and the organism that causes legionnaires disease were identified and got their names from the first known outbreak, at an American Legion convention held at a Philadelphia, PA, hotel in 1976.egionnaires disease, also called legionellosis, is caused by the bacteria Legionella pneumophila and related species. These organisms have been found in water delivery systems. The infection can be caught by inhaling mists from water contaminated with the germs.",2,2,1,"**Analyzing the Query about *Legionella pneumophila* and Pneumonia**

Okay, so the question is whether *Legionella pneumophila* causes pneumonia. The provided text tells me that it causes Legionnaires' disease, or legionellosis. Now, the phrasing is a little tricky. The text doesn't *directly* state ""Legionnaires' disease is pneumonia,"" which is something I'd normally expect in a concise answer. Instead, it seems to be implying the relationship. It's close, highly related, but the direct connection isn't explicitly made. Given that Legionnaires' disease is a severe form of pneumonia, I'd lean towards giving this a score of 2. While the connection is strongly implied, the wording could be more direct in linking it to the term pneumonia.


",,Literal Keyword Matching,"Model B regressed by likely requiring an exact keyword match for 'pneumonia', failing to recognize or infer the medical equivalence that Legionnaires' disease (explicitly mentioned as caused by Legionella pneumophila) is itself a form of pneumonia."
168216,5314644,does legionella pneumophila cause pneumonia,Noun. 1. lobar pneumonia-pneumonia affecting one or more lobes of the lung; commonly due to streptococcal infection. pneumonia-respiratory disease characterized by inflammation of the lung parenchyma (excluding the bronchi) with congestion caused by viruses or bacteria or irritants.egionnaires' disease-acute (sometimes fatal) lobar pneumonia caused by bacteria of a kind first recognized after an outbreak of the disease at an American Legion convention in Philadelphia in 1976; characterized by fever and muscle and chest pain and headache and chills and a dry cough.,1,1,2,"**Analyzing the Connection: Legionella and Pneumonia**

Okay, so the query is ""does *Legionella pneumophila* cause pneumonia?"" I'm looking at this passage, and it's definitely dancing around the answer, but not quite giving it to me directly. It defines lobar pneumonia, which is fine, but then it jumps into *Legionnaires' disease*, linking it to pneumonia and the historical context of that outbreak in 1976. That connection is right there, clear as day, but it’s still playing coy about the organism itself. I mean, it describes Legionnaires' disease as *acute lobar pneumonia*, so it’s making a definitive link between the illness and a type of pneumonia.

The issue is that it *mentions* the disease and *describes* it, but it doesn't drop the taxonomic hammer and fully name *Legionella pneumophila*. It is related, of course, but it fails to specifically identify the bacteria in full name within the text. So, while it's clearly related and provides pertinent context, I'd score this response as a one or two. The implicit connection is there, and I know exactly what it's referring to, but it’s leaving me to make the explicit inference myself.


",,Missing Reasoning,"Model B failed to generate any reasoning trajectory or justification for its score, leading to an unsubstantiated higher relevance rating (2) that overlooks the document's omission of the explicit bacterium name 'Legionella pneumophila'."
1103812,4087886,who formed the commonwealth of independent states,"The Baltic states gained independence after World War I, but were occupied by the Soviet Union during World War II, regaining independence in the early 1990s. All three countries are members of the European Union, NATO and the Eurozone.",0,0,1,"**Analyzing the Query and the Text**

Okay, so the question is directly asking about the formation of the Commonwealth of Independent States (CIS). My initial assessment of this text is that it's a miss. It focuses on the Baltic states – specifically their independence from the Soviet Union and subsequent integration into the EU, NATO, and the Eurozone. While this is *related* to the broader context of post-Soviet states, the passage doesn't provide any information about the CIS itself, let alone who formed it. Therefore, based on a quick scan, it scores very low.
The connection is tenuous at best. The Baltic states' journey to independence and integration is a separate but parallel process to the formation of the CIS. They are both post-Soviet state events, but this doesn't answer the question at all. This is essentially unrelated, which results in a low score, if not a zero. It's a clear miss on the core topic of the CIS's origin.


",,Over-weighted topical overlap,"Model B gave a non-zero relevance score to a passage that merely touches on post-Soviet independence in the early 1990s, mistaking loose historical context for partial relevance despite the complete absence of information regarding the Commonwealth of Independent States."
183378,8121377,exons definition biology,"intron in·tron (ĭn'trŏn) n. A segment of a gene situated between exons that does not function in coding for protein synthesis. After transcription of a gene to messenger RNA, the transcriptions of introns are removed, and the exons are spliced together by enzymes before translation and assembly of amino acids into proteins. Compare exon.",1,1,2,"**Analyzing the Query about Exons**

Okay, so the user wants a definition of ""exons."" Hmm, this text...it actually spends more time defining ""introns,"" which is a classic gotcha. While it *does* touch on exons in the context of splicing – saying they're the bits that get put together to code for proteins after the introns are removed – it's not a direct definition. It's more of a ""by the way, here's what the other part does"" kind of explanation.

I need to assess the answer's quality, which is where it's tricky. Is it a 1 because it doesn't *directly* answer, or a 2 because it gives some context, even if it's indirect? The description of the answer is somewhat obscure, but on re-reading, it seems more that the text is explicitly about introns, so I will select 1 - it's related, but doesn't *really* get to the heart of what exons *are*. It defines introns and only mentions exons contextually. I'd have to say it ""does not answer it"".


",,Over-weighted tangential relevance,"Model B likely awarded a higher relevance score simply because the document mentions exons and their biological role in splicing, failing to discern that the document specifically defines 'intron' rather than fulfilling the query's explicit intent for a definition of 'exon'."
168216,290826,does legionella pneumophila cause pneumonia,"1 The most common cause of bacterial pneumonia is a type of bacteria known as Streptococcus pneumoniae. 2  Haemophilus influenzae, Chlamydia pneumoniae, Mycoplasma pneumoniae, and Legionella pneumophila are some other major bacteria that cause pneumonia.",3,3,2,"**Assessing the Relevance of the Passage**

Okay, let's break this down. My goal here is to determine how well this passage addresses the user's query: ""does *Legionella pneumophila* cause pneumonia?"" I'm looking for a direct and concise answer, something that gets to the heart of the matter quickly.

The passage itself is quite simple: ""...*Legionella pneumophila* are some other major bacteria that cause pneumonia."" Hmm, that's pretty unambiguous. It's a clear affirmative – *Legionella pneumophila* *does* cause pneumonia, explicitly stating it's one of the major bacterial culprits. The brevity is appreciated; it gets straight to the point without any fluff. This is exactly the kind of response I'm looking for.

Considering the user's intent, which I'm taking to be confirmation on whether *Legionella pneumophila* is a pneumonia etiological agent, the passage nails it. No ambiguity, no need for inference, just a straightforward answer.

Given this directness and relevance, I'm assigning a high score – a solid 3. The passage efficiently and accurately answers the query.


",,Missing Reasoning and Under-scoring,"Model B failed to provide any reasoning for its evaluation and inappropriately downgraded a fully relevant, direct answer from a score of 3 to 2."
264014,5611219,how long is life cycle of flea,"The lifecycle of a flea. 5% of fleas live in the environment as an adult, 95 % of fleas live as eggs, larvae or pupae. For effective flea control it is essential to break the lifecycle in the environment. 1  Adult Fleas-jump onto your dog or cat, feed on its blood and then start laying eggs. One flea broke a record with a four-foot vertical jump. 2  Undisturbed and without a blood meal, a flea can live more than 100 days. 3  On average, they live two to three months. 4  Female fleas cannot lay eggs until after their first blood meal and begin to lay eggs within 36-48 hours after that meal.",2,2,1,"**Analyzing the Flea Lifecycle Information**

Okay, so the query is asking about the complete flea lifecycle duration, from egg to adult. This passage touches on aspects of that, specifically the lifespan of adult fleas, which it says is more than 100 days, but averages around two to three months. That's relevant, definitely a piece of the puzzle, but it doesn't actually *tell* me how long the entire process takes.

It's a bit frustrating because it's *related* – it's all about flea lifespans and stages – but it doesn't give me the specific answer I need: the total time from egg to reproductive adult. It focuses on just the adult phase.

So, how do I score this? Hmm... ""represents that the passage seems related to the query but does not answer it"" (1) or ""some answer... unclear"" (2)? It *does* give a specific lifespan (the two to three months) but for *only one* portion of the total timeframe. While useful, it doesn't give a complete answer. Score 2 fits best; it’s a partially relevant response, but a bit unclear as to the total duration.


",,Under-crediting partial answer,"Model B failed to recognize partial relevance, likely applying an overly strict standard that dismissed the provided adult flea lifespan (2 to 3 months) as completely non-answering because it did not cover the full egg-to-adult cycle."
1063750,2496767,why did the us volunterilay enter ww1,"Explain the significance of the following dates: 1914-1918. Did the sinking of the Lusitania cause the United States to enter World War I. Not directly, but it did cause more Americans to be in favor of the entry of the United States into the war. Define the following terms: Militarism, Imperialism, nationalism, and alliances. ...",2,2,1,"**Analyzing the US Entry into WWI - A Quick Assessment**

Alright, so the question is *why* the US voluntarily entered World War I. This text, it's...well, it's not the most direct source. It gives me a piece of the puzzle, mentioning the *Lusitania* and how it shifted public opinion. The sinking didn't *directly* trigger US involvement, but it definitely moved things in that direction, increasing support for intervention. That's a key factor.

However, the way it's presented – embedded within this Q&A style study guide, with other irrelevant questions tossed in – feels a bit messy. It's giving me a *partial* answer, a piece of the context, but it's buried. It’s an answer, but not the whole answer, and not the most efficiently presented. A score of 2 seems right. It's got some relevant information, but it's diluted. I'd need to dig deeper for a comprehensive understanding, but it does at least bring up public sentiment as a key factor.


",,Missing Reasoning,"Model B provided no reasoning to justify its score, failing to evaluate the document's content and overlooking the partial relevance of the text regarding the sinking of the Lusitania and US public sentiment."
490595,7666097,rsa definition key,"RSA Authentication Manager 7.1 Basic Exercises. 3: Administering RSA Authentication Manager 21. When a policy is set as the default, it applies to all security domains in the system that. are not explicitly set to a different variant of that policy.",0,0,1,"**My Assessment of the ""RSA Definition Key"" Query**

Okay, so the user is looking for a definition of an RSA key, probably in the context of cryptography. The query is direct and unambiguous. Now, this text I'm looking at – it's all about ""RSA Authentication Manager 7.1 Basic Exercises"" and default policies within security domains. My expert eye immediately screams *relevance score of zero*. It's not *directly* answering the question.

Sure, it mentions ""RSA,"" which is the product name, so I'm briefly tempted to give it a score of 1. But there's *absolutely* no discussion of RSA keys, the RSA algorithm, or cryptography in general. This is a very specific implementation detail about an RSA product, not the fundamental cryptographic definition the user is seeking.

The instructions say: ""1 = related to the topic but does not answer it."" and ""0 = nothing to do with the query."" Since there is lexical overlap, but no actual key definition, and no context on key usage, I'm leaning heavily towards a 0. I might even consider a 1 if I were feeling generous, but honestly, this is the kind of situation where lexical overlap is a red herring. It's an RSA product, not the RSA key itself. The focus on policy is completely tangential to the core question. This text is administratively focused, it is not a definition.


",,Over-weighted lexical overlap,"Model B awarded a score of 1 by relying on the superficial presence of the keyword 'RSA' (the company/product name), failing to recognize that the document discusses administrative policy management rather than cryptographic RSA keys or definitions."
183378,8121375,exons definition biology,"A: An intron is a nucleotide sequence found within the genes and is removed via RNA splicing when a mature RNA molecule is being generated; on the other hand, an exon is a nucleic acid sequence present in a mature messenger RNA molecule.",3,3,2,"**Exon Definition: A Quick Hit**

Okay, so the user wants the biology definition of ""exons."" Simple enough. This passage nails it. It dives right in by defining an intron, but then *bam*, it hits the target: ""an exon is a nucleic acid sequence present in a mature messenger RNA molecule."" Perfect. Concise, accurate, and it's presented in context.

This squarely falls into category 2 or 3, given the specific and direct nature of the definition, along with a bit of contrasting context with introns. It's a clean, efficient answer. No need to overcomplicate things; this directly addresses the core query.


",,Under-scoring direct answer,"The document provides an accurate and direct biological definition of an exon, which fully satisfies the query (Human Score 3). Model B downgraded the score to 2 without providing reasoning, likely penalizing the passage for being brief or for presenting the definition via contrast with introns rather than recognizing it as a complete answer."
1124210,3466956,tracheids are part of _____.,"Xylem consists of three different types of cells: Xylem parenchyma cells and xylem fiber cells, which simply provide structural support for the most important xylem cells, the tracheary elements (TE).The TE are completely dead at maturity, and act like pipes to allow water and dissolved minterals to flow through them.There are two types of tracheary elements: vessel elements and tracheids. Though they have some structural differences, these two types function in the same manner.he TE are completely dead at maturity, and act like pipes to allow water and dissolved minterals to flow through them. There are two types of tracheary elements: vessel elements and tracheids. Though they have some structural differences, these two types function in the same manner.",2,2,3,"**My Assessment of the Text Regarding Tracheids**

Okay, so the prompt is straightforward: it wants to know what system or tissue tracheids belong to. The passage is pretty clear on this point. It lays out that xylem is composed of various cells, including tracheary elements, and then explicitly states that tracheary elements are *either* vessel elements *or* tracheids. Therefore, the answer is undoubtedly that tracheids are part of xylem (specifically, tracheary elements within xylem).

However, while the answer is direct, the passage does include some redundant information. It discusses xylem in a general sense *before* narrowing in on tracheids. It could have gotten straight to the point without that introductory material. The instructions given for this specific task include an assessment of the text and whether it contains extraneous information. Under the instructions, it feels appropriate to assign this to Category 2. Category 2 represents texts that contain something very important related to the overall topic, but also has some extra information. It’s not *solely* focused on tracheids; it uses some broad strokes on the context of xylem that I didn't necessarily need. I would categorize that as being the important information is provided but there is some extra information present. If it were solely focused on tracheids, or did not mention xylem, I would categorize it as category 3.


",,Ignored Extraneous Information,"Model B awarded the maximum relevance score of 3 without providing any reasoning, failing to penalize the document for containing broad background context and duplicated text that Model A and human raters properly accounted for with a score of 2."
47923,6191,axon terminals or synaptic knob definition,At the terminal end of the axon is a branched structure with ends called synaptic knobs. From this structure chemical signals can be sent to neighboring neurons. Transmission of nerve impulse along the axon,3,3,2,"**My Assessment of Relevance**

Okay, here's the deal. Someone wants a relevance score, 0 to 3, for a query and a passage. The query is ""axon terminals or synaptic knob definition,"" which is pretty straightforward. The passage is: ""At the terminal end of the axon is a branched structure with ends called synaptic knobs. From this structure chemical signals can be sent to neighboring neurons. Transmission of nerve impulse along the axon.""

Let's break this down. First, the passage *does* directly address the core of the query: the definition, location, and function of synaptic knobs. It explicitly says they are at the end of the axon, they're branched, and they're involved in sending chemical signals. That's good. It's essentially the whole point of the passage.

The passage, while short, is dedicated to this definition, which is a key consideration. Sure, it ends a little abruptly, but it provides that crucial information.

Thinking about the scoring categories, a ""3"" represents a passage that is completely dedicated to the query and contains the exact answer. A ""2"" indicates the presence of some extra information or, that the answer could be slightly incomplete. This passage is direct and provides the definition. I'd lean towards giving it a score of 3.


",,Over-penalizing Incompleteness,"Model B regressed by downgrading the passage to a score of 2 without providing reasoning, likely penalizing the brief or truncated ending of the text, whereas Model A correctly recognized that the passage directly defines synaptic knobs and explains their role."
490595,4842894,rsa definition key,RSA encryption is based on use of a public and a private key. Typically a key fob (such as an RSA SecurID security token) is used by employees in security-sensitive companies. The token generates a public key that changes every minute.,1,1,2,"**Assessing the Response's Relevance**

Okay, so I'm evaluating how well this passage addresses the query ""rsa definition key."" My immediate thought is, does it actually *define* an RSA key, or is it just tangentially related? The passage mentions public and private keys, which is a good sign since those are fundamental to RSA. However, it seems to lean heavily on the concept of RSA SecurID key fobs, token generating keys, and other hardware implementations. That's where I have a concern. While RSA SecurID *uses* RSA, the focus on the hardware device is a distraction. The core of the query asks about the *key* itself, the fundamental concept, not a specific product or application. I want a proper definition of what constitutes an RSA key and what algorithm defines it. It's related, certainly, but it doesn't quite hit the mark in providing a proper definition, so I'm giving it a score of 1. It's on the right track, but not directly answering the core of the query.


",,Superficial Keyword Matching,"Model B overscored the document by focusing on the presence of the keywords 'RSA' and 'key', failing to recognize that the text discusses hardware tokens (with technical inaccuracies) rather than providing a definition of an RSA key as requested by the query."
183378,749542,exons definition biology,"The human genome consists of 3 billion nucleotides or “letters” of DNA. But only a small percentage — 1.5 percent — of those letters are actually translated into proteins, the functional players in the body.The “exome” consists of all the genome’s exons, which are the coding portions of genes.The term exon was derived from “EXpressed regiON,” since these are the regions that get translated, or expressed as proteins, as opposed to the intron, or “INTRagenic regiON” which is not represented in the final protein.ut only a small percentage — 1.5 percent — of those letters are actually translated into proteins, the functional players in the body. The “exome” consists of all the genome’s exons, which are the coding portions of genes.",3,3,2,"**My Assessment of the Passage on Exon Definition**

Okay, so I'm evaluating this passage against the query ""exons definition biology"" and need to give it a score from 0 to 3. Let's see... the text *does* define exons directly. It states, ""all the genome’s exons, which are the coding portions of genes"" and then even goes into the etymology: ""derived from “EXpressed regiON,”"". That's a solid, direct definition – checks the box for the core of the query.

However, the passage *also* includes some extra baggage. It mentions the broader context of the exome, offers some details about genome size, introns, and has a bit of repeated text that's not directly related to the *definition* of an exon. This makes it potentially tricky.

Now, if this were a strictly black-and-white assessment, the extraneous info might push it down to a ""2"". The description of Category 2 mentions the inclusion of ""extra information"" and that is exactly what we have here. But, given that the definition itself is unambiguous and present (Category 3), and ""3"" is reserved for passages dedicated to the exact answer, I'm leaning toward a high score.

The text clearly and directly provides the definition. I'm going with a **3** as my initial score.


",,Over-penalizing extraneous information,"Model B downgraded the document to a 2, likely penalizing the presence of background context and repetitive text, whereas Model A correctly recognized that the passage provides a direct, comprehensive, and unambiguous biological definition of exons worthy of a top score."
1112341,3041090,what is the daily life of thai people,"The Thai baht, like the pound, originated from a traditional unit of mass. Its currency value was originally expressed as that of silver of corresponding weight (now defined as 15 grams), and was in use probably as early as the Sukhothai period in the form of bullet coins known in Thai as phot duang (Thai: พดด้วง).",0,0,1,"**My Assessment of the Query's Relevance**

Okay, so the user is asking about the daily lives of Thai people. Interesting! But this passage? This passage is all about the history of the Thai baht. It’s entirely focused on the *currency* itself, its origins, its development, the historical context of its use, and likely any changes that occurred throughout its history. While it *does* mention Thailand, and of course the baht is Thai currency, the core topic is completely off-base. There's zero overlap with what the user actually wants to know. This is a clear case of mismatched information; I'd rate this passage as utterly irrelevant to the user’s request. Time to look elsewhere.


",,Over-weighted Topical Overlap,"Model B regressed by awarding a marginal relevance score of 1 without any justifying rationale, likely triggered by superficial keyword overlap ('Thai') while completely failing to recognize that the historical origins of the Thai baht do not address the user's intent regarding daily life."
359349,8811558,how to find the midsegment of a trapezoid,"are base angles of isosceles trapezoid JKLM . If and a. 1 b. 151 c. 29 d. 75.5 ____ 34. and Find The diagram is not to scale. U R S T a. 10 b. 110 c. 20 d. 60 35. One side of a kite is 7 cm less than four times the length of another side. The perimeter of the kite is 65 cm. Find the lengths of the sides of the kite. a. 19.75 cm c. 7.9 cm and 24.6 cm b. 19.75 cm and 72 cm d. 7.9 cm 36. In quadrilateral MNOP , Which of a parallelogram, trapezoid, or rhombus could quadrilateral MNOP be? a. parallelogram or rhombus c. trapezoid only b. parallelogram only d. any of the three Short Answer 37.",1,1,0,"**Analyzing the Incomplete Geometry Data**

Okay, so the user wants to know how to find the midsegment of a trapezoid. Interesting. My initial assessment is that the provided information isn't going to be directly helpful. I'm looking at a jumble of multiple-choice geometry questions, and while trapezoids are mentioned in some of them, this passage seems to be a fragmented collection of test content, possibly just designed to test the user's familiarity with the material.

There is *some* relevance, but it's very tangential. I'm seeing isosceles trapezoids, kites, and general quadrilaterals tossed around, but none of these fragments actually give any insight into the *method* for calculating the midsegment. So, I have to classify this as only marginally related – it touches on the subject but doesn't offer a practical solution or explanation. It would be a waste of time to try and glean the answer from these limited and unrelated scraps of information.


",,Failure to recognize marginal relevance,"Model A correctly identified that while the document is a fragmented geometry test that does not explain how to find a midsegment, its discussion of trapezoids gives it topical overlap worth a marginal relevance score of 1. Model B failed to provide reasoning and strictly rated it 0, overlooking this partial topical connection."
1133167,6504576,how is the weather in jamaica,Weather Averages and Climate in US Virgin Islands. The US Virgin Islands have a tropical climate. Temperatures throughout the year are between 25 and 30 degrees Celsius (77-86° Fahrenheit). In August and September hurricanes may occur.,0,0,1,"**Analyzing the Relevance of Information**

Okay, so the user wants to know about the weather in Jamaica. My initial assessment is that this text is about the weather in the US Virgin Islands. That's a key distinction right off the bat. It's *Caribbean* weather, yes, so there's a very tenuous link to the general topic of tropical climates, which *might* be relevant. However, the query is about Jamaica, and this passage focuses on a completely different set of islands. It's either a zero or a one on the relevance scale; probably closer to zero since it doesn't give *any* information specific to the location the user is asking about. I'm leaning heavily towards ""0"" because I'd need to consider that the location is completely different. Ultimately, it doesn't address the core question directly. The passage provides zero information on Jamaica and should be assessed accordingly.


",,Entity Mismatch,Model B awarded relevance based on broad topical overlap (Caribbean/tropical island weather) while failing to strictly enforce the query's geographic entity requirement (Jamaica vs. US Virgin Islands).
1117099,6993942,what is a active margin,"1 A Continental Margin is a boundary between continental crust and oceanic crust. 2  Active continental margins occur along plate boundaries, while passive continental margins occur at the boundary that marks a continent and the oceanic crust. 3  Mountain building takes place along active continental margins only.",3,3,2,"**Analyzing the Query and Formulation of a Response**

Okay, so the user wants a definition and explanation of an ""active margin."" Straightforward enough. My initial assessment is that this is a simple request, likely requiring a concise, direct answer. The provided passage defines a continental margin generally, and then differentiates between active and passive margins. That's good – it gives the essential characteristics that define an active margin: it's found at a plate boundary and is where mountain building happens. The explanation is brief, but it gets to the core of the concept, specifically addressing active margins as requested. I'd classify this response as a Category 2 or 3 answer - it provides the exact answer, perhaps with some useful context on passive margins to aid comprehension. The critical element is the direct answer to the user's specific query.


",,Missing Reasoning,"Model B provided no reasoning or rationale to justify its downgrade of the document, failing to analyze the text which directly answers the definition of an active margin."
183378,4727418,exons definition biology,"Transcrition/translation - Exons and introns. In most eukaryotic genes, coding regions (exons) are interrupted by noncoding regions (introns). During transcription, the entire gene is copied into a pre-mRNA, which includes exons and introns. During the process of RNA splicing, introns are removed and exons joined to form a contiguous coding sequence. This mature mRNA is ready for translation.",3,3,2,"**My Assessment of the Passage on Exon Definition**

Okay, so I've been presented with a passage and the query ""exons definition biology."" My task is to assign a score, from 0 to 3, reflecting how well the passage answers the query. The passage itself defines exons as ""coding regions"" of eukaryotic genes that are joined during RNA splicing to form contiguous coding sequences for translation, explicitly contrasting them with introns. The query is quite straightforward: I need a biological definition of exons.

My initial thought is that this passage nails it. It provides the core definition, directly answering the question. The mention of introns, splicing, and translation, while relevant to understanding exons, are not the central focus. They are contextual, expanding the description to allow for a better grasp of the term.

The instructions I have state that a score of 3 is for passages that only and entirely refer to the topic, and score 2 is for passages that present something very important related to the entire topic, but also has some extra information. Based on the passage's primary focus on defining the term, I'm leaning toward a score of 3. It's a precise definition, and any ""extra"" information is vital context. I'm going to give it a 3. The passage's strength lies in its concise and clear definition of exons.


",,Missing Reasoning,"Model B failed to generate any reasoning trajectory to justify its downgrade from 3 to 2, likely arbitrarily penalizing the passage for including necessary biological context (such as introns and splicing) as extraneous information."
1063750,45591,why did the us volunterilay enter ww1,"Zimmermann note. secret telegram sent on Jan. 16, 1917, by German foreign secretary Arthur Zimmermann to Count Johann von Bernstorff, the German ambassador to the United States. In it Zimmermann said that in the event of war with the United States, Mexico should be asked to enter the war as a German ally. In return, Germany promised to restore to Mexico the lost territories of Texas, New Mexico, and Arizona.",1,1,2,"**Analyzing the WW1 Entry Question**

Okay, so the user wants to know about the US's voluntary entry into World War I. This text I've got focuses on the Zimmermann Telegram, and while that's a *massive* piece of the puzzle, the passage itself doesn't come right out and say, ""This is *why* the US jumped in."" It gives me the content of the telegram, which is obviously important context.

It's essentially a cause, a damn good one at that.

So, I'd say this falls squarely into either Category 1 or 2. It describes a key piece of information—the Zimmermann Telegram and its contents—that *directly* relates to the reasons for US entry, and doesn't explicitly link it to the actions of the US. I'd lean towards category 2, I think, as it's not a direct answer, but very closely related. I need to be careful to frame my answer accordingly.


",,Over-estimated relevance,"Model B regressed by rating the document a 2 instead of 1, failing to recognize that while the Zimmermann Telegram is historically a major cause of US entry into WWI, the text merely defines the telegram's contents without explicitly stating or explaining that it caused the US to declare war."
443396,4774806,lps laws definition,"LP and LLP mean almost the same thing, with the difference being whether limited partners can participate in management. These kinds of partnerships are generally designed for partners who are engaged in the same type of profession, such as a law firm or an accounting firm. Limited Partnership (LP) An LP is a form of partnership that has two types of partners: a general partner and limited partners. There has to be at least one general partner and at least one limited partner in every LP. The general partner manages the operation of the LP.",0,0,1,"**My Search for ""LPS Laws""**

Okay, so I'm trying to nail down a definition for ""LPS laws."" I know it *usually* refers to the Lanterman-Petris-Short Act, that California mental health law, but I want to be sure I'm not missing some obscure legal concept with a similar acronym. So, I ran a search.

The search results pull up information about ""LP"" and ""LLP,"" limited partnerships and limited liability partnerships, which are common legal structures for firms and businesses. This is all standard stuff, obviously, nothing particularly groundbreaking. The passage even mentions ""law firm"" which seems relevant to law, but it *completely* misses the mark on defining ""LPS laws."" Totally unrelated to what I'm looking for.

This search is a dud, scoring a big fat zero on relevance. I need to refine my query; I'm going to have to try something different.


",,Superficial Keyword Matching,"Model B gave a non-zero relevance score likely by mistaking the discussion of 'LP' (limited partnerships) and the mention of 'law firm' for the query 'LPS laws' (which refers to the Lanterman-Petris-Short Act), failing to recognize that the document is completely irrelevant."
183378,1087366,exons definition biology,"In eukaryotes, mRNA is highly processed before it leaves the nucleus to be translated. This includes splicing (removing introns and leaving exons via the splisosome), the addition of a cap to the 5' end, and the addition of a polyadenylated tail to the 3' end to protect the molecule from degradation.lso there are proteins that binds to exons to specify that they are correct exons and also proteins that aids in exporting the mRNA from the nucleus to the cytoplasm and then once in the cytoplasm a new set of proteins will be bound to signal that the mRNA is ready for translation. All these needs to happen ...",1,1,2,"**My Assessment of the ""Exon"" Definition Request**

Okay, so the user is looking for the biological definition of ""exons."" My quick scan of this text reveals it touches on exons, specifically in the context of mRNA splicing and the spliceosome. The passage clearly talks about removing introns and leaving exons, which indicates a close relationship to the topic of exons and mRNA processing. However, it *doesn't* actually give me a concise, direct definition of what an exon *is* – whether it's the coding sequence, the expressed region of a gene, or any other fundamental description.

Therefore, judging by the available context, this fits squarely into category 1: It's *related* to the topic of exons, the user is looking for, but it doesn't offer the actual biological definition they're after. I'll need to go elsewhere to find the precise definition and explanation.


",,Ignored Specific Query Constraint,"Model B failed to recognize that the user specifically requested a biological definition of exons. While the document mentions exons in the context of mRNA splicing, it does not actually define what an exon is, making it only tangentially related (score 1) rather than directly relevant or informative (score 2)."
1133167,1701657,how is the weather in jamaica,"Think about it this way: Climate is what you expect, weather is what you get. Weather is what you see outside on any particular day. So, for example, it may be 75° degrees and sunny or it could be 20° degrees with heavy snow. That’s the weather. Climate is the average of that weather. For example, you can expect snow in the Northeast in January or for it to be hot and humid in the Southeast in July. This is climate. The climate record also includes extreme values such as record high temperatures or record amounts of rainfall.",0,0,1,"**My Assessment of the Query's Relevance**

Okay, so the user is asking about the weather in Jamaica. Straightforward enough. But this passage... this passage is completely off-target. It's talking about the difference between weather and climate, using generic examples like the Northeast and Southeast. Fine, that's a useful distinction, generally speaking. But *Jamaica*? The query is specifically about Jamaica. This passage hasn't said *anything* about Jamaica's weather or climate. It's like it's addressing a different question entirely. Therefore, from a relevance standpoint, this passage fails miserably. It gets a big, fat zero. It might as well be talking about the weather on Mars. It's simply irrelevant to the user's need for information about Jamaica.


",,Over-weighted topical overlap,"Model B awarded relevance (score of 1) based purely on generic keyword/topical overlap with 'weather', failing to recognize that the essential entity constraint ('Jamaica') was completely absent from the document."
359349,6873860,how to find the midsegment of a trapezoid,"Find the area and perimeter for each. a) Square: side = 6 cm b) Rectangle: sides = 7 cm. 2 cm c) Triangle: base = 5 cm, height = 6 cm d) Parallelogram: base = 6 cm, height = 4 cm e) Trapezoid: base 1 = 5cm, base 2 = 3 cm, height = 4 cm 2. Construct each. Give the dimensions of each side. Trapezoid with an area of 27 cm 2  Parallelogram with an area of 42 cm 2 and a base of 6 cm.  Triangle with an area of 15 cm 2 and a height of 5 cm.  Trapezoid with an area of 18 cm 2 and a height of 3 cm.  Complex polygon with a perimeter of 26 cm 2.",1,1,0,"**Evaluating Relevance: Midsegment of a Trapezoid**

Okay, so I've got this query: ""how to find the midsegment of a trapezoid."" My task is to judge how well this passage addresses that specific question. The passage is a collection of geometry practice problems. It mentions trapezoids, which is good, but it's really focused on finding area and perimeter. I scanned it thoroughly – there's nothing explicitly about the *midsegment* of a trapezoid, and certainly no methods for calculating it.

On one hand, it's tangentially related to the broader geometry topic of trapezoids. It *does* include trapezoids in its scope. However, it completely fails to provide any answer to the actual query. It is not answering the ""how to find"" question, so the most generous I can be is that it is *somewhat* related, but a 1 seems more appropriate, it does include the term but does not answer. Therefore, I'd score this as a 1 (or possibly a 0, given the lack of direct relevance). It's connected to the topic area, but utterly misses the target in terms of answering the question.


",,Ignored Marginal Relevance,"Model B failed to account for tangential or marginal relevance (score of 1), treating the document as completely irrelevant (score of 0) simply because it did not directly answer the specific question, despite containing shared topical terms and geometry concepts involving trapezoids."
1063750,2728074,why did the us volunterilay enter ww1,"On April 4, 1917, the U.S. Senate voted in support of the measure to declare war on Germany. The House concurred two days later. The United States later declared war on German ally Austria-Hungary on December 7, 1917. World War I Trenches in France. Germany’s resumption of submarine attacks on passenger and merchant ships in 1917 became the primary motivation behind Wilson’s decision to lead the United States into World War I.",2,2,3,"**My Analysis of US Entry into WWI**

Okay, so the user wants a breakdown of why the US voluntarily got involved in World War I. The core of it, the *primary motivation* as the text phrases it, boils down to Germany's renewed unrestricted submarine warfare in 1917. Specifically, their attacks on passenger and merchant ships. That was the trigger. The passage doesn't mention other factors that are also worth considering when discussing the topic, but it does include important contextual elements such as the date that action occurred. While the answer is quite succinct, it is the appropriate response to the prompt.


",,Ignored Nuance,"Model A recognized that while the document correctly identifies the primary motivation (submarine attacks), it is succinct and omits other important contributing factors, justifying a score of 2. Model B failed to account for this nuance and lack of comprehensive context, resulting in an unreasoned over-scoring of the document as a 3."
1113437,5546283,what is physical description of spruce,"Needles are the major point of differentiation between fir and pine trees. The needles of a fir tree are soft and flat on two sides. The needles of pine trees are also soft, but also glossy and thin like a thread. The needles of fir trees are shorter in length, often less than 2 inches long.",0,0,1,"**Analyzing the Relevance of the Text to the User's Query**

Okay, the user wants a description of a spruce tree, specifically its physical characteristics. The text I've been given is about fir and pine needles. Hmm, that's definitely a conifer conversation, so it's *somewhat* in the same ballpark, discussing evergreen needles, but it completely misses the mark on spruce. My initial instinct is to score this a 0 because it's *specifically* not about spruce. We're talking completely different needles. Let me think. Okay, it's not nothing. The topic of evergreen needles is related to the query for the physical description. Let's see. The definition is, ""0 = nothing to do with query."" and ""1 = seems related to the query but does not answer it."" Since it's about conifers, that seems related to the overall concept, but it completely ignores the target entity – spruce. I'm going to lean towards a 0 because it doesn't mention spruce at all. Fir and pine are mentioned, so it does not answer it, so 1 is a fair score. Ultimately, I'll score it a 0. I feel safe with that.


",,Over-weighted topical similarity,"Model B likely treated the general topic of conifer needles (fir and pine) as sufficiently related to warrant a score of 1, whereas Model A correctly recognized that completely missing the target entity (spruce) makes the document completely irrelevant (0)."
168216,7492755,does legionella pneumophila cause pneumonia,"The genus Legionella is a pathogenic group of Gram-negative bacteria that includes the species L. pneumophila, causing legionellosis (all illnesses caused by Legionella) including a pneumonia-type illness called Legionnaires' disease and a mild flu-like illness called Pontiac fever.",3,3,2,"**My Assessment of the Query and Passage**

Alright, let's break this down. The user's question, ""does *Legionella pneumophila* cause pneumonia,"" is pretty straightforward. The passage before me nails it. It's concise and on point. We have a genus *Legionella*, explicitly identified as pathogenic, Gram-negative bacteria. Then, bam, right there, it names *L. pneumophila* and immediately links it to legionellosis, which is further specified as including ""a pneumonia-type illness called Legionnaires' disease.""

There's no beating around the bush; the passage directly answers the query. It's efficient – dedicated to confirming that *L. pneumophila* *does* cause pneumonia, in the form of Legionnaires' disease. It's a textbook example of a clear, concise response, with no unnecessary fluff. It gets the answer across without any ambiguity. That's good writing.


",,Missing Reasoning,Model B failed to generate any reasoning to justify its evaluation and erroneously under-scored a passage that directly and definitively answers the query with a 2 instead of a 3.
1114819,8336232,what is durable medical equipment consist of,"Durable medical equipment. Durable medical equipment used to describe any medical equipment used in the home to aid in a better quality of living. It is a benefit included in most insurances. In some cases certain Medicare benefits, that is, whether Medicare may pay for the item. The item is defined by Title XIX for Medicaid:",2,2,1,"**My Assessment of the Query's Response**

Okay, so the user asked a straightforward question: ""What does durable medical equipment consist of?"" and I got a response. It starts off promising, providing a general definition: DME is ""any medical equipment used in the home to aid in a better quality of living."" That's a decent starting point. However, it completely drops the ball before providing specifics. It alludes to a more detailed definition being available (specifically mentioning Title XIX for Medicaid), but cuts off right before giving *any* examples or the full criteria.

From my perspective, as someone who understands the nuances of DME, this is a very high-level and, ultimately, incomplete answer. It gives the broad strokes, the *what*, but fails to delve into the critical *how* and *specifically what*. While the initial definition is directionally correct, it's missing the meat of what the user truly needs: the specific types of equipment, and more complete criteria. So, I would rate this a 2. It’s related to the topic and provides a base understanding, but it’s far from a comprehensive answer. It's a partial, albeit somewhat helpful, response, but far from ideal.


",,Missing Reasoning and Over-penalized Incompleteness,"Model B failed to articulate any reasoning trajectory and regressed to a score of 1, under-crediting the document's valid partial definition of durable medical equipment and overly penalizing its truncation."
183378,3389584,exons definition biology,"In some genes, not all of the DNA sequence is used to make protein. Introns are noncoding sections of an RNA transcript, or the DNA encoding it, that are spliced out before the RNA molecule is translated into a protein. The sections of DNA (or RNA) that code for proteins are called exons.",3,3,2,"**Evaluating the Relevance of the Passage**

Okay, so the query is ""exons definition biology,"" and I need to assess how well this passage fits that. Let's see... the passage states, ""The sections of DNA (or RNA) that code for proteins are called exons."" That's a direct definition, right there. Bingo.

It also throws in a little about introns, which is useful context: ""Introns are noncoding sections... that are spliced out..."" but the core of the passage is the definition of exons. The scoring rubric suggests a category 3 if the passage is *entirely* dedicated to the topic and provides the exact answer. A category 2 is if it's very important to the topic, but with extra information.

The definition is clean and precise. It does have that quick mention of introns, which pushes it towards category 2, ""extra information,"" or category 3, given it's short and dedicated to the structure. Given how focused the passage is on directly defining exons, I'm leaning toward category 3. It nails the exact answer. Yeah, that's a 3. Done.


",,Missing Reasoning,"Model B failed to provide any reasoning trajectory to justify its downgrade from a 3 to a 2. While Model A appropriately considered whether the brief context about introns warranted a score of 2 before correctly concluding that the direct, precise definition of exons warranted a 3, Model B offered an unexplained lower score without any justification."
207786,2253657,how are some sharks warm blooded,"Most species of sharks are found in the oceans. However, some of them are known to live in bodies of fresh water, like the bull shark which is known to travel up to 4,000 Km up the Amazon River. Sometimes, sharks have been found even in unusual fresh water bodies.",0,0,1,"**Relevance Assessment: Shark Warm-Bloodedness**

Okay, so the user wants to know how some sharks are warm-blooded, and I need to assess this passage's relevance to that query. The passage talks about where sharks are found – specifically, ocean versus freshwater habitats like the bull shark. Hmm, that's habitat, not thermoregulation. It's about sharks, sure, so it *touches* on the subject tangentially, but it doesn't even come close to answering the actual question about endothermy or mesothermy in sharks.

Let's see, the scoring guidelines... a '0' means completely unrelated, and a '1' means it's vaguely related but doesn't provide an answer. Because it mentions ""sharks,"" one could argue it's topically related to the entity but has absolutely nothing to do with the specific attribute/predicate in the question (warm-bloodedness). Mentions of the broad entity without the specific predicate usually fall under 0 or 1. If it was more specific than 'sharks' maybe it would be 1 but it does seem completely irrelevant to thermoregulation. Thinking about it, 1 fits ""seems related to the query [sharks] but does not answer it,"" but 0 is equally valid. On standard IR benchmarks, this kind of loose mention is usually a 0 or 1.

Given that the core of the question is thermoregulation, the passage is completely irrelevant to that aspect. So, despite mentioning the entity in question, the best fit is a '0'. The passage has nothing to do with the actual question, even though it mentions sharks. I'm going with a 0.


",,Over-weighted topical overlap,"Model B likely assigned a score of 1 simply because the document mentions 'sharks', over-valuing broad entity overlap. In contrast, Model A correctly recognized that despite mentioning sharks, the text focuses solely on habitat and freshwater migration, providing zero information relevant to the core informational need of thermoregulation, properly rating it a 0."
183378,1239964,exons definition biology,The intervening sequences that are removed are called introns. The process by which introns are removed is referred to as splicing. The sequences remaining after the splicing are called exons. All of the different major types of RNA in a eukaryotic cell can have introns.,3,3,2,"**My Assessment of the ""Exons"" Query**

Okay, so the user wants the lowdown on exons. Looks like the text I have provides a direct definition, which is great. It's essentially saying exons are the sequences left *after* the splicing process. The text briefly covers introns and splicing as well, and it's also worth noting that it clarifies that eukaryotic RNA is the type that *has* introns in the first place, which is really important context. So, while it's not a deep dive into the whole process, the answer itself is clearly stated, and presented effectively. It answers the question exactly as asked.


",,Missing Reasoning,"Model B failed to provide any reasoning trajectory or justification for its score, arbitrarily downgrading a document that directly and accurately provides the biological definition of exons to a 2."
1133167,7010343,how is the weather in jamaica,Definition of Jamaica in the Definitions.net dictionary. Meaning of Jamaica. What does Jamaica mean? Information and translations of Jamaica in the most comprehensive dictionary definitions resource on the web.,0,0,1,"**My Assessment of This Retrieved Information**

Alright, so the user's question is about the weather in Jamaica. Straightforward enough. However, the passage I've been given to evaluate... well, it's completely off-topic. It's giving me the dictionary definition of the *name* ""Jamaica."" That's not even tangentially related to the weather. It mentions the country, sure, but it's focused on etymology, not meteorology. There's zero meteorological data here, no forecasts, no climate descriptions, nothing.

Therefore, the passage absolutely deserves a score of 0. I mean, it doesn't just fail to answer the question; it's addressing a different question entirely. Technically, you could argue for a 1 since it *does* mention the country, but that's a stretch. A 0 best reflects the complete irrelevance to the query. My evaluation should be that a score of 0, best fits the response.


",,Over-weighted keyword overlap,"Model B likely assigned a score of 1 based purely on the superficial entity match for 'Jamaica', failing to recognize that the document is merely a dictionary definition and completely lacks any relevant meteorological or weather information."
264014,528380,how long is life cycle of flea,"In 3 weeks, one flea can pass through its entire life cycle and can lay 1000 eggs. In another 3 weeks, those eggs can hatch and lay 1,000 eggs each, so within 6 weeks, it is possible to have a million new fleas.",3,3,2,,,Hallucinated Requirement,"The document directly answers the query in the first sentence by stating a flea can pass through its entire life cycle in 3 weeks. Model B regressed by demanding additional biological details (such as a breakdown of stages or typical duration ranges) that were not requested by the user, improperly downgrading a fully relevant direct answer."
1133167,2276677,how is the weather in jamaica,"Storm in Jamaica. Storms in Jamaica should be taken as serious as a hurricane. Storm season is the same period as hurricane season. If you plan on spending most of your time outdoors, the first and the last month during the storm season is usually the calmest. August, September, and October are the months that tropical storm usually arrives.",2,2,1,"**Evaluating Weather Relevance**

Okay, so the user wants to know ""how is the weather in Jamaica,"" and I've got this passage about storms and hurricane season in Jamaica. My initial thought is that it's *definitely* related, but not the whole picture. The query is broad, asking about the general weather, while the passage dives deep into the storm season and specifically mentions when the calmest months are as well as when tropical storms arrive. It's not *just* talking about storms; it's providing important detail about a significant weather pattern there.

The passage does give some relevant information – it's partially answering the question by outlining a specific, crucial weather phenomenon. It's not providing data on overall temperatures, sunshine, or rainfall outside of the context of storms. I think it deserves a score of either a 2 or a 1. However, since the passage is discussing the specific weather patterns related to storms and the seasonal cycle, I lean toward a score of a **2**. It presents something very important related to the overall topic, even if it's not a complete, general answer. It has the specifics of stormy weather, which is one key aspect of Jamaica's weather.


",,Missing Reasoning / Overly Strict Relevance Threshold,"Model B failed to provide any deliberative reasoning and awarded a lower relevance score (1), likely treating the document's specific focus on storm and hurricane seasons as only marginally relevant rather than recognizing seasonal storm patterns as a core aspect of Jamaica's overall weather."
489204,759508,right pelvic pain causes,"If you have kidney stones in the right kidney, a sudden and intense pain may be experienced in the right side of abdomen. It starts on the upper right of abdomen and moves towards either the genitals or the navel. See here for more information on Symptoms of kidney pain.",1,1,2,"**My Assessment of Relevance**

Okay, so I'm presented with a query: ""right pelvic pain causes,"" and this passage is the candidate for relevance. My task is to assign a score, from 0 to 3, to indicate how well the passage answers the question. Let's break this down.

The passage talks about kidney stones in the right kidney. The description mentions pain radiating from the right abdomen towards the genitals and navel. *That's* the key. It's giving me a potential cause for pain that *extends* into the pelvic region, making a *partial* answer, which is important. However, the primary focus is definitely on kidney pain and the right side of the abdomen. It's a bit narrow in scope.

Now, I need to choose between categories. Does it *partially* answer the query, or does it merely seem related? Category 2 seems like a potential fit: ""passage has some answer for the query, but the answer may be a bit unclear, or hidden amongst extraneous information."" Or is it more like category 1: ""passage seems related to the query but does not answer it"".

So, does it answer ""right pelvic pain causes?"" Yes, it does offer a potential cause, but indirectly. It describes pain that *can* radiate to the pelvic region. The description is about the abdomen and the kidney primarily. Given the phrasing, I'm leaning toward category 1. The pain in the passage is primarily described as abdominal/kidney pain. The pelvic pain is only secondary. A score of 1 seems most appropriate here.


",,Over-crediting tangential information,"Model B overestimated the passage's relevance by treating abdominal and kidney pain that merely radiates toward the genitals or navel as a direct partial answer to the causes of right pelvic pain, whereas Model A correctly recognized this as secondary, tangentially related information (score 1)."
833860,3437281,what is the most popular food in switzerland,Traditionally of course Fondue and Raclette and cheese in general and chocolate. The things Switzerland is most famous for internationally. (Is said has the best chocolate in the world (invented milk chocolate like we know it today) and some of the best cheeses).,3,3,2,"**My Analysis of the ""Most Popular Swiss Food"" Query**

Okay, so the user wants to know about the most popular food in Switzerland. It's a straightforward question, thankfully. The passage directly addresses this, listing the usual suspects: Fondue, Raclette, Swiss cheese in general (because, let's be honest, it deserves its own category!), and, of course, chocolate. The text is laser-focused on providing the user with *exactly* what they're looking for – the recognized culinary stars of Switzerland. No beating around the bush, no ambiguity. It's dedicated to answering the query with relevant and accurate information, and therefore hits the mark precisely. A clear and concise response is the goal here.


",,Missing Justification,"Model B downgraded a directly relevant document from a perfect score of 3 to 2 without providing any reasoning or explanation, failing to articulate why the clearly matching answer (Fondue, Raclette, chocolate) was deemed partially incomplete or flawed."
1113437,7377272,what is physical description of spruce,"The way that I remember which grows up and which grows down is that I remember the s in spruce means that the cones spray the ground. One of the best and easiest ways to tell the difference between a true spruce and fir tree is to look at the tree's cones. When mature, the cones on a fir tree stand straight up (point towards the sky) while the mature cones on a spruce grow down towards the ground from the bottom side of the branch. The way that I remember which grows up and which grows down is that I remember the s in spruce means that the cones spray the ground.",2,2,1,"**My Initial Thoughts on Spruce Tree Physical Characteristics**

Okay, so the user is looking for a physical description of a spruce tree. This passage gives me something to work with, but it's not a complete picture. It's focusing on the cones – that's a key physical feature. Specifically, it mentions the cones hang downwards from the branches, which, now that I think about it, is a useful point of differentiation from fir trees. It's a start, offering a distinguishing characteristic, but I need to recognize it doesn't give a full physical description of the spruce tree. I'd be looking for a score of around 1 or 2.


",,Missing Reasoning / Excessive Strictness,"Model B failed to provide any reasoning trajectory to justify its evaluation and underrated the document as marginally relevant (1), overly penalizing it for only covering one specific physical feature (cone orientation) rather than acknowledging it as a clear, relevant distinguishing physical characteristic."
19335,2324839,anthropological definition of environment,"Definition. Naturalistic observation is research that involves studying the subject of interest in its own environment, as it would occur in day-to-day life. The subject of interest may be human or non-human or it can be the behavior of living things or the interactions of non-living things with their environment.",0,0,1,"**Relevance Assessment: ""Anthropological Definition of Environment""**

Okay, so I'm looking at this passage and the query ""anthropological definition of environment."" My initial thought is, this is going to be a quick one. The passage mentions ""naturalistic observation"" and talks about studying something *in its own environment*. However, it doesn't actually *define* the environment from an anthropological perspective. It's just using the word ""environment"" in the context of a research methodology. It's a key word match at best, nothing more.

Therefore, it has very low relevance. It doesn't answer the query at all. I have to decide if it's a 0 or a 1. Hmmm, the research/environment connection gives it a slight edge in terms of social sciences. It uses the keyword ""environment"". But it doesn't answer the query.

Let's evaluate the options: ""seems related to the query but does not answer it"" -> 1, or ""nothing to do with the query"" -> 0. Hmm, the second option seems more accurate. ""Naturalistic observation is research that involves studying the subject of interest in its own environment..."" - it is not an answer.

I typically go for a 0 or 1 for loose keyword matches. 0 or 1. Given the lack of an actual definition or meaningful discussion, I'm leaning heavily towards a score of 0, but to be safe a 1. I'll give it a **1**.


",,Missing Reasoning / Keyword Over-weighting,"Model B failed to provide any reasoning and awarded a score of 1, likely triggered by superficial keyword matches ('environment') without evaluating that the passage defines 'naturalistic observation' rather than an anthropological concept."
130510,1046258,definition declaratory judgment,"If you do not file your response in time, the other party may. get a default judgment against you. This means that the. other party wins the case, and the court will not consider anything you have to say. The other party. can begin enforcing this judgment by garnishing your wages, placing liens on your property, or.",0,0,1,"**My Assessment of the Query's Relevance**

Okay, so the user wants the definition of ""declaratory judgment,"" and the passage is talking about ""default judgment."" My initial thought is that these are *distinct* concepts, even though they fall under the broader category of legal judgments. The passage doesn't provide the definition the user is seeking. It's a classic case of a tangent.

Therefore, the answer is either a 0 or a 1. A score of 0, meaning the passage is *completely* unrelated, seems a bit harsh, because they *are* both types of legal judgments. I have to lean towards a 1. The passage touches on a related legal area, but is not relevant to the query. In the scheme of definition retrieval, ""irrelevant definitions"" are scored this way.


",,Conflating distinct concepts,"Model B regressed by assigning a positive relevance score (1) to a document about 'default judgment' when the query specifically requested the definition of a 'declaratory judgment'. By failing to differentiate between these two distinct legal procedures and lacking explicit reasoning to evaluate the mismatch, Model B improperly rewarded superficial topical overlap."
1063750,8689799,why did the us volunterilay enter ww1,"Best Answer: With out a doubt ww1. WW2 did have more killed but the fighting conditions in WW1 were terrible. For months the soldiers would sit in mud ridden, rat infested trenches which were ravaged by diseases. And each assault was brutal.",0,0,1,"**Analyzing the Inquiry: A Detour**

Okay, so the prompt is clearly asking about the US's motivation for joining World War I. But this provided text... this is a non-starter. It's focused on a comparison between World War I and World War II, specifically discussing casualty numbers and potentially the living conditions of soldiers. While that's interesting in its own right – a classic debate of scale and impact – it's completely irrelevant to the core question. It's a deflection, a red herring. The text doesn't even touch on diplomacy, economic interests, or the various internal debates that were swirling in the US prior to 1917. This information is useless in solving the query. It's a zero on the relevancy scale. Time to discard this and start over.


",,Over-weighted topical overlap,"Model B gave partial credit based on superficial topical and keyword overlap with 'WW1', failing to recognize that the document merely compares trench conditions between WW1 and WW2 and contains zero relevant information regarding why the US entered the war."
1129237,1849519,hydrogen is a liquid below what temperature,"Water is the chemical substance with chemical formula H 2 O; one molecule of water has two hydrogen atoms covalently bonded to a single oxygen atom. Water is a tasteless, odorless liquid at ambient temperature and pressure, and appears colorless in small quantities, although it has its own intrinsic very light blue hue.",0,0,1,"**My Assessment of Query-Passage Relevance**

Okay, here's how I'm thinking through this relevance scoring. The user's query is ""hydrogen is a liquid below what temperature."" I need to give this passage a score from 0 to 3. The passage describes water (H2O), mentions hydrogen as a component of water, and states that water is a liquid at ambient temperature. But crucially, it *doesn't* provide the condensation temperature of hydrogen, which is what the user is asking.

So, the passage is tangentially related at best. It mentions ""hydrogen,"" so there's *some* connection. My initial thought is it can't be a 2 or a 3, since it doesn't really answer the question. It's either 0 or 1. If it was more related, I'd consider a score of 2.

The definition of a 1 is ""seems related to the query but does not answer it,"" which seems to fit. However, the query is specifically about liquid hydrogen's temperature. The water passage *mentions* hydrogen, but is really about an entirely different substance. It's a tricky edge case. I'm leaning toward a 0 because the passage is truly off-topic, and doesn't contain the answer to the query, but ""hydrogen"" is in there. Given my knowledge, I would score this as a 0 if the query was about liquid hydrogen and this passage gives zero information about this. However, since the passage does mention hydrogen, even if tangentially, I would give a tentative score of 1. It’s a 1 because it mentions hydrogen, and keywords overlap, but it doesn't answer the query at all.


",,Surface-level keyword matching,"Model B failed to evaluate the actual semantic intent of the query and provided no reasoning, likely relying on superficial lexical overlap ('hydrogen' and 'liquid') to award a score of 1 to a passage entirely about water."
183378,4727417,exons definition biology,"Introns and exons are parts of genes. exons code for proteins, whereas introns do not. Exons are parts of DNA that are converted into mature messenger RNA . The process by which DNA is used as a template to create mRNA is called transcription. This mRNA then undergoes a further process called translation where the mRNA is used to synthesize proteins, via another type of molecule called transfer RNA.",3,3,2,"**My Assessment of Relevance: ""Exons Definition Biology""**

Okay, let's break this down. The user's query is explicitly asking for the *biological definition of exons*. The passage itself directly addresses this. It gives a concise definition: ""exons code for proteins, whereas introns do not. Exons are parts of DNA that are converted into mature messenger RNA."" Bingo, right? That's the core of the matter.

It doesn't just *mention* exons; it *defines* them. Furthermore, it provides the crucial biological context by mentioning introns and briefly touching upon transcription and translation, which are integral to understanding how exons function. While the passage *does* expand on the core definition by explaining related processes, it does so to clarify the definition's relevance.

The question is, does this warrant a score of 3 (the passage *entirely* refers to the topic) or a 2 (very important but with extra information)? My expert opinion leans towards a solid 3. The primary focus *is* the definition of exons. The discussion of related processes is *essential* to understanding the definition; it's not tangential fluff. It's a deeply explanatory context that enriches the definition and isn't just an add-on. Therefore, this passage provides an excellent, dedicated response to the query.


",,Over-penalizing supplementary context,"Model B regressed to a score of 2, likely penalizing the passage for including broader contextual processes (such as transcription and translation) alongside the direct definition, whereas Model A correctly recognized that this contextual information enriches and is integral to the biological definition of exons. Model B also failed to provide reasoning to justify its score reduction."
1113437,5546285,what is physical description of spruce,"There are basic differences that exist between pine and fir trees. Some of these differences are botanical name, native ranges and cone shape. They also have different foliage characteristics. You can tell the difference between the two by focusing on needle clusters and length. Pine trees and fir trees are both conifers that bear cones. These two trees are also members of the same plant family.",0,0,1,"**My Assessment of the Query**

Okay, so the user is looking for the physical description of a spruce tree. I get that. But, this text? This text is a dead end. It's talking about the differences between pine and fir. Now, I *could* try to infer something about spruce based on that, but frankly, it's a stretch. The text makes absolutely no mention of spruce or its physical characteristics. I can see two possible categories here: either it touches on evergreen conifers generally (category 1), in which case there might be a *tiny* shred of tangential relevance, or, more likely, it's completely unrelated (category 0). I'm leaning heavily towards category 0. This passage is giving me nothing to work with in answering the user's question, so it's a waste of time to analyze it further in hopes of an answer.


",,Over-weighted tangential relevance,"Model B regressed by awarding a relevance point based on broad topic overlap (coniferous trees in general), whereas Model A correctly recognized that the document completely lacks any mention or physical description of the specific target entity (spruce)."
1114819,6256156,what is durable medical equipment consist of,"bed confined. A term used in the context of medical necessity, which is defined by Medicare as the inability to get up from bed without assistance, ambulate or to sit in a chair or wheelchair.ed confined. A term used in the context of medical necessity, which is defined by Medicare as the inability to get up from bed without assistance, ambulate or to sit in a chair or wheelchair.",0,0,1,"**Analyzing the Query and Source Material**

Okay, so the question is straightforward: ""What is durable medical equipment (DME) made up of?"" My initial assessment is that the provided text is likely going to fall *far* short of a useful response. It's already apparent that the focus is on a completely different Medicare-related definition: ""bed confined.""

While the text does mention ""chair or wheelchair,"" it does so only tangentially within the context of defining ""bed confined."" It doesn't actually *explain* or *define* the components or scope of DME. It’s almost a distraction from the central query. This makes the relationship between the query and the text, at best, extremely weak, potentially even unrelated.

My initial hypothesis is that this text isn't going to be helpful at all. I am leaning toward a score of 0, maybe a 1 at most *if* we're being extremely generous and acknowledging the passing mention of a wheelchair. But even that is a stretch. The text fundamentally fails to address the core question about the composition or classification of DME. It’s entirely missing the mark. The mention is relevant to Medicare terminology but not specifically to the content of the durable medical equipment.


",,Over-weighted tangential mention,"Model B likely awarded a point based on superficial keyword overlap (the passing mention of 'wheelchair' within Medicare definitions) rather than evaluating whether the document actually addresses what durable medical equipment consists of, failing to recognize that the text is entirely off-topic."
1133167,3225169,how is the weather in jamaica,Atlantis Weather: 1  The climate in the Bahamas is sub-tropical. 2  In the islands there are basically two seasons: Wet and Dry. 3  Average temperatures range between 70 to 90 degrees Fahrenheit. 4  The Wet Season is from June through November which is also the hurricane season.,0,0,1,"**Analyzing the Weather Query**

Okay, so the user's asking about the weather in Jamaica. My immediate analysis is that the provided text is about the weather in Atlantis or the Bahamas, not Jamaica. While both are in the Caribbean, and therefore share some meteorological similarities, the location is crucial here. So, it's not directly relevant.

I see a slight connection because it *is* about Caribbean weather – but that's a very broad link. The text completely misses the mark on the specific location requested. It's like asking for a detailed analysis of a specific component and getting information on an entirely different component type, but from the same machine.

Therefore, my assessment is that this text is at best tangentially related (Category 1, if I'm being generous with the connection) or more accurately, completely irrelevant to the actual query (Category 0). Since it describes the Bahamas and not Jamaica, it does not answer the question or provide any usable data on the specified locale. I'd classify this as a miss.


",,Over-weighted topical similarity,"Model B likely treated the general topic of island/Caribbean weather as tangentially relevant (score 1) instead of recognizing that providing information for an entirely wrong geographical entity (Bahamas vs. Jamaica) renders the document completely irrelevant (score 0), as Model A correctly noted."
183378,3093215,exons definition biology,"Transcrition/translation-Exons and introns. Description: In most eukaryotic genes, coding regions (exons) are interrupted by noncoding regions (introns). During transcription, the entire gene is copied into a pre-mRNA, which includes exons and introns.During the process of RNA splicing, introns are removed and exons joined to form a contiguous coding sequence.This mature mRNA is ready for translation.ranscrition/translation-Exons and introns. Description: In most eukaryotic genes, coding regions (exons) are interrupted by noncoding regions (introns). During transcription, the entire gene is copied into a pre-mRNA, which includes exons and introns.",3,3,2,"**My Analysis of the ""Exon"" Definition**

Okay, so I'm looking into the precise definition of ""exons"" here. The text provides a straightforward explanation, making it clear that exons are the *coding regions* within eukaryotic genes. The crucial part is that these regions are actually joined together during RNA splicing, after the introns, or non-coding regions, are removed.

While it does offer some background on introns and RNA splicing – which, of course, is the whole transcription/translation process – the core focus remains squarely on defining what an exon *is*. It gives me what I need right up front: ""coding regions (exons)"".

My initial assessment is that this lands somewhere between a Category 2 or 3 in the scoring, leaning towards 2. It’s certainly a direct definition, but it also has a bit of extra context about the overall process. Considering that the definition itself is a complete and useful definition, it leans most closely to the second category: ""presents something very important related to the entire topic but also has some extra information."" It provides the fundamental definition of an exon, and relates it to its role in the eukaryotic transcription/translation process.


",,Missing Reasoning,"Model B failed to output any reasoning trajectory to justify its decision and downgraded a fully relevant, direct definition of 'exons' to a score of 2."
1124210,6541866,tracheids are part of _____.,"In most plants, pitted tracheids function as the primary transport cells. The other type of tracheary element, besides the tracheid, is the vessel element. Vessel elements are joined by perforations into vessels. In vessels, water travels by bulk flow, as in a pipe, rather than by diffusion through cell membranes.n most plants, pitted tracheids function as the primary transport cells. The other type of tracheary element, besides the tracheid, is the vessel element. Vessel elements are joined by perforations into vessels. In vessels, water travels by bulk flow, as in a pipe, rather than by diffusion through cell membranes.",2,2,1,"**Analyzing the Query: Tracheids**

Okay, so the question is a straightforward fill-in-the-blank regarding tracheids. Basically, what functional structure do they belong to? It’s not asking for a detailed definition, just their primary affiliation within the plant. The passage seems designed to trip someone up who doesn't understand the nuance of the terminology in this field.

The provided text cleverly mentions ""vessel elements"" as *another* type of ""tracheary element."" Bingo. While it doesn't *explicitly* state ""xylem,"" it's certainly gesturing towards it. The phrasing of *tracheary element* should be more than enough for a well-versed person to grasp the connection. We’re talking about vascular transport cells, and that is a direct answer. It's a bit indirect, but absolutely provides the context to give the answer.


",,Demanded Explicit Match,"Model B failed to recognize that the document directly answers the fill-in-the-blank query by classifying tracheids as a type of 'tracheary element' (or transport cells), regressing to a lower score likely because the common term 'xylem' was not explicitly stated."
489204,769136,right pelvic pain causes,"Appendicitis is an infection or inflammation of the appendix, a tube-like structure attached to the cecum (large intestine). The appendix is located in the right lower part of the abdomen in most children. Appendicitis is the most common cause of emergency abdominal surgery in children.",1,1,2,"**My Assessment of the Query's Connection**

Okay, so the user's asking about ""right pelvic pain causes,"" and this passage is giving me some information to work with. It's flagging appendicitis as a potential culprit. We're talking about right lower abdominal pain in children here, which, of course, *could* manifest as pelvic pain, but the passage doesn't explicitly frame it that way. It describes appendicitis and its location in relation to the abdominal region.

So, while appendicitis is certainly *relevant* as a significant cause of lower right abdominal pain, which *could* include the pelvis, it's not a direct, comprehensive answer to the broad question. It's more of a related piece of the puzzle. I'd give this a relevance score of 1 or 2. It partially answers the query by giving a potential cause.


",,Conflation of related concepts,"Model B overestimated the document's relevance by conflating right lower abdominal pain with right pelvic pain, ignoring the nuance that the text specifically focuses on pediatric abdominal anatomy rather than directly addressing pelvic pain causes."
183378,4493916,exons definition biology,"Answer by Shelbyray2014. Confidence votes 91. Exons are the DNA sequences that code for proteins. Introns are involved however they dont carry the genetic information that exons carry, the variation provides for revolutionary flexibility allowing cells to shuffle exons between genes to make new ones.nswer by Shelbyray2014. Confidence votes 91. Exons are the DNA sequences that code for proteins. Introns are involved however they dont carry the genetic information that exons carry, the variation provides for revolutionary flexibility allowing cells to shuffle exons between genes to make new ones.",3,3,2,"**My Assessment of the ""Exons"" Query**

Okay, so the user wants a biology definition of ""exons."" Straightforward enough. The text provides a clear and concise definition: ""Exons are the DNA sequences that code for proteins."" Bingo! That's the core of the answer.

It does go on a bit about introns, mentioning their comparison to exons and their role in shuffling and evolution. While this context is related and potentially useful, I'm noting that it's a bit of extra baggage here. It almost feels like a lesson on both.

However, the passage *does* explicitly and directly answer the user's question with the primary definition. Even though there's a little bit of repetition or added background on introns, it's firmly centered on *what exons are* as the main idea of discussion. Therefore, considering it's dedicated to the central query (with a definition that is correct), I'm going to give this a solid 3 (out of 5). It could arguably be a 2 because of the extra information, but the focus is clearly on exons, and the definition is spot-on.


",,Missing Reasoning / Unexplained Under-scoring,"Model B failed to provide any reasoning for its score and downgraded the document to a 2, likely overly penalizing the extraneous mention of introns or duplicate text despite the document providing a direct, accurate biological definition of exons."
1114819,344350,what is durable medical equipment consist of,"A durable medical equipment business is a company that sells health care related items intended for use in the home for an extended period. Products such as wheelchairs, hospital beds, glucose monitors and nebulizers are considered durable medical equipment, and are often covered by insurance plans and Medicare provided that the equipment is intended for long-term use.",3,3,2,"**DME Breakdown: A Straightforward Answer**

Okay, so the user wants a simple definition of Durable Medical Equipment, essentially, what falls under that umbrella. This is pretty basic stuff, but hey, everyone has to start somewhere! The query itself is straightforward, asking for the components of DME. I see the text hits the definition and specifics head-on. It zeroes in on the key points: DME businesses are defined, then *bam* - lists the goods: wheelchairs, hospital beds, glucose monitors, nebulizers, etc. It doesn't beat around the bush; it's health-related stuff that's designed for home use and, crucially, for the long haul. The response is concise, accurate, and gets right to the heart of the matter. Nothing fancy, just a clean, no-frills answer to the initial question. It's a solid, efficient response.


",,Missing Reasoning and Under-scoring,"Model B failed to provide any reasoning for its score and downgraded a fully relevant, direct answer to a 2, whereas Model A correctly recognized that the document directly answers what durable medical equipment consists of with clear definitions and specific examples."
183378,8794304,exons definition biology,"Molecular Biology & DNA. Q: A: An intron is a nucleotide sequence found within the genes and is removed via RNA splicing when a mature RNA molecule is being generated; on the other hand, an exon is a nucleic acid sequence present in a mature messenger RNA molecule.",3,3,2,"**My Assessment of the ""Exon"" Definition**

Okay, so the user wants the definition of ""exons"" – straightforward enough. The text *does* give a direct definition: ""an exon is a nucleic acid sequence present in a mature messenger RNA molecule."" Perfect, that's the core of it.

Now, I need to categorize this for the system. Hmm, it provides the *exact* definition, but throws in the definition of ""introns"" as well. This makes it a bit tricky. It's not *solely* about exons. I can see two good fits here: either Category 2 (important information, but with some extra baggage) or Category 3 (dedicated, but includes more than the direct answer).

Category 3 is tempting, since the response is very direct. However, the inclusion of introns makes Category 2 a more accurate reflection of the text's scope. Ultimately, it fits Category 2 well, though Category 3 isn't *wrong*, especially since it provides the exact answer. I'll flag it as either 2 or 3, with 3 being the better fit for providing the exact answer.


",,Missing Reasoning,"Model B failed to provide any reasoning for its evaluation and regressed to a score of 2, likely by strictly penalizing the presence of extraneous information (introns) without recognizing that the direct and complete definition of an exon was provided."
1114646,3238905,what is famvir prescribed for,Genital Herpes in Women Article. 1  Genital herpes in women facts. 2  What is genital herpes? 3  What causes genital herpes? 4  How is genital herpes transmitted? 5  What are the signs and symptoms of genital herpes? 6  How is genital herpes diagnosed? 7  Can genital herpes be cured? 8  What is the treatment for genital herpes? 9  Are home remedies or natural treatments ...,0,0,1,"**Analyzing the Query and the Available Data**

Okay, so the user's question is straightforward: ""What is Famvir prescribed for?"" My immediate assessment? This document, which seems to be a table of contents or a list of headings for an article on ""Genital Herpes in Women,"" *doesn't* directly answer the question. I see no mention of Famvir (famciclovir) anywhere within this structure.

Now, I'm making the connection between the topic (genital herpes) and Famvir, as it's common knowledge that Famvir is used to treat herpes infections, but this particular piece doesn't provide any information related to the drug or its applications. The connection is, at best, tenuous and entirely unhelpful in answering the initial query.


",,Over-weighted Topical Overlap,"Model B likely relied on external domain knowledge connecting Famvir to the treatment of genital herpes, awarding relevance based on topic association even though the document is merely a table of contents that never mentions Famvir or answers the query."
207786,353692,how are some sharks warm blooded,"Nurse Shark Ginglymostoma cirratum Introduction to Nurse Shark. Many people don’t realize that Nurse Sharks are really a shark they see. Due to the unique design of the body where the back half of it is so long, they often think it is some type of fish that they happen to see in the water. Many people wonder about the name of this shark and it isn’t really known.",0,0,1,"**My Assessment of the Query's Relevance**

Okay, so the user's asking about warm-blooded sharks. My initial thought is, this passage… well, it's pretty much a non-starter. I mean, it mentions nurse sharks, sure, gives a basic description, talks about the naming convention, but it doesn't touch on regional endothermy or warm-bloodedness in sharks at all. It's like it's in a completely different ballpark.

There's a fleeting connection because it *does* bring up the general topic of sharks, but that's where the relevance ends. It's like showing me a picture of a car when I'm asking about airplane engines. Technically, they're both vehicles, but completely different systems. Zero connection to the core query. I'm assigning it a very low category, effectively a zero. It's not addressing the fundamental question at all. Time to move on and find something actually useful.


",,Superficial keyword matching,"Model B awarded a point despite the document only having a broad topical overlap with the word 'shark', failing to recognize that the text provides zero information regarding the specific mechanism of warm-bloodedness asked in the query."
87181,1647621,causes of left ventricular hypertrophy,"Causes of high blood pressure. In more than 90% of cases, the cause of high blood pressure (hypertension) is unknown but several factors can increase your risk of developing the condition.",0,0,1,"**Assessing the Relevance of the Provided Text**

Okay, so the user's asking about the *causes of left ventricular hypertrophy (LVH)*. My initial impression is that the text is primarily about ""causes of high blood pressure"" and factors that increase the risk of hypertension. While I know that hypertension is a *major* contributor to LVH, the passage doesn't explicitly discuss LVH itself. It focuses on the upstream drivers of high blood pressure, not the downstream consequence of LVH.

Therefore, its relevance is quite limited. Based on the relevance criteria provided, I'd say this falls squarely in the '0' or '1' category. Technically, high blood pressure *is* related to LVH, but the text makes no mention of LVH directly. I'm leaning toward a '0' because it's discussing the precursors of a specific condition, not the condition itself. Given the specificity of the query, and the focus of the text, I'll score it a 0. I might have edged to a 1 if the query was more general, but the precise nature of the request makes '0' the better fit.


",,Over-weighted tangential relevance,"Model B awarded a point for high blood pressure being a known upstream cause of left ventricular hypertrophy, failing to realize that without mentioning or linking to the actual target condition, the document is completely unhelpful to the user's specific query."
207786,8819656,how are some sharks warm blooded,"The reason for this is that it is hard to see a shark close to the bottom at this time. The success rate of attacks is 55% in the first 2 hours, it falls to 40% in late morning and after that the sharks stop hunting. The hunting technique of the white shark varies with the species it hunts.",0,0,1,"**Initial Assessment: Query Mismatch**

Okay, so the user's question is ""how are some sharks warm-blooded?"" My initial analysis is that the provided text is a complete non-sequitur. The information given focuses on shark hunting success and techniques, specifically variations based on time of day and species. It's interesting data, sure, but it's *entirely* irrelevant to the core issue of endothermy in certain shark species. There's nothing here about physiological mechanisms, countercurrent heat exchange, or any of the biological processes that allow some sharks to maintain elevated body temperatures. This information is a dead end. I'm going to flag this response as a zero; it doesn't even touch on the required subject matter. Time to look elsewhere.


",,Surface-level Keyword Matching,"Model B regressed by awarding a non-zero score likely due to shared topical keywords ('shark'), failing to recognize that the passage discusses hunting behavior and success rates rather than the physiological mechanisms of warm-bloodedness."
19335,712804,anthropological definition of environment,The EASA seeks to advance the status of anthropology in Europe and to increase visibility of marginalized anthropological traditions and thereby contribute to the project of a global anthropology or world anthropology.,0,0,1,"**Relevance Score Assessment**

Okay, here's how I'm thinking through this relevance assessment. The user is asking for a score (0-3) between the query ""anthropological definition of environment"" and this passage about the European Association of Social Anthropologists (EASA). My initial instinct is that the passage is not relevant. It discusses anthropology in a European context, the visibility of traditions, and global anthropology, but it's completely missing the core concept of the ""definition of environment"" from an anthropological perspective.

I'm now weighing 0 versus 1. A score of 0 signifies the passage is completely unrelated, whereas a 1 indicates a weak relation but doesn't actually answer the query. Given my understanding of Information Retrieval (IR) judgment principles, this is off-topic. The passage does contain the keyword ""anthropology,"" but it completely misses the ""environment"" component of the query.

Considering that the keyword ""environment"" is entirely absent, it strongly suggests a 0, meaning complete irrelevance. A 1 is even a stretch since it doesn't even touch upon the main concept. I'm leaning toward 0 because it doesn't even remotely answer the query, but mentions anthropology.

Therefore, after a closer look, a score of 0 seems to be the most appropriate. It's the most accurate reflection of the complete disconnect between the passage and the desired information regarding an anthropological definition of environment.


",,Superficial keyword matching,"Model B awarded a score of 1 likely due to the presence of the word 'anthropology', failing to recognize that the critical subject of the query ('definition of environment') is completely absent from the document."
1133167,5186167,how is the weather in jamaica,"The Blue Hole in Ocho Rios, Jamaica. The Blue Hole in Ocho Rios Jamaica has become one of my favorite places. It’s one of my more recent discoveries. I only found out about it because I’ve been spending lots of time in the countryside, trying to find those hidden gems in my country.",0,0,1,"**Analyzing the Query and Passage**

Okay, so the user wants to know about the weather in Jamaica. My initial assessment is that this passage is going to be problematic. It's describing a tourist spot, ""The Blue Hole in Ocho Rios, Jamaica,"" and mentions someone's personal experience there. My understanding is that the mention of ""Jamaica"" gives it a very tenuous connection, *because* it does reference the location. However, there's absolutely no mention of any meteorological conditions.

I'm leaning towards a score of 0 or maybe a 1 at most. According to my internal scoring guidelines, a ""0"" means the passage is unrelated, and a ""1"" signifies topical relevance without answering the question. The location makes it potentially related but doesn't *answer* the question. It seems to me the passage fails to address the subject of ""weather"" in any meaningful way. It’s a classic case of sharing a location without addressing the core query.


",,Over-weighted keyword overlap,"Model B likely awarded a score of 1 based solely on the mention of the geographical entity 'Jamaica', failing to penalize the complete absence of information regarding the primary subject of the query, which is the weather."
1133167,8332521,how is the weather in jamaica,There's also information here on the likelihoods of named tropical storms and hurricanes approaching The Bahamas this month. These measures of temperature and precipitation are historical averages based on data collected at weather stations from 1971 to 2000.,0,0,1,"**My Assessment of the Query's Relevance**

Okay, so the user wants information about the weather in Jamaica. That's straightforward enough. However, the text provided is entirely focused on historical averages for tropical storms, hurricanes, temperature, and precipitation *in The Bahamas*. And I'm an expert, I know these regions quite well. This information has *nothing* to do with Jamaica. The focus is completely misplaced. Therefore, from a relevance standpoint, the provided passage is utterly useless and doesn't address the user's need whatsoever. It's a clear miss. No points. Zero.


",,Ignored entity mismatch,"Model B failed to account for the geographic constraint of the query, awarding relevance based on general topical overlap (weather/tropical storms) while ignoring that the document is entirely about The Bahamas rather than Jamaica."
207786,4218702,how are some sharks warm blooded,"In Gansbaai, the largest white shark ever caught was at Danger Point and measured up to 5.9m. The exact world record white shark is a contested issue, but chances are it is between 6-7m. If you see a white shark in the water don’t panic. Chances are high that the shark has already detected you and isn’t interested. White shark attacks are normally associated with poor visibility, so avoid murky conditions.",0,0,1,"**My Assessment of Passage Relevance**

Okay, I've got the query ""how are some sharks warm blooded"" and this passage about Great White sharks in Gansbaai, their size, and what to do if you encounter one. My task is to assign a relevance score from 0 to 3.

Initially, I’m thinking, the passage touches on the broad topic of sharks, but the specific query is about *warm-bloodedness* in sharks – their endothermy or mesothermy, depending on how specific we are. This passage is giving me no information about that physiological characteristic at all.

I'm working with the scoring rubric. Let's see... a score of ""1"" is appropriate if it ""seems related to the query but does not answer it"". Well, the passage *is* about sharks, but it completely misses the point of the question. A ""0"" is appropriate if there is ""nothing to do with the query"". The passage is purely unrelated facts about sharks, which falls under category 0 or 1.

The query is focused on the *mechanism* of warm-bloodedness. This passage doesn’t even hint at the physiological mechanisms. It's related to the broad topic of sharks, but not the specific question. Considering the examples and the specifics of the query, it is more appropriate to give the answer a score of **0**.


",,Over-weighted topical overlap,"Model B regressed by awarding a score of 1 based solely on superficial topic overlap (both mention sharks), whereas Model A correctly evaluated that the passage provides no information regarding the specific physiological mechanism asked about in the query."
146187,409930,difference between a mcdouble and a double cheeseburger,"I believe I has to do with the cheese. IN N OUT Burger charges around 50 cents for cheese a piece last time I checked, and they normally put two pieces of cheese on an animal fry. However, I understand my explanation may fall a dollar short of why it would cost more than just the extra two pieces of cheese.",0,0,1,"**Analyzing the Inquiry: McDouble vs. Double Cheeseburger**

Okay, so the user's question is pretty straightforward: What's the difference between a McDonald's McDouble and a Double Cheeseburger? Sounds simple enough. However, the provided text... it's a mess. We're talking about In-N-Out fries and cheese. ""I believe it has to do with the cheese"" is a red herring. It's frustrating when someone throws in irrelevant information, especially when it's just conjecture about a completely different establishment's practices. There's practically zero useful content here. It's either a distraction or, at best, a very, very tangential and unhelpful comment. I'm going to have to discard this and start fresh, focusing on the actual components of each burger to provide a substantive response.


",,Over-crediting keyword overlap,"Model B gave a positive relevance score to a completely irrelevant passage, likely latching onto the superficial mention of 'cheese' while failing to recognize that the document discusses In-N-Out rather than the McDonald's burgers in the query."
443396,8769905,lps laws definition,"We have 12 hours following medical clearance to transfer or release a patient. There is a common belief that we have 72 hours, and that is not correct. While the Baker Act involuntary examination period lasts 72 hours, that time period is for the entire examination process.",1,1,0,"**My Assessment of Passage Relevance**

Okay, so I'm evaluating how relevant this passage is to the query ""lps laws definition."" Immediately, my understanding kicks in: ""LPS laws"" almost certainly refers to the Lanterman-Petris-Short Act in California. The query is looking for a *definition* of this specific act.

This passage is talking about the Baker Act, Florida's equivalent involuntary commitment law. The focus is on timeframes – twelve hours versus seventy-two hours for transfer and examination. My initial thought? It’s *related* to the general domain of involuntary psychiatric holds, but it's not a definition of LPS. It's discussing a similar concept in a different jurisdiction.

Therefore, while the subject matter is in the correct domain, it doesn't actually define or discuss the Lanterman-Petris-Short Act. My assessment will be a score of 1. It’s tangentially related but ultimately unhelpful in directly addressing the user's need for a definition of LPS laws.


",,Ignored domain overlap,"Model B failed to recognize that the Baker Act and the LPS (Lanterman-Petris-Short) Act are equivalent state statutes governing involuntary psychiatric commitment, improperly judging the passage as completely irrelevant (0) rather than marginally related (1)."
1121402,6717338,what can contour plowing reduce,Dictionary entry overview: What does plowing mean? • PLOWING (noun) The noun PLOWING has 1 sense: 1. tilling the land with a plow Familiarity information: PLOWING used as a noun is very rare.,0,0,1,"**Assessing the Relevance of the Provided Text**

Okay, so the user is asking a straightforward question: ""What can contour plowing reduce?"" I've been given a text snippet, but it's a total dead end. The passage just provides a dictionary definition of ""plowing,"" and that's it. It doesn't even touch on contour plowing specifically, let alone what it's used to reduce. The only connection is that ""plowing"" is the root word, but that's a *very* weak link. It's like finding a definition of ""cat"" when I'm looking for information on ""Siamese cats and their temperaments."" There's lexical overlap, but zero relevant context.

Given that it's essentially an off-topic dictionary entry, I'm going to score this at a big fat zero. Maybe, *maybe*, a generous one for that tangential vocabulary overlap, but honestly, it's irrelevant to the query. This passage offers nothing of value in answering the user's question about contour plowing reduction. It's a waste of time.


",,Over-weighted lexical match,"Model B awarded a point for marginal relevance likely due to the superficial keyword match on 'plowing', whereas Model A correctly recognized that a generic dictionary definition provides zero informational value for answering what contour plowing reduces."
87452,3732121,causes of military suicide,"Suicide is payable, but companies have a suicide clause in which the insurance company will not pay if the suicide if the suicide occurs within two years of the policy being placed in force. Military can also get coverage for war and aviation. However, civilian companies will not pay out on this type of death.",0,0,1,"**My Assessment of the Text's Relevance**

Okay, so the user's query is about the *causes* of military suicide. That's the core focus. Now, this passage... it's all about life insurance and how it treats suicide, especially concerning military service, war, and aviation. On the surface, it seems like we share some keywords – ""suicide"" and ""military"" – but the connection is incredibly thin. This is a classic case of keyword overlap without any true conceptual alignment.

My match analysis is very low, basically a zero or a one, depending on how generous I'm feeling. Really, it has nothing whatsoever to do with the *causes* of military suicide. It doesn't discuss any contributing factors, risk assessment, prevention strategies, or psychological impacts. It's just about the financial implications of death, including suicide, within a specific group. It might be marginally relevant if someone were doing some kind of financial analysis related to these events, but it has no bearing on the original query. This isn't useful for understanding why military suicide happens.


",,Superficial Keyword Matching,"Model B awarded a point due to the surface-level presence of the keywords 'military' and 'suicide', failing to identify that the text focuses strictly on life insurance policies and offers no information regarding the causes of military suicide."
1121402,7471825,what can contour plowing reduce,"The reaper and the steel plow? the steel plow was used in farming to break up tough soil and I have no idea what the reaper is, but i hope that i helped, good luck.",0,0,1,"**Relevance Assessment: A Zero-Score Situation**

Okay, so I've been presented with a query: ""what can contour plowing reduce,"" and then this passage to evaluate. My immediate reaction is, *this is a non-starter*. It's a complete mismatch. The passage discusses the steel plow, breaking up tough soil, and the reaper – all general farming tools and techniques, sure, but *absolutely nothing* about contour plowing or, more importantly, *what* contour plowing actually *reduces*. Soil erosion? Water runoff? Those are the crucial elements. This passage doesn't touch on those concepts at all. It's like comparing apples and oranges, except even less related. Therefore, it's a clear-cut zero on the relevance scale. Moving on...


",,Over-weighted topical overlap,"Model B awarded a relevance point based on superficial keyword overlap ('plow'/'farming') rather than evaluating whether the document actually addresses the specific concept of 'contour plowing' and what it reduces, leading to a false-positive judgment on a completely irrelevant passage."
19335,1958103,anthropological definition of environment,"Anthropological Culture Concept. Culture is a concept that often invokes thoughts of a Monet, a Mozart symphony, or ballerinas in tutus dancing Swan Lake. In the popular vernacular culture often refers to the arts. A person that is cultured has knowledge of and is a patron of the arts. Then there is pop culture; what trends are current and hip. Within anthropology these things are simply aspects of culture. To understand the anthropological culture concept, we need to think broader and holistically.",0,0,1,"**My Assessment of the Text's Relevance**

Okay, so I was hoping this text would shed some light on the anthropological definition of ""environment."" That's what I'm after, the specific way anthropology frames that term. However, after reading through it, I've got to say, it's a miss. It's drilling down into the concept of ""culture,"" which, while obviously related to the *context* of any environmental analysis, isn't the same thing. In fact, it seems to be solely focused on the concept of culture. At best, this is tangentially related via the discipline of anthropology. So, from my expert perspective, I'd give this a score of either zero or one. It's essentially irrelevant to my search for the anthropological definition of ""environment."" It doesn't answer the question at all.


",,Over-weighted topical overlap,"Model B regressed by awarding a relevance score of 1 without providing any reasoning, likely over-crediting the shared domain of anthropology while failing to recognize that the text discusses 'culture' rather than 'environment' and provides zero relevant information."
183378,7677975,exons definition biology,"Such stretches of DNA, which get transcribed into RNA but not translated into protein, are called introns. Those stretches of DNA that do code for amino acids in the protein are called exons. Examples: 1  The gene for one type of collagen found in chickens is split into 52 separate exons.2  The gene for dystrophin, which is mutated in boys with muscular dystrophy, has 79 exons.hose stretches of DNA that do code for amino acids in the protein are called exons. Examples: 1  The gene for one type of collagen found in chickens is split into 52 separate exons. 2  The gene for dystrophin, which is mutated in boys with muscular dystrophy, has 79 exons.",3,3,2,"**My Assessment of Passage Relevance**

Okay, so I'm evaluating this passage against the query ""exons definition biology"" and need to give it a relevance score from 0 to 3. The passage reads: ""Such stretches of DNA, which get transcribed into RNA but not translated into protein, are called introns. Those stretches of DNA that do code for amino acids in the protein are called exons. Examples: ...""

My initial thought is that this passage directly addresses the core of the query – the definition of exons. It *explicitly* defines them as ""stretches of DNA that do code for amino acids in the protein"". It's right there, upfront. The query is ""exons definition biology,"" and the passage provides exactly that definition. Sure, it includes introns and provides examples as context, but the primary focus is squarely on the exon definition.

Let's look at the scoring rubric. A ""3"" is reserved for passages that are ""Dedicated to the query and contain[s] the exact answer"". A ""2"" indicates something ""very important related to the entire topic but also has some extra information."" Hmm, it's a bit of a gray area, because it does *also* introduce introns and offers examples. But the key here is the direct, explicit *definition* of exons. The additional information, while related, is secondary. I'm focusing on ""dedicated"" and ""exact."" Considering the instructions, I need to focus on what the central point is. It does have extra information, however, the primary point is defining the exon itself. I lean toward a ""3"" because of the directness of the definition, though it also contains extra information.

Ultimately, given the query and the exactness of the definition provided, I'm assigning a **3** to this passage.


",,Over-penalized supplementary context,"The passage contains the direct, exact definition of exons along with examples and a contrasting mention of introns. While Model A recognized that the core query was directly and definitively answered (meriting a 3), Model B downgraded the score to 2, likely penalizing the presence of the accompanying context (introns and examples) and failing to provide explicit reasoning to justify the downgrade."
1112341,550571,what is the daily life of thai people,"Everyday life. Everyday life, daily life or routine life comprises the ways in which people typically act, think, and feel on a daily basis. Everyday life may be described as mundane, routine, natural, habitual, or normal. Human diurnality means most people sleep at least part of the night and are active in daytime. Most eat two or three meals in a day. Working time mostly involves a daily schedule, beginning in the morning. This produces the daily rush hours experienced by many millions, and the drive time fo",0,0,1,"**My Assessment of the Query's Relevance**

Okay, so the user wants to know about the daily life of Thai people. Right, a specific demographic and culture. But this passage... this is just some generic definition of ""everyday life."" It's utterly devoid of any reference to Thailand or Thai people. Honestly, it's pretty useless in answering the query. The only way it connects is at a super-high level; it *might* vaguely relate to the broad concept of ""daily life,"" but it's not even close to being relevant to the specific cultural context the user is interested in. It's like asking for a recipe for Pad Thai and getting a description of what ""cooking"" is. Not helpful. I'd consider this a complete miss.


",,Ignored key constraint,"Model B gave partial relevance likely due to surface-level keyword overlap with 'daily life', failing to recognize that the essential entity and cultural constraint of the query ('Thai people') was entirely absent from the generic text."
1124210,2494577,tracheids are part of _____.,"Tracheids and vessel elements form tube-shaped structures that provide pathways for water and minerals to travel from the roots to the leaves. While tracheids are found in all vascular plants, vessels are found only in angiosperms. Phloem is composed mostly of cells called sieve-tube cells and companion cells. These cells assist in the transport of sugar and nutrients produced during photosynthesis from the leaves to other parts of the plant. While tracheid cells are nonliving, sieve-tube and companion cells of the phloem are living.",2,2,1,"**My Assessment of the Query on Tracheids**

Okay, so the user wants to know what tracheids *are a part of*. The question is intentionally broad, which means I need to be precise. The provided text has some decent information to help me determine the appropriate response.

First off, it definitely tells me that tracheids are found in all vascular plants and that they, along with vessel elements, form tube-like structures for water and mineral transport. This strongly suggests the answer relates to transport systems in plants. While the passage doesn't explicitly name ""xylem"" or ""vascular tissue,"" it does describe their function which directly implicates xylem. The passage also contrasts them with phloem, which reinforces the focus on water transport.

Therefore, the passage provides enough information to answer the question, but the response could be more specific. I can clearly say that tracheids are part of the vascular system in plants, and are directly involved in the xylem, which transports water and minerals. It directly answers the question that tracheids are found in all vascular plants, and are a key part of the transport system.


",,Requiring Explicit Term,"Model B regressed by likely requiring the explicit term 'xylem' to complete the fill-in-the-blank query, failing to recognize (as Model A did) that the document directly answers the query by identifying tracheids as parts of vascular plants and tube-shaped water-transport structures."
131843,1733695,definition of a sigmet,"Tornado Watch. A tornado watch means that conditions are favorable for the development of tornadoes within the next couple of hours. Tornado watches are often issued an hour or two before severe weather begins, and they stay in effect for about six hours or until the thunderstorms pass through.",1,1,0,"**Analyzing the Relevance of the Text to the SIGMET Query**

Okay, so the user wants a definition of a SIGMET, a crucial piece of aviation weather information. This text, however, defines a ""Tornado Watch."" My initial assessment is that it's *tangentially* related at best. Both deal with severe weather alerts, yes, but a SIGMET is aviation-specific, while a Tornado Watch is more general. It's a classic case of broader category versus precise answer.

Given my understanding of weather advisories, I'd say the best fit would be a ""1,"" meaning the passage *seems* related to the query but doesn't actually provide the definition. It sits in that gray area where the topic overlaps a bit, but the content is off-target. Thinking of it another way, SIGMET and tornado watch both relate to weather, but it doesn't answer it. It doesn't answer it at all.


",,Ignored marginal topical relevance,"Model B applied an overly strict relevance threshold, scoring the document as 0 (completely irrelevant) and providing no reasoning, whereas Model A recognized that both concepts share a broader topical domain (severe weather alerts), correctly awarding a marginal relevance score of 1 to align with the human judgment."
148538,1559002,difference between rn and bsn,"There are admission standards at both the associate degree (ADN) and baccalaureate (BSN) levels. BSN programs are often more academically competitive. Higher level nursing programs are also more likely to ask for a resume, personal statement, and references. BSN programs include additional coursework in areas like nursing research, leadership, and public health.",2,2,1,"**Analyzing the RN vs. BSN Distinction**

Okay, so the user wants the difference between an RN and a BSN, or more likely, they're digging into the nuances between an ADN-prepared RN and a BSN-prepared RN. I see that the text primarily focuses on comparing ADN and BSN programs. This is good; it's getting at the heart of the matter – the curriculum and preparation. It's essentially laying out the differences in admission criteria, the competitiveness of the programs, and, crucially, the specific coursework that distinguishes an ADN from a BSN.

It's essentially pinpointing the added academic rigor and content you get with a BSN. However, I need to flag a potential gap. It's touching on the ""RN"" as a *license*, but not explicitly making that distinction crystal clear, versus the *degree* itself. So, while it's providing a relevant comparison of the *educational pathways* that lead to the RN license (specifically the ADN vs. BSN route), it could be more precise about the licensure component. Therefore, the answer's on the right track; it offers relevant content comparing the ADN vs BSN pathways, but needs a bit more explicit defining of the distinction between the RN license and the BSN degree.


",,Ignored Nuance,"Model A correctly recognized the domain nuance that queries asking for the difference between 'RN and BSN' typically refer to the educational distinction between associate (ADN) and bachelor's (BSN) pathways to RN licensure. Model B failed to provide reasoning and likely evaluated the text with an overly literal keyword approach, missing the clear topical relevance of the ADN vs. BSN comparison."
405717,8433858,is cdg airport in main paris,Charles de Gaulle Airport (CDG) to Paris by Train. This is an overview of how to travel from Charles de Gaulle-CDG Airport to Central Paris by city train (RER B). For instructions in the opposite direction see Paris to Airport CDG by Train. For step-by-step photo instructions see Terminal 2 to Paris by train or Terminal 1 to Paris by train.,1,1,2,"**My Analysis of the CDG Airport Location Question**

Okay, so the user's question is pretty straightforward: Is Charles de Gaulle Airport in central Paris? The text I was given dances around the question, which is frustrating. It talks about traveling *from* CDG *to* central Paris. That definitely *implies* that CDG isn't actually *in* the center, but it's not a direct ""yes"" or ""no."" It's giving directions, essentially, which is a common way to indirectly describe locations. So, while it's related, it's not a definitive answer. I'd give it a score of 1 because it's relevant to the topic and allows for making an inference, but I need explicit confirmation for my purposes. I need *more* information.


",,Overestimated Relevance,"Model B awarded a higher score (2) by likely treating travel instructions between CDG and Central Paris as a complete answer to whether the airport is located in main Paris, failing to recognize that the text only indirectly implies this rather than directly answering the query."
19335,5078867,anthropological definition of environment,Learn More about environment. Dictionary: Definition of environment Medical Dictionary: Definition of environment Spanish Central: Translation of environment Nglish: Translation of environment for Spanish speakers Britannica English: Translation of environment for Arabic speakers.,0,0,1,,,Superficial Keyword Matching,"Model B awarded a point based on the presence of the keywords 'environment' and 'definition', failing to recognize that the document is merely navigation/index text lacking any substantive definition, particularly an anthropological one."
1113437,4486954,what is physical description of spruce,Here are some details about the 5 essential oils which make up Balance: (source) 1  Spruce: Spruce is found to ground the body and balance our ability to give and receive. 2  Ho Wood: Ho Wood is slowly taking the place of Rosewood.  Frankincense: This oil has been used for centuries in physical and emotional healing.,0,0,1,"**My Assessment of the Query's Relevance**

Okay, so the user wants a physical description of a spruce tree. Simple enough. However, this text...it's talking about spruce essential oil and its aromatherapy benefits – grounding, balance, that kind of thing. Totally different ballgame. The prompt's specifically asking for a physical description, like, bark texture, needle shape, the whole visual shebang. This text completely misses the mark. It mentions ""spruce,"" so there's a superficial keyword match, maybe a match quality of 1 if you're being generous, but definitely not a complete hit. This passage mentions the oil, but it doesn't even begin to describe the tree itself. It is a no go. My expert instincts are telling me to classify this as a zero or one.


",,Over-weighted keyword match,"Model B regressed by awarding a point simply because the document contained the keywords 'Spruce' and 'physical' (in the context of healing), failing to recognize that the text provides zero physical description of the spruce tree and is entirely irrelevant to the query's intent."
1114819,8096817,what is durable medical equipment consist of,"Durable medical equipment, or DME, is also referred to as DMEPOS because Medicare also covers prosthetics, orthotics and certain supplies (POS). Prosthetics are devices that replace a missing body part and Orthotics are equipment that help support or correct the malfunction of a limb or torso, such as braces.",2,2,1,"**My Assessment of the Passage's Relevance**

Okay, so the user wants to know what ""durable medical equipment"" consists of, and I need to give the passage a score from 0 to 3 based on how well it answers. The query is direct: ""what is durable medical equipment consist of"".

From my expert perspective, the passage does touch on the subject but doesn't quite hit the mark. It spends a lot of time defining DMEPOS and then dives into specific subcategories like prosthetics, orthotics, and supplies, and braces, expanding them for the user, and uses these as examples. This is helpful, but it's not a comprehensive definition of *standard* DME. It does give examples, which is good, but it misses key components like wheelchairs, oxygen equipment, and hospital beds, which are central to the general concept of DME. The passage goes some way to defining the term, but in an unclear or narrow manner.

Considering all of this, a score of 2 feels most appropriate. It's not a complete miss; it *does* provide *some* answer, and it clarifies important components, but it isn't an exhaustive answer, and focuses a little bit narrowly.


",,Missing Reasoning / Overly Strict Evaluation,"Model B failed to provide any reasoning to justify its score and improperly downgraded the document to a 1. It overlooked that the passage directly addresses what DME/DMEPOS consists of by defining subcategories and specific examples (prosthetics, orthotics, supplies, braces), which represents a partially relevant answer (score 2) rather than a marginally relevant one."
168216,1508223,does legionella pneumophila cause pneumonia,"Mycoplasma pneumoniae (M. pneumoniae) is an atypical bacterium (the singular form of bacteria) that causes lung infection. It is a common cause of community-acquired pneumonia (lung infections developed outside of a hospital).M. pneumoniae infections are sometimes referred to as walking pneumonia..n general, M. pneumoniae infection is a mild illness that is most common in young adults and school-aged children. The most common type of illness caused by these bacteria, especially in children, is tracheobronchitis, commonly called a chest cold.",0,0,1,"**Assessing the Relevance of this Text**

Okay, so the question I posed was specifically about *Legionella pneumophila* and its role in causing pneumonia. The text I've just reviewed, however, is all about *Mycoplasma pneumoniae* and its association with lung infections, specifically walking pneumonia. Hmm.

While *Mycoplasma pneumoniae* *is* another bacterium that causes atypical pneumonia, the text is completely silent on *Legionella pneumophila*. It's a different organism, a different disease even, although both are lung infections. Therefore, while it's tangentially related due to the subject matter of pneumonia and bacterial causes, it doesn't directly address my query at all.

Given this, I have to conclude that the information provided offers absolutely no information about the specific question I had; *Legionella pneumophila*. So, I'm going to lean towards a score of 0. It's really unrelated to the direct question at hand. While pneumonia is the general topic, the focus on a completely different bacterium makes this irrelevant.


",,Over-weighted topical overlap,"Model B awarded a score of 1 instead of 0, likely over-weighting the general topic of bacterial pneumonia while failing to penalize the document for discussing an entirely different pathogen (Mycoplasma pneumoniae instead of Legionella pneumophila)."
168216,25530,does legionella pneumophila cause pneumonia,"Psittacosis is an uncommon infectious disease that is most often transmitted to humans through exposure to infected birds, especially parrots, cockatiels, parakeets and similar pet birds. Psittacosis can affect the lungs and may cause inflammatory illness of the lungs (pneumonia). Additional common symptoms include fever, muscle pain (myalgia), headaches, and a dry cough. Psittacosis is caused by infection with the bacterium, Chlamydia psittaci, and may also be known as ornithosis. It is rare among humans. People who own birds as pets are most likely to be affected by psittacosis.",0,0,1,,,Topic-Level Matching,"Model B regressed by awarding relevance based on the general discussion of pneumonia, failing to recognize that the document discusses an entirely different causative bacterium (Chlamydia psittaci) and makes no mention of Legionella pneumophila."
156493,885944,do goldfish grow,"People are usually surprised at both the normal life expectancy and size that goldfish reach. Goldfish Size and Life Expectancy. If kept in a suitable environment, single tail goldfish normally grow to 10 inches (25cm) and can sometimes reach 12 inches (30cm). Fancy goldfish normally grow to 8 inches (20cm). The normal life expectancy of a single tail goldfish is about 20 years. Fancy goldfish have a life expectancy of about 12 years.",2,2,3,"**Assessing Relevance: ""Do Goldfish Grow?""**

Okay, so I'm presented with a query: ""do goldfish grow?"" and a passage that delves into the growth of goldfish, specifying sizes for different varieties – 10 to 12 inches for single-tail goldfish and around 8 inches for fancy goldfish. It also throws in some details about their life expectancy. My job is to determine the relevance score, ranging from 0 to 3, based on how well the passage answers the query.

The passage *does* directly address the core question of whether goldfish grow and gives specific size information, which is the heart of the matter. However, it also branches out to discuss life expectancy, which, while related, isn't *directly* about the growth itself. Therefore, I need to consider whether the ""extra"" information is detrimental.

Given that it directly answers how much goldfish grow, I lean towards either a 2 or a 3. While a 3 could apply, it could also be argued that the extra information, while related, makes it less perfect. The instructions define a score of 2 as ""presents something very important related to the entire topic but also has some extra information"" and the passage appears to fit that definition very well.

So, I think a 2 is the most appropriate score.


",,Ignored Nuance,"Model B failed to account for the extraneous information regarding life expectancy, overlooking the grading criteria that separate a score of 3 (fully focused) from a score of 2 (relevant with extra/tangential details)."
1114819,7407231,what is durable medical equipment consist of,Define durable: able to exist for a long time without significant deterioration in quality or value; also : designed to be… — durable in a sentence able to exist for a long time without significant deterioration in quality or value; also : designed to be durable…,0,0,1,"**Analyzing the Relevance of the Response**

Okay, so the user asked a straightforward question: ""What is durable medical equipment consist of?"" This response... well, it dives into the definition of ""durable,"" which, admittedly, is part of the phrase. But, it completely sidesteps the ""medical equipment"" part. That's a critical component!

My immediate thought is that this response is *barely* related, if at all. It provides a dictionary definition for one word of the term, but that's like defining ""blue"" when someone asks you about ""a blue car"". We need a list of actual *equipment*.

I'm torn between scoring this as a 0 (completely unrelated) or a 1 (marginally related). On one hand, it does touch upon the adjective, which is *part* of the phrase. On the other hand, it utterly fails to address the core of the query: the *equipment* itself. Given that it doesn't even *mention* medical equipment, I'm leaning toward a 0, or at best a 1. A definition of the adjective without the context of medical equipment is essentially irrelevant in this case.


",,Over-weighted keyword match,"Model B over-credited the document for containing a single matching keyword ('durable'), failing to recognize that a generic dictionary definition of that adjective without any mention of 'medical equipment' provides zero utility for the compound query."
183378,2352716,exons definition biology,"Such stretches of DNA, which get transcribed into RNA but not translated into protein, are called introns. Those stretches of DNA that do code for amino acids in the protein are called exons. Examples: 1  The gene for one type of collagen found in chickens is split into 52 separate exons.uch stretches of DNA, which get transcribed into RNA but not translated into protein, are called introns. Those stretches of DNA that do code for amino acids in the protein are called exons. Examples: 1  The gene for one type of collagen found in chickens is split into 52 separate exons.",3,3,2,"**My Assessment of ""Exons""**

Okay, so the user's looking for the biology definition of ""exons."" This is straightforward enough. The text provides a direct definition: ""Those stretches of DNA that do code for amino acids in the protein are called exons."" Bingo. That nails it.

While the passage mentions introns and repeats a little bit of text, the core of the answer is right there, directly addressing the query. I think the passage *could* be categorized as a 2 (important definition with some extra context) because of the intron mention and repetition, but since the fundamental query is a direct definition, I'm going to lean towards a category 3. It's essentially a textbook definition, pure and simple. Therefore, I will respond with the most concise answer possible.


",,Missing Reasoning,"Model B failed to generate any reasoning trajectory to justify its score, leading to an unexplained regression to a lower score (2) despite the document providing an exact definition directly fulfilling the query."
168216,8766391,does legionella pneumophila cause pneumonia,"During the bicentennial in 1976, american legion members held a convention in philadelphia. Many of them became ill and some died from a previously unknown infectious agent. The culprit in legionaires' disease was a new germ, later named, in honor of the legionaires, legionella pneumophila.. In brief: American Legion. During the bicentennial in 1976, american legion members held a convention in philadelphia.",2,2,1,"**My Assessment of the Query**

Okay, so the user wants to know if *Legionella pneumophila* causes pneumonia. The text I've got focuses on *Legionella pneumophila* and its association with Legionnaires' disease. Now, anyone in the know – and this person is clearly an expert – understands that Legionnaires' disease *is* a form of pneumonia. So, while the passage doesn't come right out and say ""*Legionella pneumophila* causes pneumonia,"" it effectively says it through its relation to Legionnaires' disease. It's a slightly indirect answer, but it's a solid partial or category 1/2 response because the connection is so tight. It's safe to say, in this context, that the query is largely answered, with a little expert interpretation needed.


",,Strict Lexical Matching,"Model B failed to connect 'Legionnaires' disease' to 'pneumonia' using basic domain knowledge, likely penalizing the document because it lacks the explicit keyword 'pneumonia' despite directly addressing the query."
1110199,4053652,what is wifi vs bluetooth,"Connectivity Details. The Photive Hydra uses Bluetooth to play music wirelessly. Bluetooth technology is used in 867 out of the 1232 wireless speakers we have listed on SpecOut, making it by far the most popular option for wireless speakers.Generally, Bluetooth streams audio at a lower quality and over less distance than Wi-Fi-based technologies.luetooth technology is used in 867 out of the 1232 wireless speakers we have listed on SpecOut, making it by far the most popular option for wireless speakers. Generally, Bluetooth streams audio at a lower quality and over less distance than Wi-Fi-based technologies.",2,2,1,"**My Assessment of the ""Wi-Fi vs. Bluetooth"" Query**

Okay, so the user wants a comparison of Wi-Fi and Bluetooth. Seems straightforward enough – ""Wi-Fi vs. Bluetooth"" – I get it. The provided text *does* touch on that comparison, specifically in the context of wireless speakers. I see some discussion of audio streaming quality and range, which is relevant. The text is correct in that, typically, Bluetooth has limitations in both of these areas when compared to Wi-Fi-based technologies. However, there's way too much noise here. It gets bogged down in a specific product, the Photive Hydra, and seems to repeat information which makes it hard to extract the core comparison points. There's good information buried there, but it is not easily extractable. I give it a score of 2.


",,Missing Reasoning,"Model B failed to provide any reasoning trajectory to justify its score, and subsequently downgraded the passage to a 1, failing to reward the partial comparative information (range and audio quality differences between Bluetooth and Wi-Fi) recognized by Model A and human raters."
104861,5138474,cost of interior concrete flooring,for commercial concrete floors the cost is anywhere from $ 50 $ 1 00 dollar per sq ft more if you re trying to figure what the cost for concrete flooring is in your area i would suggest calling a local redi mix concrete company and asking them for 3 referrals,2,2,1,"**Assessing the Relevance of the Passage**

Okay, so I'm evaluating how well this passage addresses the query ""cost of interior concrete flooring."" My immediate thought is, it *does* provide some cost information, which is a good starting point. However, it's not a perfect fit. The passage mentions ""commercial concrete floor cost"" with a price range of ""$50-$100 per sq ft more,"" which, while relevant, isn't explicitly for *interior* applications. And frankly, the formatting could be better; the cost information feels a little thrown in. It’s also vague; ""more"" doesn't give a starting point. While it's not a complete bust, it lacks precision, clarity, and doesn't directly address the specifics of interior residential or commercial flooring costs. Therefore, I'm assigning it a score of 2. It *partially* answers the question, but leaves significant room for interpretation and further research to clarify for the end user.


",,Missing Reasoning / Under-weighted partial relevance,"Model B provided no reasoning to justify its score and downgraded the document to 1, failing to recognize that the passage provides partial relevance by offering general concrete flooring cost estimates and actionable guidance for finding local pricing."
1063750,4854132,why did the us volunterilay enter ww1,"After the attack on Pearl Harbor on December 7, 1941, the United States entered World War II. On December 8, Congress declared war on Japan, and on December 11, the United States entered into war with Germany.",0,0,1,"**Analyzing the Discrepancy: WW1 vs. WW2**

Okay, so the user's question is specifically about why the U.S. chose to get involved in World War I, and this text... well, it's talking about the U.S. entering World War II, focusing on Pearl Harbor. That's a fundamental disconnect right there. While there's a tangential connection (both involve the U.S. entering a global conflict), the *reasons* are completely different, and this explanation offers nothing useful for the original query.

The problem, as I see it, is that this text is completely off-topic in terms of answering the question. It seems to mistakenly conflate WW1 and WW2, or at least, fails to differentiate between them. A score of 0 seems most appropriate: the content is irrelevant to the prompt and it does not explain why the US entered WW1. If I *had* to give it a point, it would be a 1, because it at least gestures towards the US entering a world war, even if that's the wrong one. But 0 is the better call. This response does not answer the question; therefore, I would mark it as incorrect.


",,Over-weighted tangential relevance,"Model B awarded a point for marginal relevance, likely over-weighting the broad thematic overlap of the US entering a world war while failing to strictly penalize the critical factual mismatch between World War I and World War II."
1124210,2258597,tracheids are part of _____.,"Thank you... In plants xylem and phloem are the complex tissues which are the components parts of conductive system. In higher plants xylem contains tracheids, vessels (tracheae), xylem fibres(wood fibres) and xylem parenchyma (wood parenchyma).Tracheids These are elongated narrow tube like cells with hard thick and lignified walls with large cell cavity.hank you... In plants xylem and phloem are the complex tissues which are the components parts of conductive system. In higher plants xylem contains tracheids, vessels (tracheae), xylem fibres(wood fibres) and xylem parenchyma (wood parenchyma).",2,2,3,"**My Assessment of the Query and Passage**

Okay, so the user's question is straightforward: they want to know what structures tracheids are a component of, specifically in plants. The passage *clearly* states that tracheids are found in the xylem, which is part of the plant's vascular tissue. It even throws in vessels for good measure.

While the passage gives the essential answer, it also has some unnecessary phrases. The phrasing doesn't make the main point hard to find, but it's not the most concise presentation. Considering the instructions, this probably falls under Category 2. The main point is given, and some of the language isn't critical.


",,Ignored Noise/Repetition,"Model B regressed by awarding a perfect relevance score of 3 without providing reasoning, failing to penalize the passage for its obvious text duplication, boilerplate ('Thank you...'), and lack of conciseness, which Model A correctly identified as reasons to assign a score of 2."
168216,6244216,does legionella pneumophila cause pneumonia,"Description: *C. psittaci is related to Chlamydia trachomatis, the most common human STD, and Chlamydia pneumonia, a cause of human pneumonia. Chlamydia pneumonia is also being investigated as possibly being associated with cardiovascular disease in humans.n some cases, birds may be infected but show no signs. These cases are of concern because these birds may become carriers and shed the organism. A major concern with C. psittaci is the zoonotic potential of the organism. A zoonotic disease is an infection which can be transmitted from animals to humans.",0,0,1,"**My Assessment of the Query's Relevance**

Okay, so the user wants to know about *Legionella pneumophila* and its role in causing pneumonia. My initial scan of this passage, which is what I was given, reveals a glaring issue: it doesn't even *mention* *Legionella pneumophila*. I see discussion of *C. psittaci*, *Chlamydia trachomatis*, *Chlamydia pneumonia*, and zoonotic diseases linked to birds, which is all well and good and relevant to certain pulmonary infections. However, the specific organism in question, *Legionella pneumophila*, is conspicuously absent.

While the passage does touch on pneumonia in general, specifically mentioning *Chlamydia pneumonia* as a cause, this is a very broad, almost coincidental connection. It's like talking about cars and then mentioning wheels; technically related, but not the core focus. The query is laser-focused, and this text... well, it's just not. Therefore, based on this review, I'm giving this a match score of practically zero. The information here is wholly unrelated to the specific question posed. It’s a definite misfire.


",,Superficial Keyword Matching,"Model B likely awarded relevance based on the mere mention of the word 'pneumonia' in the text, failing to recognize that the core subject of the query, 'Legionella pneumophila', was entirely absent from the document."
1121402,7144700,what can contour plowing reduce,"Definition of plow. 1  transitive verb. 2  1a : to turn, break up, or work with a plowb : to make (something, such as a furrow) with a plow. 3  2 : to cut into, open, or make furrows or ridges in with or as if with a plow. 4  3 : to cleave the surface of or move through (water) whales plowing the ocean.",0,0,1,"**Analyzing the Information's Relevance**

Okay, so the query is straightforward: ""What can contour plowing reduce?"" My goal is to determine what effects this agricultural technique has, specifically in terms of reducing things like soil erosion or water runoff.

The provided passage, however, just defines the word ""plow"". Hmm, not particularly helpful. The term is tangentially related, as ""plow"" is part of the phrase ""contour plowing,"" but the passage doesn't actually discuss contour plowing itself, nor does it identify any of its impacts.

Therefore, it's pretty clear this passage is essentially irrelevant to the core question. A basic definition of a tool doesn't tell us about a specific application of that tool, nor the effects of that application. I'd give this a score of 0, maybe 1, if I were being generous just for the use of the word. Since the definition is irrelevant to the query, it's a score of 0.


",,Over-weighted lexical overlap,"Model B gave a score of 1 without providing reasoning, likely regressing by awarding relevance purely based on superficial keyword matching (the word 'plow') rather than recognizing that a general dictionary definition fails to address contour plowing or what it reduces."
168216,3681097,does legionella pneumophila cause pneumonia,"Legionnaires' disease. Legionnaires' disease is a form of atypical pneumonia caused by any type of Legionella bacteria. Signs and symptoms include cough, shortness of breath, high fever, muscle pains, and headaches. Nausea, vomiting, and diarrhea may also occur. This often begins two to ten days after being exposed.",2,2,3,"**My Assessment of the Passage**

Okay, so I'm evaluating this passage based on whether it answers the question ""does *Legionella pneumophila* cause pneumonia."" It's pretty straightforward, actually. The text states: ""Legionnaires' disease is a form of atypical pneumonia caused by any type of *Legionella* bacteria.""

On one hand, it *directly* answers the core query. It explicitly links *Legionella* bacteria to atypical pneumonia, which is essentially the same concept. However, it doesn't *directly* name *Legionella pneumophila*. It's a slightly generalized answer. It mentions all *Legionella* bacteria, and while *L. pneumophila* is certainly included, the passage isn't laser-focused on the specific bacterium in the query. It's also providing more information than is strictly necessary in the form of including the name of the disease itself.

Taking everything into account, the passage does give a clear, though slightly generalized, answer that is not directly specific to the requested species name. I'd categorize it as a 2. This falls into the category where the passage presents something very important to the topic, but it also has some extraneous or peripheral information.


",,Ignored Nuance,"Model B overestimated the document's relevance, failing to recognize that while the text mentions the genus 'Legionella' generally, it lacks the specific entity 'Legionella pneumophila' requested in the query, which warrants a score of 2 rather than a perfect score of 3."
1133167,7762245,how is the weather in jamaica,"Latest Updates. LOCAL WEATHER FORECAST. 2017-04-13 10:14:47. SIGNIFICANT FEATURE A High Pressure Ridge across the north-western Caribbean and is expected to build across Jamaica during the day, and remain for the next few days. 1  Increased Rainfall Expected Friday Evening into Sunday. 2017-04-06 21:28:54. 2  A High Pressure Ridge across Jamaica. 2017-04-05 11:51:36.",2,2,1,"**Analyzing the ""Jamaica Weather"" Query**

Okay, so the user's question is straightforward: ""how is the weather in Jamaica?"" Simple enough. This text snippet provides something concrete – a weather forecast, though unfortunately a bit dated. It's a specific local forecast, mentioning things like a high-pressure ridge and rainfall, which indicates it's a genuine weather report. It *does* actually describe the weather in Jamaica, even if it's from April 2017. The information is a bit fragmented, obviously a past report and not a comprehensive overview, but it *is* an answer to the query, and more than a simple mention. This gives the content at least a score of 2 (or a solid 1), considering the presence of actual weather conditions, which means it should be included within the results.


",,Missing Reasoning,"Model B failed to generate any reasoning to justify its score, regressing to a lower relevance rating without explaining its assessment or evaluation of the document's relevance."
47923,618556,axon terminals or synaptic knob definition,"Axon terminals (also called synaptic boutons) are distal terminations of the branches of an axon. An axon nerve fiber is a long, slender projection of a nerve cell, or neuron, that conducts electrical impulses (called action potentials) away from the neuron's cell body, or soma, in order to transmit those impulses to other neurons.",3,3,2,"**My Assessment of Relevance**

Okay, here's the deal. The user's query is ""axon terminals or synaptic knob definition."" I need to give this passage a relevance score from 0 to 3. Reading the text, I see that the very first sentence immediately gets to the heart of the matter: ""Axon terminals (also called synaptic boutons) are distal terminations of the branches of an axon."" Boom. That's a definition right there. The passage doesn't beat around the bush; it gets straight to defining the key term. The subsequent sentences elaborate on the axon itself, which is crucial context.

Considering the directness and the clear definition provided for one of the primary terms in the query (""axon terminals""), and immediately connecting the related term, synaptic bouton. I'm going with a solid **3**. This passage nailed the definition the user was after.


",,Hallucinated Requirement,"Model B regressed to a score of 2, likely penalizing the passage for not explicitly defining 'synaptic knob' while ignoring the disjunctive nature ('or') of the query, which was fully and directly answered by the passage's definition of axon terminals. Additionally, Model B failed to provide any reasoning to justify its downgraded score."
168216,1183706,does legionella pneumophila cause pneumonia,"A. Legionnaires' disease most often is caused by inhaling water contaminated with rod-shaped bacteria called Legionella pneumophila. There are over 30 different species of Legionella, many of which can cause disease. Legionella pneumophila is the most common species that causes disease.egionnaires' disease is an infection of the lungs that is a form of pneumonia. A person can develop Legionnaires' disease by inhaling water mist contaminated with LDB. LDB are widely present at low levels in the environment: in lakes, streams, and ponds.",3,3,2,"**My Assessment of the Passage**

Okay, so I'm evaluating this passage based on how well it answers the question: ""Does *Legionella pneumophila* cause pneumonia?"" My initial thought is, ""Yes, it seems to, directly."" The passage states that Legionnaires' disease, which is explicitly identified as a form of pneumonia, is caused by inhaling water contaminated with *Legionella pneumophila*.

Now, the question is whether to give it a 2 or a 3. The rubric defines a 3 as a passage *dedicated* to the query and containing the *exact* answer, essentially focusing *only* on the topic. A 2 means the passage is related but has extra information. The passage mentions the bacteria's rod-shape, that it's in contaminated water, and also that Legionnaires disease is an infection of the lungs. It also mentions that there are other species of Legionella.

Hmm... does this extra information disqualify it from a 3? Let's analyze. Although it provides some background, the core focus *is* the link between *L. pneumophila* and pneumonia. The extra details, while present, don't overshadow the direct answer. Usually a passage directly answering a query is a 3.

Therefore, according to standard relevance scoring, my assessment is a score of **3**.


",,Missing Reasoning,"Model B failed to provide any reasoning or justification for assigning a lower relevance score of 2, while the document directly answers the query by stating that Legionella pneumophila causes Legionnaires' disease, which is explicitly identified as a form of pneumonia."
1110199,3664802,what is wifi vs bluetooth,"1 WPA Explained: WiFi Protected Access Encryption When you configure a wireless network for access, you must address security. 2  WPA is one form of encryption that may be available for use.EP (do not use it), WPA (you should use this one at least), WPA2 (the best deal). 2 people found this useful. Edit. Share to: 1  The Best Types of Wi-Fi Protected Access Wi-Fi protected access, commonly known as WPA, is a popular Wi-Fi access control mechanism.",0,0,1,,,Over-weighted keyword match,"Model B gave partial credit merely because the document discussed Wi-Fi (specifically WPA security), failing to recognize that the core comparative intent of the query ('wifi vs bluetooth') was completely unaddressed as Bluetooth is never mentioned."
1063750,3903902,why did the us volunterilay enter ww1,"Three days later, Japanese allies Germany and Italy also declared war on the United States, and again Congress reciprocated. More than two years into the conflict, America had finally joined World War II.",0,0,1,"**Analyzing the US Entry into World War I (or Rather, Not)**

Okay, the question is clearly about the United States' decision to join World War I. But, the provided text is talking about World War II. Completely off-topic, in my professional opinion. While the text is about the US entering a World War, it's the wrong one entirely. It's like asking about the mechanics of a Model T and getting a description of a Tesla. Sure, both are cars, but they're fundamentally different.

So, how do I score this? It's tempting to give it a ""1"" because it *does* touch on the US entering a World War, which is tangentially related to the query. But, in reality, it provides zero insight into the *specific* reasons the US chose to enter WWI. Conflating the two world wars without addressing the actual prompt is a common mistake that is simply wrong. The reasons for entering WWI are distinct from WWII. My judgment leans toward a flat ""0"" because the context is almost irrelevant. If I have to, ""1"" is a stretch for ""seems related,"" but the core of the matter is the wrong war. Given the strict criteria: a ""0"" is the clear answer.


",,Over-weighting topical similarity,"Model B awarded partial credit (score 1) likely due to broad topical overlap regarding the US entering a global war, failing to strictly recognize that the passage concerns World War II rather than the queried World War I."
182539,3395863,example of monotonic function,"Instead of having monotonic eastings for a zone, and northings measured to/from the equator, zones are divided into latitude bands, then into 100km grid squares identified by letter-pairs, then eastings and northings within each 100km grid square.",0,0,1,"**My Frustration with the Search Results**

Okay, so I'm looking for examples of monotonic functions, a pretty fundamental concept, and this text... this passage... talks about ""monotonic eastings"" in geographic coordinate systems. Honestly, it's just throwing the term ""monotonic"" around without actually explaining the concept or, crucially, giving me a solid mathematical example. I expected more. It mentions the word, sure, but the context is completely irrelevant to my goal. This is a classic case of keyword overlap without any actual substance. This is definitely a zero in terms of relevance or maybe a very generous one. Essentially, it's useless for my purpose. I need actual *mathematical* examples, not some tangential geographical application. This is going to slow me down more than help.


",,Superficial Keyword Matching,"Model B awarded relevance based solely on the presence of the keyword 'monotonic', failing to realize that the document only uses the term in a geographical coordinate context without providing an actual example or explanation of a monotonic function."
489204,320076,right pelvic pain causes,"Any problem, infection, injury, inflammation, twisting, wind retention, cancer or tumors in the above mentioned structures causes lower right abdominal pain. We will look at some of the common causes with symptoms, investigations and treatment for pain in the lower right abdomen.",1,1,2,"**Initial Assessment of ""Right Pelvic Pain Causes""**

Okay, so the user is asking about the causes of right pelvic pain. This passage is really just setting the stage. It's essentially an introduction, a primer if you will. The text is mentioning general categories – infection, injury, inflammation, torsion, gas, and even the ""c-word,"" cancer – as potential culprits. These are broad, almost generic, buckets. It's not diving into specific etiologies or differentiating between structures in the region. 

It does lay out some fundamental mechanisms for the pain, so it's not totally useless. But as an expert, I'm already aware of these broad categories. It's hinting at a more detailed explanation to follow, hence the ""we will look at..."" phrase, but it's not providing any concrete answers *yet*. Therefore, in terms of providing direct answers, it scores as a 1 or perhaps a weak 2. A '1' feels right because it's only promising, not delivering, and it is a little vague.


",,Over-scoring superficial relevance,"Model B overvalued the generic list of broad physiological mechanisms (e.g., infection, injury, inflammation) without recognizing that the passage is merely an introductory teaser that lacks specific clinical etiologies or substantive answers to the query."
1133167,7835489,how is the weather in jamaica,"Jamaica Independence Day. Jamaica Independence Day Date: August 6. Jamaica celebrates Independence Day as a public holiday. Jamaica National Day was first celebrated on August 6, 1962 by raising the National Flag which signified the birth of the nation. This auspicious occasion is celebrated every year in Jamaica and 6th day of August is noted as a national holiday in Jamaica.",0,0,1,"**Analyzing the Relevance of Information**

Okay, so the user wants to know about the weather in Jamaica. My task is to determine how relevant this provided text is to that query. Right away, I see that the passage is all about Jamaica's Independence Day, which falls on August 6th. My initial reaction? This is not directly helpful, but I have to be sure.

The passage is completely unrelated to the weather. It touches on Jamaica, which is the location, but that's as far as the connection goes. The intention of the query is weather-related information, and this text doesn't even address that.

Now, I have to categorize this. Let's weigh between scores 0 and 1. Zero means the passage has nothing to do with the query. One means it's vaguely related but doesn't answer it. The passage mentions Jamaica, which seems like a connection, but it gives me no information about the weather, and doesn't answer the question in any way. Ultimately, it doesn't answer it. In this case, considering that it makes no claims towards that, I'm leaning toward a category of 0, because it is more directly unrelated, even though there's a location match. ""Jamaica Independence Day..."" has absolutely nothing about weather. So I'll go with 0.


",,Over-weighted specific aspect,"Model A correctly distinguished between a superficial entity match ('Jamaica') and the actual query intent ('weather'), determining that the document is completely irrelevant (score 0). Model B over-weighted the mere keyword/location match of Jamaica, incorrectly treating it as marginally relevant (score 1) despite containing zero weather information."
19335,1705525,anthropological definition of environment,"While few high schools offer courses specifically in biological anthropology, many have courses in anthropology or cover anthropology in social studies classes. Programs in anthropology are available at hundreds of universities and colleges around the country, and most have courses in biological anthropology.",0,0,1,"**My Assessment of Passage Relevance**

Okay, here's how I see this. The user is asking for the anthropological definition of ""environment,"" and this passage…well, it mentions anthropology courses. That's about the extent of the connection. My initial instinct is to give this a 0. The passage doesn't touch on the *definition* of environment from an anthropological perspective at all. It's just a glancing mention of the discipline itself.

The scoring options are 0 to 3, with 0 meaning completely unrelated, and 1 meaning somewhat related but not answering the query. Considering the query specifically asks for a *definition* and the passage is silent on the concept of 'environment' itself, I am leaning to a score of 0. Sure, it mentions anthropology, so it’s *tangentially* related, but it doesn't even attempt to address the core of the request. Giving it a 1 feels generous, especially given the prompt's instructions. A score of 0 is the more accurate assessment; it represents a complete lack of relevance to the actual information sought.


",,Over-weighted topical overlap,"Model B awarded a score of 1 likely due to superficial keyword overlap with 'anthropology', failing to recognize that the passage contains zero information regarding 'environment' or its definition. In contrast, Model A explicitly reasoned through why tangential discipline mentions do not warrant a marginal relevance score."
168216,3344837,does legionella pneumophila cause pneumonia,"Legionella pneumophila, a Gram-negative bacillus ubiquitous in aquatic environments, is responsible for Legionnaires’ disease. It is a facultative intracellular pathogen that can replicate within eukaryotic host cells such as protozoa and macrophages. In humans, L. pneumophila reaches the lungs after inhalation of contaminated aerosol droplets [1] ; [2] (Fig. 1 ).",2,2,1,"Here's my assessment of the query:

**Analyzing the *Legionella* Question**

Okay, so the user wants to know if *Legionella pneumophila* causes pneumonia. The passage touches on it – mentions *Legionella* causing Legionnaires' disease. While the text doesn't explicitly *state* that Legionnaires' disease *is* pneumonia within the given context, it's heavily implied, and the bacteria reaching the lungs is key. It's a clear connection, although a definitive ""yes, Legionnaires' is pneumonia"" isn't explicitly spelled out here. For the given text, a score of 2 feels right; it's on the right track but lacks that explicit confirmation.


",,Overly Strict Matching,"Model B regressed to a score of 1, likely due to literal keyword matching that penalized the passage for not explicitly defining Legionnaires' disease as pneumonia, unlike Model A which properly recognized the strong topical relevance regarding lung infection."
1114646,7616199,what is famvir prescribed for,"It surprises a lot of people, but cold sores are caused by a herpes virus. In fact, the viruses that cause genital and oral herpes are most often caused by viruses that differ in less than 17 percent of their genome. They can even be caused by the same virus! Just about everyone knows someone plagued by cold sores.",0,0,1,"**Assessing the Relevance of this Information**

Okay, so the user's question is straightforward: ""What is Famvir prescribed for?"" This passage, however, is a non-starter. It talks about cold sores and the herpes virus, which is the domain where Famvir *is* used, but it never actually mentions Famvir, the drug in question. It's frustrating when you have to sift through this kind of tangentially related text.

In terms of relevance, I'd have to give it a low score, maybe a 0 or a 1. Technically, it touches on the *general* disease category Famvir treats, but completely misses the mark on the specific drug itself. I'd lean towards 0, really; the absence of the key entity is a significant flaw in relevance. The objective here is simple: I need to determine Famvir's purpose, and this passage just doesn't provide the answer. Back to the search...


",,Over-weighted tangential relevance,"Model B gave a positive relevance score (1) based on the document discussing cold sores and herpes (conditions Famvir treats), failing to recognize that the complete absence of the target entity (Famvir) renders the document completely irrelevant to the specific query."
168216,8185135,does legionella pneumophila cause pneumonia,": pneumonia that is caused by a bacterium of the genus Legionella (L. pneumophila), that is characterized initially by symptoms resembling influenza (as malaise, headache, and muscular aches) followed by high fever, cough, diarrhea, lobar pneumonia, and mental confusion, and that may be fatal especially in elderly and immunocompromised ...",3,3,2,"**Analyzing the Query about *Legionella pneumophila* and Pneumonia**

Okay, so the question is straightforward: does *Legionella pneumophila* cause pneumonia? The text, as expected, defines a *Legionella* associated pneumonia. In essence, it confirms the answer. It's direct, it's clear, and it includes some extra details about the condition, which is really just an expanded definition.

Given the direct nature of the answer, I'd categorize this as a Category 3. It's a precise definition of the condition, or a Category 2 if the extra information makes the definition slightly broader than the query. The phrase "": pneumonia that is caused by a bacterium of the genus Legionella (*L. pneumophila*)"" is explicit. So, yep, it's a Category 3 response.


",,Missing Reasoning,"Model B failed to provide any reasoning trajectory or justification for its score, resulting in an unjustified downgrade of a document that directly and explicitly answers the query."
264014,3577345,how long is life cycle of flea,"The pupal stage (cocoon) - The cocoon is the crux of flea infestation persistence in the house-hold. It generally hatches in 1-2 weeks, but can last up to a year. The adult flea - Adult fleas can live for some weeks (maximum of about 2 months if no host is present) in ideal, cool, moist conditions.",2,2,1,"**Analyzing the Flea Life Cycle Query**

Okay, so the user wants to know the *total* duration of a flea's life cycle. The query's ""how long is life cycle of flea"" is pretty straightforward. I see the text provides some pieces of the puzzle: it gives the pupal stage as 1-2 weeks, potentially up to a year, and the adult flea's lifespan as weeks to a couple of months. However, it *doesn't* actually give the full picture. It's giving me individual stages and their expected lifespans, but I need the overall length, the duration that represents a full cycle. The text points to the correct parameters but is not quite the answer. So, it's a partial answer at best, perhaps giving some context and related information, but leaves out the complete life cycle which is usually just a couple of weeks to a few months. Therefore, I'd score this response as a 2.


",,Under-credited Partial Match,"Model A correctly recognized that providing timeframes for individual stages (pupal and adult) offers valuable partial information relevant to the flea's life cycle duration, meriting a score of 2. Model B failed to credit this partial answer, overly penalizing the passage for not stating the aggregate life cycle length and failing to provide supporting reasoning."
19335,3137952,anthropological definition of environment,"Any one of these is its own sub-field of anthropology, with specific objectives and methodological approaches. Holistic anthropology, on the other hand, posits that one cannot get an accurate understanding of past societies and cultures by taking a single approach.",0,0,1,"**My Assessment of the Text's Relevance**

Okay, so the user wants the ""anthropological definition of environment."" I immediately see a potential issue: the text given doesn't actually *define* the environment from an anthropological perspective. It's talking about anthropology itself – specifically, sub-fields and the holistic approach. Now, while those subjects are *related* to anthropology, and therefore *could* be tangentially linked to the environment *through* anthropology, the text doesn't explicitly make that connection. It's a key detail missing.

My initial thought process is to rate its relevance. The choices are ""related to anthropology"" or ""unrelated to the environment."" Since it is about anthropology, it should be categorized as 1. But I will refine. The text doesn't mention the environment at all. That’s a critical omission. Therefore it will be assessed as a 0 - ""has nothing to do with the query.""

So, even though it touches on anthropology, the core element, the definition of ""environment,"" is entirely absent. My expert judgment dictates that it's a miss, a zero. We need something that actually *defines* the environment *within* the context of anthropology, not just discusses the field in general.


",,Over-weighted topical overlap,"Model B likely assigned a score of 1 based solely on the document's discussion of anthropology, failing to verify whether the core subject of the query—the definition of 'environment'—was present. In contrast, Model A actively checked for both concepts, noted that the environment was completely unmentioned, and correctly downgraded the relevance to 0."
1063750,7882525,why did the us volunterilay enter ww1,"With the Germans it was probably more of an anti-War sentiment than a pro-German bias. Public opinion gradually shifted toward the Allies as a result of British propaganda, German policies in occupied Belgium, and incidents such as the xsinking of the RMS Lusitania. Even so the vast majority of Americans, especially the progressives, opposed American entry into the War.",2,2,1,"**Analyzing the Prompt: US Entry into WWI**

Okay, so the prompt is asking about the motivations behind the US entering World War I – a classic historical query. The text provides some context, which is a good starting point. I see it acknowledges that public opinion was overwhelmingly against entry initially. That's crucial; it establishes a baseline that any shift needs to overcome.

The passage mentions factors that pushed public sentiment toward the Allies, like British propaganda, German actions in Belgium, and the sinking of the Lusitania. That's solid – those events are definitely on the list of factors. However, the text doesn't explicitly *explain* the decision itself; it gives some context, but is incomplete. It's partially answering the question regarding what events contributed to America joining the war, but it doesn't do so completely. Therefore, it warrants a 2 or a 1.


",,Missing Reasoning,"Model B failed to generate any reasoning trajectory or explanation to support its evaluation, resulting in an unjustified score demotion for a document containing partial relevant information."
148538,4185812,difference between rn and bsn,"An RN to BSN Completion program is now offered by many institutions to accommodate registered nurses who already have their associate's degree or a diploma level degree. Before deciding if an RN to BSN Completion program is the next step for you, it's important to understand the differences. Potential Differences in Salary Between an RN and a BSN Degree. Initially, an RN and a nurse with a BSN degree might both receive the same salary for the same nursing position.",1,1,2,"**My Initial Assessment of the RN vs. BSN Question**

Okay, so the query's asking for the critical distinction between a Registered Nurse (RN) and a Bachelor of Science in Nursing (BSN), which, as we know, is more nuanced than a quick answer. From the provided text, I can see it's trying to tackle the topic, but it seems to be just scratching the surface. It introduces the idea of RN-to-BSN completion programs, which is relevant, but doesn't delve deeply enough into the core differences.

The salary mention is a good starting point—it highlights *one* tangible difference—but it stops short. It hints at salary variation (""Initially, an RN and a nurse with a BSN degree might both receive the same salary...""), which is accurate, but misses the crucial follow-up about career progression and long-term earnings potential. It touches on the *education/degree* aspect versus the *licensure* aspect, which is the crux of it, but it doesn't provide a comprehensive explanation of how these two relate.

I'd place this information in the ""introductory/tangential"" category—a level 1 or 2, at best. It's a stepping stone, but it needs significantly more depth to adequately address the question. I would need to elaborate more on the curriculum differences, scope of practice considerations, the impact on patient outcomes (evidence-based), leadership opportunities, and so on to truly differentiate an RN from a BSN, beyond just the superficial ""one has a bachelor's and the other doesn't"" answer. This is merely a starting point.


",,Superficial Relevance Assessment,"Model B overrated the passage as moderately relevant (score 2) without providing reasoning, likely relying on keyword matches in the headings ('differences', 'RN to BSN') rather than recognizing that the text cuts off before providing any substantive explanation of the differences between the two."
1113437,7430236,what is physical description of spruce,"In the northern portion of their range, the trees grow from sea level to 2500 ft. (750 m). sugar pine (Pinus lambertiana). Needles: Occur in bundles of 5; 2-4 long; white lines on all 3 surfaces of each 3-sided needle. Fruit: Huge, woody cones, 10-20 long (larger than western white pine cones) and straight.",0,0,1,"**My Assessment of the Query Response**

Okay, so the user wants a description of a spruce tree, specifically the physical characteristics. But this passage... this passage is about *Pinus lambertiana*, a sugar pine. Right away, that's a problem. Coniferous, yes, so the broad category is correct, but we're talking about a completely different genus and species. There's no crossover here, really. While it touches on the subject of conifer descriptions, that's where the relevance ends. It’s fundamentally off-target. Therefore, I'm leaning towards a score of 0 or maybe a generous 1, but most likely a 0 since the species is so far off, and not a description of a spruce. It doesn't answer the query at all, it simply describes an entirely unrelated tree.


",,Over-weighted topical overlap,"Model B awarded a partial relevance score of 1 despite the document describing an entirely different species (sugar pine rather than spruce), improperly granting credit for general topical similarity (conifer tree descriptions) instead of identifying the complete entity mismatch."
359349,5615181,how to find the midsegment of a trapezoid,"In the trapezoid below, the midpoints of the non-parallel sides are points S and V. The midsegment is the red line segment from S to V. The midsegment below can be found by. 1  calculating the lengths of the bases.  35-16 = 9 (length of upper base)",2,2,1,"**Assessing the Trapezoid Midsegment Information**

Okay, so the user's asking about finding the midsegment of a trapezoid. The initial response starts off, alright, attempting to provide the explanation. It even gets to the foundational step, mentioning the crucial initial task: calculating the lengths of the bases. But... it's incomplete. It's like the explanation gets cut off mid-sentence. We have a partial answer, a promising start, but it doesn't give the user the whole picture. Considering completeness and clarity, I'd give this a score of, at most, a 2 – maybe a 1 because it's truncated. We have the beginning, but not the satisfying conclusion. It's a decent first step, but not sufficient on its own.


",,Missing Reasoning,"Model B failed to provide any reasoning or justification for its lower score, completely omitting its thought process and likely over-penalizing the truncated nature of the document to assign a score of 1 instead of recognizing its partial relevance (score 2)."
443396,725943,lps laws definition,"On July 29, Mertz was taken under the state’s involuntary commitment law, the Baker Act, to North Tampa Behavioral Health. Long email threads among Drake, Mertz’s guardian, her behavior analyst and hospital staffers begin on Aug. 3, and become increasingly frantic.",0,0,1,"**My Assessment of the ""lps laws definition"" Query Response**

Okay, so the user's query is ""lps laws definition,"" which I immediately recognize refers to California's Lanterman-Petris-Short Act, or LPS laws, the involuntary psychiatric commitment law in that state. My initial analysis is that this text doesn't actually *define* LPS laws. It mentions the Baker Act, Florida's equivalent involuntary commitment law, and an incident involving Mertz. The passage discusses involuntary commitment laws in general terms, referring to them broadly as ""state involuntary commitment laws"" or ""mental health acts.""

It's clear that the connection is tangential at best. While both the Baker Act and LPS laws fall under the umbrella of involuntary commitment, they are distinct pieces of legislation in different states. The text doesn't provide the core definition that the user is seeking. It’s not specifically about LPS, making a score of 0 (unrelated) seem most accurate. However, because it *does* touch on the broader domain of involuntary commitment laws, I could possibly justify a 1 (tangentially related) if being generous. Ultimately, I'm leaning toward 0, because it's about the Baker Act, not LPS. Given that it mentions an involuntary commitment law, it is tangentially related (1) or unrelated (0). 0 is safer since LPS specifically stands for Lanterman-Petris-Short Act. But let's check if 1 is appropriate. Category 0: has nothing to do with the query. Let's give 0 or 1. 0 seems most accurate as it mentions the Baker Act, not LPS. Wait, both are involuntary commitment laws. So 1 might be given. Let's assign 0/1. Usually, completely different law = 0.


",,Over-weighted topical overlap,"Model B regressed by awarding a point for broad topical similarity (mental health involuntary commitment), failing to recognize that Florida's Baker Act is an entirely distinct statute from California's LPS (Lanterman-Petris-Short) Act and provides zero definitional value for the specific query."
1117099,5752877,what is a active margin,"TradeStation’s margin rates are in line with the industry average. Meanwhile, Interactive Brokers’ (IB) margin rates are among the lowest in the industry, and encourage active trading in futures and short selling. IB offers significant value to active traders who can meet the requirements. Pricing And Fees.",0,0,1,"**Evaluating Relevance to ""Active Margin""**

Okay, here's the deal. I need to figure out if this passage about TradeStation and Interactive Brokers' margin rates for ""active trading"" is relevant to the query ""what is an active margin."" First, let's break down the query. My gut says ""active margin"" is almost certainly a geological term referring to plate tectonics, contrasting with a passive margin. It could *potentially* be a financial term, but the phrase's primary use leans heavily towards geology. The intent is definitely a definition.

Now, the passage…it’s using ""active"" and ""margin"" separately, and purely in a financial context. It's talking about financial margin rates for *active traders*, which is a completely different meaning. The passage doesn't define ""active margin"" in any way. It's using the terms, but not defining the phrase.

Hmm, this is tricky because it has the keywords. At first glance, the language might create a superficial link – financial margin for active trading. But, it just uses the terms in an unrelated context. There's no definition of ""active margin"" in the geological sense, or really any sense of the phrase I'm looking for. This really isn't useful for answering my question. It's either completely irrelevant (a 0) or, at best, very weakly related to financial margins (a 1) due to the lexical overlap. I'm going with a 0.


",,Superficial Keyword Matching,"Model B likely relied on the lexical overlap of the words 'margin' and 'active' rather than recognizing that the query asks for a definition of the compound geological term 'active margin', whereas the document merely discusses financial margin rates for active traders without providing any definition."
183378,4493919,exons definition biology,"Introns. Introns are sequences of nucleotides present in the genes between exons. These nucleotide sequences do not code for proteins, and that means introns are not immediately important for the process of protein synthesis. Exons are found at the two ends of a gene while introns are always found inside the gene. • When mutations take place, introns sometimes contribute nucleotides but usually not the other way around. • Both DNA and RNA contain introns and exons, but mature RNA only contain exons and not the introns.",1,1,2,"**My Assessment of Passage Relevance**

Okay, so I've been given a query: ""exons definition biology"" and a passage to evaluate. My task is to assign a relevance score between 0 and 3. After careful consideration, I think I have a good handle on how to answer this.

The passage itself doesn't explicitly *define* exons in a standalone way. It's really more focused on *introns*, but it does mention exons in relation to them. It notes that introns are ""between exons,"" that both DNA and RNA contain both, but mature RNA *only* contains exons. It touches on their relationship, their presence or absence in different contexts, their characteristics by *comparison* to introns, which means the definition is implicit.

This leads me to categorize the relevance as either a ""1"" or a ""2."" Category 1, the passage seems *related* but doesn't *answer* the query, and category 2 is that it *has* some answer, but it's unclear or hidden. Since the primary focus is on *introns*, and a direct definition is absent (although present by contrast), I believe that Category 1 is the most accurate. The passage references, but doesn't define. Even the tidbit about mature RNA only containing exons isn't a comprehensive definition. Therefore, I'm classifying this as a solid ""1"" on the relevance scale.


",,Conflated related information with answer,"The query specifically asks for a biology definition of 'exons'. Model A correctly identifies that the text focuses primarily on introns and only mentions exons comparatively without defining them (warranting a score of 1). Model B fails to separate topical relatedness from an actual definition, overestimating the document's relevance as a partial answer (score of 2)."
1133167,4703846,how is the weather in jamaica,"Time Zones of Jamaica. The time zone in which Jamaica is located can also be found in North America. Jamaica is on the same time schedule as the East Coast of the United States, Eastern Standard Time, except during the period of daylight-saving time. During these months, Jamaica is one hour behind the eastern United States.",0,0,1,"**My Assessment of the Query's Relevance**

Okay, so the user is asking about Jamaican weather. My initial thought process is to consider all the angles, you know, geography, climate, historical weather patterns, any recent events that might influence things. But, the provided text? It's all about Jamaica's time zones. Completely off-topic. I have to give it a score of zero relevance; it's like comparing apples and oranges in this case. My immediate instinct is to disregard the passage and shift my focus back to where I need to find information regarding the weather in Jamaica.


",,Superficial entity matching,"Model B gave a non-zero relevance score likely because the document shares the target entity 'Jamaica', failing to realize that the document discusses time zones and contains zero information addressing the user's intent about weather."
1037798,3641638,who is robert gray,"In 1800, Lagasse and LeBlanc reached the upper reaches of the Columbia by crossing the Rocky Mountains. Lewis and Clark explored from the mouth of the Yakima River (in present day Washington State). David Thompson reached the source of the Columbia at Columbia Lake in present day British Columbia in 1807 and navigated the entire river in 1811. The first American settlement on the Columbia was Astoria, established at its mouth in 1811.",0,0,1,"**Analyzing the Relevance of This Passage**

Okay, so the user wants to know ""who is Robert Gray?"" and this passage... well, it doesn't actually tell me anything about Robert Gray. It mentions other explorers of the Columbia River, like Lagasse, LeBlanc, Lewis and Clark, and David Thompson, and even touches on the settlement of Astoria. All of these figures are tangentially related to the topic. But, the passage doesn't give me any information about Gray.

I have to score this. Strictly speaking, since Robert Gray isn't mentioned, I'd give it a solid 0. It's the most accurate representation of its relevance to the user's query.

However, I could *broadly* say it's *somewhat* related, given it deals with the same historical context of Columbia River exploration that Robert Gray is part of. But, that's a stretch. Since there's no mention of the entity (Robert Gray), 0 is probably the best score.


",,Over-weighted topical relevance,Model B gave a positive relevance score based on broad thematic overlap (exploration of the Columbia River) even though the document completely omits the target entity ('Robert Gray') and provides no answer to the query.
527433,5121382,types of dysarthria from cerebral palsy,Symptoms can include: 1  drooping eyelids. 2  blurred or double vision. 3  facial muscle weakness. 4  difficulty swallowing. 5  slurred speech. 6  breathing difficulties.,0,0,1,"**My Assessment of Query Relevance**

Okay, so I'm looking at this query: ""types of dysarthria from cerebral palsy,"" and the provided passage. My immediate goal is to determine a relevance score, let's say between 0 and 3, based on how well the passage actually addresses the query.

Right off the bat, my intent with the query is crystal clear. I'm looking for specific *types* of dysarthria that are *caused by or associated with* cerebral palsy. Think spastic dysarthria, maybe dyskinetic or athetoid, ataxic, the usual suspects. I need that level of specificity.

Now, I look at the passage: ""Symptoms can include: 1 drooping eyelids. 2 blurred or double vision. 3 facial muscle weakness. 4 difficulty swallowing. 5 slurred speech. 6 breathing difficulties.""

Hmm... This passage is listing general symptoms. While ""slurred speech"" *is* a symptom of dysarthria, this symptom list is pointing to something more like myasthenia gravis or another neuromuscular condition, *not* cerebral palsy specifically. There's zero mention of CP itself, nor any explicit discussion of the different *types* of dysarthria.

So, how relevant is it? It's basically a glancing blow. The passage barely touches on dysarthria *because it includes slurred speech*, but it's completely off-topic in terms of addressing the nuances of the query regarding dysarthria *types* in cerebral palsy. While it does contain a single relevant symptom, it lacks all specifics. This is essentially irrelevant in the specific context of the question. Therefore, I'm leaning toward a relevance score of 0 or a marginal 1, but really, the complete lack of a connection to CP cements a 0. I will give it a relevance score of 0.


",,Over-weighted tangential mention,"Model B awarded a marginal relevance score (1) likely due to the document mentioning 'slurred speech', failing to recognize that the text completely lacks any mention of cerebral palsy or specific dysarthria types, rendering it entirely irrelevant (0)."
168216,2265769,does legionella pneumophila cause pneumonia,"A common cause of bacterial pneumonia is Streptococcus pneumoniae. Other bacteria can cause pneumonia, including Mycoplasma pneumoniae, Chlamydophila (Chlamydia) pneumoniae, Chlamydophila (Chlamydia) psittaci, and Legionella pneumophila. This illness, caused by Chlamydophila (or Chlamydia) pneumoniae, is most common in school-aged children and usually develops into mild pneumonia or bronchitis…. 2  Legionnaires’ Disease. 3  Legionella pneumophila causes more than 90% of outbreaks of Legionnaires’ disease, a severe form of pneumonia….",3,3,2,"**My Assessment of *Legionella pneumophila* and Pneumonia**

Okay, so I've got this passage, and I need to evaluate whether it answers the question of whether *Legionella pneumophila* causes pneumonia. The passage seems pretty straightforward. It says, essentially, ""Yes, *Legionella pneumophila* does cause pneumonia,"" specifically mentioning it as the cause of Legionnaires' disease, which is clearly a severe form of pneumonia.

Now, the instructions are guiding me toward a score of 0-3. I'm thinking this deserves either a 2 or a 3. The passage directly addresses the core issue, answering yes, but it includes some extra information about other bacteria and the specific disease outbreak scenario. Let's see... the rubric has a good explanation:

*   **Category 3:** If the passage answers the question and *only* refers to the specific topic.
*   **Category 2:** If the passage is on the entire topic and has important extra information.

The passage *directly* answers the question, and, while there's extra context, it's pretty important context given the specificity of the disease. While the definition for Category 3 is very exact, I'm going to opt for Category 3 for now, because the question is answered directly.


",,Missing Reasoning,"Model B failed to generate any reasoning trajectory to justify its score of 2, failing to explain why a passage that directly confirms Legionella pneumophila causes a severe form of pneumonia did not merit a top score."
1115776,994192,what is an aml surveillance analyst,Business Analyst Job Descriptions. The position of a Business Analyst is a highly specialized position with a plethora of challenges and responsibilities. Business analyst’s main responsibility is to ensure the operational efficacy and excellence of an organization.,0,0,1,"**Assessing the Relevance of Provided Information**

Okay, so the prompt is clearly focused on ""AML surveillance analyst"" – a very specific role within the financial crime space. I immediately recognize this as a specialized area, requiring expertise in regulatory compliance, transaction monitoring, and risk assessment related to money laundering and terrorist financing. The information provided is about a ""Business Analyst"". While both are analyst roles, that's where the connection ends. Business Analysts are involved in a wide range of activities such as improving processes, product development, and software implementations and that's not related to my domain. This description doesn't touch on the crucial aspects of AML – suspicious activity reports (SARs), transaction surveillance, regulatory reporting, or the intricate nuances of Know Your Customer (KYC) requirements. It's simply not relevant. Therefore, as an expert in AML, I'm assigning a relevance score of 0. It’s entirely unrelated to the requested information.


",,Superficial Keyword Matching,"Model B likely awarded a point based on the superficial lexical overlap of the word 'analyst', failing to recognize that a general Business Analyst role is entirely off-topic and irrelevant to an Anti-Money Laundering (AML) Surveillance Analyst."
264014,1610707,how long is life cycle of flea,"30-90 Days (Average). A flea might live a year and a half under ideal conditions. These include the right temperature, food supply, and humidity. Generally speaking, though, an adult flea only lives for 2 or 3 months. Without a host for food, a flea's life might be as short as a few days.",3,3,2,"**My Assessment of the Flea Lifespan Information**

Okay, so the user wants the lowdown on flea lifespans. This passage is pretty straightforward. It gives me the key information right off the bat: the average flea lifespan is 30 to 90 days. But, of course, things aren't always average, and I need to keep that in mind when dealing with this kind of biological data.

Beyond the average, it mentions a potential for a longer lifespan, up to a year and a half, if conditions are *perfect* – which I know is a rarity in the real world. However, the more common lifespan is shorter than that extreme; the adult flea only lives for 2 or 3 months. So, the passage hits all the relevant points, covering both the general range and the specifics of the adult stage, which is the bit that's likely the most relevant to control strategies. This is a solid 2 or 3 score; it's got the core data and addresses the broader concept of the lifecycle.


",,Missing Reasoning / Under-evaluation,Model B failed to provide any reasoning for its score and downgraded a document that directly and accurately answers the query with both average and conditional durations.
131843,988474,definition of a sigmet,A Tornado WATCH will be issued when conditions are favorable for the development of severe thunderstorms and tornadoes. The Storm Prediction Center (SPC) is the sole agency responsible for issuing a watch. A watch covers several thousands of square miles and generally lasts from two to six hours.,1,1,0,"**My Assessment of the Query's Relevance**

Okay, so the user wants a definition of a SIGMET. This text, however, is all about defining a *Tornado WATCH*. I get that they're both weather-related alerts, both within my wheelhouse. It's clear that the prompt is trying to define a warning of some sort - which isn't the definition of the term requested. The text doesn't mention SIGMETs at all, and it's essential to ensure accuracy of meteorological definitions. While both are in the domain of severe weather alerts, this passage is off-topic to the specific request, although it's closely related to the *general* topic of weather warnings and therefore, I should classify it as related, but not relevant. I think a score of 1 makes the most sense. It's tangentially related, but completely fails to provide the core information the user needs. Or 0 since it is not explicitly related.


",,Failure to recognize marginal relevance,"Model A recognized that the document belongs to the shared domain of severe weather alerts and definitions, appropriately awarding a score of 1 for tangential relevance. Model B failed to provide reasoning and adopted an overly strict threshold, scoring the document as 0 despite its topical connection."
1037798,8441717,who is robert gray,"Even before British Captain James Cook explored the northwest coast of North America by sea in 1778, explorers had hoped to find a passage to the Pacific through the waterways of the American continent.",0,0,1,"**My Assessment of the Query's Relevance**

Okay, so the user asked ""who is Robert Gray,"" and this text... well, it talks about Captain Cook's explorations of the northwest coast of North America in 1778. Interesting, relevant in a general historical sense *maybe*... but absolutely *nothing* about Robert Gray. We're talking about Pacific Northwest maritime history, sure, but the text makes no mention of the specific individual in question.

Given the complete absence of any information pertaining to Robert Gray, assigning a relevance score higher than a 0 (or a very generous 1, if we're being charitable and acknowledging the general geographic and historical context) would be inaccurate. There's simply nothing here to answer the user's query. The text doesn't provide any identifying information, biographical details, or any form of answer about who Robert Gray is. Therefore, a score of 0 is the most appropriate.


",,Over-weighted topical overlap,"Model B awarded a non-zero score to a document that completely fails to mention or identify the target entity, Robert Gray, over-crediting loose thematic context (Pacific Northwest maritime exploration) without providing reasoning to justify the match."
1112341,6164791,what is the daily life of thai people,"Rating Newest Oldest. Best Answer: Kingdomwide, the average Thai salary is around $3000USD per year. Construction workers make an average of $4.00 a day and work 6 days a week, 9-10 hours a day.More skilled positions can obviously make more. A Thai Hotel / Apartment General Manager can make the rare wages of between $500 and $750 a month.hailand has a daily minimum wage of about 180 baht per day but laws mean little here and many people work for less than that. People make due by working overtime 6 days a week and living together to share the costs.",2,2,1,"**My Assessment of the ""Daily Life of Thai People"" Inquiry**

Okay, so the user wants information on the *daily life* of Thai people. This particular response I've got focuses, to a significant degree, on the economic side – things like working hours, income, and shared living arrangements. It touches on aspects of daily routine, sure (working six days a week, long hours), and gives a glimpse into their living conditions, but it's heavily weighted towards the financial realities.

I'd place this squarely in Category 2. It *does* answer the query, providing some key details relevant to the daily life – specifically, the working environment and related things. However, it's not a comprehensive overview. The emphasis on wages and economic considerations overshadows other, potentially more nuanced aspects of daily life. Plus, I'm wading through extraneous forum stuff like ""Rating Newest Oldest. Best Answer,"" which dilutes the signal. So, I see the core information is there, but I'll need to sift through the noise to get to it and then expand on that to provide a more holistic understanding. I think I can do that, but I'll need to be mindful of its economic focus.


",,Missing Reasoning and Under-crediting Relevant Content,"Model B failed to provide any reasoning for its score and regressed to a score of 1, missing that daily working hours, overtime routines, and communal living arrangements directly inform the daily life and routines of Thai people."
182539,7637811,example of monotonic function,"Solutes can have different effects on surface tension depending on the nature of the surface and the solute: 1  Little or no effect, for example sugar at water|air, most organic compounds at oil|air. 2  Increase surface tension, most inorganic salts at water|air. 3  Non-monotonic change, most inorganic acids at water|air.",0,0,1,"**My Assessment of the Query's Relevance**

Okay, so the user wants an example of a monotonic function. This passage, however, is all about surface tension effects. I see mentions of ""Little or no effect,"" ""Increase surface tension,"" and ""Non-monotonic change..."" – and that's the closest it gets. It doesn't actually provide a mathematical definition or a concrete example of a monotonic function itself. The connection is extremely tenuous, bordering on irrelevant, mentioning only a term related to the query.

Considering my expert understanding, the ""non-monotonic change"" is the only thing even remotely related concept-wise, but it's used within a completely unrelated context. It's really just a passing mention. So, given the lack of direct answer or illustrative example, my score leans towards a minimal or no relevance. The best fit is a 0, maybe a 1 at a stretch, but certainly not high. It barely touches on the topic. Let's go with 0.


",,Over-weighted lexical overlap,"Model B likely awarded a point solely due to superficial keyword overlap ('non-monotonic'), whereas Model A correctly evaluated the intent of the query and recognized that a passing mention of non-monotonic surface tension changes does not provide an example of a monotonic function."
1063750,3610440,why did the us volunterilay enter ww1,"The Sussex Pledge was a promise made in 1916 during World War I by Germany to the United States prior to the latter's entry into the war.Early in 1915, Germany had instituted a policy of unrestricted submarine warfare, allowing armed merchant ships, but not passenger ships, to be torpedoed without warning.n 1917, Germany became convinced they could defeat the Allied Forces by instituting unrestricted submarine warfare before the United States could enter the war. The Sussex pledge was therefore rescinded in January 1917, thereby initiating the decisive stage of the so-called First Battle of the Atlantic.",1,1,2,"**Analyzing the WW1 Entry Question**

Okay, so the question is *why* the US voluntarily joined World War I. This passage is interesting because it circles around the issue, but doesn't quite land the plane on the *decision* itself. It zeroes in on the Sussex Pledge and Germany's shifting submarine warfare tactics, including the 1917 rescission, which, I know, were definitely major catalysts. But, as an expert, I'm looking for the *explicit* articulation of the US's motivations. It gives context, sure – and it's essential background – but it doesn't quite get to the heart of *why* the US *decided* to act. I'd give this a score of 1. It's related, of course, but it's more about Germany's strategic missteps than the United States' definitive choice. It's close, it gives related causes, but not *the* direct answer. It's essentially talking about the *context* of the Sussex Pledge and Germany's strategy.


",,Confused context with direct answer,"Model B overestimated the relevance of the text, mistaking historical background context regarding German submarine warfare and the Sussex Pledge for a direct explanation of the United States' internal motivations and decision to enter the war."
104861,4720305,cost of interior concrete flooring,1 The best engineered floors have a Lifespan anywhere from 30 - 100 years. 2  Using an engineered wood floor allows you to have a wood floor on any grade level. 3  Engineered hardwood flooring can be used on wood subfloors or dry concrete slabs.,0,0,1,"**My Assessment of the Query's Relevance**

Okay, so the user's asking about the cost of *interior concrete flooring*. That's the core of the question. This text, though, is all about *engineered wood flooring*, specifically its lifespan and its suitability for installation on concrete slabs. Hmm. It mentions concrete slabs, sure, but only as a *subfloor* for a completely different material.

The connection is extremely tenuous. It's like asking about the price of a car and getting information on the type of tires that could be used on it, but the information says nothing about the car's costs. It might touch on the *general* domain of flooring and the base material underneath, but it completely misses the mark when it comes to the crucial detail of the *cost of concrete flooring*.

Relevance is practically zero, maybe a weak one at best, because of the subfloor reference. I'd give it a category of 0 or a very low 1. It offers zero direct information on the actual *cost* of the material the user is interested in, and focuses on a different flooring type entirely. This text is not helpful in answering the query.


",,Superficial keyword matching,"Model B likely awarded a score of 1 due to the superficial presence of keywords ('concrete', 'floors'), failing to recognize that the text discusses engineered wood flooring over concrete subfloors and contains no information about concrete flooring or costs."
573724,8272972,what are the social determinants of health,"But much of the responsibility of the social inequity that leads to different health outcomes lies elsewhere. Health is affected by policies in other sectors, such as education, taxation, transport, and agriculture too.",1,1,2,"**My Assessment of Relevance**

Okay, here's how I see it. The query is ""what are the social determinants of health,"" and the passage touches upon that area, but doesn't quite nail it. It's not a direct hit, like a definition would be, but it's *related*. It gives me concrete examples – education, taxation, transport, agriculture – as factors that impact health outcomes. It even mentions social inequity, which is a key concept linked to the determinants.

So, while it doesn't give me the full, explicit definition, it's pointing in the right direction. It's talking about the *effects* and *examples* of these determinants, rather than explicitly stating what *they are*. Because of this partial connection and the lack of explicit definition, I'm leaning toward a score of **1**. A score of 2 might be possible given the examples, but it's not a strong hit. My final answer is 1.


",,Over-estimated relevance,"Model B overscored the document as fully relevant (2) instead of partially relevant (1), failing to recognize that merely listing sectors and policy areas that impact health does not directly answer the query defining what social determinants of health are. Additionally, Model B failed to generate reasoning to justify its score."
148538,7407803,difference between rn and bsn,"Cancel. The difference between an RN and a BSN is that an RN is a title for a registered nurse, while a BSN stands for a Bachelor of Science in nursing. Learn about the differences between degrees and licenses with help from a licensed RN in this free video on nursing jobs and health care.",3,3,2,"**Analyzing the Query and Passage**

Okay, so the user wants to understand the ""difference between RN and BSN."" Straightforward enough. My initial assessment is that this text seems perfectly tailored to address that question. The passage explicitly states it's about the distinction and dives right into the core issue: RN is a *title* or *license* for a registered nurse, and BSN stands for a Bachelor of Science in Nursing, which is a *degree*. It's a clean, direct answer, focusing on the fundamental difference. The video description text makes it crystal clear this is the core topic. No need to overcomplicate this; it's a direct explanation of two different classifications.


",,Under-crediting Concise Answer,"Model B failed to recognize that the passage directly and accurately answers the core question in its first sentence (RN is a license/title, BSN is a degree), likely downgrading it to 2 because the passage appears to be a brief video description rather than an in-depth article."
1117099,714808,what is a active margin,1 Convergent boundaries (Destructive) (or active margins) occur where two plates slide toward each other to form either a subduction zone (one plate moving underneath the other) or a continental collision.,3,3,2,"**My Understanding of Active Margins**

Okay, so the user wants a definition of ""active margin."" This is straightforward enough; the passage dives right in. Essentially, an active margin *is* a convergent boundary. Specifically, it's where two tectonic plates are colliding or sliding towards each other. This collision can manifest in two key ways: either a subduction zone is formed, with one plate diving beneath the other, or we see a continental collision. The passage is concise and directly addresses the question, making the definition clear. I'd give this a solid 3.


",,Missing Reasoning,"Model B regressed by failing to output any reasoning to justify downgrading a directly relevant passage from a 3 to a 2. The document clearly and concisely defines an active margin as requested by the query, making the score of 2 an unjustified under-scoring."
1114819,7567806,what is durable medical equipment consist of,"Home health care, the Medicare option and generally considered for short-term treatment lasting approximately six weeks. The home health agency must continue to prove to Medicare that the patient has a need for skilled care. Home health care gives on average less than 28 hours per week. 1  Applies to Medicare rules and regulations. 2  A patient is homebound. 3  Co-payments apply.  Durable medical equipment like wheelchairs and oxygen concentrators, medications are partially paid for by the home health agency.",2,2,1,"**My Assessment of the Query**

Okay, so the user is asking a pretty straightforward question: what *is* durable medical equipment, or DME, specifically in the context of home healthcare. The passage provides a decent starting point, but it's buried in a lot of context about home health agency rules and coverage. It's not a direct, comprehensive definition, but it does offer a couple of good examples: wheelchairs and oxygen concentrators. The user likely wants a more complete picture, not just these two examples, so I need to make sure to emphasize the lack of a definitive definition here, while still highlighting the provided examples. Overall, the provided information is a partial answer with lots of surrounding, potentially unhelpful, data.


",,Missing Reasoning / Under-crediting Partial Match,"Model B failed to provide any reasoning and underranked the passage, missing that the specific examples provided (wheelchairs and oxygen concentrators) partially answer what durable medical equipment consists of."
104861,5688423,cost of interior concrete flooring,if you wanted an 800 grit polish which is still very reflective there aren t as many steps so the price is decreased polished concrete in general can range anywhere from $ 2 00 per square foot to $ 7 00 per square foot glossy floors before giving an estimate takes the time to examine the floor very carefullyf you wanted an 800 grit polish which is still very reflective there aren t as many steps so the price is decreased polished concrete in general can range anywhere from $ 2 00 per square foot to $ 7 00 per square foot glossy floors before giving an estimate takes the time to examine the floor very carefully,2,2,3,"**Analyzing the Relevance of ""Cost of Interior Concrete Flooring"" Information**

Okay, so the user wants to know about the *cost* of interior concrete flooring, specifically. My initial read of the provided text suggests it's a decent match, but I need to dive deeper to provide an accurate assessment. The text directly mentions polished concrete flooring costs, which, while *a* type of interior concrete flooring, isn't necessarily a comprehensive answer to the broader query.

I see it provides a price range of $2.00 to $7.00 per square foot for polished concrete. That's a valuable data point. I also note that the text mentions factors like grit (800 grit polish, which I assume is related to the finish) impacting the price. So far, so good.

However, I'm detecting some duplication or slightly unclear phrasing. This *could* be because it's focusing specifically on polished concrete, and not other finishes or forms. I have to penalize it slightly for that. I also think it focuses specifically on polishing rather than the full cost of the flooring (including prep, etc.)

Given these observations, I'm inclined to rate this as a 2 or 3. I lean toward a 2, honestly, because it zeroes in on a very specific aspect of the broader topic, and its presentation might be a little clunky. A 3 *might* be defensible if the user is *specifically* interested in polished concrete, but as the query is more generic I have to give it a 2.


",,Ignored Nuance,"Model B failed to account for the mismatch in scope between a broad query about 'interior concrete flooring' and a narrow document focusing solely on polished concrete finishing costs, leading it to overrate the passage as fully relevant."
1103812,4726842,who formed the commonwealth of independent states,"Virginia is one U.S. state that still applies the commonwealth designation to their name. Puerto Rico is one U.S. territory that is a commonwealth. Canada is a part of the Commonwealth of Nations, as it was formerly part of the British Empire.",0,0,1,"**My Initial Assessment of the Query**

Okay, so the user wants information on the founding or formation of the Commonwealth of Independent States – the CIS, right? The post-Soviet alliance. I immediately recognize the term, thankfully.

But, I'm reading this text, and it's drifting off into completely unrelated territory. It's talking about US states like Virginia, and then Puerto Rico, referencing them as ""commonwealths."" Then it jumps to the Commonwealth of Nations, which, while also using the term ""commonwealth,"" is completely different in scope and historical context. I'm shaking my head; this passage has absolutely nothing to do with what the user is after. This is not helpful. It's a blatant non-sequitur. I need to clarify and make sure the user's question is properly addressed. This is not the information I need.


",,Superficial Keyword Matching,"Model B regressed by awarding a relevance score of 1 without providing reasoning, likely triggered by superficial keyword overlaps ('commonwealth', 'state') rather than disambiguating the specific historical entity requested in the query (the Commonwealth of Independent States)."
207786,8724506,how are some sharks warm blooded,The world's biggest shark is the Whale Shark (a shark is a fish).,0,0,1,"**Analyzing the Relevance of the Text**

Okay, so the query is asking about the mechanism behind warm-blooded sharks. My immediate thought is, this passage, while it *mentions* sharks and the whale shark, it doesn't actually *address* the question of thermoregulation. The text's statement about the whale shark being the biggest is interesting trivia, but it's irrelevant to the core issue. It's like someone asking about the thermodynamics of a heat engine and you respond by saying, ""The biggest heat engine is the one used in..."" It's not helpful. My assessment is that this text is completely off-topic; it is unrelated to how some sharks are warm-blooded. Therefore, this gets a firm 0.


",,Superficial Keyword Matching,"Model B gave a non-zero relevance score likely due to the presence of the keyword 'shark', failing to recognize that the document contains no information regarding the specific mechanism of thermoregulation asked about in the query."
359349,68647,how to find the midsegment of a trapezoid,Extended Conjecture: (Trapezoid Midsegment Conjecture): The midsegment of a trapezoid is parallel to the bases and is equal in length to the average of the lengths of the two bases. Explanation: A midsegment of a trapezoid is a segment that connects the midpoints of the two non-parallel sides of a trapezoid. This segment has two special properties. It is parallel to the bases of the trapezoid. The length of the midsegment is the average of the lengths of the two bases. Remember that the bases of a trapezoid are parallel. Key Curriculum Press can provide demo versions of Geometer's Sketch Pad.,3,3,2,,,Hallucinated Requirement,"Model B penalized the document for lacking explicit step-by-step procedural steps or a formal algebraic formula, failing to recognize that stating the midsegment equals the average of the two bases directly and fully answers how to find it."
1112341,1373648,what is the daily life of thai people,"Thai, also known as Siamese or Central Thai, is the national and official language of Thailand and the native language of the Thai people and the vast majority of Thai Chinese. Thai is a member of the Tai group of the Tai–Kadai language family. Over half of the words in Thai are borrowed from Pali, Sanskrit and Old Khmer. It is a tonal and analytic language. Thai also has a complex orthography and relational markers.",1,1,0,"**Assessing the Relevance of the Provided Text**

Okay, so the user's query is focused on the *daily life* of Thai people. My analysis of the text is pretty straightforward. While it does delve into aspects of the Thai language, like its linguistic classification, etymological origins of words, and general characteristics, it's missing the mark. It touches on aspects of Thai culture, because language is central to culture, but it has absolutely nothing to do with how people live their lives day-to-day.

Therefore, I'd score this a 1. A score of 0 might be appropriate if there was *no* connection, but because it explicitly refers to the Thai language and therefore implicitly to Thai culture and people, I can see a tenuous link that makes it at least ""somewhat"" relevant but not directly answering the query. The text's connection to the topic is undeniable, but its relevance to the actual *question* is practically nil. It's connected to ""Thai"" but not the ""daily life"" aspect.


",,Ignored Topical Overlap,"Model B failed to recognize marginal/tangential relevance (topical overlap with 'Thai people' through language and culture) and provided no reasoning, resulting in an overly strict score of 0 instead of acknowledging partial relevance with a score of 1."
1106007,1040867,define visceral?,"Psychologically, water is the metaphor and symbol for emotion. The second chakra deals with gut instincts, basic emotions such as fear, rage, and joy and basic interpersonal emotions that are often unspoken. The second chakra also rules the kidneys, which is where we eliminate our water.",0,0,1,"**My Assessment of the Query's Relevance**

Okay, so the user wants a definition of ""visceral."" My analysis of the provided text is pretty straightforward, and quite disappointing, actually. While it touches on concepts *related* to the emotional and physical experience, particularly through the lens of the second chakra, water imagery, gut instincts, basic emotions, and even the kidneys, the damn thing doesn't directly define ""visceral"" at all!

The passage dances around the periphery, hinting at something akin to ""gut instincts,"" which is *conceptually* adjacent to visceral feelings. But, in terms of providing a direct answer to the query, it's a non-starter. I have to assess its relevance as either extremely low or, if I'm being generous and drawing very loose conceptual connections, only tangentially related at best. It just doesn't deliver the goods. A total miss, really. This isn't even touching the issue.


",,Over-weighted topical adjacency,"Model A correctly identified that although the document mentions 'gut instincts' and basic emotions, it completely fails to define the word 'visceral', justifying a score of 0. Model B regressed by awarding a point of relevance, likely over-crediting the loose conceptual association with gut feelings rather than evaluating whether the document answered the definitional query."
1112341,4390797,what is the daily life of thai people,": a person born, raised, or living in Thailand. : a person whose family is from Thailand. : the language of Thailand. See words that rhyme with Thai Spanish Central: Translation of Thai Nglish: Translation of Thai for Spanish speakers Britannica English: Translation of Thai for Arabic speakers.",0,0,1,,,Over-weighted keyword overlap,"Model B gave partial credit simply because the document defines 'Thai' and mentions people living in Thailand, confusing lexical keyword overlap with relevance to the user's specific informational need regarding daily life and culture."
264014,5950722,how long is life cycle of flea,"1 Fleas pass through a complete life cycle of four stages.  made up of 50% eggs, 30% larvae, 15% pupae and only 5% biting adults. 1  Completion of the life cycle from egg to adult varies from two weeks to eight months.  Normally the female flea lays about 15 to 20 eggs per day up to 600 in a lifetime.",3,3,2,"**My Assessment of the Flea Life Cycle Information**

Okay, so the user wants to know how long a flea's life cycle is. Simple enough. The text directly provides the answer: ""Completion of the life cycle from egg to adult varies from two weeks to eight months."" Perfect. That's the core of the question, and it's concise.

But, the text also gives some extra details. It mentions the different stages, the proportion of each stage (like 50% are eggs, that's useful context), and egg-laying rates. That's where I have to decide if it's a category 2 or 3. The life cycle length is the *entire* topic. However, the details provided are related to the life cycle, but not the direct answer to the length of it. It *does* fit into category 3 nicely, because it gives a direct answer with high precision on the *topic*. While the extra information is related, it is not strictly required.


",,Missing Reasoning,"Model B failed to generate any reasoning trajectory to justify its score, likely silently over-penalizing the supplementary background details instead of recognizing that the passage directly and precisely answers the query with 'two weeks to eight months'."
573724,8301492,what are the social determinants of health,"Social structure. In the social sciences, social structure is the patterned social arrangements in society that are both emergent from and determinant of the actions of the individuals.",0,0,1,"**Analyzing the Relevance of This Response**

Okay, so the query is straightforward: ""what are the social determinants of health."" This text? It dives into ""social structure"" from a social science perspective, which *could* be tangentially related through sociology, but it completely misses the mark on *health* and, critically, the *determinants* aspect. It's like talking about the foundation of a house when someone asked about the heating system – vaguely related, but not at all helpful.

While the words ""social"" and ""determinant"" do appear, they're used in a completely different context. Therefore, after careful consideration, I'd score this either a 0 or a 1. Given the precision required to answer such a specific query, and the lack of any direct relevance to health or health determinants, I am leaning toward a score of 0. The passage has *nothing* to do with the core of the question.


",,Superficial Keyword Matching,"Model B awarded relevance based on surface-level lexical overlap with the terms 'social' and 'determinant', failing to recognize that the document completely ignores the core topic of health and uses those terms in an irrelevant sociological context."
148538,6434592,difference between rn and bsn,BSN grads only make about $1 more than an Associates Degree RN in a staff nurse position. A BSN RN working in something like Public Health or some other administrative or leadership position might make more like $35-$45 per hour (or more).,2,2,1,"**Analyzing the RN vs. BSN Distinction**

Okay, so the user wants the difference between an RN and a BSN. This passage is clearly digging into *some* of that, specifically looking at the salary and job implications. I see it's comparing Bachelor of Science in Nursing (BSN) grads to Associate Degree RNs, so it's touching on a piece of the puzzle – the practical differences in pay and potentially career trajectory.

However, and this is key, it's not a *complete* answer. The query's about the RN *vs.* BSN distinction, and this passage focuses on comparing *degree-holding RN's*, rather than defining the very core difference. It's important to remember that RN is a license, and the BSN is a specific degree that can earn someone that license.

So, while it does provide *some* relevant information about salary and potential roles—a tangible difference that’s useful—it's not a full definition. It’s certainly not a comprehensive overview of the whole RN vs BSN conversation. It gives us a clue, but we need more. It leans towards answering part of the practical differences, so I think a category 1 or 2 is appropriate. Considering it addresses some of the relevant aspects and makes it fit into category 1 or 2. I'm leaning more towards a category 1, as it only partly answers the query.


",,Missing Reasoning,"Model B failed to provide any chain of thought or reasoning to justify its evaluation, resulting in an ungrounded and regressed score of 1 compared to the human benchmark of 2."
1133167,6157109,how is the weather in jamaica,"What's the Weather Like in Montego Bay in April. Temperature. Very similar to March's temperature averages, April is warm, with a little more rain possible, as we head towards the start of the wet season. You can expect a pleasant 26°C average during the day, with a high of around 29°C. Rain",2,2,1,"**My Assessment of the Jamaica Weather Query**

Okay, so the user's asking about the weather in Jamaica. This response *partially* answers the question, but it's important to be precise. It doesn't give a general overview of the entire country's weather; instead, it focuses specifically on Montego Bay in April. That's good, it's *related* to Jamaica, and it *does* provide specific weather information, but it's limited in scope.

Therefore, this falls into that ""presents something very important related to the entire topic but also has some extra information"" category. It has a specific answer regarding location and date, but it needs to be made clear that this is only applicable to a single city and month. The information is present but requires a bit of parsing for the broader Jamaica question. It's not a direct, all-encompassing weather report for the entire island. I'll need to clarify that when formulating the actual response.


",,Missing Reasoning and Over-penalized Specificity,"Model B provided no reasoning to justify its downgrade from 2 to 1, failing to recognize that weather details for Montego Bay directly provide relevant, partial geographic information about Jamaica's weather."
104861,11794,cost of interior concrete flooring,"Needed repairs to flooring, siding, deck or interior trim because of water damage, dry rot or other problems can add $50-$1,000 or more to the total cost, depending on the extent of the damage. 1  If not included, a sliding screen door can add $35-$150, or a retractable model can cost $100-$400.",0,0,1,"**Analyzing the Relevance of This Inquiry**

Okay, so the user's question focuses on the cost of interior concrete flooring. My initial assessment is that the provided text doesn't directly address that question. It touches on broader flooring repair costs, trim, siding, and even sliding screen door costs, which are related to home maintenance or remodeling. However, there's absolutely nothing specific to the cost of *concrete* flooring.

Because it mentions general flooring repairs, I'd say there's a *marginal* connection. It acknowledges the existence of ""flooring"" costs, but it's not truly answering the user's question. Therefore, I’m leaning towards a score of either 0 or 1. Given that there's even a vague connection because of the general flooring mention, it's a very light, weak, positive correlation at most. It's important to be accurate.


",,Over-weighted superficial keyword overlap,"Model B awarded a point likely based on the surface-level presence of keywords like 'flooring' and 'interior', failing to recognize that general repair costs for water damage do not address the specific cost of concrete flooring."
264014,5611216,how long is life cycle of flea,"If humans had the jumping power of a flea, a 1.8-m (6-ft) person could make a jump 90 m (295 ft) long and 49 m (160 ft) high. Researchers with the University of Cambridge in England found that fleas take off from their tibiae and tarsi (the insect equivalent of feet) and not their trochantera, or knees.enerally speaking, an adult flea only lives for 2 or 3 months. Without a host for food a flea's life might be as short as a few days. With ample food supply, the adult flea will often live up to 100 days.",2,2,1,"**Analyzing the Flea Lifecycle Information**

Okay, so the user wants to know the full lifecycle of a flea, and this passage...well, it's getting there, but it's not quite delivering. The query is straightforward: ""how long is the life cycle?"" and the passage unfortunately doesn't give a complete answer. Instead, it seems to focus on some general information first before getting to the adult's lifespan.

I can see that the text *does* give a specific piece of data, the lifespan of the adult flea: 2-3 months normally, or up to 100 days with plentiful food. But, it makes me work for it, burying that crucial detail amidst somewhat irrelevant jumping facts. It's not a *direct* answer, but it's a piece of the puzzle. I'd categorize this as a ""close but not quite"" situation. It's got something, but I'll need to dig deeper for a comprehensive overview of the egg, larva, and pupa stages to give a fully detailed explanation.


",,Undervalued Partial Information,"Model B failed to recognize that providing the lifespan of an adult flea constitutes a relevant partial answer to the query about the flea's life cycle, resulting in an overly harsh score of 1 instead of acknowledging partial relevance with a score of 2."
1063750,4823168,why did the us volunterilay enter ww1,"So, Germany invaded Belgium in 1914 in order to knock France out of the war quickly, thus avoiding a 2 front war.The major flaw in the plan was that Germany did not think invading Belgium would bring Britain into the war against them.ammianus · 6 years ago.E: Why did Germany invade Belgium during WW1? Why did they Attack neutral Belgium, when it was Neutral and it Caused Britain and the British Commonwealth... I don&#39;t understand, why would you attack a neutral country causing the world superpower to declare war when you already have France and Russia to defeat....",0,0,1,,,Over-weighted topical overlap,"Model B gave partial credit because the document discusses causes of countries entering World War I, failing to notice that the text exclusively concerns Britain and Belgium in 1914 and provides zero information about the United States."
1103812,947378,who formed the commonwealth of independent states,"This resulted in the USSR, the Union of Soviet Socialist Republics. As to how Russia became the Soviet Union, it did not actually become the Soviet Union.. Immediately after the Russian Revolution, the Russian empire was renamed the Russian Socialist Federated Socialist Republic (RSFSR).",0,0,1,"**Assessing the Relevance of the Text**

Okay, here's the deal. I got a query about the formation of the Commonwealth of Independent States, the CIS. My immediate assessment of the text is that it's off-target. While it delves into the transformation from the Russian Empire to the RSFSR and then the USSR, it completely skips over the actual genesis of the CIS. I'm not seeing any direct connection to the individuals or events that led to its creation. Historically, there's a tangential relationship, given the context, but that's it. It’s a complete mismatch in terms of the specific query. I'm assigning it a relevance score of zero, maybe, MAYBE, a tiny fraction above zero due to the broader historical context. It's simply not what I'm looking for. Time to move on and find something that actually answers the question.


",,Over-weighted topical overlap,"Model B awarded relevance to a document discussing the early formation of the USSR rather than the Commonwealth of Independent States (CIS), confusing general Soviet history with the specific entity requested in the query, and provided no reasoning to justify the score."
1117099,6122722,what is a active margin,"Best Answer: An active margin is a tectonic plate boundary, a passive margin is a compositional transition within a tectonic plate. As you probably know the theory of plate tectonics posits the outer layer of the Earth consist of plates which move relative to each other driven by convection in the Mantle.",3,3,2,"**My Assessment of the Query and Passage**

Okay, so the user's question is straightforward: ""What is an active margin?"" The passage presented gives a direct and concise definition: ""An active margin is a tectonic plate boundary...""  It then goes on to offer relevant contextual information, specifically delving into the concepts of plate tectonics and contrasting active margins with passive margins. This is exactly the kind of definition they're looking for! Considering the directness of the answer, this clearly falls into either category 2 or 3 of potential responses. But because it's providing a concise definition, directly responding to the user's query, I'd say this fits category 3 perfectly. There's no ambiguity or inferred meaning here; the passage is explicitly and efficiently answering the core question.


",,Missing Reasoning / Underscoring Direct Answer,"Model B failed to generate any reasoning to justify its score and downgraded the passage to a 2, despite the first sentence providing a direct, concise, and accurate definition that fully answers the query (meriting a top score of 3)."
1129237,5906130,hydrogen is a liquid below what temperature,"Rating Newest Oldest. Best Answer: Hydrogen, like water, can exist in 3 states....Solid, Liquid and Gas Its temperature as a solid is −259.14 °C' Hydrogen melts to liquid at −252.87 °C. It boils and vaporises at -252.125 °C Just cooling or compressing Hydrogen won't liquefy or freeze it.",3,3,2,"**My Assessment of the Hydrogen Liquefaction Question**

Okay, so the user wants to know the temperature at which hydrogen is a liquid. Straightforward enough. The text provides the key information, though I had to sift through a little fluff and some encoding artifacts. I saw it mentions the boiling and vaporization point at -252.125 °C. Since it boils *at* that temperature, it's liquid *below* it. Perfect! It even gives the melting point, but the boiling point is the key data point here for answering the question directly, which is what I was looking for.

While the answer is present and direct, the surrounding text isn't as clean as I'd like. It's got that Yahoo Answers feel to it, and a bit of minor formatting noise. It's a solid answer, but it's not a pristine, textbook entry. Therefore, I'm leaning toward a score of 2 or 3. It nails the core of the query, but the presentation could be a bit cleaner. I'd give it a solid 2.5 if I could, but given the range available, 2 or 3 is the best evaluation.


",,Missing Reasoning,"Model B failed to generate any reasoning to justify its evaluation and downgraded a directly relevant answer from 3 to 2, likely being overly conservative or failing to recognize that the document directly answers the query with the boiling point."
1115776,7129173,what is an aml surveillance analyst,Looking for the definition of AML? What does AML stand for? Find out it here! 427 meanings for AML abbreviations and acronyms on acronymsandslang.com The World's most comprehensive acronyms and slang dictionary! Last Added,0,0,1,"**My Assessment of the Query's Relevance**

Okay, so the user's asking about an ""AML surveillance analyst."" My initial thought is that this isn't going to be a straightforward answer. The snippet I pulled up is from an acronym dictionary – the kind that just poses the question ""What does AML stand for?"" and offers no real definition, let alone anything related to a specific role. It's the most generic of entries, more of a placeholder, really. This isn't even touching on the nuances of the *surveillance analyst* aspect. Basically, it's irrelevant to the core question, maybe a tangential connection at best, but certainly not helpful in understanding the role. So, a score of zero is warranted here. I need to look elsewhere.


",,Superficial Keyword Matching,"Model B awarded relevance to a completely uninformative acronym dictionary landing page, likely over-weighting the superficial presence of the term 'AML' while failing to recognize that the document provides no information about the job role or even the specific meaning of the acronym."
207786,1085406,how are some sharks warm blooded,"1 Bull sharks are the most dangerous sharks in the world, according to many experts. 2  This is because they're an aggressive species of shark, and they tend to hunt in waters where people often swim: along tropical shorelines. 3  Bull sharks live throughout the world, in shallow, warm ocean waters. Facts about Bull Sharks: 2  Bull sharks are the most dangerous sharks in the world, according to many experts. 3  This is because they're an aggressive species of shark, and they tend to hunt in waters where people often swim: along tropical shorelines. 4  Bull sharks live throughout the world, in shallow, warm ocean waters.",0,0,1,"**Analyzing the Relevance of the Query**

Okay, so the question is about how some sharks maintain higher internal temperatures, basically the biological mechanisms of endothermy or regional endothermy. My brain immediately jumps to the Lamnidae family, Great Whites and Salmon sharks, those are the usual suspects. I need to be thinking about counter-current heat exchange, specialized vasculature, and how they generate and conserve heat.

But, reading the provided text, it's completely off-track. It's talking about bull sharks, their aggressive behavior, and warm ocean waters. ""Warm ocean waters""? That's a distraction. That tells me absolutely nothing about the underlying physiology. It's like talking about the environment a penguin lives in instead of the penguin’s adaptations. This has nothing to do with the mechanism of warm-bloodedness in any shark, or the type of shark specified. There is no information relevant here. Therefore, I’m giving this a resounding zero. This text is useless for answering the question. Back to the literature!


",,Superficial Keyword Matching,"Model B awarded relevance likely due to lexical overlap with keywords like 'sharks' and 'warm', failing to recognize that the document merely discusses bull sharks living in warm ocean waters rather than the physiological mechanisms behind warm-bloodedness."
183378,5534711,exons definition biology,"Introns and exons are parts of genes. Exons code for proteins, whereas introns do not. A great way to remember this is by considering introns as intervening sequences and exons as expressed sequences. According to researchers, there are an average of 8.8 exons and 7.8 introns per human gene.",3,3,2,"**Relevance Assessment: Exons Definition in Biology**

Okay, so the task is to rate the relevance of this passage to the query ""exons definition biology"" on a scale of 0 to 3. Let's see... the passage reads: ""Introns and exons are parts of genes. Exons code for proteins, whereas introns do not. A great way to remember this is by considering introns as intervening sequences and exons as expressed sequences. According to researchers, there are an average of 8.8 exons and 7.8 introns per human gene.""

My first impression is that it's spot on. The intent of the query is clearly a definition of exons in a biological context. The passage explicitly defines exons as ""parts of genes,"" states that ""Exons code for proteins,"" and further clarifies their function as ""expressed sequences."" It also briefly mentions introns, which is common when discussing exons, as they are naturally tied together.

The passage is concise, accurate, and directly addresses the core of the query: the definition of exons. The definition is clear and easily understood. Now, given that the scale is 0-3, and that 3 is defined as ""represents that the passage is dedicated to the query and contains the exact answer,"" I think it solidly fits a 3. It's almost *too* perfect in its fit. It gives a direct and accurate definition. Maybe the brief mention of introns could bump it down to a 2 since it does mention it, but ultimately the passage does give the exact answer to the query ""exons definition biology"". Therefore, it's a 3.


",,Over-penalized tangential information,"Model B likely downgraded the passage from a 3 to a 2 by over-penalizing the co-occurrence and explanation of introns, failing to recognize that contrasting exons with introns is standard biological context and that the text directly and comprehensively provides the exact definition requested."
168216,6264732,does legionella pneumophila cause pneumonia,"Legionnaires' disease, also known as legionellosis or Legion fever, is a form of atypical pneumonia caused by any type of Legionella bacteria.Over 90% of cases of Legionnaires' disease are caused by Legionella pneumophila. Other causative species include L. longbeachae, L. feeleii, L. micdadei, and L. anisa.he length of time between exposure to the bacteria and the appearance of symptoms is generally two to 10 days, but can rarely extend to as much as 20 days. For the general population, among those exposed between 0.1 to 5% develop disease, while among those in hospital between 0.4 to 14% develop disease.",3,3,2,"**My Assessment of the Query and Passage**

Okay, so the user wants to know if *Legionella pneumophila* causes pneumonia. The passage clearly states that Legionnaires' disease, which is a form of atypical pneumonia, is caused by *Legionella* bacteria, and over 90% of those cases are caused by *Legionella pneumophila*. Bingo, that directly answers the question. I'm taking into account the specifics, as well as the important extra information regarding the form of pneumonia being 'atypical' and the causal agent being a type of bacteria.

Now, where does this fit in the categorization? It's definitely a direct answer, the passage is dedicated to the query, and provides the essential information. The additional context about the name, type of pneumonia and specifics of the bacteria seems relevant in explaining the answer. It's not *just* a ""yes"" or ""no"" answer.

Let's look at the options again. Category 3 says the passage is dedicated to the query and contains the exact answer. Category 2 presents something very important to the topic, but with extra information. Technically, it fits both categories, but with the additional context, it is not simply the exact answer. It's a close call. Strictly speaking, Category 3 would seem the best fit. Given that the passage discusses Legionnaires' disease, which is the specific focus of the query.


",,Under-grading direct answer,"The passage provides a direct, comprehensive affirmative answer to whether Legionella pneumophila causes pneumonia (identifying it as the cause of over 90% of Legionnaires' disease, a form of atypical pneumonia). Model B regressed by failing to recognize the passage as a fully dedicated, exact answer (Score 3), likely demoting it to Score 2 due to the presence of supplementary clinical context."
1110199,3110637,what is wifi vs bluetooth,"Generally, Bluetooth streams audio at a lower quality and over less distance than Wi-Fi-based technologies. Wired Connectivity: The Echo has no wired inputs, meaning it can only play audio using the wireless capabilities described above.",2,2,1,"**Evaluating the Relevance of the Passage**

Okay, so I'm looking at this passage in relation to the query ""what is wifi vs bluetooth."" My initial assessment? It's *partially* relevant. The passage *does* address a key point of comparison: audio quality and range. That's a direct connection to the ""vs"" aspect of the query, making it fall into category 2 (presents something important related to the comparison, but has extra information/limited scope).

However, it's limited in scope. The comparison is *solely* within the context of audio streaming, specifically referencing the Echo device, and the specifics of the Echo are actually extraneous information. While the core comparison is there, it’s narrowed significantly by that specific use case. I need to keep that in mind when judging its overall helpfulness. This would be a decent starting point for someone not familiar with the topic, but it's far from a comprehensive answer. It raises an important aspect, but needs significant expansion and context.


",,Under-weighted Partial Relevance,"Model B regressed to a score of 1 by failing to recognize the explicit comparison between Wi-Fi and Bluetooth regarding range and audio quality, likely over-penalizing the passage for its narrow context and extraneous details about the Echo device. Additionally, Model B failed to output any reasoning to justify its lower score."
1124210,2258596,tracheids are part of _____.,"Woody angiosperms have also vessels. The mature tracheids form a column of superposed, cylindrical dead cells whose end walls have been perforated, resulting in a continuous tube called vessel (trachea) . Tracheids are found in all vascular plants and are the only conducting elements in gymnosperms and ferns.Tracheids have Pits on their end walls. Pits are not nearly as efficient for water translocation as Perforation Plates found in vessel elements.oody angiosperms have also vessels. The mature tracheids form a column of superposed, cylindrical dead cells whose end walls have been perforated, resulting in a continuous tube called vessel (trachea) . Tracheids are found in all vascular plants and are the only conducting elements in gymnosperms and ferns.",2,2,1,"**Analyzing the Botanical Conundrum**

Alright, let's break this down. The user's query is a simple fill-in-the-blank: ""tracheids are part of _____."" Classic botanical knowledge. My immediate thought is, of course, xylem. Vascular tissue is another acceptable answer, as are vascular plants themselves.

Now, the text offered here adds a layer of complexity. It mentions that tracheids are *present in all vascular plants* and are *the only conducting elements in gymnosperms and ferns.* Okay, useful context. It confirms their role in vascular systems (i.e. conducting elements), but doesn't *directly* name xylem. It gives a broad description that somewhat answers the question, but the additional information feels a little muddy and requires a bit of parsing. I would likely need to reword the information. My thought process here is to determine whether the information explicitly answers the fill-in-the-blank question, or requires the user to infer the answer from the surrounding detail. It's close but could be clearer.


",,Missing Reasoning,"Model B completely failed to generate any reasoning trajectory or analysis, resulting in an ungrounded and regressed score of 1 that overlooked how the passage answers the fill-in-the-blank query."
207786,5624831,how are some sharks warm blooded,"In some sharks, these sensitive cells can detect even the slightest traces of blood in the water. A great white shark, for example, would be able to detect a single drop of blood in an Olympic-size pool. Most sharks can detect blood and animal odors from many miles away.",0,0,1,"**My Assessment of the Response**

Okay, here's what I'm seeing: the original query was asking about endothermy in sharks, specifically *how* some sharks are warm-blooded. My initial thought is that the provided response completely misses the mark. It fixates on the shark's olfactory senses and their ability to detect blood, which, while interesting in its own right, is utterly irrelevant to the core question of their internal temperature regulation. 

The text seems to conflate ""blood"" (as in, something sharks can smell in the water) with the concept of ""warm-bloodedness"" (which refers to their internal physiological mechanism). There's no connection whatsoever between the shark's ability to detect blood and its endothermic capabilities. I'd score it a 0, maybe a charitable 1 if I'm feeling generous, but definitely not higher. It's conceptually off-topic and provides no useful information related to the question's intent. The response doesn't even touch on the countercurrent heat exchange systems or any other physiological adaptations that allow certain sharks to maintain elevated body temperatures.


",,Keyword Matching Bias,"Model B regressed by awarding a non-zero score based on superficial lexical overlap ('sharks' and 'blood') rather than assessing semantic relevance, failing to recognize that detecting blood in water has no connection to warm-bloodedness (endothermy)."
1110199,1732296,what is wifi vs bluetooth,"Connectivity Details. The BOHM SoundBlock uses Bluetooth to play music wirelessly. Bluetooth technology is used in 867 out of the 1214 wireless speakers we have listed on SpecOut, making it by far the most popular option for wireless speakers.Generally, Bluetooth streams audio at a lower quality and over less distance than Wi-Fi-based technologies.onnectivity Details. The BOHM SoundBlock uses Bluetooth to play music wirelessly. Bluetooth technology is used in 867 out of the 1214 wireless speakers we have listed on SpecOut, making it by far the most popular option for wireless speakers.",2,2,1,"**My Assessment of the ""Wi-Fi vs. Bluetooth"" Query**

Okay, so the user wants a comparison of Wi-Fi and Bluetooth. The provided text, however, is buried in the details of a specific product – a speaker, it seems. While the passage *does* briefly touch on the difference between the technologies as they relate to audio, it's really secondary to the product specifications. I'd say this falls into a Category 2 answer. It offers *some* relevant information about audio quality and range in the context of streaming, but it's obscured by all the marketing jargon and speaker statistics. The core of their question is definitely present, but it's not the primary focus of the text, therefore it isn't an excellent answer. I need something more direct.


",,Under-weighted partial relevance,"Model B failed to provide reasoning and scored the document as irrelevant (1), overlooking the direct comparison between Bluetooth and Wi-Fi regarding audio quality and transmission range that justified Model A and the human annotator's score of 2."
104861,5138469,cost of interior concrete flooring,for commercial concrete floors the cost is anywhere from $ 50 $ 1 00 dollar per sq ft more if you re trying to figure what the cost for concrete flooring is in your area i would suggest calling a local redi mix concrete company and asking them for 3 referrals they know who does quality work and who doesn t,2,2,1,"**Analyzing the Query: Interior Concrete Flooring Costs**

Okay, so the user's asking about the cost of *interior* concrete flooring. The text I have provides a partial answer, but needs a bit of unpacking. It zeroes in on commercial concrete flooring, quoting a figure somewhere in the vicinity of $50 to $100 per square foot. The formatting of that range is a little ambiguous – it's likely meant to be $50-$100, but the way it's presented is clunky and, frankly, looks a bit off. I'd definitely want to double-check that with the user. Also, the text suggests calling local companies, which is standard advice, but doesn't really offer any *specific* insights into factors impacting the final cost. While the $50-$100 range gives a starting point, it's definitely only a piece of the puzzle. I need to clarify whether they're looking for something residential, commercial, or something else. I also need to make sure the user understands that pricing will vary wildly depending on the job's specifics.


",,Under-evaluated Partial Relevance,"Model B regressed by rating the document as minimally relevant (score 1) without providing any reasoning, failing to recognize that the document directly discusses concrete flooring costs (specifically commercial rates and advice on obtaining local quotes), which provides partial relevance to the query."
146187,32188,difference between a mcdouble and a double cheeseburger,"How to Cook a Cheeseburger. Cheeseburger is a traditional, American favorite. It can be grilled, fried, or oven baked, and purchased at almost any corner or fast-food restaurant. For a tasty treat, try a homemade cheeseburger. 1 lb. (453g) 85% lean ground beef/chuck.",0,0,1,"**My Assessment of the Text's Relevance**

Okay, so I was looking for a breakdown of the differences between a McDonald's McDouble and their Double Cheeseburger, seeking to understand the nuances of their construction and ingredients. I'm trying to compare those two specific items. This passage, however, goes off on a tangent, explaining how to *cook a homemade cheeseburger*. Honestly, this is completely unrelated to my original query! It doesn't even touch on the specific fast-food items I'm interested in comparing. There's zero comparison. It gets a score of zero, maybe a generous one if I squint because it mentions cheeseburgers, but even that's a stretch. It's a recipe, not a comparison. This is a dead end.


",,Superficial keyword matching,"Model B gave a score of 1 instead of 0, likely influenced by superficial topical overlap with the word 'cheeseburger' despite the document being a generic recipe that entirely fails to address the specific comparison between a McDouble and a Double Cheeseburger."
1063750,5057640,why did the us volunterilay enter ww1,There was no reason for the United States to have entered before it did. The USSR and Germany weren’t fighting until 1941 - Not much benefit for the US to take the brunt of the German assault alone when the Soviets were willing to act as a punching bag.,0,0,1,"**My Assessment of the Query's Relevance**

Okay, so the user's asking about the United States entering World War I. My initial scan of this passage, though, is screaming ""wrong war!"" It's discussing the circumstances of the U.S. joining World War II. The mention of the USSR and Germany fighting in 1941 is a dead giveaway, right? This is a completely different conflict. While it's *tangentially* related in that it involves the U.S. entering a global war, the specific historical context and reasons are completely mismatched. This response, as it stands, is utterly useless for answering the user's question about *why* the U.S. entered World War I. I need to flag this and find something that actually addresses the proper historical period.


",,Superficial Keyword Matching,"Model B failed to distinguish between World War I and World War II, likely assigning a relevance score of 1 based on surface-level keyword overlaps regarding the US entering a war against Germany while ignoring the explicit 1941 timeline and Soviet involvement."
168216,4792582,does legionella pneumophila cause pneumonia,"Pneumonia is an infection of the lung. With atypical pneumonia, the infection is caused by different bacteria than the ones that cause typical pneumonia. These include Legionella pneumophila, Mycoplasma pneumoniae, and Chlamydophila pneumoniae. Atypical pneumonia also tends to have milder symptoms than typical pneumonia.",3,3,2,"**Assessing the Response's Relevance**

Okay, so the query is straightforward: ""Does *Legionella pneumophila* cause pneumonia?"" My initial assessment is that the passage needs to be judged against a scoring rubric I've developed. A score of '3' means it's laser-focused and gives a direct answer. A '2' means it touches on the answer but might be a bit hazy or include extra context, which could still be valuable but isn't the primary focus.

The passage explicitly states that *Legionella pneumophila* is one of the bacteria that causes atypical pneumonia, which is a form of pneumonia. This directly addresses the query. My immediate inclination is to give it a '3' because the answer is right there and clear. Although it mentions other bacteria, it doesn't bury the key information or muddle the answer. It's direct. I'd evaluate it as a score of three.


",,Missing Reasoning and Under-scoring,"Model B failed to generate any reasoning trajectory to justify its evaluation and erroneously downgraded a direct, fully relevant answer from a score of 3 to a 2, likely failing to recognize that atypical pneumonia directly answers the query about causing pneumonia."
1117099,1389420,what is a active margin,Convergent boundaries (Destructive) (or active margins) occur where two plates slide toward each other to form either a subduction zone (one plate moving underneath the other) or a continental collision.,3,3,2,"**My Assessment of Query-Passage Relevance**

Okay, here's how I'm thinking through this. The user is asking ""what is an active margin,"" and I need to give a score from 0 to 3 on relevance. The passage provided is: ""Convergent boundaries (Destructive) (or active margins) occur where two plates slide toward each other to form either a subduction zone (one plate moving underneath the other) or a continental collision.""

My assessment is that this passage *does* directly address the query. The user is looking for a definition, and the passage offers it, immediately equating active margins with convergent boundaries in a manner that explains their genesis. It's concise, but the intent is clear: an explanation of active margins. The passage is dedicated to this topic, explicitly outlining the formation/location of active margins.

Now, where do I land on the score? It's definitely not a 0 (no relevance) or a 1 (marginal relevance). It's very focused. My initial thought is a score of 3. This passage *entirely* refers to and defines the topic. While it links it to convergent boundaries, the core of the answer is present, and it's a very targeted response. Even though it is defining the convergent boundaries directly, it equates them and this works well as a direct answer. I need to give the user the best answer, 3 seems right. 


",,Treated Parenthetical Definition as Partial Relevance,"Model B likely downgraded the passage to a score of 2 because 'active margins' appears parenthetically as an alternate term for convergent boundaries, mistakenly treating it as secondary or partial information rather than recognizing that the passage provides a direct, complete definition."
915593,7709320,what types of food can you cook sous vide,"You just grab a large, cheap cut at the butcher and use sous vide to slowly cook down that meat at a low temperature so that after you chill it, cut it into individual steaks, and sear it, it takes on an incredible juicy texture that rivals that of a premium steak or pork chop at a pricey restaurant.",1,1,2,"**Analyzing the Query and Response**

Okay, so the user wants to know about food types suitable for sous vide. My initial thought is that the provided text touches upon the subject, but it's not a comprehensive guide by any means. It seems to be more focused on *how* to use sous vide for, specifically, a ""large, cheap cut at the butcher""—mainly meat, steaks, and pork chops—rather than giving a comprehensive overview. The text mentions these examples, but it doesn't give a categorized list or detailed explanation of various food types applicable to the sous vide method.

Considering the scoring, it's definitely related, it *mentions* food suitable for sous vide, specifically meat, but it doesn't really *answer* the question in its entirety. The focus on a specific application with cheap cuts of meat suggests it's closer to ""seems related but doesn't fully answer"" (Category 1) rather than a direct answer. Although mentioning specific foods technically aligns with ""has some answer"" (Category 2), the narrow scope makes Category 1 the more accurate description. It's a single example, not a categorization of all food types. Therefore, I'd lean towards assigning it a score of 1 because it's more about the *method* than it is about the *types* of food.


",,Over-crediting partial mention,"Model B overvalued the incidental mention of specific meats (steaks and pork chops), treating a narrow cooking tip as a partial answer (score 2) rather than recognizing that the document fails to address the broad scope of food types suitable for sous vide (score 1)."
1114819,4773103,what is durable medical equipment consist of,"The cost of a home sleep study, at home sleep study, and use of home sleep study equipment, varies. It often costs between $150 – $500.The costs is often covered by most insurance companies. However, the patient most have the symptoms and meet ‘medical necessity’ for a test.Medicare, Blue Cross, Blue Shield, Aetna, Cigna, and most other insurance companies cover home sleep testing for sleep apnea.t often costs between $150 – $500. The costs is often covered by most insurance companies. However, the patient most have the symptoms and meet ‘medical necessity’ for a test. Medicare, Blue Cross, Blue Shield, Aetna, Cigna, and most other insurance companies cover home sleep testing for sleep apnea.",0,0,1,"**Assessing the Relevance of this Text**

Okay, so the query is asking about durable medical equipment - what *is* it? My initial read-through immediately tells me this text is not a direct answer. It focuses on the cost and insurance coverage for home sleep studies. I see the phrase ""home sleep study equipment"" but it doesn't give me the actual definition or components of DME.

Frankly, it's pretty far off the mark. I'd be inclined to rate its relevance as either a 0 or a 1, because while it touches on medical equipment and the idea of insurance, it doesn't even begin to address the core of the question. Maybe a tentative 1 if I'm being generous, just for the extremely tenuous link to medical testing gear. Since it's about sleep study costs, not what DME consists of, 0 is most accurate, or at best 1.


",,Over-weighted topical overlap,"Model B awarded a score of 1 likely due to superficial keyword overlap with terms like 'equipment', 'medical necessity', and 'Medicare', whereas Model A correctly recognized that the document discusses the costs of home sleep studies rather than defining what durable medical equipment consists of."
1063750,5416787,why did the us volunterilay enter ww1,"Due to the cold temperature of the water, what did many die from Sinking passenger ships was against the rules of naval warfare, they didn't think German U-boats had the guts to do it, they thought the Lusitania was too big and too fast Why did the Lusitania owners and passengers not heed the german warning that a state of war exists and that German U-boats would sink passenger ships (short answer) British knew there were American passengers on board, and they thought this could outrage the Americans enough to enter the war against Germany",1,1,2,"**My Assessment of the Response**

Okay, so the prompt is asking about the US's voluntary entry into World War I. The response provided, while mentioning the *Lusitania* and its impact on American public opinion regarding Germany, is a bit of a mess. It hints at the role of unrestricted submarine warfare and the sinking of the *Lusitania* as potential catalysts for US involvement, but it's buried within a clunky Q&A format. It's frustrating because the core idea is there - American casualties *did* contribute to the outrage, and that outrage was leveraged to galvanize support against Germany. It’s a 1 or 2 at best because the core reason is obfuscated. The writer seems to have known about unrestricted submarine warfare but chose to ignore it and focus on just the *Lusitania*.


",,Over-weighted topical match,"Model B over-estimated the document's relevance by focusing on the brief mention of American outrage and entering the war, failing to penalize the disjointed, low-quality flashcard format that barely touches on the core historical query."
1129237,1849522,hydrogen is a liquid below what temperature,"Water is the chemical substance with chemical formula H. 2O; one molecule of water has two hydrogen atoms covalently bonded to a single oxygen atom. Water is a tasteless, odorless liquid at ambient temperature and pressure, and appears colorless in small quantities, although it has its own intrinsic very light blue hue.",0,0,1,"**Relevance Assessment: Hydrogen Liquefaction Temperature**

Okay, so I'm looking at this passage and trying to figure out how relevant it is to the question ""hydrogen is a liquid below what temperature"". The passage is talking about water, H2O, and points out that it *contains* hydrogen atoms. It also states that water is a liquid at room temperature. Hmm, that's where things get tricky.

On the surface, it *mentions* hydrogen, which nudges it slightly towards relevance. However, it doesn't actually talk about *liquid* hydrogen, or its boiling or condensation points, which is what the query is asking about. This passage is really about water, and so there's really no direct answer. 

Now, how should I score this? The instructions say ""1 = represents that the passage seems related to the query but does not answer it"" and ""0 = represent that the passage has nothing to do with the query"". I am leaning toward zero here, because the content is really not about liquid hydrogen. I am going to have to go with a 0, as it really doesn't help in answering the question.


",,Superficial Keyword Matching,"Model B likely over-weighted the lexical overlap of keywords like 'hydrogen' and 'liquid', assigning a score of 1 because the passage mentions hydrogen atoms and water as a liquid, whereas Model A correctly discerned that the text is entirely about water rather than elemental hydrogen's liquefaction temperature."
